HPO_IRI,HPO_Label,Link_Type,Source_HPO_IRI,Source_HPO_Label,Axiom_Type,Property,Property_Path,Filler_Role,In_Union,Negated,Filler_IRI,Filler_Label,Obsolete,Replacement_IRI,Replacement_Label,Replacement_Obsolete,Consider_IRIs,Found_In_Target
http://purl.obolibrary.org/obo/HP_0000027,Azoospermia,direct,http://purl.obolibrary.org/obo/HP_0000027,Azoospermia,equivalentClass,characteristic of,has part some > characteristic of some,intersection_operand,False,False,http://purl.obolibrary.org/obo/CL_0000019,sperm,False,,,,,True
http://purl.obolibrary.org/obo/HP_0000092,Renal tubular atrophy,inherited,http://purl.obolibrary.org/obo/HP_0032599,Abnormal renal tubular epithelial morphology,equivalentClass,characteristic of,has part some > characteristic of some,intersection_operand,False,False,http://purl.obolibrary.org/obo/CL_0000066,epithelial cell,False,,,,,True
http://purl.obolibrary.org/obo/HP_0000762,Decreased nerve conduction velocity,direct,http://purl.obolibrary.org/obo/HP_0000762,Decreased nerve conduction velocity,equivalentClass,characteristic of,has part some > characteristic of some,restriction_filler,False,False,http://purl.obolibrary.org/obo/CL_2000032,peripheral nervous system neuron,False,,,,,True
http://purl.obolibrary.org/obo/HP_0000819,Diabetes mellitus,inherited,http://purl.obolibrary.org/obo/HP_0001952,Glucose intolerance,equivalentClass,characteristic of,has part some > characteristic of some,restriction_filler,False,False,http://purl.obolibrary.org/obo/CL_0000000,cell,False,,,,,True
http://purl.obolibrary.org/obo/HP_0000831,Insulin-resistant diabetes mellitus,inherited,http://purl.obolibrary.org/obo/HP_0001952,Glucose intolerance,equivalentClass,characteristic of,has part some > characteristic of some,restriction_filler,False,False,http://purl.obolibrary.org/obo/CL_0000000,cell,False,,,,,True
http://purl.obolibrary.org/obo/HP_0000857,Neonatal insulin-dependent diabetes mellitus,inherited,http://purl.obolibrary.org/obo/HP_0001952,Glucose intolerance,equivalentClass,characteristic of,has part some > characteristic of some,restriction_filler,False,False,http://purl.obolibrary.org/obo/CL_0000000,cell,False,,,,,True
http://purl.obolibrary.org/obo/HP_0000877,Insulin-resistant diabetes mellitus at puberty,inherited,http://purl.obolibrary.org/obo/HP_0001952,Glucose intolerance,equivalentClass,characteristic of,has part some > characteristic of some,restriction_filler,False,False,http://purl.obolibrary.org/obo/CL_0000000,cell,False,,,,,True
http://purl.obolibrary.org/obo/HP_0001257,Spasticity,inherited,http://purl.obolibrary.org/obo/HP_0002493,Upper motor neuron dysfunction,equivalentClass,characteristic of,has part some > characteristic of some,intersection_operand,False,False,http://purl.obolibrary.org/obo/CL_0000540,neuron,False,,,,,True
http://purl.obolibrary.org/obo/HP_0001258,Spastic paraplegia,inherited,http://purl.obolibrary.org/obo/HP_0002493,Upper motor neuron dysfunction,equivalentClass,characteristic of,has part some > characteristic of some,intersection_operand,False,False,http://purl.obolibrary.org/obo/CL_0000540,neuron,False,,,,,True
http://purl.obolibrary.org/obo/HP_0001264,Spastic diplegia,inherited,http://purl.obolibrary.org/obo/HP_0002493,Upper motor neuron dysfunction,equivalentClass,characteristic of,has part some > characteristic of some,intersection_operand,False,False,http://purl.obolibrary.org/obo/CL_0000540,neuron,False,,,,,True
http://purl.obolibrary.org/obo/HP_0001269,Hemiparesis,inherited,http://purl.obolibrary.org/obo/HP_0002493,Upper motor neuron dysfunction,equivalentClass,characteristic of,has part some > characteristic of some,intersection_operand,False,False,http://purl.obolibrary.org/obo/CL_0000540,neuron,False,,,,,True
http://purl.obolibrary.org/obo/HP_0001285,Spastic tetraparesis,inherited,http://purl.obolibrary.org/obo/HP_0002493,Upper motor neuron dysfunction,equivalentClass,characteristic of,has part some > characteristic of some,intersection_operand,False,False,http://purl.obolibrary.org/obo/CL_0000540,neuron,False,,,,,True
http://purl.obolibrary.org/obo/HP_0001397,Hepatic steatosis,inherited,http://purl.obolibrary.org/obo/HP_0006561,Lipid accumulation in hepatocytes,equivalentClass,part of,has part some > characteristic of some > part of some,restriction_filler,False,False,http://purl.obolibrary.org/obo/CL_0000182,hepatocyte,False,,,,,True
http://purl.obolibrary.org/obo/HP_0001403,Macrovesicular hepatic steatosis,inherited,http://purl.obolibrary.org/obo/HP_0006561,Lipid accumulation in hepatocytes,equivalentClass,part of,has part some > characteristic of some > part of some,restriction_filler,False,False,http://purl.obolibrary.org/obo/CL_0000182,hepatocyte,False,,,,,True
http://purl.obolibrary.org/obo/HP_0001414,Microvesicular hepatic steatosis,inherited,http://purl.obolibrary.org/obo/HP_0006561,Lipid accumulation in hepatocytes,equivalentClass,part of,has part some > characteristic of some > part of some,restriction_filler,False,False,http://purl.obolibrary.org/obo/CL_0000182,hepatocyte,False,,,,,True
http://purl.obolibrary.org/obo/HP_0001872,Abnormality of thrombocytes,direct,http://purl.obolibrary.org/obo/HP_0001872,Abnormality of thrombocytes,equivalentClass,characteristic of part of,has part some > characteristic of part of some,restriction_filler,False,False,http://purl.obolibrary.org/obo/CL_0000233,platelet,False,,,,,True
http://purl.obolibrary.org/obo/HP_0001873,Thrombocytopenia,direct,http://purl.obolibrary.org/obo/HP_0001873,Thrombocytopenia,equivalentClass,characteristic of,has part some > characteristic of some,restriction_filler,False,False,http://purl.obolibrary.org/obo/CL_0000233,platelet,False,,,,,True
http://purl.obolibrary.org/obo/HP_0001873,Thrombocytopenia,inherited,http://purl.obolibrary.org/obo/HP_0001872,Abnormality of thrombocytes,equivalentClass,characteristic of part of,has part some > characteristic of part of some,restriction_filler,False,False,http://purl.obolibrary.org/obo/CL_0000233,platelet,False,,,,,True
http://purl.obolibrary.org/obo/HP_0001874,Abnormality of neutrophils,direct,http://purl.obolibrary.org/obo/HP_0001874,Abnormality of neutrophils,equivalentClass,characteristic of part of,has part some > characteristic of part of some,restriction_filler,False,False,http://purl.obolibrary.org/obo/CL_0000775,neutrophil,False,,,,,True
http://purl.obolibrary.org/obo/HP_0001874,Abnormality of neutrophils,inherited,http://purl.obolibrary.org/obo/HP_0001911,Abnormal granulocyte morphology,equivalentClass,characteristic of part of,has part some > characteristic of part of some,restriction_filler,False,False,http://purl.obolibrary.org/obo/CL_0000094,granulocyte,False,,,,,True
http://purl.obolibrary.org/obo/HP_0001874,Abnormality of neutrophils,inherited,http://purl.obolibrary.org/obo/HP_0001881,Abnormal leukocyte morphology,equivalentClass,characteristic of part of,has part some > characteristic of part of some,restriction_filler,False,False,http://purl.obolibrary.org/obo/CL_0000738,leukocyte,False,,,,,True
http://purl.obolibrary.org/obo/HP_0001874,Abnormality of neutrophils,inherited,http://purl.obolibrary.org/obo/HP_0010974,Abnormal myeloid leukocyte morphology,equivalentClass,characteristic of,has part some > characteristic of some,restriction_filler,False,False,http://purl.obolibrary.org/obo/CL_0000766,myeloid leukocyte,False,,,,,True
http://purl.obolibrary.org/obo/HP_0001875,Decreased total neutrophil count,direct,http://purl.obolibrary.org/obo/HP_0001875,Decreased total neutrophil count,equivalentClass,characteristic of,has part some > characteristic of some,restriction_filler,False,False,http://purl.obolibrary.org/obo/CL_0000775,neutrophil,False,,,,,True
http://purl.obolibrary.org/obo/HP_0001875,Decreased total neutrophil count,inherited,http://purl.obolibrary.org/obo/HP_0001911,Abnormal granulocyte morphology,equivalentClass,characteristic of part of,has part some > characteristic of part of some,restriction_filler,False,False,http://purl.obolibrary.org/obo/CL_0000094,granulocyte,False,,,,,True
http://purl.obolibrary.org/obo/HP_0001875,Decreased total neutrophil count,inherited,http://purl.obolibrary.org/obo/HP_0001881,Abnormal leukocyte morphology,equivalentClass,characteristic of part of,has part some > characteristic of part of some,restriction_filler,False,False,http://purl.obolibrary.org/obo/CL_0000738,leukocyte,False,,,,,True
http://purl.obolibrary.org/obo/HP_0001875,Decreased total neutrophil count,inherited,http://purl.obolibrary.org/obo/HP_0011893,Abnormal leukocyte count,equivalentClass,characteristic of,has part some > characteristic of some,restriction_filler,False,False,http://purl.obolibrary.org/obo/CL_0000738,leukocyte,False,,,,,True
http://purl.obolibrary.org/obo/HP_0001875,Decreased total neutrophil count,inherited,http://purl.obolibrary.org/obo/HP_0010974,Abnormal myeloid leukocyte morphology,equivalentClass,characteristic of,has part some > characteristic of some,restriction_filler,False,False,http://purl.obolibrary.org/obo/CL_0000766,myeloid leukocyte,False,,,,,True
http://purl.obolibrary.org/obo/HP_0001875,Decreased total neutrophil count,inherited,http://purl.obolibrary.org/obo/HP_0001874,Abnormality of neutrophils,equivalentClass,characteristic of part of,has part some > characteristic of part of some,restriction_filler,False,False,http://purl.obolibrary.org/obo/CL_0000775,neutrophil,False,,,,,True
http://purl.obolibrary.org/obo/HP_0001876,Pancytopenia,direct,http://purl.obolibrary.org/obo/HP_0001876,Pancytopenia,equivalentClass,characteristic of,has part some > characteristic of some,restriction_filler,False,False,http://purl.obolibrary.org/obo/CL_0000232,erythrocyte,False,,,,,True
http://purl.obolibrary.org/obo/HP_0001876,Pancytopenia,direct,http://purl.obolibrary.org/obo/HP_0001876,Pancytopenia,equivalentClass,characteristic of,has part some > characteristic of some,restriction_filler,False,False,http://purl.obolibrary.org/obo/CL_0000233,platelet,False,,,,,True
http://purl.obolibrary.org/obo/HP_0001876,Pancytopenia,direct,http://purl.obolibrary.org/obo/HP_0001876,Pancytopenia,equivalentClass,characteristic of,has part some > characteristic of some,restriction_filler,False,False,http://purl.obolibrary.org/obo/CL_0000738,leukocyte,False,,,,,True
http://purl.obolibrary.org/obo/HP_0001876,Pancytopenia,inherited,http://purl.obolibrary.org/obo/HP_0005561,Abnormal bone marrow cell morphology,equivalentClass,characteristic of,has part some > characteristic of some,restriction_filler,False,False,http://purl.obolibrary.org/obo/CL_0002092,bone marrow cell,False,,,,,True
http://purl.obolibrary.org/obo/HP_0001877,Abnormal erythrocyte morphology,direct,http://purl.obolibrary.org/obo/HP_0001877,Abnormal erythrocyte morphology,equivalentClass,characteristic of part of,has part some > characteristic of part of some,restriction_filler,False,False,http://purl.obolibrary.org/obo/CL_0000232,erythrocyte,False,,,,,True
http://purl.obolibrary.org/obo/HP_0001878,Hemolytic anemia,inherited,http://purl.obolibrary.org/obo/HP_0001877,Abnormal erythrocyte morphology,equivalentClass,characteristic of part of,has part some > characteristic of part of some,restriction_filler,False,False,http://purl.obolibrary.org/obo/CL_0000232,erythrocyte,False,,,,,True
http://purl.obolibrary.org/obo/HP_0001878,Hemolytic anemia,inherited,http://purl.obolibrary.org/obo/HP_0001903,Anemia,equivalentClass,characteristic of,has part some > characteristic of some,restriction_filler,True,False,http://purl.obolibrary.org/obo/CL_0000232,erythrocyte,False,,,,,True
http://purl.obolibrary.org/obo/HP_0001879,Abnormal eosinophil morphology,direct,http://purl.obolibrary.org/obo/HP_0001879,Abnormal eosinophil morphology,equivalentClass,characteristic of part of,has part some > characteristic of part of some,restriction_filler,False,False,http://purl.obolibrary.org/obo/CL_0000771,eosinophil,False,,,,,True
http://purl.obolibrary.org/obo/HP_0001879,Abnormal eosinophil morphology,inherited,http://purl.obolibrary.org/obo/HP_0001911,Abnormal granulocyte morphology,equivalentClass,characteristic of part of,has part some > characteristic of part of some,restriction_filler,False,False,http://purl.obolibrary.org/obo/CL_0000094,granulocyte,False,,,,,True
http://purl.obolibrary.org/obo/HP_0001879,Abnormal eosinophil morphology,inherited,http://purl.obolibrary.org/obo/HP_0001881,Abnormal leukocyte morphology,equivalentClass,characteristic of part of,has part some > characteristic of part of some,restriction_filler,False,False,http://purl.obolibrary.org/obo/CL_0000738,leukocyte,False,,,,,True
http://purl.obolibrary.org/obo/HP_0001879,Abnormal eosinophil morphology,inherited,http://purl.obolibrary.org/obo/HP_0010974,Abnormal myeloid leukocyte morphology,equivalentClass,characteristic of,has part some > characteristic of some,restriction_filler,False,False,http://purl.obolibrary.org/obo/CL_0000766,myeloid leukocyte,False,,,,,True
http://purl.obolibrary.org/obo/HP_0001880,Increased total eosinophil count,direct,http://purl.obolibrary.org/obo/HP_0001880,Increased total eosinophil count,equivalentClass,characteristic of,has part some > characteristic of some,intersection_operand,False,False,http://purl.obolibrary.org/obo/CL_0000771,eosinophil,False,,,,,True
http://purl.obolibrary.org/obo/HP_0001880,Increased total eosinophil count,inherited,http://purl.obolibrary.org/obo/HP_0001911,Abnormal granulocyte morphology,equivalentClass,characteristic of part of,has part some > characteristic of part of some,restriction_filler,False,False,http://purl.obolibrary.org/obo/CL_0000094,granulocyte,False,,,,,True
http://purl.obolibrary.org/obo/HP_0001880,Increased total eosinophil count,inherited,http://purl.obolibrary.org/obo/HP_0001881,Abnormal leukocyte morphology,equivalentClass,characteristic of part of,has part some > characteristic of part of some,restriction_filler,False,False,http://purl.obolibrary.org/obo/CL_0000738,leukocyte,False,,,,,True
http://purl.obolibrary.org/obo/HP_0001880,Increased total eosinophil count,inherited,http://purl.obolibrary.org/obo/HP_0011893,Abnormal leukocyte count,equivalentClass,characteristic of,has part some > characteristic of some,restriction_filler,False,False,http://purl.obolibrary.org/obo/CL_0000738,leukocyte,False,,,,,True
http://purl.obolibrary.org/obo/HP_0001880,Increased total eosinophil count,inherited,http://purl.obolibrary.org/obo/HP_0010974,Abnormal myeloid leukocyte morphology,equivalentClass,characteristic of,has part some > characteristic of some,restriction_filler,False,False,http://purl.obolibrary.org/obo/CL_0000766,myeloid leukocyte,False,,,,,True
http://purl.obolibrary.org/obo/HP_0001880,Increased total eosinophil count,inherited,http://purl.obolibrary.org/obo/HP_0001879,Abnormal eosinophil morphology,equivalentClass,characteristic of part of,has part some > characteristic of part of some,restriction_filler,False,False,http://purl.obolibrary.org/obo/CL_0000771,eosinophil,False,,,,,True
http://purl.obolibrary.org/obo/HP_0001881,Abnormal leukocyte morphology,direct,http://purl.obolibrary.org/obo/HP_0001881,Abnormal leukocyte morphology,equivalentClass,characteristic of part of,has part some > characteristic of part of some,restriction_filler,False,False,http://purl.obolibrary.org/obo/CL_0000738,leukocyte,False,,,,,True
http://purl.obolibrary.org/obo/HP_0001882,Decreased total leukocyte count,direct,http://purl.obolibrary.org/obo/HP_0001882,Decreased total leukocyte count,equivalentClass,characteristic of,has part some > characteristic of some,intersection_operand,False,False,http://purl.obolibrary.org/obo/CL_0000738,leukocyte,False,,,,,True
http://purl.obolibrary.org/obo/HP_0001882,Decreased total leukocyte count,inherited,http://purl.obolibrary.org/obo/HP_0001881,Abnormal leukocyte morphology,equivalentClass,characteristic of part of,has part some > characteristic of part of some,restriction_filler,False,False,http://purl.obolibrary.org/obo/CL_0000738,leukocyte,False,,,,,True
http://purl.obolibrary.org/obo/HP_0001888,Decreased total lymphocyte count,direct,http://purl.obolibrary.org/obo/HP_0001888,Decreased total lymphocyte count,equivalentClass,characteristic of,has part some > characteristic of some,intersection_operand,False,False,http://purl.obolibrary.org/obo/CL_0000542,lymphocyte,False,,,,,True
http://purl.obolibrary.org/obo/HP_0001888,Decreased total lymphocyte count,inherited,http://purl.obolibrary.org/obo/HP_0004332,Abnormal lymphocyte morphology,equivalentClass,characteristic of part of,has part some > characteristic of part of some,restriction_filler,False,False,http://purl.obolibrary.org/obo/CL_0000542,lymphocyte,False,,,,,True
http://purl.obolibrary.org/obo/HP_0001888,Decreased total lymphocyte count,inherited,http://purl.obolibrary.org/obo/HP_0001881,Abnormal leukocyte morphology,equivalentClass,characteristic of part of,has part some > characteristic of part of some,restriction_filler,False,False,http://purl.obolibrary.org/obo/CL_0000738,leukocyte,False,,,,,True
http://purl.obolibrary.org/obo/HP_0001888,Decreased total lymphocyte count,inherited,http://purl.obolibrary.org/obo/HP_0011893,Abnormal leukocyte count,equivalentClass,characteristic of,has part some > characteristic of some,restriction_filler,False,False,http://purl.obolibrary.org/obo/CL_0000738,leukocyte,False,,,,,True
http://purl.obolibrary.org/obo/HP_0001889,Megaloblastic anemia,inherited,http://purl.obolibrary.org/obo/HP_0001877,Abnormal erythrocyte morphology,equivalentClass,characteristic of part of,has part some > characteristic of part of some,restriction_filler,False,False,http://purl.obolibrary.org/obo/CL_0000232,erythrocyte,False,,,,,True
http://purl.obolibrary.org/obo/HP_0001889,Megaloblastic anemia,inherited,http://purl.obolibrary.org/obo/HP_0001903,Anemia,equivalentClass,characteristic of,has part some > characteristic of some,restriction_filler,True,False,http://purl.obolibrary.org/obo/CL_0000232,erythrocyte,False,,,,,True
http://purl.obolibrary.org/obo/HP_0001890,Autoimmune hemolytic anemia,inherited,http://purl.obolibrary.org/obo/HP_0001877,Abnormal erythrocyte morphology,equivalentClass,characteristic of part of,has part some > characteristic of part of some,restriction_filler,False,False,http://purl.obolibrary.org/obo/CL_0000232,erythrocyte,False,,,,,True
http://purl.obolibrary.org/obo/HP_0001890,Autoimmune hemolytic anemia,inherited,http://purl.obolibrary.org/obo/HP_0001903,Anemia,equivalentClass,characteristic of,has part some > characteristic of some,restriction_filler,True,False,http://purl.obolibrary.org/obo/CL_0000232,erythrocyte,False,,,,,True
http://purl.obolibrary.org/obo/HP_0001891,Iron deficiency anemia,inherited,http://purl.obolibrary.org/obo/HP_0001877,Abnormal erythrocyte morphology,equivalentClass,characteristic of part of,has part some > characteristic of part of some,restriction_filler,False,False,http://purl.obolibrary.org/obo/CL_0000232,erythrocyte,False,,,,,True
http://purl.obolibrary.org/obo/HP_0001891,Iron deficiency anemia,inherited,http://purl.obolibrary.org/obo/HP_0001903,Anemia,equivalentClass,characteristic of,has part some > characteristic of some,restriction_filler,True,False,http://purl.obolibrary.org/obo/CL_0000232,erythrocyte,False,,,,,True
http://purl.obolibrary.org/obo/HP_0001894,Thrombocytosis,direct,http://purl.obolibrary.org/obo/HP_0001894,Thrombocytosis,equivalentClass,characteristic of,has part some > characteristic of some,intersection_operand,False,False,http://purl.obolibrary.org/obo/CL_0000233,platelet,False,,,,,True
http://purl.obolibrary.org/obo/HP_0001894,Thrombocytosis,inherited,http://purl.obolibrary.org/obo/HP_0001872,Abnormality of thrombocytes,equivalentClass,characteristic of part of,has part some > characteristic of part of some,restriction_filler,False,False,http://purl.obolibrary.org/obo/CL_0000233,platelet,False,,,,,True
http://purl.obolibrary.org/obo/HP_0001895,Normochromic anemia,inherited,http://purl.obolibrary.org/obo/HP_0001877,Abnormal erythrocyte morphology,equivalentClass,characteristic of part of,has part some > characteristic of part of some,restriction_filler,False,False,http://purl.obolibrary.org/obo/CL_0000232,erythrocyte,False,,,,,True
http://purl.obolibrary.org/obo/HP_0001895,Normochromic anemia,inherited,http://purl.obolibrary.org/obo/HP_0001903,Anemia,equivalentClass,characteristic of,has part some > characteristic of some,restriction_filler,True,False,http://purl.obolibrary.org/obo/CL_0000232,erythrocyte,False,,,,,True
http://purl.obolibrary.org/obo/HP_0001896,Reticulocytopenia,direct,http://purl.obolibrary.org/obo/HP_0001896,Reticulocytopenia,equivalentClass,characteristic of,has part some > characteristic of some,restriction_filler,False,False,http://purl.obolibrary.org/obo/CL_0000558,reticulocyte,False,,,,,True
http://purl.obolibrary.org/obo/HP_0001896,Reticulocytopenia,inherited,http://purl.obolibrary.org/obo/HP_0001877,Abnormal erythrocyte morphology,equivalentClass,characteristic of part of,has part some > characteristic of part of some,restriction_filler,False,False,http://purl.obolibrary.org/obo/CL_0000232,erythrocyte,False,,,,,True
http://purl.obolibrary.org/obo/HP_0001896,Reticulocytopenia,inherited,http://purl.obolibrary.org/obo/HP_0004312,Abnormal reticulocyte morphology,equivalentClass,characteristic of part of,has part some > characteristic of part of some,restriction_filler,False,False,http://purl.obolibrary.org/obo/CL_0002422,enucleated reticulocyte,False,,,,,True
http://purl.obolibrary.org/obo/HP_0001897,Normocytic anemia,inherited,http://purl.obolibrary.org/obo/HP_0001877,Abnormal erythrocyte morphology,equivalentClass,characteristic of part of,has part some > characteristic of part of some,restriction_filler,False,False,http://purl.obolibrary.org/obo/CL_0000232,erythrocyte,False,,,,,True
http://purl.obolibrary.org/obo/HP_0001897,Normocytic anemia,inherited,http://purl.obolibrary.org/obo/HP_0001903,Anemia,equivalentClass,characteristic of,has part some > characteristic of some,restriction_filler,True,False,http://purl.obolibrary.org/obo/CL_0000232,erythrocyte,False,,,,,True
http://purl.obolibrary.org/obo/HP_0001898,Increased red blood cell mass,direct,http://purl.obolibrary.org/obo/HP_0001898,Increased red blood cell mass,equivalentClass,characteristic of,has part some > characteristic of some,restriction_filler,False,False,http://purl.obolibrary.org/obo/CL_0000764,erythroid lineage cell,False,,,,,True
http://purl.obolibrary.org/obo/HP_0001898,Increased red blood cell mass,inherited,http://purl.obolibrary.org/obo/HP_0001901,Polycythemia,equivalentClass,towards,has part some > towards some,restriction_filler,False,False,http://purl.obolibrary.org/obo/CL_0000081,blood cell,False,,,,,True
http://purl.obolibrary.org/obo/HP_0001898,Increased red blood cell mass,inherited,http://purl.obolibrary.org/obo/HP_0001877,Abnormal erythrocyte morphology,equivalentClass,characteristic of part of,has part some > characteristic of part of some,restriction_filler,False,False,http://purl.obolibrary.org/obo/CL_0000232,erythrocyte,False,,,,,True
http://purl.obolibrary.org/obo/HP_0001899,Increased hematocrit,inherited,http://purl.obolibrary.org/obo/HP_0001877,Abnormal erythrocyte morphology,equivalentClass,characteristic of part of,has part some > characteristic of part of some,restriction_filler,False,False,http://purl.obolibrary.org/obo/CL_0000232,erythrocyte,False,,,,,True
http://purl.obolibrary.org/obo/HP_0001900,Increased circulating hemoglobin concentration,inherited,http://purl.obolibrary.org/obo/HP_0001901,Polycythemia,equivalentClass,towards,has part some > towards some,restriction_filler,False,False,http://purl.obolibrary.org/obo/CL_0000081,blood cell,False,,,,,True
http://purl.obolibrary.org/obo/HP_0001900,Increased circulating hemoglobin concentration,inherited,http://purl.obolibrary.org/obo/HP_0001877,Abnormal erythrocyte morphology,equivalentClass,characteristic of part of,has part some > characteristic of part of some,restriction_filler,False,False,http://purl.obolibrary.org/obo/CL_0000232,erythrocyte,False,,,,,True
http://purl.obolibrary.org/obo/HP_0001901,Polycythemia,direct,http://purl.obolibrary.org/obo/HP_0001901,Polycythemia,equivalentClass,towards,has part some > towards some,restriction_filler,False,False,http://purl.obolibrary.org/obo/CL_0000081,blood cell,False,,,,,True
http://purl.obolibrary.org/obo/HP_0001901,Polycythemia,inherited,http://purl.obolibrary.org/obo/HP_0001877,Abnormal erythrocyte morphology,equivalentClass,characteristic of part of,has part some > characteristic of part of some,restriction_filler,False,False,http://purl.obolibrary.org/obo/CL_0000232,erythrocyte,False,,,,,True
http://purl.obolibrary.org/obo/HP_0001902,Giant platelets,direct,http://purl.obolibrary.org/obo/HP_0001902,Giant platelets,equivalentClass,characteristic of,has part some > characteristic of some,restriction_filler,False,False,http://purl.obolibrary.org/obo/CL_0000233,platelet,False,,,,,True
http://purl.obolibrary.org/obo/HP_0001902,Giant platelets,inherited,http://purl.obolibrary.org/obo/HP_0001872,Abnormality of thrombocytes,equivalentClass,characteristic of part of,has part some > characteristic of part of some,restriction_filler,False,False,http://purl.obolibrary.org/obo/CL_0000233,platelet,False,,,,,True
http://purl.obolibrary.org/obo/HP_0001903,Anemia,direct,http://purl.obolibrary.org/obo/HP_0001903,Anemia,equivalentClass,characteristic of,has part some > characteristic of some,restriction_filler,True,False,http://purl.obolibrary.org/obo/CL_0000232,erythrocyte,False,,,,,True
http://purl.obolibrary.org/obo/HP_0001903,Anemia,inherited,http://purl.obolibrary.org/obo/HP_0001877,Abnormal erythrocyte morphology,equivalentClass,characteristic of part of,has part some > characteristic of part of some,restriction_filler,False,False,http://purl.obolibrary.org/obo/CL_0000232,erythrocyte,False,,,,,True
http://purl.obolibrary.org/obo/HP_0001904,Autoimmune neutropenia,inherited,http://purl.obolibrary.org/obo/HP_0001911,Abnormal granulocyte morphology,equivalentClass,characteristic of part of,has part some > characteristic of part of some,restriction_filler,False,False,http://purl.obolibrary.org/obo/CL_0000094,granulocyte,False,,,,,True
http://purl.obolibrary.org/obo/HP_0001904,Autoimmune neutropenia,inherited,http://purl.obolibrary.org/obo/HP_0001881,Abnormal leukocyte morphology,equivalentClass,characteristic of part of,has part some > characteristic of part of some,restriction_filler,False,False,http://purl.obolibrary.org/obo/CL_0000738,leukocyte,False,,,,,True
http://purl.obolibrary.org/obo/HP_0001904,Autoimmune neutropenia,inherited,http://purl.obolibrary.org/obo/HP_0011893,Abnormal leukocyte count,equivalentClass,characteristic of,has part some > characteristic of some,restriction_filler,False,False,http://purl.obolibrary.org/obo/CL_0000738,leukocyte,False,,,,,True
http://purl.obolibrary.org/obo/HP_0001904,Autoimmune neutropenia,inherited,http://purl.obolibrary.org/obo/HP_0010974,Abnormal myeloid leukocyte morphology,equivalentClass,characteristic of,has part some > characteristic of some,restriction_filler,False,False,http://purl.obolibrary.org/obo/CL_0000766,myeloid leukocyte,False,,,,,True
http://purl.obolibrary.org/obo/HP_0001904,Autoimmune neutropenia,inherited,http://purl.obolibrary.org/obo/HP_0001874,Abnormality of neutrophils,equivalentClass,characteristic of part of,has part some > characteristic of part of some,restriction_filler,False,False,http://purl.obolibrary.org/obo/CL_0000775,neutrophil,False,,,,,True
http://purl.obolibrary.org/obo/HP_0001904,Autoimmune neutropenia,inherited,http://purl.obolibrary.org/obo/HP_0001875,Decreased total neutrophil count,equivalentClass,characteristic of,has part some > characteristic of some,restriction_filler,False,False,http://purl.obolibrary.org/obo/CL_0000775,neutrophil,False,,,,,True
http://purl.obolibrary.org/obo/HP_0001905,Congenital thrombocytopenia,inherited,http://purl.obolibrary.org/obo/HP_0001872,Abnormality of thrombocytes,equivalentClass,characteristic of part of,has part some > characteristic of part of some,restriction_filler,False,False,http://purl.obolibrary.org/obo/CL_0000233,platelet,False,,,,,True
http://purl.obolibrary.org/obo/HP_0001905,Congenital thrombocytopenia,inherited,http://purl.obolibrary.org/obo/HP_0001873,Thrombocytopenia,equivalentClass,characteristic of,has part some > characteristic of some,restriction_filler,False,False,http://purl.obolibrary.org/obo/CL_0000233,platelet,False,,,,,True
http://purl.obolibrary.org/obo/HP_0001908,Hypoplastic anemia,inherited,http://purl.obolibrary.org/obo/HP_0001877,Abnormal erythrocyte morphology,equivalentClass,characteristic of part of,has part some > characteristic of part of some,restriction_filler,False,False,http://purl.obolibrary.org/obo/CL_0000232,erythrocyte,False,,,,,True
http://purl.obolibrary.org/obo/HP_0001908,Hypoplastic anemia,inherited,http://purl.obolibrary.org/obo/HP_0001903,Anemia,equivalentClass,characteristic of,has part some > characteristic of some,restriction_filler,True,False,http://purl.obolibrary.org/obo/CL_0000232,erythrocyte,False,,,,,True
http://purl.obolibrary.org/obo/HP_0001909,Leukemia,inherited,http://purl.obolibrary.org/obo/HP_0001881,Abnormal leukocyte morphology,equivalentClass,characteristic of part of,has part some > characteristic of part of some,restriction_filler,False,False,http://purl.obolibrary.org/obo/CL_0000738,leukocyte,False,,,,,True
http://purl.obolibrary.org/obo/HP_0001911,Abnormal granulocyte morphology,direct,http://purl.obolibrary.org/obo/HP_0001911,Abnormal granulocyte morphology,equivalentClass,characteristic of part of,has part some > characteristic of part of some,restriction_filler,False,False,http://purl.obolibrary.org/obo/CL_0000094,granulocyte,False,,,,,True
http://purl.obolibrary.org/obo/HP_0001911,Abnormal granulocyte morphology,inherited,http://purl.obolibrary.org/obo/HP_0001881,Abnormal leukocyte morphology,equivalentClass,characteristic of part of,has part some > characteristic of part of some,restriction_filler,False,False,http://purl.obolibrary.org/obo/CL_0000738,leukocyte,False,,,,,True
http://purl.obolibrary.org/obo/HP_0001911,Abnormal granulocyte morphology,inherited,http://purl.obolibrary.org/obo/HP_0010974,Abnormal myeloid leukocyte morphology,equivalentClass,characteristic of,has part some > characteristic of some,restriction_filler,False,False,http://purl.obolibrary.org/obo/CL_0000766,myeloid leukocyte,False,,,,,True
http://purl.obolibrary.org/obo/HP_0001912,Abnormal basophil morphology,direct,http://purl.obolibrary.org/obo/HP_0001912,Abnormal basophil morphology,equivalentClass,characteristic of part of,has part some > characteristic of part of some,restriction_filler,False,False,http://purl.obolibrary.org/obo/CL_0000767,basophil,False,,,,,True
http://purl.obolibrary.org/obo/HP_0001912,Abnormal basophil morphology,inherited,http://purl.obolibrary.org/obo/HP_0001911,Abnormal granulocyte morphology,equivalentClass,characteristic of part of,has part some > characteristic of part of some,restriction_filler,False,False,http://purl.obolibrary.org/obo/CL_0000094,granulocyte,False,,,,,True
http://purl.obolibrary.org/obo/HP_0001912,Abnormal basophil morphology,inherited,http://purl.obolibrary.org/obo/HP_0001881,Abnormal leukocyte morphology,equivalentClass,characteristic of part of,has part some > characteristic of part of some,restriction_filler,False,False,http://purl.obolibrary.org/obo/CL_0000738,leukocyte,False,,,,,True
http://purl.obolibrary.org/obo/HP_0001912,Abnormal basophil morphology,inherited,http://purl.obolibrary.org/obo/HP_0010974,Abnormal myeloid leukocyte morphology,equivalentClass,characteristic of,has part some > characteristic of some,restriction_filler,False,False,http://purl.obolibrary.org/obo/CL_0000766,myeloid leukocyte,False,,,,,True
http://purl.obolibrary.org/obo/HP_0001913,Decreased total granulocyte count,direct,http://purl.obolibrary.org/obo/HP_0001913,Decreased total granulocyte count,equivalentClass,characteristic of,has part some > characteristic of some,intersection_operand,False,False,http://purl.obolibrary.org/obo/CL_0000094,granulocyte,False,,,,,True
http://purl.obolibrary.org/obo/HP_0001913,Decreased total granulocyte count,inherited,http://purl.obolibrary.org/obo/HP_0001911,Abnormal granulocyte morphology,equivalentClass,characteristic of part of,has part some > characteristic of part of some,restriction_filler,False,False,http://purl.obolibrary.org/obo/CL_0000094,granulocyte,False,,,,,True
http://purl.obolibrary.org/obo/HP_0001913,Decreased total granulocyte count,inherited,http://purl.obolibrary.org/obo/HP_0001881,Abnormal leukocyte morphology,equivalentClass,characteristic of part of,has part some > characteristic of part of some,restriction_filler,False,False,http://purl.obolibrary.org/obo/CL_0000738,leukocyte,False,,,,,True
http://purl.obolibrary.org/obo/HP_0001913,Decreased total granulocyte count,inherited,http://purl.obolibrary.org/obo/HP_0011893,Abnormal leukocyte count,equivalentClass,characteristic of,has part some > characteristic of some,restriction_filler,False,False,http://purl.obolibrary.org/obo/CL_0000738,leukocyte,False,,,,,True
http://purl.obolibrary.org/obo/HP_0001913,Decreased total granulocyte count,inherited,http://purl.obolibrary.org/obo/HP_0010974,Abnormal myeloid leukocyte morphology,equivalentClass,characteristic of,has part some > characteristic of some,restriction_filler,False,False,http://purl.obolibrary.org/obo/CL_0000766,myeloid leukocyte,False,,,,,True
http://purl.obolibrary.org/obo/HP_0001915,Aplastic anemia,inherited,http://purl.obolibrary.org/obo/HP_0001876,Pancytopenia,equivalentClass,characteristic of,has part some > characteristic of some,restriction_filler,False,False,http://purl.obolibrary.org/obo/CL_0000232,erythrocyte,False,,,,,True
http://purl.obolibrary.org/obo/HP_0001915,Aplastic anemia,inherited,http://purl.obolibrary.org/obo/HP_0001876,Pancytopenia,equivalentClass,characteristic of,has part some > characteristic of some,restriction_filler,False,False,http://purl.obolibrary.org/obo/CL_0000233,platelet,False,,,,,True
http://purl.obolibrary.org/obo/HP_0001915,Aplastic anemia,inherited,http://purl.obolibrary.org/obo/HP_0001876,Pancytopenia,equivalentClass,characteristic of,has part some > characteristic of some,restriction_filler,False,False,http://purl.obolibrary.org/obo/CL_0000738,leukocyte,False,,,,,True
http://purl.obolibrary.org/obo/HP_0001915,Aplastic anemia,inherited,http://purl.obolibrary.org/obo/HP_0005561,Abnormal bone marrow cell morphology,equivalentClass,characteristic of,has part some > characteristic of some,restriction_filler,False,False,http://purl.obolibrary.org/obo/CL_0002092,bone marrow cell,False,,,,,True
http://purl.obolibrary.org/obo/HP_0001922,Vacuolated lymphocytes,direct,http://purl.obolibrary.org/obo/HP_0001922,Vacuolated lymphocytes,equivalentClass,characteristic of,has part some > characteristic of some,restriction_filler,False,False,http://purl.obolibrary.org/obo/CL_0000542,lymphocyte,False,,,,,True
http://purl.obolibrary.org/obo/HP_0001922,Vacuolated lymphocytes,inherited,http://purl.obolibrary.org/obo/HP_0004332,Abnormal lymphocyte morphology,equivalentClass,characteristic of part of,has part some > characteristic of part of some,restriction_filler,False,False,http://purl.obolibrary.org/obo/CL_0000542,lymphocyte,False,,,,,True
http://purl.obolibrary.org/obo/HP_0001922,Vacuolated lymphocytes,inherited,http://purl.obolibrary.org/obo/HP_0001881,Abnormal leukocyte morphology,equivalentClass,characteristic of part of,has part some > characteristic of part of some,restriction_filler,False,False,http://purl.obolibrary.org/obo/CL_0000738,leukocyte,False,,,,,True
http://purl.obolibrary.org/obo/HP_0001923,Reticulocytosis,direct,http://purl.obolibrary.org/obo/HP_0001923,Reticulocytosis,equivalentClass,characteristic of,has part some > characteristic of some,restriction_filler,False,False,http://purl.obolibrary.org/obo/CL_0000558,reticulocyte,False,,,,,True
http://purl.obolibrary.org/obo/HP_0001923,Reticulocytosis,inherited,http://purl.obolibrary.org/obo/HP_0001877,Abnormal erythrocyte morphology,equivalentClass,characteristic of part of,has part some > characteristic of part of some,restriction_filler,False,False,http://purl.obolibrary.org/obo/CL_0000232,erythrocyte,False,,,,,True
http://purl.obolibrary.org/obo/HP_0001923,Reticulocytosis,inherited,http://purl.obolibrary.org/obo/HP_0004312,Abnormal reticulocyte morphology,equivalentClass,characteristic of part of,has part some > characteristic of part of some,restriction_filler,False,False,http://purl.obolibrary.org/obo/CL_0002422,enucleated reticulocyte,False,,,,,True
http://purl.obolibrary.org/obo/HP_0001924,Sideroblastic anemia,inherited,http://purl.obolibrary.org/obo/HP_0001877,Abnormal erythrocyte morphology,equivalentClass,characteristic of part of,has part some > characteristic of part of some,restriction_filler,False,False,http://purl.obolibrary.org/obo/CL_0000232,erythrocyte,False,,,,,True
http://purl.obolibrary.org/obo/HP_0001924,Sideroblastic anemia,inherited,http://purl.obolibrary.org/obo/HP_0001903,Anemia,equivalentClass,characteristic of,has part some > characteristic of some,restriction_filler,True,False,http://purl.obolibrary.org/obo/CL_0000232,erythrocyte,False,,,,,True
http://purl.obolibrary.org/obo/HP_0001927,Acanthocytosis,inherited,http://purl.obolibrary.org/obo/HP_0001877,Abnormal erythrocyte morphology,equivalentClass,characteristic of part of,has part some > characteristic of part of some,restriction_filler,False,False,http://purl.obolibrary.org/obo/CL_0000232,erythrocyte,False,,,,,True
http://purl.obolibrary.org/obo/HP_0001927,Acanthocytosis,inherited,http://purl.obolibrary.org/obo/HP_0004447,Poikilocytosis,equivalentClass,characteristic of,has part some > characteristic of some,restriction_filler,False,False,http://purl.obolibrary.org/obo/CL_0000232,erythrocyte,False,,,,,True
http://purl.obolibrary.org/obo/HP_0001930,Nonspherocytic hemolytic anemia,inherited,http://purl.obolibrary.org/obo/HP_0001877,Abnormal erythrocyte morphology,equivalentClass,characteristic of part of,has part some > characteristic of part of some,restriction_filler,False,False,http://purl.obolibrary.org/obo/CL_0000232,erythrocyte,False,,,,,True
http://purl.obolibrary.org/obo/HP_0001930,Nonspherocytic hemolytic anemia,inherited,http://purl.obolibrary.org/obo/HP_0001903,Anemia,equivalentClass,characteristic of,has part some > characteristic of some,restriction_filler,True,False,http://purl.obolibrary.org/obo/CL_0000232,erythrocyte,False,,,,,True
http://purl.obolibrary.org/obo/HP_0001931,Hypochromic anemia,inherited,http://purl.obolibrary.org/obo/HP_0001877,Abnormal erythrocyte morphology,equivalentClass,characteristic of part of,has part some > characteristic of part of some,restriction_filler,False,False,http://purl.obolibrary.org/obo/CL_0000232,erythrocyte,False,,,,,True
http://purl.obolibrary.org/obo/HP_0001931,Hypochromic anemia,inherited,http://purl.obolibrary.org/obo/HP_0001903,Anemia,equivalentClass,characteristic of,has part some > characteristic of some,restriction_filler,True,False,http://purl.obolibrary.org/obo/CL_0000232,erythrocyte,False,,,,,True
http://purl.obolibrary.org/obo/HP_0001935,Microcytic anemia,inherited,http://purl.obolibrary.org/obo/HP_0001877,Abnormal erythrocyte morphology,equivalentClass,characteristic of part of,has part some > characteristic of part of some,restriction_filler,False,False,http://purl.obolibrary.org/obo/CL_0000232,erythrocyte,False,,,,,True
http://purl.obolibrary.org/obo/HP_0001935,Microcytic anemia,inherited,http://purl.obolibrary.org/obo/HP_0001903,Anemia,equivalentClass,characteristic of,has part some > characteristic of some,restriction_filler,True,False,http://purl.obolibrary.org/obo/CL_0000232,erythrocyte,False,,,,,True
http://purl.obolibrary.org/obo/HP_0001937,Microangiopathic hemolytic anemia,inherited,http://purl.obolibrary.org/obo/HP_0001877,Abnormal erythrocyte morphology,equivalentClass,characteristic of part of,has part some > characteristic of part of some,restriction_filler,False,False,http://purl.obolibrary.org/obo/CL_0000232,erythrocyte,False,,,,,True
http://purl.obolibrary.org/obo/HP_0001937,Microangiopathic hemolytic anemia,inherited,http://purl.obolibrary.org/obo/HP_0001903,Anemia,equivalentClass,characteristic of,has part some > characteristic of some,restriction_filler,True,False,http://purl.obolibrary.org/obo/CL_0000232,erythrocyte,False,,,,,True
http://purl.obolibrary.org/obo/HP_0001952,Glucose intolerance,direct,http://purl.obolibrary.org/obo/HP_0001952,Glucose intolerance,equivalentClass,characteristic of,has part some > characteristic of some,restriction_filler,False,False,http://purl.obolibrary.org/obo/CL_0000000,cell,False,,,,,True
http://purl.obolibrary.org/obo/HP_0001953,Diabetic ketoacidosis,inherited,http://purl.obolibrary.org/obo/HP_0001952,Glucose intolerance,equivalentClass,characteristic of,has part some > characteristic of some,restriction_filler,False,False,http://purl.obolibrary.org/obo/CL_0000000,cell,False,,,,,True
http://purl.obolibrary.org/obo/HP_0001972,Macrocytic anemia,inherited,http://purl.obolibrary.org/obo/HP_0001877,Abnormal erythrocyte morphology,equivalentClass,characteristic of part of,has part some > characteristic of part of some,restriction_filler,False,False,http://purl.obolibrary.org/obo/CL_0000232,erythrocyte,False,,,,,True
http://purl.obolibrary.org/obo/HP_0001972,Macrocytic anemia,inherited,http://purl.obolibrary.org/obo/HP_0001903,Anemia,equivalentClass,characteristic of,has part some > characteristic of some,restriction_filler,True,False,http://purl.obolibrary.org/obo/CL_0000232,erythrocyte,False,,,,,True
http://purl.obolibrary.org/obo/HP_0001973,Autoimmune thrombocytopenia,inherited,http://purl.obolibrary.org/obo/HP_0001872,Abnormality of thrombocytes,equivalentClass,characteristic of part of,has part some > characteristic of part of some,restriction_filler,False,False,http://purl.obolibrary.org/obo/CL_0000233,platelet,False,,,,,True
http://purl.obolibrary.org/obo/HP_0001973,Autoimmune thrombocytopenia,inherited,http://purl.obolibrary.org/obo/HP_0001873,Thrombocytopenia,equivalentClass,characteristic of,has part some > characteristic of some,restriction_filler,False,False,http://purl.obolibrary.org/obo/CL_0000233,platelet,False,,,,,True
http://purl.obolibrary.org/obo/HP_0001974,Increased total leukocyte count,direct,http://purl.obolibrary.org/obo/HP_0001974,Increased total leukocyte count,equivalentClass,characteristic of,has part some > characteristic of some,intersection_operand,False,False,http://purl.obolibrary.org/obo/CL_0000738,leukocyte,False,,,,,True
http://purl.obolibrary.org/obo/HP_0001974,Increased total leukocyte count,inherited,http://purl.obolibrary.org/obo/HP_0001881,Abnormal leukocyte morphology,equivalentClass,characteristic of part of,has part some > characteristic of part of some,restriction_filler,False,False,http://purl.obolibrary.org/obo/CL_0000738,leukocyte,False,,,,,True
http://purl.obolibrary.org/obo/HP_0001975,Decreased platelet glycoprotein IIb-IIIa,inherited,http://purl.obolibrary.org/obo/HP_0001872,Abnormality of thrombocytes,equivalentClass,characteristic of part of,has part some > characteristic of part of some,restriction_filler,False,False,http://purl.obolibrary.org/obo/CL_0000233,platelet,False,,,,,True
http://purl.obolibrary.org/obo/HP_0001975,Decreased platelet glycoprotein IIb-IIIa,inherited,http://purl.obolibrary.org/obo/HP_0011869,Abnormal platelet function,equivalentClass,characteristic of,has part some > characteristic of some,restriction_filler,False,False,http://purl.obolibrary.org/obo/CL_0000233,platelet,False,,,,,True
http://purl.obolibrary.org/obo/HP_0001980,Megaloblastic bone marrow,inherited,http://purl.obolibrary.org/obo/HP_0005561,Abnormal bone marrow cell morphology,equivalentClass,characteristic of,has part some > characteristic of some,restriction_filler,False,False,http://purl.obolibrary.org/obo/CL_0002092,bone marrow cell,False,,,,,True
http://purl.obolibrary.org/obo/HP_0001981,Schistocytosis,inherited,http://purl.obolibrary.org/obo/HP_0001877,Abnormal erythrocyte morphology,equivalentClass,characteristic of part of,has part some > characteristic of part of some,restriction_filler,False,False,http://purl.obolibrary.org/obo/CL_0000232,erythrocyte,False,,,,,True
http://purl.obolibrary.org/obo/HP_0001981,Schistocytosis,inherited,http://purl.obolibrary.org/obo/HP_0004447,Poikilocytosis,equivalentClass,characteristic of,has part some > characteristic of some,restriction_filler,False,False,http://purl.obolibrary.org/obo/CL_0000232,erythrocyte,False,,,,,True
http://purl.obolibrary.org/obo/HP_0001982,Sea-blue histiocytosis,inherited,http://purl.obolibrary.org/obo/HP_0004311,Abnormal macrophage morphology,equivalentClass,characteristic of part of,has part some > characteristic of part of some,restriction_filler,False,False,http://purl.obolibrary.org/obo/CL_0000235,macrophage,False,,,,,True
http://purl.obolibrary.org/obo/HP_0001982,Sea-blue histiocytosis,inherited,http://purl.obolibrary.org/obo/HP_0001881,Abnormal leukocyte morphology,equivalentClass,characteristic of part of,has part some > characteristic of part of some,restriction_filler,False,False,http://purl.obolibrary.org/obo/CL_0000738,leukocyte,False,,,,,True
http://purl.obolibrary.org/obo/HP_0001982,Sea-blue histiocytosis,inherited,http://purl.obolibrary.org/obo/HP_0010974,Abnormal myeloid leukocyte morphology,equivalentClass,characteristic of,has part some > characteristic of some,restriction_filler,False,False,http://purl.obolibrary.org/obo/CL_0000766,myeloid leukocyte,False,,,,,True
http://purl.obolibrary.org/obo/HP_0002061,Lower limb spasticity,inherited,http://purl.obolibrary.org/obo/HP_0002493,Upper motor neuron dysfunction,equivalentClass,characteristic of,has part some > characteristic of some,intersection_operand,False,False,http://purl.obolibrary.org/obo/CL_0000540,neuron,False,,,,,True
http://purl.obolibrary.org/obo/HP_0002064,Spastic gait,inherited,http://purl.obolibrary.org/obo/HP_0002493,Upper motor neuron dysfunction,equivalentClass,characteristic of,has part some > characteristic of some,intersection_operand,False,False,http://purl.obolibrary.org/obo/CL_0000540,neuron,False,,,,,True
http://purl.obolibrary.org/obo/HP_0002127,Abnormal upper motor neuron morphology,inherited,http://purl.obolibrary.org/obo/HP_0002450,Abnormal motor neuron morphology,equivalentClass,characteristic of,has part some > characteristic of some,restriction_filler,False,False,http://purl.obolibrary.org/obo/CL_0000100,motor neuron,False,,,,,True
http://purl.obolibrary.org/obo/HP_0002127,Abnormal upper motor neuron morphology,inherited,http://purl.obolibrary.org/obo/HP_0012757,Abnormal neuron morphology,equivalentClass,characteristic of,has part some > characteristic of some,restriction_filler,False,False,http://purl.obolibrary.org/obo/CL_0000540,neuron,False,,,,,True
http://purl.obolibrary.org/obo/HP_0002171,Gliosis,inherited,http://purl.obolibrary.org/obo/HP_0100705,Abnormal glial cell morphology,equivalentClass,characteristic of part of,has part some > characteristic of part of some,restriction_filler,False,False,http://purl.obolibrary.org/obo/CL_0000125,glial cell,False,,,,,True
http://purl.obolibrary.org/obo/HP_0002179,Opisthotonus,inherited,http://purl.obolibrary.org/obo/HP_0002493,Upper motor neuron dysfunction,equivalentClass,characteristic of,has part some > characteristic of some,intersection_operand,False,False,http://purl.obolibrary.org/obo/CL_0000540,neuron,False,,,,,True
http://purl.obolibrary.org/obo/HP_0002191,Progressive spasticity,inherited,http://purl.obolibrary.org/obo/HP_0002493,Upper motor neuron dysfunction,equivalentClass,characteristic of,has part some > characteristic of some,intersection_operand,False,False,http://purl.obolibrary.org/obo/CL_0000540,neuron,False,,,,,True
http://purl.obolibrary.org/obo/HP_0002273,Tetraparesis,inherited,http://purl.obolibrary.org/obo/HP_0002493,Upper motor neuron dysfunction,equivalentClass,characteristic of,has part some > characteristic of some,intersection_operand,False,False,http://purl.obolibrary.org/obo/CL_0000540,neuron,False,,,,,True
http://purl.obolibrary.org/obo/HP_0002282,Gray matter heterotopia,direct,http://purl.obolibrary.org/obo/HP_0002282,Gray matter heterotopia,equivalentClass,characteristic of,has part some > characteristic of some,restriction_filler,False,False,http://purl.obolibrary.org/obo/CL_0002319,neural cell,False,,,,,True
http://purl.obolibrary.org/obo/HP_0002301,Hemiplegia,inherited,http://purl.obolibrary.org/obo/HP_0002493,Upper motor neuron dysfunction,equivalentClass,characteristic of,has part some > characteristic of some,intersection_operand,False,False,http://purl.obolibrary.org/obo/CL_0000540,neuron,False,,,,,True
http://purl.obolibrary.org/obo/HP_0002313,Spastic paraparesis,inherited,http://purl.obolibrary.org/obo/HP_0002493,Upper motor neuron dysfunction,equivalentClass,characteristic of,has part some > characteristic of some,intersection_operand,False,False,http://purl.obolibrary.org/obo/CL_0000540,neuron,False,,,,,True
http://purl.obolibrary.org/obo/HP_0002366,Abnormal lower motor neuron morphology,inherited,http://purl.obolibrary.org/obo/HP_0002450,Abnormal motor neuron morphology,equivalentClass,characteristic of,has part some > characteristic of some,restriction_filler,False,False,http://purl.obolibrary.org/obo/CL_0000100,motor neuron,False,,,,,True
http://purl.obolibrary.org/obo/HP_0002366,Abnormal lower motor neuron morphology,inherited,http://purl.obolibrary.org/obo/HP_0012757,Abnormal neuron morphology,equivalentClass,characteristic of,has part some > characteristic of some,restriction_filler,False,False,http://purl.obolibrary.org/obo/CL_0000540,neuron,False,,,,,True
http://purl.obolibrary.org/obo/HP_0002385,Paraparesis,inherited,http://purl.obolibrary.org/obo/HP_0002493,Upper motor neuron dysfunction,equivalentClass,characteristic of,has part some > characteristic of some,intersection_operand,False,False,http://purl.obolibrary.org/obo/CL_0000540,neuron,False,,,,,True
http://purl.obolibrary.org/obo/HP_0002398,Degeneration of anterior horn cells,direct,http://purl.obolibrary.org/obo/HP_0002398,Degeneration of anterior horn cells,equivalentClass,characteristic of,has part some > characteristic of some,restriction_filler,False,False,http://purl.obolibrary.org/obo/CL_0000100,motor neuron,False,,,,,True
http://purl.obolibrary.org/obo/HP_0002398,Degeneration of anterior horn cells,inherited,http://purl.obolibrary.org/obo/HP_0012757,Abnormal neuron morphology,equivalentClass,characteristic of,has part some > characteristic of some,restriction_filler,False,False,http://purl.obolibrary.org/obo/CL_0000540,neuron,False,,,,,True
http://purl.obolibrary.org/obo/HP_0002398,Degeneration of anterior horn cells,inherited,http://purl.obolibrary.org/obo/HP_0006802,Abnormal anterior horn cell morphology,equivalentClass,characteristic of,has part some > characteristic of some,restriction_filler,False,False,http://purl.obolibrary.org/obo/CL_0011001,spinal cord motor neuron,False,,,,,True
http://purl.obolibrary.org/obo/HP_0002445,Tetraplegia,inherited,http://purl.obolibrary.org/obo/HP_0002493,Upper motor neuron dysfunction,equivalentClass,characteristic of,has part some > characteristic of some,intersection_operand,False,False,http://purl.obolibrary.org/obo/CL_0000540,neuron,False,,,,,True
http://purl.obolibrary.org/obo/HP_0002446,Astrocytosis,direct,http://purl.obolibrary.org/obo/HP_0002446,Astrocytosis,equivalentClass,occurs in,has part some > characteristic of part of some > occurs in some,restriction_filler,False,False,http://purl.obolibrary.org/obo/CL_0000127,astrocyte,False,,,,,True
http://purl.obolibrary.org/obo/HP_0002446,Astrocytosis,inherited,http://purl.obolibrary.org/obo/HP_0100705,Abnormal glial cell morphology,equivalentClass,characteristic of part of,has part some > characteristic of part of some,restriction_filler,False,False,http://purl.obolibrary.org/obo/CL_0000125,glial cell,False,,,,,True
http://purl.obolibrary.org/obo/HP_0002446,Astrocytosis,inherited,http://purl.obolibrary.org/obo/HP_0100707,Abnormal astrocyte morphology,equivalentClass,characteristic of part of,has part some > characteristic of part of some,restriction_filler,False,False,http://purl.obolibrary.org/obo/CL_0000127,astrocyte,False,,,,,True
http://purl.obolibrary.org/obo/HP_0002450,Abnormal motor neuron morphology,direct,http://purl.obolibrary.org/obo/HP_0002450,Abnormal motor neuron morphology,equivalentClass,characteristic of,has part some > characteristic of some,restriction_filler,False,False,http://purl.obolibrary.org/obo/CL_0000100,motor neuron,False,,,,,True
http://purl.obolibrary.org/obo/HP_0002450,Abnormal motor neuron morphology,inherited,http://purl.obolibrary.org/obo/HP_0012757,Abnormal neuron morphology,equivalentClass,characteristic of,has part some > characteristic of some,restriction_filler,False,False,http://purl.obolibrary.org/obo/CL_0000540,neuron,False,,,,,True
http://purl.obolibrary.org/obo/HP_0002464,Spastic dysarthria,inherited,http://purl.obolibrary.org/obo/HP_0002493,Upper motor neuron dysfunction,equivalentClass,characteristic of,has part some > characteristic of some,intersection_operand,False,False,http://purl.obolibrary.org/obo/CL_0000540,neuron,False,,,,,True
http://purl.obolibrary.org/obo/HP_0002478,Progressive spastic quadriplegia,inherited,http://purl.obolibrary.org/obo/HP_0002493,Upper motor neuron dysfunction,equivalentClass,characteristic of,has part some > characteristic of some,intersection_operand,False,False,http://purl.obolibrary.org/obo/CL_0000540,neuron,False,,,,,True
http://purl.obolibrary.org/obo/HP_0002488,Acute leukemia,inherited,http://purl.obolibrary.org/obo/HP_0001881,Abnormal leukocyte morphology,equivalentClass,characteristic of part of,has part some > characteristic of part of some,restriction_filler,False,False,http://purl.obolibrary.org/obo/CL_0000738,leukocyte,False,,,,,True
http://purl.obolibrary.org/obo/HP_0002491,Spasticity of facial muscles,inherited,http://purl.obolibrary.org/obo/HP_0002493,Upper motor neuron dysfunction,equivalentClass,characteristic of,has part some > characteristic of some,intersection_operand,False,False,http://purl.obolibrary.org/obo/CL_0000540,neuron,False,,,,,True
http://purl.obolibrary.org/obo/HP_0002493,Upper motor neuron dysfunction,direct,http://purl.obolibrary.org/obo/HP_0002493,Upper motor neuron dysfunction,equivalentClass,characteristic of,has part some > characteristic of some,intersection_operand,False,False,http://purl.obolibrary.org/obo/CL_0000540,neuron,False,,,,,True
http://purl.obolibrary.org/obo/HP_0002501,Spasticity of pharyngeal muscles,inherited,http://purl.obolibrary.org/obo/HP_0002493,Upper motor neuron dysfunction,equivalentClass,characteristic of,has part some > characteristic of some,intersection_operand,False,False,http://purl.obolibrary.org/obo/CL_0000540,neuron,False,,,,,True
http://purl.obolibrary.org/obo/HP_0002510,Spastic tetraplegia,inherited,http://purl.obolibrary.org/obo/HP_0002493,Upper motor neuron dysfunction,equivalentClass,characteristic of,has part some > characteristic of some,intersection_operand,False,False,http://purl.obolibrary.org/obo/CL_0000540,neuron,False,,,,,True
http://purl.obolibrary.org/obo/HP_0002529,Neuronal loss in central nervous system,direct,http://purl.obolibrary.org/obo/HP_0002529,Neuronal loss in central nervous system,equivalentClass,characteristic of,has part some > characteristic of some,intersection_operand,False,False,http://purl.obolibrary.org/obo/CL_0000540,neuron,False,,,,,True
http://purl.obolibrary.org/obo/HP_0002720,Decreased circulating IgA concentration,inherited,http://purl.obolibrary.org/obo/HP_0025354,Abnormal cellular phenotype,equivalentClass,characteristic of part of,has part some > characteristic of part of some,restriction_filler,False,False,http://purl.obolibrary.org/obo/CL_0000000,cell,False,,,,,True
http://purl.obolibrary.org/obo/HP_0002720,Decreased circulating IgA concentration,inherited,http://purl.obolibrary.org/obo/HP_0011017,Abnormal cellular physiology,equivalentClass,characteristic of,has part some > characteristic of some,restriction_filler,False,False,http://purl.obolibrary.org/obo/CL_0000000,cell,False,,,,,True
http://purl.obolibrary.org/obo/HP_0002720,Decreased circulating IgA concentration,inherited,http://purl.obolibrary.org/obo/HP_0005372,Abnormal B cell physiology,equivalentClass,characteristic of,has part some > characteristic of some,restriction_filler,False,False,http://purl.obolibrary.org/obo/CL_0000236,B cell,False,,,,,True
http://purl.obolibrary.org/obo/HP_0002731,Decreased T cell apoptosis,inherited,http://purl.obolibrary.org/obo/HP_0025354,Abnormal cellular phenotype,equivalentClass,characteristic of part of,has part some > characteristic of part of some,restriction_filler,False,False,http://purl.obolibrary.org/obo/CL_0000000,cell,False,,,,,True
http://purl.obolibrary.org/obo/HP_0002731,Decreased T cell apoptosis,inherited,http://purl.obolibrary.org/obo/HP_0011017,Abnormal cellular physiology,equivalentClass,characteristic of,has part some > characteristic of some,restriction_filler,False,False,http://purl.obolibrary.org/obo/CL_0000000,cell,False,,,,,True
http://purl.obolibrary.org/obo/HP_0002731,Decreased T cell apoptosis,inherited,http://purl.obolibrary.org/obo/HP_0011840,Abnormal T cell physiology,equivalentClass,characteristic of,has part some > characteristic of some,restriction_filler,False,False,http://purl.obolibrary.org/obo/CL_0000084,T cell,False,,,,,True
http://purl.obolibrary.org/obo/HP_0002843,Abnormal T cell morphology,direct,http://purl.obolibrary.org/obo/HP_0002843,Abnormal T cell morphology,equivalentClass,characteristic of,has part some > characteristic of some,restriction_filler,False,False,http://purl.obolibrary.org/obo/CL_0000084,T cell,False,,,,,True
http://purl.obolibrary.org/obo/HP_0002843,Abnormal T cell morphology,inherited,http://purl.obolibrary.org/obo/HP_0004332,Abnormal lymphocyte morphology,equivalentClass,characteristic of part of,has part some > characteristic of part of some,restriction_filler,False,False,http://purl.obolibrary.org/obo/CL_0000542,lymphocyte,False,,,,,True
http://purl.obolibrary.org/obo/HP_0002843,Abnormal T cell morphology,inherited,http://purl.obolibrary.org/obo/HP_0001881,Abnormal leukocyte morphology,equivalentClass,characteristic of part of,has part some > characteristic of part of some,restriction_filler,False,False,http://purl.obolibrary.org/obo/CL_0000738,leukocyte,False,,,,,True
http://purl.obolibrary.org/obo/HP_0002846,Abnormal B cell morphology,direct,http://purl.obolibrary.org/obo/HP_0002846,Abnormal B cell morphology,equivalentClass,characteristic of,has part some > characteristic of some,restriction_filler,False,False,http://purl.obolibrary.org/obo/CL_0000236,B cell,False,,,,,True
http://purl.obolibrary.org/obo/HP_0002846,Abnormal B cell morphology,inherited,http://purl.obolibrary.org/obo/HP_0004332,Abnormal lymphocyte morphology,equivalentClass,characteristic of part of,has part some > characteristic of part of some,restriction_filler,False,False,http://purl.obolibrary.org/obo/CL_0000542,lymphocyte,False,,,,,True
http://purl.obolibrary.org/obo/HP_0002846,Abnormal B cell morphology,inherited,http://purl.obolibrary.org/obo/HP_0001881,Abnormal leukocyte morphology,equivalentClass,characteristic of part of,has part some > characteristic of part of some,restriction_filler,False,False,http://purl.obolibrary.org/obo/CL_0000738,leukocyte,False,,,,,True
http://purl.obolibrary.org/obo/HP_0002847,Impaired memory B cell generation,inherited,http://purl.obolibrary.org/obo/HP_0025354,Abnormal cellular phenotype,equivalentClass,characteristic of part of,has part some > characteristic of part of some,restriction_filler,False,False,http://purl.obolibrary.org/obo/CL_0000000,cell,False,,,,,True
http://purl.obolibrary.org/obo/HP_0002847,Impaired memory B cell generation,inherited,http://purl.obolibrary.org/obo/HP_0011017,Abnormal cellular physiology,equivalentClass,characteristic of,has part some > characteristic of some,restriction_filler,False,False,http://purl.obolibrary.org/obo/CL_0000000,cell,False,,,,,True
http://purl.obolibrary.org/obo/HP_0002847,Impaired memory B cell generation,inherited,http://purl.obolibrary.org/obo/HP_0005372,Abnormal B cell physiology,equivalentClass,characteristic of,has part some > characteristic of some,restriction_filler,False,False,http://purl.obolibrary.org/obo/CL_0000236,B cell,False,,,,,True
http://purl.obolibrary.org/obo/HP_0002850,Decreased circulating IgM concentration,inherited,http://purl.obolibrary.org/obo/HP_0025354,Abnormal cellular phenotype,equivalentClass,characteristic of part of,has part some > characteristic of part of some,restriction_filler,False,False,http://purl.obolibrary.org/obo/CL_0000000,cell,False,,,,,True
http://purl.obolibrary.org/obo/HP_0002850,Decreased circulating IgM concentration,inherited,http://purl.obolibrary.org/obo/HP_0011017,Abnormal cellular physiology,equivalentClass,characteristic of,has part some > characteristic of some,restriction_filler,False,False,http://purl.obolibrary.org/obo/CL_0000000,cell,False,,,,,True
http://purl.obolibrary.org/obo/HP_0002850,Decreased circulating IgM concentration,inherited,http://purl.obolibrary.org/obo/HP_0005372,Abnormal B cell physiology,equivalentClass,characteristic of,has part some > characteristic of some,restriction_filler,False,False,http://purl.obolibrary.org/obo/CL_0000236,B cell,False,,,,,True
http://purl.obolibrary.org/obo/HP_0002851,Increased double-negative T cell number,inherited,http://purl.obolibrary.org/obo/HP_0002843,Abnormal T cell morphology,equivalentClass,characteristic of,has part some > characteristic of some,restriction_filler,False,False,http://purl.obolibrary.org/obo/CL_0000084,T cell,False,,,,,True
http://purl.obolibrary.org/obo/HP_0002851,Increased double-negative T cell number,inherited,http://purl.obolibrary.org/obo/HP_0004332,Abnormal lymphocyte morphology,equivalentClass,characteristic of part of,has part some > characteristic of part of some,restriction_filler,False,False,http://purl.obolibrary.org/obo/CL_0000542,lymphocyte,False,,,,,True
http://purl.obolibrary.org/obo/HP_0002851,Increased double-negative T cell number,inherited,http://purl.obolibrary.org/obo/HP_0001881,Abnormal leukocyte morphology,equivalentClass,characteristic of part of,has part some > characteristic of part of some,restriction_filler,False,False,http://purl.obolibrary.org/obo/CL_0000738,leukocyte,False,,,,,True
http://purl.obolibrary.org/obo/HP_0002853,Increased HLA-DR+ CD4+ T cell proportion,inherited,http://purl.obolibrary.org/obo/HP_0002843,Abnormal T cell morphology,equivalentClass,characteristic of,has part some > characteristic of some,restriction_filler,False,False,http://purl.obolibrary.org/obo/CL_0000084,T cell,False,,,,,True
http://purl.obolibrary.org/obo/HP_0002853,Increased HLA-DR+ CD4+ T cell proportion,inherited,http://purl.obolibrary.org/obo/HP_0031392,Abnormal CD4+ T cell subset proportion,equivalentClass,towards,has part some > towards some,restriction_filler,False,False,http://purl.obolibrary.org/obo/CL_0000084,T cell,False,,,,,True
http://purl.obolibrary.org/obo/HP_0002853,Increased HLA-DR+ CD4+ T cell proportion,inherited,http://purl.obolibrary.org/obo/HP_0004332,Abnormal lymphocyte morphology,equivalentClass,characteristic of part of,has part some > characteristic of part of some,restriction_filler,False,False,http://purl.obolibrary.org/obo/CL_0000542,lymphocyte,False,,,,,True
http://purl.obolibrary.org/obo/HP_0002853,Increased HLA-DR+ CD4+ T cell proportion,inherited,http://purl.obolibrary.org/obo/HP_0031392,Abnormal CD4+ T cell subset proportion,equivalentClass,characteristic of,has part some > characteristic of some,intersection_operand,False,False,http://purl.obolibrary.org/obo/CL_0000624,"CD4-positive, alpha-beta T cell",False,,,,,True
http://purl.obolibrary.org/obo/HP_0002853,Increased HLA-DR+ CD4+ T cell proportion,inherited,http://purl.obolibrary.org/obo/HP_0001881,Abnormal leukocyte morphology,equivalentClass,characteristic of part of,has part some > characteristic of part of some,restriction_filler,False,False,http://purl.obolibrary.org/obo/CL_0000738,leukocyte,False,,,,,True
http://purl.obolibrary.org/obo/HP_0002888,Ependymoma,inherited,http://purl.obolibrary.org/obo/HP_0100705,Abnormal glial cell morphology,equivalentClass,characteristic of part of,has part some > characteristic of part of some,restriction_filler,False,False,http://purl.obolibrary.org/obo/CL_0000125,glial cell,False,,,,,True
http://purl.obolibrary.org/obo/HP_0002916,Abnormality of chromosome segregation,inherited,http://purl.obolibrary.org/obo/HP_0025354,Abnormal cellular phenotype,equivalentClass,characteristic of part of,has part some > characteristic of part of some,restriction_filler,False,False,http://purl.obolibrary.org/obo/CL_0000000,cell,False,,,,,True
http://purl.obolibrary.org/obo/HP_0002916,Abnormality of chromosome segregation,inherited,http://purl.obolibrary.org/obo/HP_0011017,Abnormal cellular physiology,equivalentClass,characteristic of,has part some > characteristic of some,restriction_filler,False,False,http://purl.obolibrary.org/obo/CL_0000000,cell,False,,,,,True
http://purl.obolibrary.org/obo/HP_0002928,Decreased activity of the pyruvate dehydrogenase complex,inherited,http://purl.obolibrary.org/obo/HP_0025354,Abnormal cellular phenotype,equivalentClass,characteristic of part of,has part some > characteristic of part of some,restriction_filler,False,False,http://purl.obolibrary.org/obo/CL_0000000,cell,False,,,,,True
http://purl.obolibrary.org/obo/HP_0002928,Decreased activity of the pyruvate dehydrogenase complex,inherited,http://purl.obolibrary.org/obo/HP_0011017,Abnormal cellular physiology,equivalentClass,characteristic of,has part some > characteristic of some,restriction_filler,False,False,http://purl.obolibrary.org/obo/CL_0000000,cell,False,,,,,True
http://purl.obolibrary.org/obo/HP_0002955,Granulomatosis,inherited,http://purl.obolibrary.org/obo/HP_0004311,Abnormal macrophage morphology,equivalentClass,characteristic of part of,has part some > characteristic of part of some,restriction_filler,False,False,http://purl.obolibrary.org/obo/CL_0000235,macrophage,False,,,,,True
http://purl.obolibrary.org/obo/HP_0002955,Granulomatosis,inherited,http://purl.obolibrary.org/obo/HP_0001881,Abnormal leukocyte morphology,equivalentClass,characteristic of part of,has part some > characteristic of part of some,restriction_filler,False,False,http://purl.obolibrary.org/obo/CL_0000738,leukocyte,False,,,,,True
http://purl.obolibrary.org/obo/HP_0002955,Granulomatosis,inherited,http://purl.obolibrary.org/obo/HP_0010974,Abnormal myeloid leukocyte morphology,equivalentClass,characteristic of,has part some > characteristic of some,restriction_filler,False,False,http://purl.obolibrary.org/obo/CL_0000766,myeloid leukocyte,False,,,,,True
http://purl.obolibrary.org/obo/HP_0002959,Impaired Ig class switch recombination,inherited,http://purl.obolibrary.org/obo/HP_0025354,Abnormal cellular phenotype,equivalentClass,characteristic of part of,has part some > characteristic of part of some,restriction_filler,False,False,http://purl.obolibrary.org/obo/CL_0000000,cell,False,,,,,True
http://purl.obolibrary.org/obo/HP_0002959,Impaired Ig class switch recombination,inherited,http://purl.obolibrary.org/obo/HP_0011017,Abnormal cellular physiology,equivalentClass,characteristic of,has part some > characteristic of some,restriction_filler,False,False,http://purl.obolibrary.org/obo/CL_0000000,cell,False,,,,,True
http://purl.obolibrary.org/obo/HP_0002959,Impaired Ig class switch recombination,inherited,http://purl.obolibrary.org/obo/HP_0005372,Abnormal B cell physiology,equivalentClass,characteristic of,has part some > characteristic of some,restriction_filler,False,False,http://purl.obolibrary.org/obo/CL_0000236,B cell,False,,,,,True
http://purl.obolibrary.org/obo/HP_0002963,Abnormal delayed hypersensitivity skin test,inherited,http://purl.obolibrary.org/obo/HP_0025354,Abnormal cellular phenotype,equivalentClass,characteristic of part of,has part some > characteristic of part of some,restriction_filler,False,False,http://purl.obolibrary.org/obo/CL_0000000,cell,False,,,,,True
http://purl.obolibrary.org/obo/HP_0002963,Abnormal delayed hypersensitivity skin test,inherited,http://purl.obolibrary.org/obo/HP_0011017,Abnormal cellular physiology,equivalentClass,characteristic of,has part some > characteristic of some,restriction_filler,False,False,http://purl.obolibrary.org/obo/CL_0000000,cell,False,,,,,True
http://purl.obolibrary.org/obo/HP_0002963,Abnormal delayed hypersensitivity skin test,inherited,http://purl.obolibrary.org/obo/HP_0011840,Abnormal T cell physiology,equivalentClass,characteristic of,has part some > characteristic of some,restriction_filler,False,False,http://purl.obolibrary.org/obo/CL_0000084,T cell,False,,,,,True
http://purl.obolibrary.org/obo/HP_0002965,Cutaneous anergy,inherited,http://purl.obolibrary.org/obo/HP_0025354,Abnormal cellular phenotype,equivalentClass,characteristic of part of,has part some > characteristic of part of some,restriction_filler,False,False,http://purl.obolibrary.org/obo/CL_0000000,cell,False,,,,,True
http://purl.obolibrary.org/obo/HP_0002965,Cutaneous anergy,inherited,http://purl.obolibrary.org/obo/HP_0011017,Abnormal cellular physiology,equivalentClass,characteristic of,has part some > characteristic of some,restriction_filler,False,False,http://purl.obolibrary.org/obo/CL_0000000,cell,False,,,,,True
http://purl.obolibrary.org/obo/HP_0002965,Cutaneous anergy,inherited,http://purl.obolibrary.org/obo/HP_0011840,Abnormal T cell physiology,equivalentClass,characteristic of,has part some > characteristic of some,restriction_filler,False,False,http://purl.obolibrary.org/obo/CL_0000084,T cell,False,,,,,True
http://purl.obolibrary.org/obo/HP_0002971,Absent microvilli on the surface of peripheral blood lymphocytes,inherited,http://purl.obolibrary.org/obo/HP_0004332,Abnormal lymphocyte morphology,equivalentClass,characteristic of part of,has part some > characteristic of part of some,restriction_filler,False,False,http://purl.obolibrary.org/obo/CL_0000542,lymphocyte,False,,,,,True
http://purl.obolibrary.org/obo/HP_0002971,Absent microvilli on the surface of peripheral blood lymphocytes,inherited,http://purl.obolibrary.org/obo/HP_0001881,Abnormal leukocyte morphology,equivalentClass,characteristic of part of,has part some > characteristic of part of some,restriction_filler,False,False,http://purl.obolibrary.org/obo/CL_0000738,leukocyte,False,,,,,True
http://purl.obolibrary.org/obo/HP_0002972,Reduced delayed hypersensitivity,inherited,http://purl.obolibrary.org/obo/HP_0025354,Abnormal cellular phenotype,equivalentClass,characteristic of part of,has part some > characteristic of part of some,restriction_filler,False,False,http://purl.obolibrary.org/obo/CL_0000000,cell,False,,,,,True
http://purl.obolibrary.org/obo/HP_0002972,Reduced delayed hypersensitivity,inherited,http://purl.obolibrary.org/obo/HP_0011017,Abnormal cellular physiology,equivalentClass,characteristic of,has part some > characteristic of some,restriction_filler,False,False,http://purl.obolibrary.org/obo/CL_0000000,cell,False,,,,,True
http://purl.obolibrary.org/obo/HP_0002972,Reduced delayed hypersensitivity,inherited,http://purl.obolibrary.org/obo/HP_0011840,Abnormal T cell physiology,equivalentClass,characteristic of,has part some > characteristic of some,restriction_filler,False,False,http://purl.obolibrary.org/obo/CL_0000084,T cell,False,,,,,True
http://purl.obolibrary.org/obo/HP_0003079,Defective DNA repair after ultraviolet radiation damage,inherited,http://purl.obolibrary.org/obo/HP_0025354,Abnormal cellular phenotype,equivalentClass,characteristic of part of,has part some > characteristic of part of some,restriction_filler,False,False,http://purl.obolibrary.org/obo/CL_0000000,cell,False,,,,,True
http://purl.obolibrary.org/obo/HP_0003079,Defective DNA repair after ultraviolet radiation damage,inherited,http://purl.obolibrary.org/obo/HP_0011017,Abnormal cellular physiology,equivalentClass,characteristic of,has part some > characteristic of some,restriction_filler,False,False,http://purl.obolibrary.org/obo/CL_0000000,cell,False,,,,,True
http://purl.obolibrary.org/obo/HP_0003134,Abnormality of peripheral nerve conduction,direct,http://purl.obolibrary.org/obo/HP_0003134,Abnormality of peripheral nerve conduction,equivalentClass,characteristic of,has part some > characteristic of some,restriction_filler,False,False,http://purl.obolibrary.org/obo/CL_2000032,peripheral nervous system neuron,False,,,,,True
http://purl.obolibrary.org/obo/HP_0003139,Panhypogammaglobulinemia,inherited,http://purl.obolibrary.org/obo/HP_0025354,Abnormal cellular phenotype,equivalentClass,characteristic of part of,has part some > characteristic of part of some,restriction_filler,False,False,http://purl.obolibrary.org/obo/CL_0000000,cell,False,,,,,True
http://purl.obolibrary.org/obo/HP_0003139,Panhypogammaglobulinemia,inherited,http://purl.obolibrary.org/obo/HP_0011017,Abnormal cellular physiology,equivalentClass,characteristic of,has part some > characteristic of some,restriction_filler,False,False,http://purl.obolibrary.org/obo/CL_0000000,cell,False,,,,,True
http://purl.obolibrary.org/obo/HP_0003139,Panhypogammaglobulinemia,inherited,http://purl.obolibrary.org/obo/HP_0005372,Abnormal B cell physiology,equivalentClass,characteristic of,has part some > characteristic of some,restriction_filler,False,False,http://purl.obolibrary.org/obo/CL_0000236,B cell,False,,,,,True
http://purl.obolibrary.org/obo/HP_0003148,Elevated serum acid phosphatase,inherited,http://purl.obolibrary.org/obo/HP_0025354,Abnormal cellular phenotype,equivalentClass,characteristic of part of,has part some > characteristic of part of some,restriction_filler,False,False,http://purl.obolibrary.org/obo/CL_0000000,cell,False,,,,,True
http://purl.obolibrary.org/obo/HP_0003148,Elevated serum acid phosphatase,inherited,http://purl.obolibrary.org/obo/HP_0011017,Abnormal cellular physiology,equivalentClass,characteristic of,has part some > characteristic of some,restriction_filler,False,False,http://purl.obolibrary.org/obo/CL_0000000,cell,False,,,,,True
http://purl.obolibrary.org/obo/HP_0003200,Ragged-red muscle fibers,inherited,http://purl.obolibrary.org/obo/HP_0004303,Abnormal muscle fiber morphology,equivalentClass,characteristic of part of,has part some > characteristic of part of some,restriction_filler,False,False,http://purl.obolibrary.org/obo/CL_0000188,cell of skeletal muscle,False,,,,,True
http://purl.obolibrary.org/obo/HP_0003203,Decreased neutrophil oxidative burst,inherited,http://purl.obolibrary.org/obo/HP_0001911,Abnormal granulocyte morphology,equivalentClass,characteristic of part of,has part some > characteristic of part of some,restriction_filler,False,False,http://purl.obolibrary.org/obo/CL_0000094,granulocyte,False,,,,,True
http://purl.obolibrary.org/obo/HP_0003203,Decreased neutrophil oxidative burst,inherited,http://purl.obolibrary.org/obo/HP_0001881,Abnormal leukocyte morphology,equivalentClass,characteristic of part of,has part some > characteristic of part of some,restriction_filler,False,False,http://purl.obolibrary.org/obo/CL_0000738,leukocyte,False,,,,,True
http://purl.obolibrary.org/obo/HP_0003203,Decreased neutrophil oxidative burst,inherited,http://purl.obolibrary.org/obo/HP_0010974,Abnormal myeloid leukocyte morphology,equivalentClass,characteristic of,has part some > characteristic of some,restriction_filler,False,False,http://purl.obolibrary.org/obo/CL_0000766,myeloid leukocyte,False,,,,,True
http://purl.obolibrary.org/obo/HP_0003203,Decreased neutrophil oxidative burst,inherited,http://purl.obolibrary.org/obo/HP_0001874,Abnormality of neutrophils,equivalentClass,characteristic of part of,has part some > characteristic of part of some,restriction_filler,False,False,http://purl.obolibrary.org/obo/CL_0000775,neutrophil,False,,,,,True
http://purl.obolibrary.org/obo/HP_0003203,Decreased neutrophil oxidative burst,inherited,http://purl.obolibrary.org/obo/HP_0011990,Abnormal neutrophil physiology,equivalentClass,characteristic of,has part some > characteristic of some,restriction_filler,False,False,http://purl.obolibrary.org/obo/CL_0000775,neutrophil,False,,,,,True
http://purl.obolibrary.org/obo/HP_0003204,Intracellular accumulation of autofluorescent lipopigment storage material,inherited,http://purl.obolibrary.org/obo/HP_0025354,Abnormal cellular phenotype,equivalentClass,characteristic of part of,has part some > characteristic of part of some,restriction_filler,False,False,http://purl.obolibrary.org/obo/CL_0000000,cell,False,,,,,True
http://purl.obolibrary.org/obo/HP_0003204,Intracellular accumulation of autofluorescent lipopigment storage material,inherited,http://purl.obolibrary.org/obo/HP_0011017,Abnormal cellular physiology,equivalentClass,characteristic of,has part some > characteristic of some,restriction_filler,False,False,http://purl.obolibrary.org/obo/CL_0000000,cell,False,,,,,True
http://purl.obolibrary.org/obo/HP_0003205,Curvilinear intracellular accumulation of autofluorescent lipopigment storage material,inherited,http://purl.obolibrary.org/obo/HP_0025354,Abnormal cellular phenotype,equivalentClass,characteristic of part of,has part some > characteristic of part of some,restriction_filler,False,False,http://purl.obolibrary.org/obo/CL_0000000,cell,False,,,,,True
http://purl.obolibrary.org/obo/HP_0003205,Curvilinear intracellular accumulation of autofluorescent lipopigment storage material,inherited,http://purl.obolibrary.org/obo/HP_0011017,Abnormal cellular physiology,equivalentClass,characteristic of,has part some > characteristic of some,restriction_filler,False,False,http://purl.obolibrary.org/obo/CL_0000000,cell,False,,,,,True
http://purl.obolibrary.org/obo/HP_0003208,Fingerprint intracellular accumulation of autofluorescent lipopigment storage material,inherited,http://purl.obolibrary.org/obo/HP_0025354,Abnormal cellular phenotype,equivalentClass,characteristic of part of,has part some > characteristic of part of some,restriction_filler,False,False,http://purl.obolibrary.org/obo/CL_0000000,cell,False,,,,,True
http://purl.obolibrary.org/obo/HP_0003208,Fingerprint intracellular accumulation of autofluorescent lipopigment storage material,inherited,http://purl.obolibrary.org/obo/HP_0011017,Abnormal cellular physiology,equivalentClass,characteristic of,has part some > characteristic of some,restriction_filler,False,False,http://purl.obolibrary.org/obo/CL_0000000,cell,False,,,,,True
http://purl.obolibrary.org/obo/HP_0003212,Increased circulating IgE concentration,inherited,http://purl.obolibrary.org/obo/HP_0025354,Abnormal cellular phenotype,equivalentClass,characteristic of part of,has part some > characteristic of part of some,restriction_filler,False,False,http://purl.obolibrary.org/obo/CL_0000000,cell,False,,,,,True
http://purl.obolibrary.org/obo/HP_0003212,Increased circulating IgE concentration,inherited,http://purl.obolibrary.org/obo/HP_0011017,Abnormal cellular physiology,equivalentClass,characteristic of,has part some > characteristic of some,restriction_filler,False,False,http://purl.obolibrary.org/obo/CL_0000000,cell,False,,,,,True
http://purl.obolibrary.org/obo/HP_0003212,Increased circulating IgE concentration,inherited,http://purl.obolibrary.org/obo/HP_0005372,Abnormal B cell physiology,equivalentClass,characteristic of,has part some > characteristic of some,restriction_filler,False,False,http://purl.obolibrary.org/obo/CL_0000236,B cell,False,,,,,True
http://purl.obolibrary.org/obo/HP_0003213,Deficient excision of UV-induced pyrimidine dimers in DNA,inherited,http://purl.obolibrary.org/obo/HP_0025354,Abnormal cellular phenotype,equivalentClass,characteristic of part of,has part some > characteristic of part of some,restriction_filler,False,False,http://purl.obolibrary.org/obo/CL_0000000,cell,False,,,,,True
http://purl.obolibrary.org/obo/HP_0003213,Deficient excision of UV-induced pyrimidine dimers in DNA,inherited,http://purl.obolibrary.org/obo/HP_0011017,Abnormal cellular physiology,equivalentClass,characteristic of,has part some > characteristic of some,restriction_filler,False,False,http://purl.obolibrary.org/obo/CL_0000000,cell,False,,,,,True
http://purl.obolibrary.org/obo/HP_0003214,Prolonged G2 phase of cell cycle,inherited,http://purl.obolibrary.org/obo/HP_0025354,Abnormal cellular phenotype,equivalentClass,characteristic of part of,has part some > characteristic of part of some,restriction_filler,False,False,http://purl.obolibrary.org/obo/CL_0000000,cell,False,,,,,True
http://purl.obolibrary.org/obo/HP_0003214,Prolonged G2 phase of cell cycle,inherited,http://purl.obolibrary.org/obo/HP_0011017,Abnormal cellular physiology,equivalentClass,characteristic of,has part some > characteristic of some,restriction_filler,False,False,http://purl.obolibrary.org/obo/CL_0000000,cell,False,,,,,True
http://purl.obolibrary.org/obo/HP_0003220,Abnormality of chromosome stability,inherited,http://purl.obolibrary.org/obo/HP_0025354,Abnormal cellular phenotype,equivalentClass,characteristic of part of,has part some > characteristic of part of some,restriction_filler,False,False,http://purl.obolibrary.org/obo/CL_0000000,cell,False,,,,,True
http://purl.obolibrary.org/obo/HP_0003220,Abnormality of chromosome stability,inherited,http://purl.obolibrary.org/obo/HP_0011017,Abnormal cellular physiology,equivalentClass,characteristic of,has part some > characteristic of some,restriction_filler,False,False,http://purl.obolibrary.org/obo/CL_0000000,cell,False,,,,,True
http://purl.obolibrary.org/obo/HP_0003221,Chromosomal breakage induced by crosslinking agents,inherited,http://purl.obolibrary.org/obo/HP_0025354,Abnormal cellular phenotype,equivalentClass,characteristic of part of,has part some > characteristic of part of some,restriction_filler,False,False,http://purl.obolibrary.org/obo/CL_0000000,cell,False,,,,,True
http://purl.obolibrary.org/obo/HP_0003221,Chromosomal breakage induced by crosslinking agents,inherited,http://purl.obolibrary.org/obo/HP_0011017,Abnormal cellular physiology,equivalentClass,characteristic of,has part some > characteristic of some,restriction_filler,False,False,http://purl.obolibrary.org/obo/CL_0000000,cell,False,,,,,True
http://purl.obolibrary.org/obo/HP_0003224,Increased cellular sensitivity to UV light,inherited,http://purl.obolibrary.org/obo/HP_0025354,Abnormal cellular phenotype,equivalentClass,characteristic of part of,has part some > characteristic of part of some,restriction_filler,False,False,http://purl.obolibrary.org/obo/CL_0000000,cell,False,,,,,True
http://purl.obolibrary.org/obo/HP_0003224,Increased cellular sensitivity to UV light,inherited,http://purl.obolibrary.org/obo/HP_0011017,Abnormal cellular physiology,equivalentClass,characteristic of,has part some > characteristic of some,restriction_filler,False,False,http://purl.obolibrary.org/obo/CL_0000000,cell,False,,,,,True
http://purl.obolibrary.org/obo/HP_0003226,Rectilinear intracellular accumulation of autofluorescent lipopigment storage material,inherited,http://purl.obolibrary.org/obo/HP_0025354,Abnormal cellular phenotype,equivalentClass,characteristic of part of,has part some > characteristic of part of some,restriction_filler,False,False,http://purl.obolibrary.org/obo/CL_0000000,cell,False,,,,,True
http://purl.obolibrary.org/obo/HP_0003226,Rectilinear intracellular accumulation of autofluorescent lipopigment storage material,inherited,http://purl.obolibrary.org/obo/HP_0011017,Abnormal cellular physiology,equivalentClass,characteristic of,has part some > characteristic of some,restriction_filler,False,False,http://purl.obolibrary.org/obo/CL_0000000,cell,False,,,,,True
http://purl.obolibrary.org/obo/HP_0003232,Mitochondrial malic enzyme reduced,inherited,http://purl.obolibrary.org/obo/HP_0025354,Abnormal cellular phenotype,equivalentClass,characteristic of part of,has part some > characteristic of part of some,restriction_filler,False,False,http://purl.obolibrary.org/obo/CL_0000000,cell,False,,,,,True
http://purl.obolibrary.org/obo/HP_0003232,Mitochondrial malic enzyme reduced,inherited,http://purl.obolibrary.org/obo/HP_0011017,Abnormal cellular physiology,equivalentClass,characteristic of,has part some > characteristic of some,restriction_filler,False,False,http://purl.obolibrary.org/obo/CL_0000000,cell,False,,,,,True
http://purl.obolibrary.org/obo/HP_0003234,Decreased circulating carnitine concentration,inherited,http://purl.obolibrary.org/obo/HP_0025354,Abnormal cellular phenotype,equivalentClass,characteristic of part of,has part some > characteristic of part of some,restriction_filler,False,False,http://purl.obolibrary.org/obo/CL_0000000,cell,False,,,,,True
http://purl.obolibrary.org/obo/HP_0003234,Decreased circulating carnitine concentration,inherited,http://purl.obolibrary.org/obo/HP_0011017,Abnormal cellular physiology,equivalentClass,characteristic of,has part some > characteristic of some,restriction_filler,False,False,http://purl.obolibrary.org/obo/CL_0000000,cell,False,,,,,True
http://purl.obolibrary.org/obo/HP_0003237,Increased circulating IgG concentration,inherited,http://purl.obolibrary.org/obo/HP_0025354,Abnormal cellular phenotype,equivalentClass,characteristic of part of,has part some > characteristic of part of some,restriction_filler,False,False,http://purl.obolibrary.org/obo/CL_0000000,cell,False,,,,,True
http://purl.obolibrary.org/obo/HP_0003237,Increased circulating IgG concentration,inherited,http://purl.obolibrary.org/obo/HP_0011017,Abnormal cellular physiology,equivalentClass,characteristic of,has part some > characteristic of some,restriction_filler,False,False,http://purl.obolibrary.org/obo/CL_0000000,cell,False,,,,,True
http://purl.obolibrary.org/obo/HP_0003237,Increased circulating IgG concentration,inherited,http://purl.obolibrary.org/obo/HP_0005372,Abnormal B cell physiology,equivalentClass,characteristic of,has part some > characteristic of some,restriction_filler,False,False,http://purl.obolibrary.org/obo/CL_0000236,B cell,False,,,,,True
http://purl.obolibrary.org/obo/HP_0003254,Abnormality of DNA repair,inherited,http://purl.obolibrary.org/obo/HP_0025354,Abnormal cellular phenotype,equivalentClass,characteristic of part of,has part some > characteristic of part of some,restriction_filler,False,False,http://purl.obolibrary.org/obo/CL_0000000,cell,False,,,,,True
http://purl.obolibrary.org/obo/HP_0003254,Abnormality of DNA repair,inherited,http://purl.obolibrary.org/obo/HP_0011017,Abnormal cellular physiology,equivalentClass,characteristic of,has part some > characteristic of some,restriction_filler,False,False,http://purl.obolibrary.org/obo/CL_0000000,cell,False,,,,,True
http://purl.obolibrary.org/obo/HP_0003261,Increased circulating IgA concentration,inherited,http://purl.obolibrary.org/obo/HP_0025354,Abnormal cellular phenotype,equivalentClass,characteristic of part of,has part some > characteristic of part of some,restriction_filler,False,False,http://purl.obolibrary.org/obo/CL_0000000,cell,False,,,,,True
http://purl.obolibrary.org/obo/HP_0003261,Increased circulating IgA concentration,inherited,http://purl.obolibrary.org/obo/HP_0011017,Abnormal cellular physiology,equivalentClass,characteristic of,has part some > characteristic of some,restriction_filler,False,False,http://purl.obolibrary.org/obo/CL_0000000,cell,False,,,,,True
http://purl.obolibrary.org/obo/HP_0003261,Increased circulating IgA concentration,inherited,http://purl.obolibrary.org/obo/HP_0005372,Abnormal B cell physiology,equivalentClass,characteristic of,has part some > characteristic of some,restriction_filler,False,False,http://purl.obolibrary.org/obo/CL_0000236,B cell,False,,,,,True
http://purl.obolibrary.org/obo/HP_0003264,Deficiency of N-acetylglucosamine-1-phosphotransferase,inherited,http://purl.obolibrary.org/obo/HP_0025354,Abnormal cellular phenotype,equivalentClass,characteristic of part of,has part some > characteristic of part of some,restriction_filler,False,False,http://purl.obolibrary.org/obo/CL_0000000,cell,False,,,,,True
http://purl.obolibrary.org/obo/HP_0003264,Deficiency of N-acetylglucosamine-1-phosphotransferase,inherited,http://purl.obolibrary.org/obo/HP_0011017,Abnormal cellular physiology,equivalentClass,characteristic of,has part some > characteristic of some,restriction_filler,False,False,http://purl.obolibrary.org/obo/CL_0000000,cell,False,,,,,True
http://purl.obolibrary.org/obo/HP_0003287,Abnormality of mitochondrial metabolism,inherited,http://purl.obolibrary.org/obo/HP_0025354,Abnormal cellular phenotype,equivalentClass,characteristic of part of,has part some > characteristic of part of some,restriction_filler,False,False,http://purl.obolibrary.org/obo/CL_0000000,cell,False,,,,,True
http://purl.obolibrary.org/obo/HP_0003287,Abnormality of mitochondrial metabolism,inherited,http://purl.obolibrary.org/obo/HP_0011017,Abnormal cellular physiology,equivalentClass,characteristic of,has part some > characteristic of some,restriction_filler,False,False,http://purl.obolibrary.org/obo/CL_0000000,cell,False,,,,,True
http://purl.obolibrary.org/obo/HP_0003288,Mitochondrial propionyl-CoA carboxylase defect,inherited,http://purl.obolibrary.org/obo/HP_0025354,Abnormal cellular phenotype,equivalentClass,characteristic of part of,has part some > characteristic of part of some,restriction_filler,False,False,http://purl.obolibrary.org/obo/CL_0000000,cell,False,,,,,True
http://purl.obolibrary.org/obo/HP_0003288,Mitochondrial propionyl-CoA carboxylase defect,inherited,http://purl.obolibrary.org/obo/HP_0011017,Abnormal cellular physiology,equivalentClass,characteristic of,has part some > characteristic of some,restriction_filler,False,False,http://purl.obolibrary.org/obo/CL_0000000,cell,False,,,,,True
http://purl.obolibrary.org/obo/HP_0003339,Pyrimidine-responsive megaloblastic anemia,inherited,http://purl.obolibrary.org/obo/HP_0001877,Abnormal erythrocyte morphology,equivalentClass,characteristic of part of,has part some > characteristic of part of some,restriction_filler,False,False,http://purl.obolibrary.org/obo/CL_0000232,erythrocyte,False,,,,,True
http://purl.obolibrary.org/obo/HP_0003339,Pyrimidine-responsive megaloblastic anemia,inherited,http://purl.obolibrary.org/obo/HP_0001903,Anemia,equivalentClass,characteristic of,has part some > characteristic of some,restriction_filler,True,False,http://purl.obolibrary.org/obo/CL_0000232,erythrocyte,False,,,,,True
http://purl.obolibrary.org/obo/HP_0003352,Endopolyploidy on chromosome studies of bone marrow,inherited,http://purl.obolibrary.org/obo/HP_0025354,Abnormal cellular phenotype,equivalentClass,characteristic of part of,has part some > characteristic of part of some,restriction_filler,False,False,http://purl.obolibrary.org/obo/CL_0000000,cell,False,,,,,True
http://purl.obolibrary.org/obo/HP_0003352,Endopolyploidy on chromosome studies of bone marrow,inherited,http://purl.obolibrary.org/obo/HP_0011017,Abnormal cellular physiology,equivalentClass,characteristic of,has part some > characteristic of some,restriction_filler,False,False,http://purl.obolibrary.org/obo/CL_0000000,cell,False,,,,,True
http://purl.obolibrary.org/obo/HP_0003358,Elevated intracellular cystine,direct,http://purl.obolibrary.org/obo/HP_0003358,Elevated intracellular cystine,equivalentClass,part of,has part some > characteristic of some > part of some,restriction_filler,False,False,http://purl.obolibrary.org/obo/CL_0000000,cell,False,,,,,True
http://purl.obolibrary.org/obo/HP_0003358,Elevated intracellular cystine,inherited,http://purl.obolibrary.org/obo/HP_0025354,Abnormal cellular phenotype,equivalentClass,characteristic of part of,has part some > characteristic of part of some,restriction_filler,False,False,http://purl.obolibrary.org/obo/CL_0000000,cell,False,,,,,True
http://purl.obolibrary.org/obo/HP_0003358,Elevated intracellular cystine,inherited,http://purl.obolibrary.org/obo/HP_0011017,Abnormal cellular physiology,equivalentClass,characteristic of,has part some > characteristic of some,restriction_filler,False,False,http://purl.obolibrary.org/obo/CL_0000000,cell,False,,,,,True
http://purl.obolibrary.org/obo/HP_0003431,Decreased motor nerve conduction velocity,inherited,http://purl.obolibrary.org/obo/HP_0000762,Decreased nerve conduction velocity,equivalentClass,characteristic of,has part some > characteristic of some,restriction_filler,False,False,http://purl.obolibrary.org/obo/CL_2000032,peripheral nervous system neuron,False,,,,,True
http://purl.obolibrary.org/obo/HP_0003448,Decreased sensory nerve conduction velocity,inherited,http://purl.obolibrary.org/obo/HP_0000762,Decreased nerve conduction velocity,equivalentClass,characteristic of,has part some > characteristic of some,restriction_filler,False,False,http://purl.obolibrary.org/obo/CL_2000032,peripheral nervous system neuron,False,,,,,True
http://purl.obolibrary.org/obo/HP_0003451,Increased rate of premature chromosome condensation,inherited,http://purl.obolibrary.org/obo/HP_0025354,Abnormal cellular phenotype,equivalentClass,characteristic of part of,has part some > characteristic of part of some,restriction_filler,False,False,http://purl.obolibrary.org/obo/CL_0000000,cell,False,,,,,True
http://purl.obolibrary.org/obo/HP_0003451,Increased rate of premature chromosome condensation,inherited,http://purl.obolibrary.org/obo/HP_0011017,Abnormal cellular physiology,equivalentClass,characteristic of,has part some > characteristic of some,restriction_filler,False,False,http://purl.obolibrary.org/obo/CL_0000000,cell,False,,,,,True
http://purl.obolibrary.org/obo/HP_0003459,Polyclonal elevation of circulating IgM concentration,inherited,http://purl.obolibrary.org/obo/HP_0025354,Abnormal cellular phenotype,equivalentClass,characteristic of part of,has part some > characteristic of part of some,restriction_filler,False,False,http://purl.obolibrary.org/obo/CL_0000000,cell,False,,,,,True
http://purl.obolibrary.org/obo/HP_0003459,Polyclonal elevation of circulating IgM concentration,inherited,http://purl.obolibrary.org/obo/HP_0011017,Abnormal cellular physiology,equivalentClass,characteristic of,has part some > characteristic of some,restriction_filler,False,False,http://purl.obolibrary.org/obo/CL_0000000,cell,False,,,,,True
http://purl.obolibrary.org/obo/HP_0003459,Polyclonal elevation of circulating IgM concentration,inherited,http://purl.obolibrary.org/obo/HP_0005372,Abnormal B cell physiology,equivalentClass,characteristic of,has part some > characteristic of some,restriction_filler,False,False,http://purl.obolibrary.org/obo/CL_0000236,B cell,False,,,,,True
http://purl.obolibrary.org/obo/HP_0003460,Chronic decreased circulating IgA concentration,inherited,http://purl.obolibrary.org/obo/HP_0025354,Abnormal cellular phenotype,equivalentClass,characteristic of part of,has part some > characteristic of part of some,restriction_filler,False,False,http://purl.obolibrary.org/obo/CL_0000000,cell,False,,,,,True
http://purl.obolibrary.org/obo/HP_0003460,Chronic decreased circulating IgA concentration,inherited,http://purl.obolibrary.org/obo/HP_0011017,Abnormal cellular physiology,equivalentClass,characteristic of,has part some > characteristic of some,restriction_filler,False,False,http://purl.obolibrary.org/obo/CL_0000000,cell,False,,,,,True
http://purl.obolibrary.org/obo/HP_0003460,Chronic decreased circulating IgA concentration,inherited,http://purl.obolibrary.org/obo/HP_0005372,Abnormal B cell physiology,equivalentClass,characteristic of,has part some > characteristic of some,restriction_filler,False,False,http://purl.obolibrary.org/obo/CL_0000236,B cell,False,,,,,True
http://purl.obolibrary.org/obo/HP_0003487,Babinski sign,inherited,http://purl.obolibrary.org/obo/HP_0002493,Upper motor neuron dysfunction,equivalentClass,characteristic of,has part some > characteristic of some,intersection_operand,False,False,http://purl.obolibrary.org/obo/CL_0000540,neuron,False,,,,,True
http://purl.obolibrary.org/obo/HP_0003496,Increased circulating IgM concentration,inherited,http://purl.obolibrary.org/obo/HP_0025354,Abnormal cellular phenotype,equivalentClass,characteristic of part of,has part some > characteristic of part of some,restriction_filler,False,False,http://purl.obolibrary.org/obo/CL_0000000,cell,False,,,,,True
http://purl.obolibrary.org/obo/HP_0003496,Increased circulating IgM concentration,inherited,http://purl.obolibrary.org/obo/HP_0011017,Abnormal cellular physiology,equivalentClass,characteristic of,has part some > characteristic of some,restriction_filler,False,False,http://purl.obolibrary.org/obo/CL_0000000,cell,False,,,,,True
http://purl.obolibrary.org/obo/HP_0003496,Increased circulating IgM concentration,inherited,http://purl.obolibrary.org/obo/HP_0005372,Abnormal B cell physiology,equivalentClass,characteristic of,has part some > characteristic of some,restriction_filler,False,False,http://purl.obolibrary.org/obo/CL_0000236,B cell,False,,,,,True
http://purl.obolibrary.org/obo/HP_0003514,Deficiency or absence of cytochrome b(-245),inherited,http://purl.obolibrary.org/obo/HP_0025354,Abnormal cellular phenotype,equivalentClass,characteristic of part of,has part some > characteristic of part of some,restriction_filler,False,False,http://purl.obolibrary.org/obo/CL_0000000,cell,False,,,,,True
http://purl.obolibrary.org/obo/HP_0003514,Deficiency or absence of cytochrome b(-245),inherited,http://purl.obolibrary.org/obo/HP_0011017,Abnormal cellular physiology,equivalentClass,characteristic of,has part some > characteristic of some,restriction_filler,False,False,http://purl.obolibrary.org/obo/CL_0000000,cell,False,,,,,True
http://purl.obolibrary.org/obo/HP_0003540,Impaired platelet aggregation,inherited,http://purl.obolibrary.org/obo/HP_0001872,Abnormality of thrombocytes,equivalentClass,characteristic of part of,has part some > characteristic of part of some,restriction_filler,False,False,http://purl.obolibrary.org/obo/CL_0000233,platelet,False,,,,,True
http://purl.obolibrary.org/obo/HP_0003540,Impaired platelet aggregation,inherited,http://purl.obolibrary.org/obo/HP_0011869,Abnormal platelet function,equivalentClass,characteristic of,has part some > characteristic of some,restriction_filler,False,False,http://purl.obolibrary.org/obo/CL_0000233,platelet,False,,,,,True
http://purl.obolibrary.org/obo/HP_0003554,Type 2 muscle fiber atrophy,inherited,http://purl.obolibrary.org/obo/HP_0004303,Abnormal muscle fiber morphology,equivalentClass,characteristic of part of,has part some > characteristic of part of some,restriction_filler,False,False,http://purl.obolibrary.org/obo/CL_0000188,cell of skeletal muscle,False,,,,,True
http://purl.obolibrary.org/obo/HP_0003555,Muscle fiber splitting,inherited,http://purl.obolibrary.org/obo/HP_0004303,Abnormal muscle fiber morphology,equivalentClass,characteristic of part of,has part some > characteristic of part of some,restriction_filler,False,False,http://purl.obolibrary.org/obo/CL_0000188,cell of skeletal muscle,False,,,,,True
http://purl.obolibrary.org/obo/HP_0003557,Increased variability in muscle fiber diameter,direct,http://purl.obolibrary.org/obo/HP_0003557,Increased variability in muscle fiber diameter,equivalentClass,characteristic of,has part some > characteristic of some,restriction_filler,False,False,http://purl.obolibrary.org/obo/CL_0000188,cell of skeletal muscle,False,,,,,True
http://purl.obolibrary.org/obo/HP_0003557,Increased variability in muscle fiber diameter,inherited,http://purl.obolibrary.org/obo/HP_0004303,Abnormal muscle fiber morphology,equivalentClass,characteristic of part of,has part some > characteristic of part of some,restriction_filler,False,False,http://purl.obolibrary.org/obo/CL_0000188,cell of skeletal muscle,False,,,,,True
http://purl.obolibrary.org/obo/HP_0003557,Increased variability in muscle fiber diameter,inherited,http://purl.obolibrary.org/obo/HP_0012084,Abnormality of skeletal muscle fiber size,equivalentClass,characteristic of,has part some > characteristic of some,restriction_filler,False,False,http://purl.obolibrary.org/obo/CL_0008002,skeletal muscle fiber,False,,,,,True
http://purl.obolibrary.org/obo/HP_0003564,Folate-dependent fragile site at Xq28,inherited,http://purl.obolibrary.org/obo/HP_0025354,Abnormal cellular phenotype,equivalentClass,characteristic of part of,has part some > characteristic of part of some,restriction_filler,False,False,http://purl.obolibrary.org/obo/CL_0000000,cell,False,,,,,True
http://purl.obolibrary.org/obo/HP_0003564,Folate-dependent fragile site at Xq28,inherited,http://purl.obolibrary.org/obo/HP_0011017,Abnormal cellular physiology,equivalentClass,characteristic of,has part some > characteristic of some,restriction_filler,False,False,http://purl.obolibrary.org/obo/CL_0000000,cell,False,,,,,True
http://purl.obolibrary.org/obo/HP_0003575,Increased intracellular sodium,inherited,http://purl.obolibrary.org/obo/HP_0025354,Abnormal cellular phenotype,equivalentClass,characteristic of part of,has part some > characteristic of part of some,restriction_filler,False,False,http://purl.obolibrary.org/obo/CL_0000000,cell,False,,,,,True
http://purl.obolibrary.org/obo/HP_0003575,Increased intracellular sodium,inherited,http://purl.obolibrary.org/obo/HP_0011017,Abnormal cellular physiology,equivalentClass,characteristic of,has part some > characteristic of some,restriction_filler,False,False,http://purl.obolibrary.org/obo/CL_0000000,cell,False,,,,,True
http://purl.obolibrary.org/obo/HP_0003609,Foam cells with lamellar inclusion bodies,inherited,http://purl.obolibrary.org/obo/HP_0003651,Foam cells,equivalentClass,characteristic of,has part some > characteristic of some,restriction_filler,False,False,http://purl.obolibrary.org/obo/CL_0000891,foam cell,False,,,,,True
http://purl.obolibrary.org/obo/HP_0003610,Fibroblast metachromasia,inherited,http://purl.obolibrary.org/obo/HP_0025354,Abnormal cellular phenotype,equivalentClass,characteristic of part of,has part some > characteristic of part of some,restriction_filler,False,False,http://purl.obolibrary.org/obo/CL_0000000,cell,False,,,,,True
http://purl.obolibrary.org/obo/HP_0003610,Fibroblast metachromasia,inherited,http://purl.obolibrary.org/obo/HP_0011017,Abnormal cellular physiology,equivalentClass,characteristic of,has part some > characteristic of some,restriction_filler,False,False,http://purl.obolibrary.org/obo/CL_0000000,cell,False,,,,,True
http://purl.obolibrary.org/obo/HP_0003616,Premature separation of centromeric heterochromatin,inherited,http://purl.obolibrary.org/obo/HP_0025354,Abnormal cellular phenotype,equivalentClass,characteristic of part of,has part some > characteristic of part of some,restriction_filler,False,False,http://purl.obolibrary.org/obo/CL_0000000,cell,False,,,,,True
http://purl.obolibrary.org/obo/HP_0003616,Premature separation of centromeric heterochromatin,inherited,http://purl.obolibrary.org/obo/HP_0011017,Abnormal cellular physiology,equivalentClass,characteristic of,has part some > characteristic of some,restriction_filler,False,False,http://purl.obolibrary.org/obo/CL_0000000,cell,False,,,,,True
http://purl.obolibrary.org/obo/HP_0003640,CNS foam cells,inherited,http://purl.obolibrary.org/obo/HP_0003651,Foam cells,equivalentClass,characteristic of,has part some > characteristic of some,restriction_filler,False,False,http://purl.obolibrary.org/obo/CL_0000891,foam cell,False,,,,,True
http://purl.obolibrary.org/obo/HP_0003647,Electron transfer flavoprotein-ubiquinone oxidoreductase defect,inherited,http://purl.obolibrary.org/obo/HP_0025354,Abnormal cellular phenotype,equivalentClass,characteristic of part of,has part some > characteristic of part of some,restriction_filler,False,False,http://purl.obolibrary.org/obo/CL_0000000,cell,False,,,,,True
http://purl.obolibrary.org/obo/HP_0003647,Electron transfer flavoprotein-ubiquinone oxidoreductase defect,inherited,http://purl.obolibrary.org/obo/HP_0011017,Abnormal cellular physiology,equivalentClass,characteristic of,has part some > characteristic of some,restriction_filler,False,False,http://purl.obolibrary.org/obo/CL_0000000,cell,False,,,,,True
http://purl.obolibrary.org/obo/HP_0003651,Foam cells,direct,http://purl.obolibrary.org/obo/HP_0003651,Foam cells,equivalentClass,characteristic of,has part some > characteristic of some,restriction_filler,False,False,http://purl.obolibrary.org/obo/CL_0000891,foam cell,False,,,,,True
http://purl.obolibrary.org/obo/HP_0003653,Cellular metachromasia,inherited,http://purl.obolibrary.org/obo/HP_0025354,Abnormal cellular phenotype,equivalentClass,characteristic of part of,has part some > characteristic of part of some,restriction_filler,False,False,http://purl.obolibrary.org/obo/CL_0000000,cell,False,,,,,True
http://purl.obolibrary.org/obo/HP_0003653,Cellular metachromasia,inherited,http://purl.obolibrary.org/obo/HP_0011017,Abnormal cellular physiology,equivalentClass,characteristic of,has part some > characteristic of some,restriction_filler,False,False,http://purl.obolibrary.org/obo/CL_0000000,cell,False,,,,,True
http://purl.obolibrary.org/obo/HP_0003687,Centrally nucleated skeletal muscle fibers,inherited,http://purl.obolibrary.org/obo/HP_0004303,Abnormal muscle fiber morphology,equivalentClass,characteristic of part of,has part some > characteristic of part of some,restriction_filler,False,False,http://purl.obolibrary.org/obo/CL_0000188,cell of skeletal muscle,False,,,,,True
http://purl.obolibrary.org/obo/HP_0003689,Multiple mitochondrial DNA deletions,inherited,http://purl.obolibrary.org/obo/HP_0025354,Abnormal cellular phenotype,equivalentClass,characteristic of part of,has part some > characteristic of part of some,restriction_filler,False,False,http://purl.obolibrary.org/obo/CL_0000000,cell,False,,,,,True
http://purl.obolibrary.org/obo/HP_0003689,Multiple mitochondrial DNA deletions,inherited,http://purl.obolibrary.org/obo/HP_0011017,Abnormal cellular physiology,equivalentClass,characteristic of,has part some > characteristic of some,restriction_filler,False,False,http://purl.obolibrary.org/obo/CL_0000000,cell,False,,,,,True
http://purl.obolibrary.org/obo/HP_0003713,Muscle fiber necrosis,direct,http://purl.obolibrary.org/obo/HP_0003713,Muscle fiber necrosis,equivalentClass,characteristic of part of,has part some > characteristic of part of some,restriction_filler,False,False,http://purl.obolibrary.org/obo/CL_0008002,skeletal muscle fiber,False,,,,,True
http://purl.obolibrary.org/obo/HP_0003713,Muscle fiber necrosis,inherited,http://purl.obolibrary.org/obo/HP_0004303,Abnormal muscle fiber morphology,equivalentClass,characteristic of part of,has part some > characteristic of part of some,restriction_filler,False,False,http://purl.obolibrary.org/obo/CL_0000188,cell of skeletal muscle,False,,,,,True
http://purl.obolibrary.org/obo/HP_0003736,Autophagic vacuoles,inherited,http://purl.obolibrary.org/obo/HP_0004303,Abnormal muscle fiber morphology,equivalentClass,characteristic of part of,has part some > characteristic of part of some,restriction_filler,False,False,http://purl.obolibrary.org/obo/CL_0000188,cell of skeletal muscle,False,,,,,True
http://purl.obolibrary.org/obo/HP_0003755,Type 1 fibers relatively smaller than type 2 fibers,inherited,http://purl.obolibrary.org/obo/HP_0004303,Abnormal muscle fiber morphology,equivalentClass,characteristic of part of,has part some > characteristic of part of some,restriction_filler,False,False,http://purl.obolibrary.org/obo/CL_0000188,cell of skeletal muscle,False,,,,,True
http://purl.obolibrary.org/obo/HP_0003755,Type 1 fibers relatively smaller than type 2 fibers,inherited,http://purl.obolibrary.org/obo/HP_0012084,Abnormality of skeletal muscle fiber size,equivalentClass,characteristic of,has part some > characteristic of some,restriction_filler,False,False,http://purl.obolibrary.org/obo/CL_0008002,skeletal muscle fiber,False,,,,,True
http://purl.obolibrary.org/obo/HP_0003791,Deposits immunoreactive to beta-amyloid protein,inherited,http://purl.obolibrary.org/obo/HP_0004303,Abnormal muscle fiber morphology,equivalentClass,characteristic of part of,has part some > characteristic of part of some,restriction_filler,False,False,http://purl.obolibrary.org/obo/CL_0000188,cell of skeletal muscle,False,,,,,True
http://purl.obolibrary.org/obo/HP_0003798,Nemaline bodies,inherited,http://purl.obolibrary.org/obo/HP_0025354,Abnormal cellular phenotype,equivalentClass,characteristic of part of,has part some > characteristic of part of some,restriction_filler,False,False,http://purl.obolibrary.org/obo/CL_0000000,cell,False,,,,,True
http://purl.obolibrary.org/obo/HP_0003798,Nemaline bodies,inherited,http://purl.obolibrary.org/obo/HP_0025461,Abnormal cell morphology,equivalentClass,characteristic of,has part some > characteristic of some,restriction_filler,False,False,http://purl.obolibrary.org/obo/CL_0000000,cell,False,,,,,True
http://purl.obolibrary.org/obo/HP_0003798,Nemaline bodies,inherited,http://purl.obolibrary.org/obo/HP_0100299,Muscle fiber inclusion bodies,equivalentClass,characteristic of part of,has part some > characteristic of some > characteristic of part of some,restriction_filler,False,False,http://purl.obolibrary.org/obo/CL_0000187,muscle cell,False,,,,,True
http://purl.obolibrary.org/obo/HP_0003798,Nemaline bodies,inherited,http://purl.obolibrary.org/obo/HP_0004303,Abnormal muscle fiber morphology,equivalentClass,characteristic of part of,has part some > characteristic of part of some,restriction_filler,False,False,http://purl.obolibrary.org/obo/CL_0000188,cell of skeletal muscle,False,,,,,True
http://purl.obolibrary.org/obo/HP_0003803,Type 1 muscle fiber predominance,inherited,http://purl.obolibrary.org/obo/HP_0004303,Abnormal muscle fiber morphology,equivalentClass,characteristic of part of,has part some > characteristic of part of some,restriction_filler,False,False,http://purl.obolibrary.org/obo/CL_0000188,cell of skeletal muscle,False,,,,,True
http://purl.obolibrary.org/obo/HP_0003805,Rimmed vacuoles,inherited,http://purl.obolibrary.org/obo/HP_0004303,Abnormal muscle fiber morphology,equivalentClass,characteristic of part of,has part some > characteristic of part of some,restriction_filler,False,False,http://purl.obolibrary.org/obo/CL_0000188,cell of skeletal muscle,False,,,,,True
http://purl.obolibrary.org/obo/HP_0004303,Abnormal muscle fiber morphology,direct,http://purl.obolibrary.org/obo/HP_0004303,Abnormal muscle fiber morphology,equivalentClass,characteristic of part of,has part some > characteristic of part of some,restriction_filler,False,False,http://purl.obolibrary.org/obo/CL_0000188,cell of skeletal muscle,False,,,,,True
http://purl.obolibrary.org/obo/HP_0004311,Abnormal macrophage morphology,direct,http://purl.obolibrary.org/obo/HP_0004311,Abnormal macrophage morphology,equivalentClass,characteristic of part of,has part some > characteristic of part of some,restriction_filler,False,False,http://purl.obolibrary.org/obo/CL_0000235,macrophage,False,,,,,True
http://purl.obolibrary.org/obo/HP_0004311,Abnormal macrophage morphology,inherited,http://purl.obolibrary.org/obo/HP_0001881,Abnormal leukocyte morphology,equivalentClass,characteristic of part of,has part some > characteristic of part of some,restriction_filler,False,False,http://purl.obolibrary.org/obo/CL_0000738,leukocyte,False,,,,,True
http://purl.obolibrary.org/obo/HP_0004311,Abnormal macrophage morphology,inherited,http://purl.obolibrary.org/obo/HP_0010974,Abnormal myeloid leukocyte morphology,equivalentClass,characteristic of,has part some > characteristic of some,restriction_filler,False,False,http://purl.obolibrary.org/obo/CL_0000766,myeloid leukocyte,False,,,,,True
http://purl.obolibrary.org/obo/HP_0004312,Abnormal reticulocyte morphology,direct,http://purl.obolibrary.org/obo/HP_0004312,Abnormal reticulocyte morphology,equivalentClass,characteristic of part of,has part some > characteristic of part of some,restriction_filler,False,False,http://purl.obolibrary.org/obo/CL_0002422,enucleated reticulocyte,False,,,,,True
http://purl.obolibrary.org/obo/HP_0004312,Abnormal reticulocyte morphology,inherited,http://purl.obolibrary.org/obo/HP_0001877,Abnormal erythrocyte morphology,equivalentClass,characteristic of part of,has part some > characteristic of part of some,restriction_filler,False,False,http://purl.obolibrary.org/obo/CL_0000232,erythrocyte,False,,,,,True
http://purl.obolibrary.org/obo/HP_0004313,Decreased circulating immunoglobulin concentration,inherited,http://purl.obolibrary.org/obo/HP_0025354,Abnormal cellular phenotype,equivalentClass,characteristic of part of,has part some > characteristic of part of some,restriction_filler,False,False,http://purl.obolibrary.org/obo/CL_0000000,cell,False,,,,,True
http://purl.obolibrary.org/obo/HP_0004313,Decreased circulating immunoglobulin concentration,inherited,http://purl.obolibrary.org/obo/HP_0011017,Abnormal cellular physiology,equivalentClass,characteristic of,has part some > characteristic of some,restriction_filler,False,False,http://purl.obolibrary.org/obo/CL_0000000,cell,False,,,,,True
http://purl.obolibrary.org/obo/HP_0004313,Decreased circulating immunoglobulin concentration,inherited,http://purl.obolibrary.org/obo/HP_0005372,Abnormal B cell physiology,equivalentClass,characteristic of,has part some > characteristic of some,restriction_filler,False,False,http://purl.obolibrary.org/obo/CL_0000236,B cell,False,,,,,True
http://purl.obolibrary.org/obo/HP_0004315,Decreased circulating IgG concentration,inherited,http://purl.obolibrary.org/obo/HP_0025354,Abnormal cellular phenotype,equivalentClass,characteristic of part of,has part some > characteristic of part of some,restriction_filler,False,False,http://purl.obolibrary.org/obo/CL_0000000,cell,False,,,,,True
http://purl.obolibrary.org/obo/HP_0004315,Decreased circulating IgG concentration,inherited,http://purl.obolibrary.org/obo/HP_0011017,Abnormal cellular physiology,equivalentClass,characteristic of,has part some > characteristic of some,restriction_filler,False,False,http://purl.obolibrary.org/obo/CL_0000000,cell,False,,,,,True
http://purl.obolibrary.org/obo/HP_0004315,Decreased circulating IgG concentration,inherited,http://purl.obolibrary.org/obo/HP_0005372,Abnormal B cell physiology,equivalentClass,characteristic of,has part some > characteristic of some,restriction_filler,False,False,http://purl.obolibrary.org/obo/CL_0000236,B cell,False,,,,,True
http://purl.obolibrary.org/obo/HP_0004332,Abnormal lymphocyte morphology,direct,http://purl.obolibrary.org/obo/HP_0004332,Abnormal lymphocyte morphology,equivalentClass,characteristic of part of,has part some > characteristic of part of some,restriction_filler,False,False,http://purl.obolibrary.org/obo/CL_0000542,lymphocyte,False,,,,,True
http://purl.obolibrary.org/obo/HP_0004332,Abnormal lymphocyte morphology,inherited,http://purl.obolibrary.org/obo/HP_0001881,Abnormal leukocyte morphology,equivalentClass,characteristic of part of,has part some > characteristic of part of some,restriction_filler,False,False,http://purl.obolibrary.org/obo/CL_0000738,leukocyte,False,,,,,True
http://purl.obolibrary.org/obo/HP_0004333,Bone-marrow foam cells,inherited,http://purl.obolibrary.org/obo/HP_0004311,Abnormal macrophage morphology,equivalentClass,characteristic of part of,has part some > characteristic of part of some,restriction_filler,False,False,http://purl.obolibrary.org/obo/CL_0000235,macrophage,False,,,,,True
http://purl.obolibrary.org/obo/HP_0004333,Bone-marrow foam cells,inherited,http://purl.obolibrary.org/obo/HP_0001881,Abnormal leukocyte morphology,equivalentClass,characteristic of part of,has part some > characteristic of part of some,restriction_filler,False,False,http://purl.obolibrary.org/obo/CL_0000738,leukocyte,False,,,,,True
http://purl.obolibrary.org/obo/HP_0004333,Bone-marrow foam cells,inherited,http://purl.obolibrary.org/obo/HP_0010974,Abnormal myeloid leukocyte morphology,equivalentClass,characteristic of,has part some > characteristic of some,restriction_filler,False,False,http://purl.obolibrary.org/obo/CL_0000766,myeloid leukocyte,False,,,,,True
http://purl.obolibrary.org/obo/HP_0004333,Bone-marrow foam cells,inherited,http://purl.obolibrary.org/obo/HP_0003651,Foam cells,equivalentClass,characteristic of,has part some > characteristic of some,restriction_filler,False,False,http://purl.obolibrary.org/obo/CL_0000891,foam cell,False,,,,,True
http://purl.obolibrary.org/obo/HP_0004356,Abnormality of lysosomal metabolism,inherited,http://purl.obolibrary.org/obo/HP_0025354,Abnormal cellular phenotype,equivalentClass,characteristic of part of,has part some > characteristic of part of some,restriction_filler,False,False,http://purl.obolibrary.org/obo/CL_0000000,cell,False,,,,,True
http://purl.obolibrary.org/obo/HP_0004356,Abnormality of lysosomal metabolism,inherited,http://purl.obolibrary.org/obo/HP_0011017,Abnormal cellular physiology,equivalentClass,characteristic of,has part some > characteristic of some,restriction_filler,False,False,http://purl.obolibrary.org/obo/CL_0000000,cell,False,,,,,True
http://purl.obolibrary.org/obo/HP_0004371,Abnormality of glycosaminoglycan metabolism,inherited,http://purl.obolibrary.org/obo/HP_0025354,Abnormal cellular phenotype,equivalentClass,characteristic of part of,has part some > characteristic of part of some,restriction_filler,False,False,http://purl.obolibrary.org/obo/CL_0000000,cell,False,,,,,True
http://purl.obolibrary.org/obo/HP_0004371,Abnormality of glycosaminoglycan metabolism,inherited,http://purl.obolibrary.org/obo/HP_0011017,Abnormal cellular physiology,equivalentClass,characteristic of,has part some > characteristic of some,restriction_filler,False,False,http://purl.obolibrary.org/obo/CL_0000000,cell,False,,,,,True
http://purl.obolibrary.org/obo/HP_0004374,Hemiplegia/hemiparesis,inherited,http://purl.obolibrary.org/obo/HP_0002493,Upper motor neuron dysfunction,equivalentClass,characteristic of,has part some > characteristic of some,intersection_operand,False,False,http://purl.obolibrary.org/obo/CL_0000540,neuron,False,,,,,True
http://purl.obolibrary.org/obo/HP_0004432,Agammaglobulinemia,inherited,http://purl.obolibrary.org/obo/HP_0025354,Abnormal cellular phenotype,equivalentClass,characteristic of part of,has part some > characteristic of part of some,restriction_filler,False,False,http://purl.obolibrary.org/obo/CL_0000000,cell,False,,,,,True
http://purl.obolibrary.org/obo/HP_0004432,Agammaglobulinemia,inherited,http://purl.obolibrary.org/obo/HP_0011017,Abnormal cellular physiology,equivalentClass,characteristic of,has part some > characteristic of some,restriction_filler,False,False,http://purl.obolibrary.org/obo/CL_0000000,cell,False,,,,,True
http://purl.obolibrary.org/obo/HP_0004432,Agammaglobulinemia,inherited,http://purl.obolibrary.org/obo/HP_0005372,Abnormal B cell physiology,equivalentClass,characteristic of,has part some > characteristic of some,restriction_filler,False,False,http://purl.obolibrary.org/obo/CL_0000236,B cell,False,,,,,True
http://purl.obolibrary.org/obo/HP_0004433,Decreased secretory IgA concentration,inherited,http://purl.obolibrary.org/obo/HP_0025354,Abnormal cellular phenotype,equivalentClass,characteristic of part of,has part some > characteristic of part of some,restriction_filler,False,False,http://purl.obolibrary.org/obo/CL_0000000,cell,False,,,,,True
http://purl.obolibrary.org/obo/HP_0004433,Decreased secretory IgA concentration,inherited,http://purl.obolibrary.org/obo/HP_0011017,Abnormal cellular physiology,equivalentClass,characteristic of,has part some > characteristic of some,restriction_filler,False,False,http://purl.obolibrary.org/obo/CL_0000000,cell,False,,,,,True
http://purl.obolibrary.org/obo/HP_0004433,Decreased secretory IgA concentration,inherited,http://purl.obolibrary.org/obo/HP_0005372,Abnormal B cell physiology,equivalentClass,characteristic of,has part some > characteristic of some,restriction_filler,False,False,http://purl.obolibrary.org/obo/CL_0000236,B cell,False,,,,,True
http://purl.obolibrary.org/obo/HP_0004444,Spherocytosis,direct,http://purl.obolibrary.org/obo/HP_0004444,Spherocytosis,equivalentClass,characteristic of,has part some > characteristic of some,restriction_filler,False,False,http://purl.obolibrary.org/obo/CL_0000232,erythrocyte,False,,,,,True
http://purl.obolibrary.org/obo/HP_0004444,Spherocytosis,inherited,http://purl.obolibrary.org/obo/HP_0001877,Abnormal erythrocyte morphology,equivalentClass,characteristic of part of,has part some > characteristic of part of some,restriction_filler,False,False,http://purl.obolibrary.org/obo/CL_0000232,erythrocyte,False,,,,,True
http://purl.obolibrary.org/obo/HP_0004445,Elliptocytosis,inherited,http://purl.obolibrary.org/obo/HP_0001877,Abnormal erythrocyte morphology,equivalentClass,characteristic of part of,has part some > characteristic of part of some,restriction_filler,False,False,http://purl.obolibrary.org/obo/CL_0000232,erythrocyte,False,,,,,True
http://purl.obolibrary.org/obo/HP_0004445,Elliptocytosis,inherited,http://purl.obolibrary.org/obo/HP_0004447,Poikilocytosis,equivalentClass,characteristic of,has part some > characteristic of some,restriction_filler,False,False,http://purl.obolibrary.org/obo/CL_0000232,erythrocyte,False,,,,,True
http://purl.obolibrary.org/obo/HP_0004446,Stomatocytosis,inherited,http://purl.obolibrary.org/obo/HP_0001877,Abnormal erythrocyte morphology,equivalentClass,characteristic of part of,has part some > characteristic of part of some,restriction_filler,False,False,http://purl.obolibrary.org/obo/CL_0000232,erythrocyte,False,,,,,True
http://purl.obolibrary.org/obo/HP_0004446,Stomatocytosis,inherited,http://purl.obolibrary.org/obo/HP_0004447,Poikilocytosis,equivalentClass,characteristic of,has part some > characteristic of some,restriction_filler,False,False,http://purl.obolibrary.org/obo/CL_0000232,erythrocyte,False,,,,,True
http://purl.obolibrary.org/obo/HP_0004447,Poikilocytosis,direct,http://purl.obolibrary.org/obo/HP_0004447,Poikilocytosis,equivalentClass,characteristic of,has part some > characteristic of some,restriction_filler,False,False,http://purl.obolibrary.org/obo/CL_0000232,erythrocyte,False,,,,,True
http://purl.obolibrary.org/obo/HP_0004447,Poikilocytosis,inherited,http://purl.obolibrary.org/obo/HP_0001877,Abnormal erythrocyte morphology,equivalentClass,characteristic of part of,has part some > characteristic of part of some,restriction_filler,False,False,http://purl.obolibrary.org/obo/CL_0000232,erythrocyte,False,,,,,True
http://purl.obolibrary.org/obo/HP_0004802,Episodic hemolytic anemia,inherited,http://purl.obolibrary.org/obo/HP_0001877,Abnormal erythrocyte morphology,equivalentClass,characteristic of part of,has part some > characteristic of part of some,restriction_filler,False,False,http://purl.obolibrary.org/obo/CL_0000232,erythrocyte,False,,,,,True
http://purl.obolibrary.org/obo/HP_0004802,Episodic hemolytic anemia,inherited,http://purl.obolibrary.org/obo/HP_0001903,Anemia,equivalentClass,characteristic of,has part some > characteristic of some,restriction_filler,True,False,http://purl.obolibrary.org/obo/CL_0000232,erythrocyte,False,,,,,True
http://purl.obolibrary.org/obo/HP_0004804,Congenital hemolytic anemia,inherited,http://purl.obolibrary.org/obo/HP_0001877,Abnormal erythrocyte morphology,equivalentClass,characteristic of part of,has part some > characteristic of part of some,restriction_filler,False,False,http://purl.obolibrary.org/obo/CL_0000232,erythrocyte,False,,,,,True
http://purl.obolibrary.org/obo/HP_0004804,Congenital hemolytic anemia,inherited,http://purl.obolibrary.org/obo/HP_0001903,Anemia,equivalentClass,characteristic of,has part some > characteristic of some,restriction_filler,True,False,http://purl.obolibrary.org/obo/CL_0000232,erythrocyte,False,,,,,True
http://purl.obolibrary.org/obo/HP_0004808,Acute myeloid leukemia,direct,http://purl.obolibrary.org/obo/HP_0004808,Acute myeloid leukemia,equivalentClass,characteristic of,has part some > characteristic of some,restriction_filler,False,False,http://purl.obolibrary.org/obo/CL_0000835,myeloblast,False,,,,,True
http://purl.obolibrary.org/obo/HP_0004808,Acute myeloid leukemia,inherited,http://purl.obolibrary.org/obo/HP_0001881,Abnormal leukocyte morphology,equivalentClass,characteristic of part of,has part some > characteristic of part of some,restriction_filler,False,False,http://purl.obolibrary.org/obo/CL_0000738,leukocyte,False,,,,,True
http://purl.obolibrary.org/obo/HP_0004809,Neonatal alloimmune thrombocytopenia,inherited,http://purl.obolibrary.org/obo/HP_0001872,Abnormality of thrombocytes,equivalentClass,characteristic of part of,has part some > characteristic of part of some,restriction_filler,False,False,http://purl.obolibrary.org/obo/CL_0000233,platelet,False,,,,,True
http://purl.obolibrary.org/obo/HP_0004809,Neonatal alloimmune thrombocytopenia,inherited,http://purl.obolibrary.org/obo/HP_0001873,Thrombocytopenia,equivalentClass,characteristic of,has part some > characteristic of some,restriction_filler,False,False,http://purl.obolibrary.org/obo/CL_0000233,platelet,False,,,,,True
http://purl.obolibrary.org/obo/HP_0004810,Congenital hypoplastic anemia,inherited,http://purl.obolibrary.org/obo/HP_0001877,Abnormal erythrocyte morphology,equivalentClass,characteristic of part of,has part some > characteristic of part of some,restriction_filler,False,False,http://purl.obolibrary.org/obo/CL_0000232,erythrocyte,False,,,,,True
http://purl.obolibrary.org/obo/HP_0004810,Congenital hypoplastic anemia,inherited,http://purl.obolibrary.org/obo/HP_0001903,Anemia,equivalentClass,characteristic of,has part some > characteristic of some,restriction_filler,True,False,http://purl.obolibrary.org/obo/CL_0000232,erythrocyte,False,,,,,True
http://purl.obolibrary.org/obo/HP_0004812,B Acute Lymphoblastic Leukemia,inherited,http://purl.obolibrary.org/obo/HP_0001881,Abnormal leukocyte morphology,equivalentClass,characteristic of part of,has part some > characteristic of part of some,restriction_filler,False,False,http://purl.obolibrary.org/obo/CL_0000738,leukocyte,False,,,,,True
http://purl.obolibrary.org/obo/HP_0004813,Post-transfusion thrombocytopenia,inherited,http://purl.obolibrary.org/obo/HP_0001872,Abnormality of thrombocytes,equivalentClass,characteristic of part of,has part some > characteristic of part of some,restriction_filler,False,False,http://purl.obolibrary.org/obo/CL_0000233,platelet,False,,,,,True
http://purl.obolibrary.org/obo/HP_0004813,Post-transfusion thrombocytopenia,inherited,http://purl.obolibrary.org/obo/HP_0001873,Thrombocytopenia,equivalentClass,characteristic of,has part some > characteristic of some,restriction_filler,False,False,http://purl.obolibrary.org/obo/CL_0000233,platelet,False,,,,,True
http://purl.obolibrary.org/obo/HP_0004814,Fava bean-induced hemolytic anemia,inherited,http://purl.obolibrary.org/obo/HP_0001877,Abnormal erythrocyte morphology,equivalentClass,characteristic of part of,has part some > characteristic of part of some,restriction_filler,False,False,http://purl.obolibrary.org/obo/CL_0000232,erythrocyte,False,,,,,True
http://purl.obolibrary.org/obo/HP_0004814,Fava bean-induced hemolytic anemia,inherited,http://purl.obolibrary.org/obo/HP_0001903,Anemia,equivalentClass,characteristic of,has part some > characteristic of some,restriction_filler,True,False,http://purl.obolibrary.org/obo/CL_0000232,erythrocyte,False,,,,,True
http://purl.obolibrary.org/obo/HP_0004817,Drug-sensitive hemolytic anemia,inherited,http://purl.obolibrary.org/obo/HP_0001877,Abnormal erythrocyte morphology,equivalentClass,characteristic of part of,has part some > characteristic of part of some,restriction_filler,False,False,http://purl.obolibrary.org/obo/CL_0000232,erythrocyte,False,,,,,True
http://purl.obolibrary.org/obo/HP_0004817,Drug-sensitive hemolytic anemia,inherited,http://purl.obolibrary.org/obo/HP_0001903,Anemia,equivalentClass,characteristic of,has part some > characteristic of some,restriction_filler,True,False,http://purl.obolibrary.org/obo/CL_0000232,erythrocyte,False,,,,,True
http://purl.obolibrary.org/obo/HP_0004819,Normocytic hypoplastic anemia,inherited,http://purl.obolibrary.org/obo/HP_0001877,Abnormal erythrocyte morphology,equivalentClass,characteristic of part of,has part some > characteristic of part of some,restriction_filler,False,False,http://purl.obolibrary.org/obo/CL_0000232,erythrocyte,False,,,,,True
http://purl.obolibrary.org/obo/HP_0004819,Normocytic hypoplastic anemia,inherited,http://purl.obolibrary.org/obo/HP_0001903,Anemia,equivalentClass,characteristic of,has part some > characteristic of some,restriction_filler,True,False,http://purl.obolibrary.org/obo/CL_0000232,erythrocyte,False,,,,,True
http://purl.obolibrary.org/obo/HP_0004820,Acute myelomonocytic leukemia,inherited,http://purl.obolibrary.org/obo/HP_0001881,Abnormal leukocyte morphology,equivalentClass,characteristic of part of,has part some > characteristic of part of some,restriction_filler,False,False,http://purl.obolibrary.org/obo/CL_0000738,leukocyte,False,,,,,True
http://purl.obolibrary.org/obo/HP_0004821,Hypersegmentation of neutrophil nuclei,inherited,http://purl.obolibrary.org/obo/HP_0001911,Abnormal granulocyte morphology,equivalentClass,characteristic of part of,has part some > characteristic of part of some,restriction_filler,False,False,http://purl.obolibrary.org/obo/CL_0000094,granulocyte,False,,,,,True
http://purl.obolibrary.org/obo/HP_0004821,Hypersegmentation of neutrophil nuclei,inherited,http://purl.obolibrary.org/obo/HP_0001881,Abnormal leukocyte morphology,equivalentClass,characteristic of part of,has part some > characteristic of part of some,restriction_filler,False,False,http://purl.obolibrary.org/obo/CL_0000738,leukocyte,False,,,,,True
http://purl.obolibrary.org/obo/HP_0004821,Hypersegmentation of neutrophil nuclei,inherited,http://purl.obolibrary.org/obo/HP_0010974,Abnormal myeloid leukocyte morphology,equivalentClass,characteristic of,has part some > characteristic of some,restriction_filler,False,False,http://purl.obolibrary.org/obo/CL_0000766,myeloid leukocyte,False,,,,,True
http://purl.obolibrary.org/obo/HP_0004821,Hypersegmentation of neutrophil nuclei,inherited,http://purl.obolibrary.org/obo/HP_0001874,Abnormality of neutrophils,equivalentClass,characteristic of part of,has part some > characteristic of part of some,restriction_filler,False,False,http://purl.obolibrary.org/obo/CL_0000775,neutrophil,False,,,,,True
http://purl.obolibrary.org/obo/HP_0004822,Atypical elliptocytosis,inherited,http://purl.obolibrary.org/obo/HP_0001877,Abnormal erythrocyte morphology,equivalentClass,characteristic of part of,has part some > characteristic of part of some,restriction_filler,False,False,http://purl.obolibrary.org/obo/CL_0000232,erythrocyte,False,,,,,True
http://purl.obolibrary.org/obo/HP_0004822,Atypical elliptocytosis,inherited,http://purl.obolibrary.org/obo/HP_0004447,Poikilocytosis,equivalentClass,characteristic of,has part some > characteristic of some,restriction_filler,False,False,http://purl.obolibrary.org/obo/CL_0000232,erythrocyte,False,,,,,True
http://purl.obolibrary.org/obo/HP_0004823,Anisopoikilocytosis,direct,http://purl.obolibrary.org/obo/HP_0004823,Anisopoikilocytosis,equivalentClass,characteristic of,has part some > characteristic of some,restriction_filler,False,False,http://purl.obolibrary.org/obo/CL_0000232,erythrocyte,False,,,,,True
http://purl.obolibrary.org/obo/HP_0004823,Anisopoikilocytosis,inherited,http://purl.obolibrary.org/obo/HP_0001877,Abnormal erythrocyte morphology,equivalentClass,characteristic of part of,has part some > characteristic of part of some,restriction_filler,False,False,http://purl.obolibrary.org/obo/CL_0000232,erythrocyte,False,,,,,True
http://purl.obolibrary.org/obo/HP_0004825,Increased hemoglobin oxygen affinity,inherited,http://purl.obolibrary.org/obo/HP_0020054,Abnormal erythrocyte physiology,equivalentClass,characteristic of,has part some > characteristic of some,restriction_filler,False,False,http://purl.obolibrary.org/obo/CL_0000232,erythrocyte,False,,,,,True
http://purl.obolibrary.org/obo/HP_0004826,Folate-unresponsive megaloblastic anemia,inherited,http://purl.obolibrary.org/obo/HP_0001877,Abnormal erythrocyte morphology,equivalentClass,characteristic of part of,has part some > characteristic of part of some,restriction_filler,False,False,http://purl.obolibrary.org/obo/CL_0000232,erythrocyte,False,,,,,True
http://purl.obolibrary.org/obo/HP_0004826,Folate-unresponsive megaloblastic anemia,inherited,http://purl.obolibrary.org/obo/HP_0001903,Anemia,equivalentClass,characteristic of,has part some > characteristic of some,restriction_filler,True,False,http://purl.obolibrary.org/obo/CL_0000232,erythrocyte,False,,,,,True
http://purl.obolibrary.org/obo/HP_0004828,Refractory anemia with ringed sideroblasts,inherited,http://purl.obolibrary.org/obo/HP_0012130,Abnormal erythroid lineage cell morphology,equivalentClass,characteristic of part of,has part some > characteristic of part of some,restriction_filler,False,False,http://purl.obolibrary.org/obo/CL_0000764,erythroid lineage cell,False,,,,,True
http://purl.obolibrary.org/obo/HP_0004828,Refractory anemia with ringed sideroblasts,inherited,http://purl.obolibrary.org/obo/HP_0005561,Abnormal bone marrow cell morphology,equivalentClass,characteristic of,has part some > characteristic of some,restriction_filler,False,False,http://purl.obolibrary.org/obo/CL_0002092,bone marrow cell,False,,,,,True
http://purl.obolibrary.org/obo/HP_0004835,Microspherocytosis,inherited,http://purl.obolibrary.org/obo/HP_0001877,Abnormal erythrocyte morphology,equivalentClass,characteristic of part of,has part some > characteristic of part of some,restriction_filler,False,False,http://purl.obolibrary.org/obo/CL_0000232,erythrocyte,False,,,,,True
http://purl.obolibrary.org/obo/HP_0004835,Microspherocytosis,inherited,http://purl.obolibrary.org/obo/HP_0004444,Spherocytosis,equivalentClass,characteristic of,has part some > characteristic of some,restriction_filler,False,False,http://purl.obolibrary.org/obo/CL_0000232,erythrocyte,False,,,,,True
http://purl.obolibrary.org/obo/HP_0004836,Acute promyelocytic leukemia,inherited,http://purl.obolibrary.org/obo/HP_0001881,Abnormal leukocyte morphology,equivalentClass,characteristic of part of,has part some > characteristic of part of some,restriction_filler,False,False,http://purl.obolibrary.org/obo/CL_0000738,leukocyte,False,,,,,True
http://purl.obolibrary.org/obo/HP_0004839,Pyropoikilocytosis,inherited,http://purl.obolibrary.org/obo/HP_0001877,Abnormal erythrocyte morphology,equivalentClass,characteristic of part of,has part some > characteristic of part of some,restriction_filler,False,False,http://purl.obolibrary.org/obo/CL_0000232,erythrocyte,False,,,,,True
http://purl.obolibrary.org/obo/HP_0004839,Pyropoikilocytosis,inherited,http://purl.obolibrary.org/obo/HP_0004447,Poikilocytosis,equivalentClass,characteristic of,has part some > characteristic of some,restriction_filler,False,False,http://purl.obolibrary.org/obo/CL_0000232,erythrocyte,False,,,,,True
http://purl.obolibrary.org/obo/HP_0004840,Hypochromic microcytic anemia,inherited,http://purl.obolibrary.org/obo/HP_0001877,Abnormal erythrocyte morphology,equivalentClass,characteristic of part of,has part some > characteristic of part of some,restriction_filler,False,False,http://purl.obolibrary.org/obo/CL_0000232,erythrocyte,False,,,,,True
http://purl.obolibrary.org/obo/HP_0004840,Hypochromic microcytic anemia,inherited,http://purl.obolibrary.org/obo/HP_0001903,Anemia,equivalentClass,characteristic of,has part some > characteristic of some,restriction_filler,True,False,http://purl.obolibrary.org/obo/CL_0000232,erythrocyte,False,,,,,True
http://purl.obolibrary.org/obo/HP_0004844,Coombs-positive hemolytic anemia,inherited,http://purl.obolibrary.org/obo/HP_0001877,Abnormal erythrocyte morphology,equivalentClass,characteristic of part of,has part some > characteristic of part of some,restriction_filler,False,False,http://purl.obolibrary.org/obo/CL_0000232,erythrocyte,False,,,,,True
http://purl.obolibrary.org/obo/HP_0004844,Coombs-positive hemolytic anemia,inherited,http://purl.obolibrary.org/obo/HP_0001903,Anemia,equivalentClass,characteristic of,has part some > characteristic of some,restriction_filler,True,False,http://purl.obolibrary.org/obo/CL_0000232,erythrocyte,False,,,,,True
http://purl.obolibrary.org/obo/HP_0004845,Acute monocytic leukemia,inherited,http://purl.obolibrary.org/obo/HP_0001881,Abnormal leukocyte morphology,equivalentClass,characteristic of part of,has part some > characteristic of part of some,restriction_filler,False,False,http://purl.obolibrary.org/obo/CL_0000738,leukocyte,False,,,,,True
http://purl.obolibrary.org/obo/HP_0004848,Ph-positive acute lymphoblastic leukemia,inherited,http://purl.obolibrary.org/obo/HP_0001881,Abnormal leukocyte morphology,equivalentClass,characteristic of part of,has part some > characteristic of part of some,restriction_filler,False,False,http://purl.obolibrary.org/obo/CL_0000738,leukocyte,False,,,,,True
http://purl.obolibrary.org/obo/HP_0004851,Folate-responsive megaloblastic anemia,inherited,http://purl.obolibrary.org/obo/HP_0001877,Abnormal erythrocyte morphology,equivalentClass,characteristic of part of,has part some > characteristic of part of some,restriction_filler,False,False,http://purl.obolibrary.org/obo/CL_0000232,erythrocyte,False,,,,,True
http://purl.obolibrary.org/obo/HP_0004851,Folate-responsive megaloblastic anemia,inherited,http://purl.obolibrary.org/obo/HP_0001903,Anemia,equivalentClass,characteristic of,has part some > characteristic of some,restriction_filler,True,False,http://purl.obolibrary.org/obo/CL_0000232,erythrocyte,False,,,,,True
http://purl.obolibrary.org/obo/HP_0004852,Reduced leukocyte alkaline phosphatase,direct,http://purl.obolibrary.org/obo/HP_0004852,Reduced leukocyte alkaline phosphatase,equivalentClass,part of,has part some > characteristic of some > part of some,restriction_filler,False,False,http://purl.obolibrary.org/obo/CL_0000738,leukocyte,False,,,,,True
http://purl.obolibrary.org/obo/HP_0004854,Intermittent thrombocytopenia,inherited,http://purl.obolibrary.org/obo/HP_0001872,Abnormality of thrombocytes,equivalentClass,characteristic of part of,has part some > characteristic of part of some,restriction_filler,False,False,http://purl.obolibrary.org/obo/CL_0000233,platelet,False,,,,,True
http://purl.obolibrary.org/obo/HP_0004854,Intermittent thrombocytopenia,inherited,http://purl.obolibrary.org/obo/HP_0001873,Thrombocytopenia,equivalentClass,characteristic of,has part some > characteristic of some,restriction_filler,False,False,http://purl.obolibrary.org/obo/CL_0000233,platelet,False,,,,,True
http://purl.obolibrary.org/obo/HP_0004856,Normochromic microcytic anemia,inherited,http://purl.obolibrary.org/obo/HP_0001877,Abnormal erythrocyte morphology,equivalentClass,characteristic of part of,has part some > characteristic of part of some,restriction_filler,False,False,http://purl.obolibrary.org/obo/CL_0000232,erythrocyte,False,,,,,True
http://purl.obolibrary.org/obo/HP_0004856,Normochromic microcytic anemia,inherited,http://purl.obolibrary.org/obo/HP_0001903,Anemia,equivalentClass,characteristic of,has part some > characteristic of some,restriction_filler,True,False,http://purl.obolibrary.org/obo/CL_0000232,erythrocyte,False,,,,,True
http://purl.obolibrary.org/obo/HP_0004857,Hyperchromic macrocytic anemia,inherited,http://purl.obolibrary.org/obo/HP_0001877,Abnormal erythrocyte morphology,equivalentClass,characteristic of part of,has part some > characteristic of part of some,restriction_filler,False,False,http://purl.obolibrary.org/obo/CL_0000232,erythrocyte,False,,,,,True
http://purl.obolibrary.org/obo/HP_0004857,Hyperchromic macrocytic anemia,inherited,http://purl.obolibrary.org/obo/HP_0001903,Anemia,equivalentClass,characteristic of,has part some > characteristic of some,restriction_filler,True,False,http://purl.obolibrary.org/obo/CL_0000232,erythrocyte,False,,,,,True
http://purl.obolibrary.org/obo/HP_0004859,Amegakaryocytic thrombocytopenia,inherited,http://purl.obolibrary.org/obo/HP_0001872,Abnormality of thrombocytes,equivalentClass,characteristic of part of,has part some > characteristic of part of some,restriction_filler,False,False,http://purl.obolibrary.org/obo/CL_0000233,platelet,False,,,,,True
http://purl.obolibrary.org/obo/HP_0004859,Amegakaryocytic thrombocytopenia,inherited,http://purl.obolibrary.org/obo/HP_0001873,Thrombocytopenia,equivalentClass,characteristic of,has part some > characteristic of some,restriction_filler,False,False,http://purl.obolibrary.org/obo/CL_0000233,platelet,False,,,,,True
http://purl.obolibrary.org/obo/HP_0004860,Thiamine-responsive megaloblastic anemia,inherited,http://purl.obolibrary.org/obo/HP_0001877,Abnormal erythrocyte morphology,equivalentClass,characteristic of part of,has part some > characteristic of part of some,restriction_filler,False,False,http://purl.obolibrary.org/obo/CL_0000232,erythrocyte,False,,,,,True
http://purl.obolibrary.org/obo/HP_0004860,Thiamine-responsive megaloblastic anemia,inherited,http://purl.obolibrary.org/obo/HP_0001903,Anemia,equivalentClass,characteristic of,has part some > characteristic of some,restriction_filler,True,False,http://purl.obolibrary.org/obo/CL_0000232,erythrocyte,False,,,,,True
http://purl.obolibrary.org/obo/HP_0004861,Refractory macrocytic anemia,inherited,http://purl.obolibrary.org/obo/HP_0001877,Abnormal erythrocyte morphology,equivalentClass,characteristic of part of,has part some > characteristic of part of some,restriction_filler,False,False,http://purl.obolibrary.org/obo/CL_0000232,erythrocyte,False,,,,,True
http://purl.obolibrary.org/obo/HP_0004861,Refractory macrocytic anemia,inherited,http://purl.obolibrary.org/obo/HP_0001903,Anemia,equivalentClass,characteristic of,has part some > characteristic of some,restriction_filler,True,False,http://purl.obolibrary.org/obo/CL_0000232,erythrocyte,False,,,,,True
http://purl.obolibrary.org/obo/HP_0004863,Compensated hemolytic anemia,inherited,http://purl.obolibrary.org/obo/HP_0001877,Abnormal erythrocyte morphology,equivalentClass,characteristic of part of,has part some > characteristic of part of some,restriction_filler,False,False,http://purl.obolibrary.org/obo/CL_0000232,erythrocyte,False,,,,,True
http://purl.obolibrary.org/obo/HP_0004863,Compensated hemolytic anemia,inherited,http://purl.obolibrary.org/obo/HP_0001903,Anemia,equivalentClass,characteristic of,has part some > characteristic of some,restriction_filler,True,False,http://purl.obolibrary.org/obo/CL_0000232,erythrocyte,False,,,,,True
http://purl.obolibrary.org/obo/HP_0004864,Elevated bone marrow ring sideroblast count,inherited,http://purl.obolibrary.org/obo/HP_0012130,Abnormal erythroid lineage cell morphology,equivalentClass,characteristic of part of,has part some > characteristic of part of some,restriction_filler,False,False,http://purl.obolibrary.org/obo/CL_0000764,erythroid lineage cell,False,,,,,True
http://purl.obolibrary.org/obo/HP_0004864,Elevated bone marrow ring sideroblast count,inherited,http://purl.obolibrary.org/obo/HP_0005561,Abnormal bone marrow cell morphology,equivalentClass,characteristic of,has part some > characteristic of some,restriction_filler,False,False,http://purl.obolibrary.org/obo/CL_0002092,bone marrow cell,False,,,,,True
http://purl.obolibrary.org/obo/HP_0004866,Impaired ADP-induced platelet aggregation,inherited,http://purl.obolibrary.org/obo/HP_0001872,Abnormality of thrombocytes,equivalentClass,characteristic of part of,has part some > characteristic of part of some,restriction_filler,False,False,http://purl.obolibrary.org/obo/CL_0000233,platelet,False,,,,,True
http://purl.obolibrary.org/obo/HP_0004866,Impaired ADP-induced platelet aggregation,inherited,http://purl.obolibrary.org/obo/HP_0011869,Abnormal platelet function,equivalentClass,characteristic of,has part some > characteristic of some,restriction_filler,False,False,http://purl.obolibrary.org/obo/CL_0000233,platelet,False,,,,,True
http://purl.obolibrary.org/obo/HP_0004870,Chronic hemolytic anemia,inherited,http://purl.obolibrary.org/obo/HP_0001877,Abnormal erythrocyte morphology,equivalentClass,characteristic of part of,has part some > characteristic of part of some,restriction_filler,False,False,http://purl.obolibrary.org/obo/CL_0000232,erythrocyte,False,,,,,True
http://purl.obolibrary.org/obo/HP_0004870,Chronic hemolytic anemia,inherited,http://purl.obolibrary.org/obo/HP_0001903,Anemia,equivalentClass,characteristic of,has part some > characteristic of some,restriction_filler,True,False,http://purl.obolibrary.org/obo/CL_0000232,erythrocyte,False,,,,,True
http://purl.obolibrary.org/obo/HP_0004904,Maturity-onset diabetes of the young,inherited,http://purl.obolibrary.org/obo/HP_0001952,Glucose intolerance,equivalentClass,characteristic of,has part some > characteristic of some,restriction_filler,False,False,http://purl.obolibrary.org/obo/CL_0000000,cell,False,,,,,True
http://purl.obolibrary.org/obo/HP_0004924,Abnormal oral glucose tolerance,inherited,http://purl.obolibrary.org/obo/HP_0001952,Glucose intolerance,equivalentClass,characteristic of,has part some > characteristic of some,restriction_filler,False,False,http://purl.obolibrary.org/obo/CL_0000000,cell,False,,,,,True
http://purl.obolibrary.org/obo/HP_0005152,Histiocytoid cardiomyopathy,direct,http://purl.obolibrary.org/obo/HP_0005152,Histiocytoid cardiomyopathy,equivalentClass,characteristic of,has part some > characteristic of some,restriction_filler,False,False,http://purl.obolibrary.org/obo/CL_0002198,oncocyte,False,,,,,True
http://purl.obolibrary.org/obo/HP_0005352,Severe T-cell immunodeficiency,inherited,http://purl.obolibrary.org/obo/HP_0005374,Cellular immunodeficiency,equivalentClass,occurs in,has part some > characteristic of some > occurs in some,restriction_filler,False,False,http://purl.obolibrary.org/obo/CL_0000000,cell,False,,,,,True
http://purl.obolibrary.org/obo/HP_0005357,Defective B cell differentiation,inherited,http://purl.obolibrary.org/obo/HP_0025354,Abnormal cellular phenotype,equivalentClass,characteristic of part of,has part some > characteristic of part of some,restriction_filler,False,False,http://purl.obolibrary.org/obo/CL_0000000,cell,False,,,,,True
http://purl.obolibrary.org/obo/HP_0005357,Defective B cell differentiation,inherited,http://purl.obolibrary.org/obo/HP_0011017,Abnormal cellular physiology,equivalentClass,characteristic of,has part some > characteristic of some,restriction_filler,False,False,http://purl.obolibrary.org/obo/CL_0000000,cell,False,,,,,True
http://purl.obolibrary.org/obo/HP_0005357,Defective B cell differentiation,inherited,http://purl.obolibrary.org/obo/HP_0005372,Abnormal B cell physiology,equivalentClass,characteristic of,has part some > characteristic of some,restriction_filler,False,False,http://purl.obolibrary.org/obo/CL_0000236,B cell,False,,,,,True
http://purl.obolibrary.org/obo/HP_0005372,Abnormal B cell physiology,direct,http://purl.obolibrary.org/obo/HP_0005372,Abnormal B cell physiology,equivalentClass,characteristic of,has part some > characteristic of some,restriction_filler,False,False,http://purl.obolibrary.org/obo/CL_0000236,B cell,False,,,,,True
http://purl.obolibrary.org/obo/HP_0005372,Abnormal B cell physiology,inherited,http://purl.obolibrary.org/obo/HP_0025354,Abnormal cellular phenotype,equivalentClass,characteristic of part of,has part some > characteristic of part of some,restriction_filler,False,False,http://purl.obolibrary.org/obo/CL_0000000,cell,False,,,,,True
http://purl.obolibrary.org/obo/HP_0005372,Abnormal B cell physiology,inherited,http://purl.obolibrary.org/obo/HP_0011017,Abnormal cellular physiology,equivalentClass,characteristic of,has part some > characteristic of some,restriction_filler,False,False,http://purl.obolibrary.org/obo/CL_0000000,cell,False,,,,,True
http://purl.obolibrary.org/obo/HP_0005374,Cellular immunodeficiency,direct,http://purl.obolibrary.org/obo/HP_0005374,Cellular immunodeficiency,equivalentClass,occurs in,has part some > characteristic of some > occurs in some,restriction_filler,False,False,http://purl.obolibrary.org/obo/CL_0000000,cell,False,,,,,True
http://purl.obolibrary.org/obo/HP_0005384,Defective B cell activation,inherited,http://purl.obolibrary.org/obo/HP_0025354,Abnormal cellular phenotype,equivalentClass,characteristic of part of,has part some > characteristic of part of some,restriction_filler,False,False,http://purl.obolibrary.org/obo/CL_0000000,cell,False,,,,,True
http://purl.obolibrary.org/obo/HP_0005384,Defective B cell activation,inherited,http://purl.obolibrary.org/obo/HP_0011017,Abnormal cellular physiology,equivalentClass,characteristic of,has part some > characteristic of some,restriction_filler,False,False,http://purl.obolibrary.org/obo/CL_0000000,cell,False,,,,,True
http://purl.obolibrary.org/obo/HP_0005384,Defective B cell activation,inherited,http://purl.obolibrary.org/obo/HP_0005372,Abnormal B cell physiology,equivalentClass,characteristic of,has part some > characteristic of some,restriction_filler,False,False,http://purl.obolibrary.org/obo/CL_0000236,B cell,False,,,,,True
http://purl.obolibrary.org/obo/HP_0005400,Reduction of neutrophil motility,direct,http://purl.obolibrary.org/obo/HP_0005400,Reduction of neutrophil motility,equivalentClass,characteristic of,has part some > characteristic of some,restriction_filler,False,False,http://purl.obolibrary.org/obo/CL_0000775,neutrophil,False,,,,,True
http://purl.obolibrary.org/obo/HP_0005400,Reduction of neutrophil motility,inherited,http://purl.obolibrary.org/obo/HP_0001911,Abnormal granulocyte morphology,equivalentClass,characteristic of part of,has part some > characteristic of part of some,restriction_filler,False,False,http://purl.obolibrary.org/obo/CL_0000094,granulocyte,False,,,,,True
http://purl.obolibrary.org/obo/HP_0005400,Reduction of neutrophil motility,inherited,http://purl.obolibrary.org/obo/HP_0001881,Abnormal leukocyte morphology,equivalentClass,characteristic of part of,has part some > characteristic of part of some,restriction_filler,False,False,http://purl.obolibrary.org/obo/CL_0000738,leukocyte,False,,,,,True
http://purl.obolibrary.org/obo/HP_0005400,Reduction of neutrophil motility,inherited,http://purl.obolibrary.org/obo/HP_0010974,Abnormal myeloid leukocyte morphology,equivalentClass,characteristic of,has part some > characteristic of some,restriction_filler,False,False,http://purl.obolibrary.org/obo/CL_0000766,myeloid leukocyte,False,,,,,True
http://purl.obolibrary.org/obo/HP_0005400,Reduction of neutrophil motility,inherited,http://purl.obolibrary.org/obo/HP_0001874,Abnormality of neutrophils,equivalentClass,characteristic of part of,has part some > characteristic of part of some,restriction_filler,False,False,http://purl.obolibrary.org/obo/CL_0000775,neutrophil,False,,,,,True
http://purl.obolibrary.org/obo/HP_0005403,Decreased total T cell count,direct,http://purl.obolibrary.org/obo/HP_0005403,Decreased total T cell count,equivalentClass,characteristic of,has part some > characteristic of some,restriction_filler,False,False,http://purl.obolibrary.org/obo/CL_0000084,T cell,False,,,,,True
http://purl.obolibrary.org/obo/HP_0005403,Decreased total T cell count,inherited,http://purl.obolibrary.org/obo/HP_0004332,Abnormal lymphocyte morphology,equivalentClass,characteristic of part of,has part some > characteristic of part of some,restriction_filler,False,False,http://purl.obolibrary.org/obo/CL_0000542,lymphocyte,False,,,,,True
http://purl.obolibrary.org/obo/HP_0005403,Decreased total T cell count,inherited,http://purl.obolibrary.org/obo/HP_0040088,Abnormal lymphocyte count,equivalentClass,characteristic of,has part some > characteristic of some,restriction_filler,False,False,http://purl.obolibrary.org/obo/CL_0000542,lymphocyte,False,,,,,True
http://purl.obolibrary.org/obo/HP_0005403,Decreased total T cell count,inherited,http://purl.obolibrary.org/obo/HP_0001881,Abnormal leukocyte morphology,equivalentClass,characteristic of part of,has part some > characteristic of part of some,restriction_filler,False,False,http://purl.obolibrary.org/obo/CL_0000738,leukocyte,False,,,,,True
http://purl.obolibrary.org/obo/HP_0005403,Decreased total T cell count,inherited,http://purl.obolibrary.org/obo/HP_0011893,Abnormal leukocyte count,equivalentClass,characteristic of,has part some > characteristic of some,restriction_filler,False,False,http://purl.obolibrary.org/obo/CL_0000738,leukocyte,False,,,,,True
http://purl.obolibrary.org/obo/HP_0005404,Increased total B cell count,direct,http://purl.obolibrary.org/obo/HP_0005404,Increased total B cell count,equivalentClass,characteristic of,has part some > characteristic of some,restriction_filler,False,False,http://purl.obolibrary.org/obo/CL_0000236,B cell,False,,,,,True
http://purl.obolibrary.org/obo/HP_0005404,Increased total B cell count,inherited,http://purl.obolibrary.org/obo/HP_0004332,Abnormal lymphocyte morphology,equivalentClass,characteristic of part of,has part some > characteristic of part of some,restriction_filler,False,False,http://purl.obolibrary.org/obo/CL_0000542,lymphocyte,False,,,,,True
http://purl.obolibrary.org/obo/HP_0005404,Increased total B cell count,inherited,http://purl.obolibrary.org/obo/HP_0040088,Abnormal lymphocyte count,equivalentClass,characteristic of,has part some > characteristic of some,restriction_filler,False,False,http://purl.obolibrary.org/obo/CL_0000542,lymphocyte,False,,,,,True
http://purl.obolibrary.org/obo/HP_0005404,Increased total B cell count,inherited,http://purl.obolibrary.org/obo/HP_0001881,Abnormal leukocyte morphology,equivalentClass,characteristic of part of,has part some > characteristic of part of some,restriction_filler,False,False,http://purl.obolibrary.org/obo/CL_0000738,leukocyte,False,,,,,True
http://purl.obolibrary.org/obo/HP_0005404,Increased total B cell count,inherited,http://purl.obolibrary.org/obo/HP_0011893,Abnormal leukocyte count,equivalentClass,characteristic of,has part some > characteristic of some,restriction_filler,False,False,http://purl.obolibrary.org/obo/CL_0000738,leukocyte,False,,,,,True
http://purl.obolibrary.org/obo/HP_0005415,Decreased total CD8+ T cell proportion,direct,http://purl.obolibrary.org/obo/HP_0005415,Decreased total CD8+ T cell proportion,equivalentClass,towards,has part some > towards some,restriction_filler,False,False,http://purl.obolibrary.org/obo/CL_0000084,T cell,False,,,,,True
http://purl.obolibrary.org/obo/HP_0005415,Decreased total CD8+ T cell proportion,direct,http://purl.obolibrary.org/obo/HP_0005415,Decreased total CD8+ T cell proportion,equivalentClass,characteristic of,has part some > characteristic of some,intersection_operand,False,False,http://purl.obolibrary.org/obo/CL_0000625,"CD8-positive, alpha-beta T cell",False,,,,,True
http://purl.obolibrary.org/obo/HP_0005415,Decreased total CD8+ T cell proportion,inherited,http://purl.obolibrary.org/obo/HP_0002843,Abnormal T cell morphology,equivalentClass,characteristic of,has part some > characteristic of some,restriction_filler,False,False,http://purl.obolibrary.org/obo/CL_0000084,T cell,False,,,,,True
http://purl.obolibrary.org/obo/HP_0005415,Decreased total CD8+ T cell proportion,inherited,http://purl.obolibrary.org/obo/HP_0004332,Abnormal lymphocyte morphology,equivalentClass,characteristic of part of,has part some > characteristic of part of some,restriction_filler,False,False,http://purl.obolibrary.org/obo/CL_0000542,lymphocyte,False,,,,,True
http://purl.obolibrary.org/obo/HP_0005415,Decreased total CD8+ T cell proportion,inherited,http://purl.obolibrary.org/obo/HP_0001881,Abnormal leukocyte morphology,equivalentClass,characteristic of part of,has part some > characteristic of part of some,restriction_filler,False,False,http://purl.obolibrary.org/obo/CL_0000738,leukocyte,False,,,,,True
http://purl.obolibrary.org/obo/HP_0005419,Decreased T cell activation,inherited,http://purl.obolibrary.org/obo/HP_0025354,Abnormal cellular phenotype,equivalentClass,characteristic of part of,has part some > characteristic of part of some,restriction_filler,False,False,http://purl.obolibrary.org/obo/CL_0000000,cell,False,,,,,True
http://purl.obolibrary.org/obo/HP_0005419,Decreased T cell activation,inherited,http://purl.obolibrary.org/obo/HP_0011017,Abnormal cellular physiology,equivalentClass,characteristic of,has part some > characteristic of some,restriction_filler,False,False,http://purl.obolibrary.org/obo/CL_0000000,cell,False,,,,,True
http://purl.obolibrary.org/obo/HP_0005419,Decreased T cell activation,inherited,http://purl.obolibrary.org/obo/HP_0011840,Abnormal T cell physiology,equivalentClass,characteristic of,has part some > characteristic of some,restriction_filler,False,False,http://purl.obolibrary.org/obo/CL_0000084,T cell,False,,,,,True
http://purl.obolibrary.org/obo/HP_0005422,Absence of CD8+ T cells,direct,http://purl.obolibrary.org/obo/HP_0005422,Absence of CD8+ T cells,equivalentClass,characteristic of,has part some > characteristic of some,restriction_filler,False,False,http://purl.obolibrary.org/obo/CL_0000625,"CD8-positive, alpha-beta T cell",False,,,,,True
http://purl.obolibrary.org/obo/HP_0005422,Absence of CD8+ T cells,inherited,http://purl.obolibrary.org/obo/HP_0002843,Abnormal T cell morphology,equivalentClass,characteristic of,has part some > characteristic of some,restriction_filler,False,False,http://purl.obolibrary.org/obo/CL_0000084,T cell,False,,,,,True
http://purl.obolibrary.org/obo/HP_0005422,Absence of CD8+ T cells,inherited,http://purl.obolibrary.org/obo/HP_0005415,Decreased total CD8+ T cell proportion,equivalentClass,towards,has part some > towards some,restriction_filler,False,False,http://purl.obolibrary.org/obo/CL_0000084,T cell,False,,,,,True
http://purl.obolibrary.org/obo/HP_0005422,Absence of CD8+ T cells,inherited,http://purl.obolibrary.org/obo/HP_0004332,Abnormal lymphocyte morphology,equivalentClass,characteristic of part of,has part some > characteristic of part of some,restriction_filler,False,False,http://purl.obolibrary.org/obo/CL_0000542,lymphocyte,False,,,,,True
http://purl.obolibrary.org/obo/HP_0005422,Absence of CD8+ T cells,inherited,http://purl.obolibrary.org/obo/HP_0001881,Abnormal leukocyte morphology,equivalentClass,characteristic of part of,has part some > characteristic of part of some,restriction_filler,False,False,http://purl.obolibrary.org/obo/CL_0000738,leukocyte,False,,,,,True
http://purl.obolibrary.org/obo/HP_0005432,Transient hypogammaglobulinemia of infancy,inherited,http://purl.obolibrary.org/obo/HP_0025354,Abnormal cellular phenotype,equivalentClass,characteristic of part of,has part some > characteristic of part of some,restriction_filler,False,False,http://purl.obolibrary.org/obo/CL_0000000,cell,False,,,,,True
http://purl.obolibrary.org/obo/HP_0005432,Transient hypogammaglobulinemia of infancy,inherited,http://purl.obolibrary.org/obo/HP_0011017,Abnormal cellular physiology,equivalentClass,characteristic of,has part some > characteristic of some,restriction_filler,False,False,http://purl.obolibrary.org/obo/CL_0000000,cell,False,,,,,True
http://purl.obolibrary.org/obo/HP_0005432,Transient hypogammaglobulinemia of infancy,inherited,http://purl.obolibrary.org/obo/HP_0005372,Abnormal B cell physiology,equivalentClass,characteristic of,has part some > characteristic of some,restriction_filler,False,False,http://purl.obolibrary.org/obo/CL_0000236,B cell,False,,,,,True
http://purl.obolibrary.org/obo/HP_0005479,Decreased circulating IgE concentration,inherited,http://purl.obolibrary.org/obo/HP_0025354,Abnormal cellular phenotype,equivalentClass,characteristic of part of,has part some > characteristic of part of some,restriction_filler,False,False,http://purl.obolibrary.org/obo/CL_0000000,cell,False,,,,,True
http://purl.obolibrary.org/obo/HP_0005479,Decreased circulating IgE concentration,inherited,http://purl.obolibrary.org/obo/HP_0011017,Abnormal cellular physiology,equivalentClass,characteristic of,has part some > characteristic of some,restriction_filler,False,False,http://purl.obolibrary.org/obo/CL_0000000,cell,False,,,,,True
http://purl.obolibrary.org/obo/HP_0005479,Decreased circulating IgE concentration,inherited,http://purl.obolibrary.org/obo/HP_0005372,Abnormal B cell physiology,equivalentClass,characteristic of,has part some > characteristic of some,restriction_filler,False,False,http://purl.obolibrary.org/obo/CL_0000236,B cell,False,,,,,True
http://purl.obolibrary.org/obo/HP_0005502,Increased red cell osmotic fragility,inherited,http://purl.obolibrary.org/obo/HP_0020054,Abnormal erythrocyte physiology,equivalentClass,characteristic of,has part some > characteristic of some,restriction_filler,False,False,http://purl.obolibrary.org/obo/CL_0000232,erythrocyte,False,,,,,True
http://purl.obolibrary.org/obo/HP_0005505,Refractory anemia,inherited,http://purl.obolibrary.org/obo/HP_0001877,Abnormal erythrocyte morphology,equivalentClass,characteristic of part of,has part some > characteristic of part of some,restriction_filler,False,False,http://purl.obolibrary.org/obo/CL_0000232,erythrocyte,False,,,,,True
http://purl.obolibrary.org/obo/HP_0005505,Refractory anemia,inherited,http://purl.obolibrary.org/obo/HP_0001903,Anemia,equivalentClass,characteristic of,has part some > characteristic of some,restriction_filler,True,False,http://purl.obolibrary.org/obo/CL_0000232,erythrocyte,False,,,,,True
http://purl.obolibrary.org/obo/HP_0005506,Chronic myelogenous leukemia,inherited,http://purl.obolibrary.org/obo/HP_0001881,Abnormal leukocyte morphology,equivalentClass,characteristic of part of,has part some > characteristic of part of some,restriction_filler,False,False,http://purl.obolibrary.org/obo/CL_0000738,leukocyte,False,,,,,True
http://purl.obolibrary.org/obo/HP_0005507,Hemoglobin Barts,inherited,http://purl.obolibrary.org/obo/HP_0001877,Abnormal erythrocyte morphology,equivalentClass,characteristic of part of,has part some > characteristic of part of some,restriction_filler,False,False,http://purl.obolibrary.org/obo/CL_0000232,erythrocyte,False,,,,,True
http://purl.obolibrary.org/obo/HP_0005508,Monoclonal elevation of circulating IgM concentration,inherited,http://purl.obolibrary.org/obo/HP_0025354,Abnormal cellular phenotype,equivalentClass,characteristic of part of,has part some > characteristic of part of some,restriction_filler,False,False,http://purl.obolibrary.org/obo/CL_0000000,cell,False,,,,,True
http://purl.obolibrary.org/obo/HP_0005508,Monoclonal elevation of circulating IgM concentration,inherited,http://purl.obolibrary.org/obo/HP_0011017,Abnormal cellular physiology,equivalentClass,characteristic of,has part some > characteristic of some,restriction_filler,False,False,http://purl.obolibrary.org/obo/CL_0000000,cell,False,,,,,True
http://purl.obolibrary.org/obo/HP_0005508,Monoclonal elevation of circulating IgM concentration,inherited,http://purl.obolibrary.org/obo/HP_0005372,Abnormal B cell physiology,equivalentClass,characteristic of,has part some > characteristic of some,restriction_filler,False,False,http://purl.obolibrary.org/obo/CL_0000236,B cell,False,,,,,True
http://purl.obolibrary.org/obo/HP_0005510,Transient erythroblastopenia,direct,http://purl.obolibrary.org/obo/HP_0005510,Transient erythroblastopenia,equivalentClass,characteristic of,has part some > characteristic of some,intersection_operand,False,False,http://purl.obolibrary.org/obo/CL_0000765,erythroblast,False,,,,,True
http://purl.obolibrary.org/obo/HP_0005510,Transient erythroblastopenia,inherited,http://purl.obolibrary.org/obo/HP_0001877,Abnormal erythrocyte morphology,equivalentClass,characteristic of part of,has part some > characteristic of part of some,restriction_filler,False,False,http://purl.obolibrary.org/obo/CL_0000232,erythrocyte,False,,,,,True
http://purl.obolibrary.org/obo/HP_0005510,Transient erythroblastopenia,inherited,http://purl.obolibrary.org/obo/HP_0001903,Anemia,equivalentClass,characteristic of,has part some > characteristic of some,restriction_filler,True,False,http://purl.obolibrary.org/obo/CL_0000232,erythrocyte,False,,,,,True
http://purl.obolibrary.org/obo/HP_0005511,Heinz body anemia,inherited,http://purl.obolibrary.org/obo/HP_0001877,Abnormal erythrocyte morphology,equivalentClass,characteristic of part of,has part some > characteristic of part of some,restriction_filler,False,False,http://purl.obolibrary.org/obo/CL_0000232,erythrocyte,False,,,,,True
http://purl.obolibrary.org/obo/HP_0005511,Heinz body anemia,inherited,http://purl.obolibrary.org/obo/HP_0001903,Anemia,equivalentClass,characteristic of,has part some > characteristic of some,restriction_filler,True,False,http://purl.obolibrary.org/obo/CL_0000232,erythrocyte,False,,,,,True
http://purl.obolibrary.org/obo/HP_0005513,Increased megakaryocyte count,direct,http://purl.obolibrary.org/obo/HP_0005513,Increased megakaryocyte count,equivalentClass,characteristic of,has part some > characteristic of some,intersection_operand,False,False,http://purl.obolibrary.org/obo/CL_0000556,megakaryocyte,False,,,,,True
http://purl.obolibrary.org/obo/HP_0005513,Increased megakaryocyte count,inherited,http://purl.obolibrary.org/obo/HP_0012143,Abnormal megakaryocyte morphology,equivalentClass,characteristic of part of,has part some > characteristic of part of some,restriction_filler,False,False,http://purl.obolibrary.org/obo/CL_0000556,megakaryocyte,False,,,,,True
http://purl.obolibrary.org/obo/HP_0005513,Increased megakaryocyte count,inherited,http://purl.obolibrary.org/obo/HP_0005561,Abnormal bone marrow cell morphology,equivalentClass,characteristic of,has part some > characteristic of some,restriction_filler,False,False,http://purl.obolibrary.org/obo/CL_0002092,bone marrow cell,False,,,,,True
http://purl.obolibrary.org/obo/HP_0005518,Increased mean corpuscular volume,inherited,http://purl.obolibrary.org/obo/HP_0001877,Abnormal erythrocyte morphology,equivalentClass,characteristic of part of,has part some > characteristic of part of some,restriction_filler,False,False,http://purl.obolibrary.org/obo/CL_0000232,erythrocyte,False,,,,,True
http://purl.obolibrary.org/obo/HP_0005522,Pyridoxine-responsive sideroblastic anemia,inherited,http://purl.obolibrary.org/obo/HP_0001877,Abnormal erythrocyte morphology,equivalentClass,characteristic of part of,has part some > characteristic of part of some,restriction_filler,False,False,http://purl.obolibrary.org/obo/CL_0000232,erythrocyte,False,,,,,True
http://purl.obolibrary.org/obo/HP_0005522,Pyridoxine-responsive sideroblastic anemia,inherited,http://purl.obolibrary.org/obo/HP_0001903,Anemia,equivalentClass,characteristic of,has part some > characteristic of some,restriction_filler,True,False,http://purl.obolibrary.org/obo/CL_0000232,erythrocyte,False,,,,,True
http://purl.obolibrary.org/obo/HP_0005524,Macrocytic hemolytic disease,inherited,http://purl.obolibrary.org/obo/HP_0001877,Abnormal erythrocyte morphology,equivalentClass,characteristic of part of,has part some > characteristic of part of some,restriction_filler,False,False,http://purl.obolibrary.org/obo/CL_0000232,erythrocyte,False,,,,,True
http://purl.obolibrary.org/obo/HP_0005524,Macrocytic hemolytic disease,inherited,http://purl.obolibrary.org/obo/HP_0001903,Anemia,equivalentClass,characteristic of,has part some > characteristic of some,restriction_filler,True,False,http://purl.obolibrary.org/obo/CL_0000232,erythrocyte,False,,,,,True
http://purl.obolibrary.org/obo/HP_0005525,Spontaneous hemolytic crises,inherited,http://purl.obolibrary.org/obo/HP_0001877,Abnormal erythrocyte morphology,equivalentClass,characteristic of part of,has part some > characteristic of part of some,restriction_filler,False,False,http://purl.obolibrary.org/obo/CL_0000232,erythrocyte,False,,,,,True
http://purl.obolibrary.org/obo/HP_0005525,Spontaneous hemolytic crises,inherited,http://purl.obolibrary.org/obo/HP_0001903,Anemia,equivalentClass,characteristic of,has part some > characteristic of some,restriction_filler,True,False,http://purl.obolibrary.org/obo/CL_0000232,erythrocyte,False,,,,,True
http://purl.obolibrary.org/obo/HP_0005526,Lymphoid leukemia,inherited,http://purl.obolibrary.org/obo/HP_0001881,Abnormal leukocyte morphology,equivalentClass,characteristic of part of,has part some > characteristic of part of some,restriction_filler,False,False,http://purl.obolibrary.org/obo/CL_0000738,leukocyte,False,,,,,True
http://purl.obolibrary.org/obo/HP_0005528,Bone marrow hypocellularity,inherited,http://purl.obolibrary.org/obo/HP_0005561,Abnormal bone marrow cell morphology,equivalentClass,characteristic of,has part some > characteristic of some,restriction_filler,False,False,http://purl.obolibrary.org/obo/CL_0002092,bone marrow cell,False,,,,,True
http://purl.obolibrary.org/obo/HP_0005531,Biphenotypic acute leukemia,inherited,http://purl.obolibrary.org/obo/HP_0001881,Abnormal leukocyte morphology,equivalentClass,characteristic of part of,has part some > characteristic of part of some,restriction_filler,False,False,http://purl.obolibrary.org/obo/CL_0000738,leukocyte,False,,,,,True
http://purl.obolibrary.org/obo/HP_0005532,Macrocytic dyserythropoietic anemia,inherited,http://purl.obolibrary.org/obo/HP_0001877,Abnormal erythrocyte morphology,equivalentClass,characteristic of part of,has part some > characteristic of part of some,restriction_filler,False,False,http://purl.obolibrary.org/obo/CL_0000232,erythrocyte,False,,,,,True
http://purl.obolibrary.org/obo/HP_0005532,Macrocytic dyserythropoietic anemia,inherited,http://purl.obolibrary.org/obo/HP_0001903,Anemia,equivalentClass,characteristic of,has part some > characteristic of some,restriction_filler,True,False,http://purl.obolibrary.org/obo/CL_0000232,erythrocyte,False,,,,,True
http://purl.obolibrary.org/obo/HP_0005534,Transient myeloproliferative syndrome,inherited,http://purl.obolibrary.org/obo/HP_0001881,Abnormal leukocyte morphology,equivalentClass,characteristic of part of,has part some > characteristic of part of some,restriction_filler,False,False,http://purl.obolibrary.org/obo/CL_0000738,leukocyte,False,,,,,True
http://purl.obolibrary.org/obo/HP_0005535,Exercise-induced hemolysis,inherited,http://purl.obolibrary.org/obo/HP_0001877,Abnormal erythrocyte morphology,equivalentClass,characteristic of part of,has part some > characteristic of part of some,restriction_filler,False,False,http://purl.obolibrary.org/obo/CL_0000232,erythrocyte,False,,,,,True
http://purl.obolibrary.org/obo/HP_0005535,Exercise-induced hemolysis,inherited,http://purl.obolibrary.org/obo/HP_0001903,Anemia,equivalentClass,characteristic of,has part some > characteristic of some,restriction_filler,True,False,http://purl.obolibrary.org/obo/CL_0000232,erythrocyte,False,,,,,True
http://purl.obolibrary.org/obo/HP_0005537,Decreased mean platelet volume,direct,http://purl.obolibrary.org/obo/HP_0005537,Decreased mean platelet volume,equivalentClass,characteristic of,has part some > characteristic of some,restriction_filler,False,False,http://purl.obolibrary.org/obo/CL_0000233,platelet,False,,,,,True
http://purl.obolibrary.org/obo/HP_0005537,Decreased mean platelet volume,inherited,http://purl.obolibrary.org/obo/HP_0001872,Abnormality of thrombocytes,equivalentClass,characteristic of part of,has part some > characteristic of part of some,restriction_filler,False,False,http://purl.obolibrary.org/obo/CL_0000233,platelet,False,,,,,True
http://purl.obolibrary.org/obo/HP_0005539,T cell chronic lymphocytic lymphoma/leukemia,inherited,http://purl.obolibrary.org/obo/HP_0001881,Abnormal leukocyte morphology,equivalentClass,characteristic of part of,has part some > characteristic of part of some,restriction_filler,False,False,http://purl.obolibrary.org/obo/CL_0000738,leukocyte,False,,,,,True
http://purl.obolibrary.org/obo/HP_0005541,Congenital agranulocytosis,inherited,http://purl.obolibrary.org/obo/HP_0001911,Abnormal granulocyte morphology,equivalentClass,characteristic of part of,has part some > characteristic of part of some,restriction_filler,False,False,http://purl.obolibrary.org/obo/CL_0000094,granulocyte,False,,,,,True
http://purl.obolibrary.org/obo/HP_0005541,Congenital agranulocytosis,inherited,http://purl.obolibrary.org/obo/HP_0001913,Decreased total granulocyte count,equivalentClass,characteristic of,has part some > characteristic of some,intersection_operand,False,False,http://purl.obolibrary.org/obo/CL_0000094,granulocyte,False,,,,,True
http://purl.obolibrary.org/obo/HP_0005541,Congenital agranulocytosis,inherited,http://purl.obolibrary.org/obo/HP_0001881,Abnormal leukocyte morphology,equivalentClass,characteristic of part of,has part some > characteristic of part of some,restriction_filler,False,False,http://purl.obolibrary.org/obo/CL_0000738,leukocyte,False,,,,,True
http://purl.obolibrary.org/obo/HP_0005541,Congenital agranulocytosis,inherited,http://purl.obolibrary.org/obo/HP_0011893,Abnormal leukocyte count,equivalentClass,characteristic of,has part some > characteristic of some,restriction_filler,False,False,http://purl.obolibrary.org/obo/CL_0000738,leukocyte,False,,,,,True
http://purl.obolibrary.org/obo/HP_0005541,Congenital agranulocytosis,inherited,http://purl.obolibrary.org/obo/HP_0010974,Abnormal myeloid leukocyte morphology,equivalentClass,characteristic of,has part some > characteristic of some,restriction_filler,False,False,http://purl.obolibrary.org/obo/CL_0000766,myeloid leukocyte,False,,,,,True
http://purl.obolibrary.org/obo/HP_0005546,Increased red cell osmotic resistance,inherited,http://purl.obolibrary.org/obo/HP_0020054,Abnormal erythrocyte physiology,equivalentClass,characteristic of,has part some > characteristic of some,restriction_filler,False,False,http://purl.obolibrary.org/obo/CL_0000232,erythrocyte,False,,,,,True
http://purl.obolibrary.org/obo/HP_0005547,Myeloproliferative disorder,inherited,http://purl.obolibrary.org/obo/HP_0001881,Abnormal leukocyte morphology,equivalentClass,characteristic of part of,has part some > characteristic of part of some,restriction_filler,False,False,http://purl.obolibrary.org/obo/CL_0000738,leukocyte,False,,,,,True
http://purl.obolibrary.org/obo/HP_0005548,Megakaryocytopenia,direct,http://purl.obolibrary.org/obo/HP_0005548,Megakaryocytopenia,equivalentClass,characteristic of,has part some > characteristic of some,restriction_filler,False,False,http://purl.obolibrary.org/obo/CL_0000556,megakaryocyte,False,,,,,True
http://purl.obolibrary.org/obo/HP_0005548,Megakaryocytopenia,inherited,http://purl.obolibrary.org/obo/HP_0012143,Abnormal megakaryocyte morphology,equivalentClass,characteristic of part of,has part some > characteristic of part of some,restriction_filler,False,False,http://purl.obolibrary.org/obo/CL_0000556,megakaryocyte,False,,,,,True
http://purl.obolibrary.org/obo/HP_0005548,Megakaryocytopenia,inherited,http://purl.obolibrary.org/obo/HP_0005561,Abnormal bone marrow cell morphology,equivalentClass,characteristic of,has part some > characteristic of some,restriction_filler,False,False,http://purl.obolibrary.org/obo/CL_0002092,bone marrow cell,False,,,,,True
http://purl.obolibrary.org/obo/HP_0005550,Chronic lymphatic leukemia,inherited,http://purl.obolibrary.org/obo/HP_0001881,Abnormal leukocyte morphology,equivalentClass,characteristic of part of,has part some > characteristic of part of some,restriction_filler,False,False,http://purl.obolibrary.org/obo/CL_0000738,leukocyte,False,,,,,True
http://purl.obolibrary.org/obo/HP_0005558,Chronic leukemia,inherited,http://purl.obolibrary.org/obo/HP_0001881,Abnormal leukocyte morphology,equivalentClass,characteristic of part of,has part some > characteristic of part of some,restriction_filler,False,False,http://purl.obolibrary.org/obo/CL_0000738,leukocyte,False,,,,,True
http://purl.obolibrary.org/obo/HP_0005560,Imbalanced hemoglobin synthesis,inherited,http://purl.obolibrary.org/obo/HP_0001877,Abnormal erythrocyte morphology,equivalentClass,characteristic of part of,has part some > characteristic of part of some,restriction_filler,False,False,http://purl.obolibrary.org/obo/CL_0000232,erythrocyte,False,,,,,True
http://purl.obolibrary.org/obo/HP_0005561,Abnormal bone marrow cell morphology,direct,http://purl.obolibrary.org/obo/HP_0005561,Abnormal bone marrow cell morphology,equivalentClass,characteristic of,has part some > characteristic of some,restriction_filler,False,False,http://purl.obolibrary.org/obo/CL_0002092,bone marrow cell,False,,,,,True
http://purl.obolibrary.org/obo/HP_0005978,Type II diabetes mellitus,inherited,http://purl.obolibrary.org/obo/HP_0001952,Glucose intolerance,equivalentClass,characteristic of,has part some > characteristic of some,restriction_filler,False,False,http://purl.obolibrary.org/obo/CL_0000000,cell,False,,,,,True
http://purl.obolibrary.org/obo/HP_0006274,Reduced pancreatic beta cells,direct,http://purl.obolibrary.org/obo/HP_0006274,Reduced pancreatic beta cells,equivalentClass,characteristic of,has part some > characteristic of some,restriction_filler,False,False,http://purl.obolibrary.org/obo/CL_0000169,type B pancreatic cell,False,,,,,True
http://purl.obolibrary.org/obo/HP_0006279,Beta-cell dysfunction,direct,http://purl.obolibrary.org/obo/HP_0006279,Beta-cell dysfunction,equivalentClass,characteristic of,has part some > characteristic of some,restriction_filler,False,False,http://purl.obolibrary.org/obo/CL_0000169,type B pancreatic cell,False,,,,,True
http://purl.obolibrary.org/obo/HP_0006555,Diffuse hepatic steatosis,inherited,http://purl.obolibrary.org/obo/HP_0006561,Lipid accumulation in hepatocytes,equivalentClass,part of,has part some > characteristic of some > part of some,restriction_filler,False,False,http://purl.obolibrary.org/obo/CL_0000182,hepatocyte,False,,,,,True
http://purl.obolibrary.org/obo/HP_0006561,Lipid accumulation in hepatocytes,direct,http://purl.obolibrary.org/obo/HP_0006561,Lipid accumulation in hepatocytes,equivalentClass,part of,has part some > characteristic of some > part of some,restriction_filler,False,False,http://purl.obolibrary.org/obo/CL_0000182,hepatocyte,False,,,,,True
http://purl.obolibrary.org/obo/HP_0006565,Increased hepatocellular lipid droplets,inherited,http://purl.obolibrary.org/obo/HP_0006561,Lipid accumulation in hepatocytes,equivalentClass,part of,has part some > characteristic of some > part of some,restriction_filler,False,False,http://purl.obolibrary.org/obo/CL_0000182,hepatocyte,False,,,,,True
http://purl.obolibrary.org/obo/HP_0006568,Increased hepatic glycogen content,inherited,http://purl.obolibrary.org/obo/HP_0031137,Storage in hepatocytes,equivalentClass,part of,has part some > characteristic of some > part of some,restriction_filler,False,False,http://purl.obolibrary.org/obo/CL_0000182,hepatocyte,False,,,,,True
http://purl.obolibrary.org/obo/HP_0006573,Acute hepatic steatosis,inherited,http://purl.obolibrary.org/obo/HP_0006561,Lipid accumulation in hepatocytes,equivalentClass,part of,has part some > characteristic of some > part of some,restriction_filler,False,False,http://purl.obolibrary.org/obo/CL_0000182,hepatocyte,False,,,,,True
http://purl.obolibrary.org/obo/HP_0006581,Depletion of mitochondrial DNA in liver,inherited,http://purl.obolibrary.org/obo/HP_0025354,Abnormal cellular phenotype,equivalentClass,characteristic of part of,has part some > characteristic of part of some,restriction_filler,False,False,http://purl.obolibrary.org/obo/CL_0000000,cell,False,,,,,True
http://purl.obolibrary.org/obo/HP_0006581,Depletion of mitochondrial DNA in liver,inherited,http://purl.obolibrary.org/obo/HP_0011017,Abnormal cellular physiology,equivalentClass,characteristic of,has part some > characteristic of some,restriction_filler,False,False,http://purl.obolibrary.org/obo/CL_0000000,cell,False,,,,,True
http://purl.obolibrary.org/obo/HP_0006721,Acute lymphoblastic leukemia,inherited,http://purl.obolibrary.org/obo/HP_0001881,Abnormal leukocyte morphology,equivalentClass,characteristic of part of,has part some > characteristic of part of some,restriction_filler,False,False,http://purl.obolibrary.org/obo/CL_0000738,leukocyte,False,,,,,True
http://purl.obolibrary.org/obo/HP_0006727,T-cell acute lymphoblastic leukemias,inherited,http://purl.obolibrary.org/obo/HP_0001881,Abnormal leukocyte morphology,equivalentClass,characteristic of part of,has part some > characteristic of part of some,restriction_filler,False,False,http://purl.obolibrary.org/obo/CL_0000738,leukocyte,False,,,,,True
http://purl.obolibrary.org/obo/HP_0006733,Acute megakaryocytic leukemia,inherited,http://purl.obolibrary.org/obo/HP_0001881,Abnormal leukocyte morphology,equivalentClass,characteristic of part of,has part some > characteristic of part of some,restriction_filler,False,False,http://purl.obolibrary.org/obo/CL_0000738,leukocyte,False,,,,,True
http://purl.obolibrary.org/obo/HP_0006802,Abnormal anterior horn cell morphology,direct,http://purl.obolibrary.org/obo/HP_0006802,Abnormal anterior horn cell morphology,equivalentClass,characteristic of,has part some > characteristic of some,restriction_filler,False,False,http://purl.obolibrary.org/obo/CL_0011001,spinal cord motor neuron,False,,,,,True
http://purl.obolibrary.org/obo/HP_0006802,Abnormal anterior horn cell morphology,inherited,http://purl.obolibrary.org/obo/HP_0002450,Abnormal motor neuron morphology,equivalentClass,characteristic of,has part some > characteristic of some,restriction_filler,False,False,http://purl.obolibrary.org/obo/CL_0000100,motor neuron,False,,,,,True
http://purl.obolibrary.org/obo/HP_0006802,Abnormal anterior horn cell morphology,inherited,http://purl.obolibrary.org/obo/HP_0012757,Abnormal neuron morphology,equivalentClass,characteristic of,has part some > characteristic of some,restriction_filler,False,False,http://purl.obolibrary.org/obo/CL_0000540,neuron,False,,,,,True
http://purl.obolibrary.org/obo/HP_0006916,Intraaxonal accumulation of curvilinear autofluorescent lipopigment storage material,inherited,http://purl.obolibrary.org/obo/HP_0025354,Abnormal cellular phenotype,equivalentClass,characteristic of part of,has part some > characteristic of part of some,restriction_filler,False,False,http://purl.obolibrary.org/obo/CL_0000000,cell,False,,,,,True
http://purl.obolibrary.org/obo/HP_0006916,Intraaxonal accumulation of curvilinear autofluorescent lipopigment storage material,inherited,http://purl.obolibrary.org/obo/HP_0011017,Abnormal cellular physiology,equivalentClass,characteristic of,has part some > characteristic of some,restriction_filler,False,False,http://purl.obolibrary.org/obo/CL_0000000,cell,False,,,,,True
http://purl.obolibrary.org/obo/HP_0006959,Proximal spinal muscular atrophy,direct,http://purl.obolibrary.org/obo/HP_0006959,Proximal spinal muscular atrophy,equivalentClass,towards,has part some > towards some,restriction_filler,False,False,http://purl.obolibrary.org/obo/CL_0000100,motor neuron,False,,,,,True
http://purl.obolibrary.org/obo/HP_0006986,Upper limb spasticity,inherited,http://purl.obolibrary.org/obo/HP_0002493,Upper motor neuron dysfunction,equivalentClass,characteristic of,has part some > characteristic of some,intersection_operand,False,False,http://purl.obolibrary.org/obo/CL_0000540,neuron,False,,,,,True
http://purl.obolibrary.org/obo/HP_0006990,Myelin-dependent gliosis,inherited,http://purl.obolibrary.org/obo/HP_0100705,Abnormal glial cell morphology,equivalentClass,characteristic of part of,has part some > characteristic of part of some,restriction_filler,False,False,http://purl.obolibrary.org/obo/CL_0000125,glial cell,False,,,,,True
http://purl.obolibrary.org/obo/HP_0006999,Basal ganglia gliosis,inherited,http://purl.obolibrary.org/obo/HP_0100705,Abnormal glial cell morphology,equivalentClass,characteristic of part of,has part some > characteristic of part of some,restriction_filler,False,False,http://purl.obolibrary.org/obo/CL_0000125,glial cell,False,,,,,True
http://purl.obolibrary.org/obo/HP_0007001,Loss of Purkinje cells in the cerebellar vermis,direct,http://purl.obolibrary.org/obo/HP_0007001,Loss of Purkinje cells in the cerebellar vermis,equivalentClass,towards,has part some > towards some,restriction_filler,False,False,http://purl.obolibrary.org/obo/CL_0000121,Purkinje cell,False,,,,,True
http://purl.obolibrary.org/obo/HP_0007020,Progressive spastic paraplegia,inherited,http://purl.obolibrary.org/obo/HP_0002493,Upper motor neuron dysfunction,equivalentClass,characteristic of,has part some > characteristic of some,intersection_operand,False,False,http://purl.obolibrary.org/obo/CL_0000540,neuron,False,,,,,True
http://purl.obolibrary.org/obo/HP_0007078,Decreased amplitude of sensory action potentials,inherited,http://purl.obolibrary.org/obo/HP_0003134,Abnormality of peripheral nerve conduction,equivalentClass,characteristic of,has part some > characteristic of some,restriction_filler,False,False,http://purl.obolibrary.org/obo/CL_2000032,peripheral nervous system neuron,False,,,,,True
http://purl.obolibrary.org/obo/HP_0007165,Periventricular heterotopia,inherited,http://purl.obolibrary.org/obo/HP_0002282,Gray matter heterotopia,equivalentClass,characteristic of,has part some > characteristic of some,restriction_filler,False,False,http://purl.obolibrary.org/obo/CL_0002319,neural cell,False,,,,,True
http://purl.obolibrary.org/obo/HP_0007190,Neuronal loss in the cerebral cortex,direct,http://purl.obolibrary.org/obo/HP_0007190,Neuronal loss in the cerebral cortex,equivalentClass,characteristic of,has part some > characteristic of some,intersection_operand,False,False,http://purl.obolibrary.org/obo/CL_0000540,neuron,False,,,,,True
http://purl.obolibrary.org/obo/HP_0007199,Progressive spastic paraparesis,inherited,http://purl.obolibrary.org/obo/HP_0002493,Upper motor neuron dysfunction,equivalentClass,characteristic of,has part some > characteristic of some,intersection_operand,False,False,http://purl.obolibrary.org/obo/CL_0000540,neuron,False,,,,,True
http://purl.obolibrary.org/obo/HP_0007230,Decreased distal sensory nerve action potential,inherited,http://purl.obolibrary.org/obo/HP_0003134,Abnormality of peripheral nerve conduction,equivalentClass,characteristic of,has part some > characteristic of some,restriction_filler,False,False,http://purl.obolibrary.org/obo/CL_2000032,peripheral nervous system neuron,False,,,,,True
http://purl.obolibrary.org/obo/HP_0007256,Abnormal pyramidal sign,inherited,http://purl.obolibrary.org/obo/HP_0002493,Upper motor neuron dysfunction,equivalentClass,characteristic of,has part some > characteristic of some,intersection_operand,False,False,http://purl.obolibrary.org/obo/CL_0000540,neuron,False,,,,,True
http://purl.obolibrary.org/obo/HP_0007269,Spinal muscular atrophy,direct,http://purl.obolibrary.org/obo/HP_0007269,Spinal muscular atrophy,equivalentClass,towards,has part some > towards some,restriction_filler,False,False,http://purl.obolibrary.org/obo/CL_0000100,motor neuron,False,,,,,True
http://purl.obolibrary.org/obo/HP_0007277,Paucity of anterior horn motor neurons,inherited,http://purl.obolibrary.org/obo/HP_0002450,Abnormal motor neuron morphology,equivalentClass,characteristic of,has part some > characteristic of some,restriction_filler,False,False,http://purl.obolibrary.org/obo/CL_0000100,motor neuron,False,,,,,True
http://purl.obolibrary.org/obo/HP_0007277,Paucity of anterior horn motor neurons,inherited,http://purl.obolibrary.org/obo/HP_0012757,Abnormal neuron morphology,equivalentClass,characteristic of,has part some > characteristic of some,restriction_filler,False,False,http://purl.obolibrary.org/obo/CL_0000540,neuron,False,,,,,True
http://purl.obolibrary.org/obo/HP_0007280,Acute infantile spinal muscular atrophy,inherited,http://purl.obolibrary.org/obo/HP_0007269,Spinal muscular atrophy,equivalentClass,towards,has part some > towards some,restriction_filler,False,False,http://purl.obolibrary.org/obo/CL_0000100,motor neuron,False,,,,,True
http://purl.obolibrary.org/obo/HP_0007299,Dysfunction of lateral corticospinal tracts,inherited,http://purl.obolibrary.org/obo/HP_0002493,Upper motor neuron dysfunction,equivalentClass,characteristic of,has part some > characteristic of some,intersection_operand,False,False,http://purl.obolibrary.org/obo/CL_0000540,neuron,False,,,,,True
http://purl.obolibrary.org/obo/HP_0007354,Amyotrophic lateral sclerosis,inherited,http://purl.obolibrary.org/obo/HP_0002450,Abnormal motor neuron morphology,equivalentClass,characteristic of,has part some > characteristic of some,restriction_filler,False,False,http://purl.obolibrary.org/obo/CL_0000100,motor neuron,False,,,,,True
http://purl.obolibrary.org/obo/HP_0007354,Amyotrophic lateral sclerosis,inherited,http://purl.obolibrary.org/obo/HP_0012757,Abnormal neuron morphology,equivalentClass,characteristic of,has part some > characteristic of some,restriction_filler,False,False,http://purl.obolibrary.org/obo/CL_0000540,neuron,False,,,,,True
http://purl.obolibrary.org/obo/HP_0007373,Motor neuron atrophy,direct,http://purl.obolibrary.org/obo/HP_0007373,Motor neuron atrophy,equivalentClass,characteristic of,has part some > characteristic of some,restriction_filler,False,False,http://purl.obolibrary.org/obo/CL_0000100,motor neuron,False,,,,,True
http://purl.obolibrary.org/obo/HP_0007373,Motor neuron atrophy,inherited,http://purl.obolibrary.org/obo/HP_0012757,Abnormal neuron morphology,equivalentClass,characteristic of,has part some > characteristic of some,restriction_filler,False,False,http://purl.obolibrary.org/obo/CL_0000540,neuron,False,,,,,True
http://purl.obolibrary.org/obo/HP_0008148,Impaired epinephrine-induced platelet aggregation,inherited,http://purl.obolibrary.org/obo/HP_0001872,Abnormality of thrombocytes,equivalentClass,characteristic of part of,has part some > characteristic of part of some,restriction_filler,False,False,http://purl.obolibrary.org/obo/CL_0000233,platelet,False,,,,,True
http://purl.obolibrary.org/obo/HP_0008148,Impaired epinephrine-induced platelet aggregation,inherited,http://purl.obolibrary.org/obo/HP_0011869,Abnormal platelet function,equivalentClass,characteristic of,has part some > characteristic of some,restriction_filler,False,False,http://purl.obolibrary.org/obo/CL_0000233,platelet,False,,,,,True
http://purl.obolibrary.org/obo/HP_0008161,Absent leukocyte alkaline phosphatase,direct,http://purl.obolibrary.org/obo/HP_0008161,Absent leukocyte alkaline phosphatase,equivalentClass,part of,has part some > characteristic of some > part of some,restriction_filler,False,False,http://purl.obolibrary.org/obo/CL_0000738,leukocyte,False,,,,,True
http://purl.obolibrary.org/obo/HP_0008205,Insulin-dependent but ketosis-resistant diabetes,inherited,http://purl.obolibrary.org/obo/HP_0001952,Glucose intolerance,equivalentClass,characteristic of,has part some > characteristic of some,restriction_filler,False,False,http://purl.obolibrary.org/obo/CL_0000000,cell,False,,,,,True
http://purl.obolibrary.org/obo/HP_0008255,Transient neonatal diabetes mellitus,inherited,http://purl.obolibrary.org/obo/HP_0001952,Glucose intolerance,equivalentClass,characteristic of,has part some > characteristic of some,restriction_filler,False,False,http://purl.obolibrary.org/obo/CL_0000000,cell,False,,,,,True
http://purl.obolibrary.org/obo/HP_0008264,Neutrophil inclusion bodies,inherited,http://purl.obolibrary.org/obo/HP_0001911,Abnormal granulocyte morphology,equivalentClass,characteristic of part of,has part some > characteristic of part of some,restriction_filler,False,False,http://purl.obolibrary.org/obo/CL_0000094,granulocyte,False,,,,,True
http://purl.obolibrary.org/obo/HP_0008264,Neutrophil inclusion bodies,inherited,http://purl.obolibrary.org/obo/HP_0001881,Abnormal leukocyte morphology,equivalentClass,characteristic of part of,has part some > characteristic of part of some,restriction_filler,False,False,http://purl.obolibrary.org/obo/CL_0000738,leukocyte,False,,,,,True
http://purl.obolibrary.org/obo/HP_0008264,Neutrophil inclusion bodies,inherited,http://purl.obolibrary.org/obo/HP_0010974,Abnormal myeloid leukocyte morphology,equivalentClass,characteristic of,has part some > characteristic of some,restriction_filler,False,False,http://purl.obolibrary.org/obo/CL_0000766,myeloid leukocyte,False,,,,,True
http://purl.obolibrary.org/obo/HP_0008264,Neutrophil inclusion bodies,inherited,http://purl.obolibrary.org/obo/HP_0001874,Abnormality of neutrophils,equivalentClass,characteristic of part of,has part some > characteristic of part of some,restriction_filler,False,False,http://purl.obolibrary.org/obo/CL_0000775,neutrophil,False,,,,,True
http://purl.obolibrary.org/obo/HP_0008265,Mitochondrial lysine transport defect,inherited,http://purl.obolibrary.org/obo/HP_0025354,Abnormal cellular phenotype,equivalentClass,characteristic of part of,has part some > characteristic of part of some,restriction_filler,False,False,http://purl.obolibrary.org/obo/CL_0000000,cell,False,,,,,True
http://purl.obolibrary.org/obo/HP_0008265,Mitochondrial lysine transport defect,inherited,http://purl.obolibrary.org/obo/HP_0011017,Abnormal cellular physiology,equivalentClass,characteristic of,has part some > characteristic of some,restriction_filler,False,False,http://purl.obolibrary.org/obo/CL_0000000,cell,False,,,,,True
http://purl.obolibrary.org/obo/HP_0008269,Increased red cell hemolysis by shear stress,inherited,http://purl.obolibrary.org/obo/HP_0001877,Abnormal erythrocyte morphology,equivalentClass,characteristic of part of,has part some > characteristic of part of some,restriction_filler,False,False,http://purl.obolibrary.org/obo/CL_0000232,erythrocyte,False,,,,,True
http://purl.obolibrary.org/obo/HP_0008269,Increased red cell hemolysis by shear stress,inherited,http://purl.obolibrary.org/obo/HP_0001903,Anemia,equivalentClass,characteristic of,has part some > characteristic of some,restriction_filler,True,False,http://purl.obolibrary.org/obo/CL_0000232,erythrocyte,False,,,,,True
http://purl.obolibrary.org/obo/HP_0008306,Abnormal iron deposition in mitochondria,inherited,http://purl.obolibrary.org/obo/HP_0025354,Abnormal cellular phenotype,equivalentClass,characteristic of part of,has part some > characteristic of part of some,restriction_filler,False,False,http://purl.obolibrary.org/obo/CL_0000000,cell,False,,,,,True
http://purl.obolibrary.org/obo/HP_0008306,Abnormal iron deposition in mitochondria,inherited,http://purl.obolibrary.org/obo/HP_0011017,Abnormal cellular physiology,equivalentClass,characteristic of,has part some > characteristic of some,restriction_filler,False,False,http://purl.obolibrary.org/obo/CL_0000000,cell,False,,,,,True
http://purl.obolibrary.org/obo/HP_0008314,Decreased activity of mitochondrial complex II,inherited,http://purl.obolibrary.org/obo/HP_0025354,Abnormal cellular phenotype,equivalentClass,characteristic of part of,has part some > characteristic of part of some,restriction_filler,False,False,http://purl.obolibrary.org/obo/CL_0000000,cell,False,,,,,True
http://purl.obolibrary.org/obo/HP_0008314,Decreased activity of mitochondrial complex II,inherited,http://purl.obolibrary.org/obo/HP_0011017,Abnormal cellular physiology,equivalentClass,characteristic of,has part some > characteristic of some,restriction_filler,False,False,http://purl.obolibrary.org/obo/CL_0000000,cell,False,,,,,True
http://purl.obolibrary.org/obo/HP_0008315,Decreased plasma free carnitine,inherited,http://purl.obolibrary.org/obo/HP_0025354,Abnormal cellular phenotype,equivalentClass,characteristic of part of,has part some > characteristic of part of some,restriction_filler,False,False,http://purl.obolibrary.org/obo/CL_0000000,cell,False,,,,,True
http://purl.obolibrary.org/obo/HP_0008315,Decreased plasma free carnitine,inherited,http://purl.obolibrary.org/obo/HP_0011017,Abnormal cellular physiology,equivalentClass,characteristic of,has part some > characteristic of some,restriction_filler,False,False,http://purl.obolibrary.org/obo/CL_0000000,cell,False,,,,,True
http://purl.obolibrary.org/obo/HP_0008316,Abnormal mitochondria in muscle tissue,inherited,http://purl.obolibrary.org/obo/HP_0025354,Abnormal cellular phenotype,equivalentClass,characteristic of part of,has part some > characteristic of part of some,restriction_filler,False,False,http://purl.obolibrary.org/obo/CL_0000000,cell,False,,,,,True
http://purl.obolibrary.org/obo/HP_0008316,Abnormal mitochondria in muscle tissue,inherited,http://purl.obolibrary.org/obo/HP_0011017,Abnormal cellular physiology,equivalentClass,characteristic of,has part some > characteristic of some,restriction_filler,False,False,http://purl.obolibrary.org/obo/CL_0000000,cell,False,,,,,True
http://purl.obolibrary.org/obo/HP_0008318,Elevated leukocyte alkaline phosphatase,direct,http://purl.obolibrary.org/obo/HP_0008318,Elevated leukocyte alkaline phosphatase,equivalentClass,part of,has part some > characteristic of some > part of some,restriction_filler,False,False,http://purl.obolibrary.org/obo/CL_0000738,leukocyte,False,,,,,True
http://purl.obolibrary.org/obo/HP_0008320,Impaired collagen-induced platelet aggregation,inherited,http://purl.obolibrary.org/obo/HP_0001872,Abnormality of thrombocytes,equivalentClass,characteristic of part of,has part some > characteristic of part of some,restriction_filler,False,False,http://purl.obolibrary.org/obo/CL_0000233,platelet,False,,,,,True
http://purl.obolibrary.org/obo/HP_0008320,Impaired collagen-induced platelet aggregation,inherited,http://purl.obolibrary.org/obo/HP_0011869,Abnormal platelet function,equivalentClass,characteristic of,has part some > characteristic of some,restriction_filler,False,False,http://purl.obolibrary.org/obo/CL_0000233,platelet,False,,,,,True
http://purl.obolibrary.org/obo/HP_0008322,Abnormal mitochondrial morphology,inherited,http://purl.obolibrary.org/obo/HP_0025354,Abnormal cellular phenotype,equivalentClass,characteristic of part of,has part some > characteristic of part of some,restriction_filler,False,False,http://purl.obolibrary.org/obo/CL_0000000,cell,False,,,,,True
http://purl.obolibrary.org/obo/HP_0008322,Abnormal mitochondrial morphology,inherited,http://purl.obolibrary.org/obo/HP_0011017,Abnormal cellular physiology,equivalentClass,characteristic of,has part some > characteristic of some,restriction_filler,False,False,http://purl.obolibrary.org/obo/CL_0000000,cell,False,,,,,True
http://purl.obolibrary.org/obo/HP_0008346,Increased red cell sickling tendency,inherited,http://purl.obolibrary.org/obo/HP_0001877,Abnormal erythrocyte morphology,equivalentClass,characteristic of part of,has part some > characteristic of part of some,restriction_filler,False,False,http://purl.obolibrary.org/obo/CL_0000232,erythrocyte,False,,,,,True
http://purl.obolibrary.org/obo/HP_0008346,Increased red cell sickling tendency,inherited,http://purl.obolibrary.org/obo/HP_0001903,Anemia,equivalentClass,characteristic of,has part some > characteristic of some,restriction_filler,True,False,http://purl.obolibrary.org/obo/CL_0000232,erythrocyte,False,,,,,True
http://purl.obolibrary.org/obo/HP_0008347,Decreased activity of mitochondrial complex IV,inherited,http://purl.obolibrary.org/obo/HP_0025354,Abnormal cellular phenotype,equivalentClass,characteristic of part of,has part some > characteristic of part of some,restriction_filler,False,False,http://purl.obolibrary.org/obo/CL_0000000,cell,False,,,,,True
http://purl.obolibrary.org/obo/HP_0008347,Decreased activity of mitochondrial complex IV,inherited,http://purl.obolibrary.org/obo/HP_0011017,Abnormal cellular physiology,equivalentClass,characteristic of,has part some > characteristic of some,restriction_filler,False,False,http://purl.obolibrary.org/obo/CL_0000000,cell,False,,,,,True
http://purl.obolibrary.org/obo/HP_0008348,Decreased circulating IgG2 concentration,inherited,http://purl.obolibrary.org/obo/HP_0025354,Abnormal cellular phenotype,equivalentClass,characteristic of part of,has part some > characteristic of part of some,restriction_filler,False,False,http://purl.obolibrary.org/obo/CL_0000000,cell,False,,,,,True
http://purl.obolibrary.org/obo/HP_0008348,Decreased circulating IgG2 concentration,inherited,http://purl.obolibrary.org/obo/HP_0011017,Abnormal cellular physiology,equivalentClass,characteristic of,has part some > characteristic of some,restriction_filler,False,False,http://purl.obolibrary.org/obo/CL_0000000,cell,False,,,,,True
http://purl.obolibrary.org/obo/HP_0008348,Decreased circulating IgG2 concentration,inherited,http://purl.obolibrary.org/obo/HP_0005372,Abnormal B cell physiology,equivalentClass,characteristic of,has part some > characteristic of some,restriction_filler,False,False,http://purl.obolibrary.org/obo/CL_0000236,B cell,False,,,,,True
http://purl.obolibrary.org/obo/HP_0008352,Impaired platelet adhesion,inherited,http://purl.obolibrary.org/obo/HP_0001872,Abnormality of thrombocytes,equivalentClass,characteristic of part of,has part some > characteristic of part of some,restriction_filler,False,False,http://purl.obolibrary.org/obo/CL_0000233,platelet,False,,,,,True
http://purl.obolibrary.org/obo/HP_0008352,Impaired platelet adhesion,inherited,http://purl.obolibrary.org/obo/HP_0011869,Abnormal platelet function,equivalentClass,characteristic of,has part some > characteristic of some,restriction_filler,False,False,http://purl.obolibrary.org/obo/CL_0000233,platelet,False,,,,,True
http://purl.obolibrary.org/obo/HP_0008972,Decreased activity of mitochondrial respiratory chain,inherited,http://purl.obolibrary.org/obo/HP_0025354,Abnormal cellular phenotype,equivalentClass,characteristic of part of,has part some > characteristic of part of some,restriction_filler,False,False,http://purl.obolibrary.org/obo/CL_0000000,cell,False,,,,,True
http://purl.obolibrary.org/obo/HP_0008972,Decreased activity of mitochondrial respiratory chain,inherited,http://purl.obolibrary.org/obo/HP_0011017,Abnormal cellular physiology,equivalentClass,characteristic of,has part some > characteristic of some,restriction_filler,False,False,http://purl.obolibrary.org/obo/CL_0000000,cell,False,,,,,True
http://purl.obolibrary.org/obo/HP_0009037,Segmental spinal muscular atrophy,inherited,http://purl.obolibrary.org/obo/HP_0007269,Spinal muscular atrophy,equivalentClass,towards,has part some > towards some,restriction_filler,False,False,http://purl.obolibrary.org/obo/CL_0000100,motor neuron,False,,,,,True
http://purl.obolibrary.org/obo/HP_0009067,Progressive spinal muscular atrophy,inherited,http://purl.obolibrary.org/obo/HP_0007269,Spinal muscular atrophy,equivalentClass,towards,has part some > towards some,restriction_filler,False,False,http://purl.obolibrary.org/obo/CL_0000100,motor neuron,False,,,,,True
http://purl.obolibrary.org/obo/HP_0009141,Depletion of mitochondrial DNA in muscle tissue,inherited,http://purl.obolibrary.org/obo/HP_0025354,Abnormal cellular phenotype,equivalentClass,characteristic of part of,has part some > characteristic of part of some,restriction_filler,False,False,http://purl.obolibrary.org/obo/CL_0000000,cell,False,,,,,True
http://purl.obolibrary.org/obo/HP_0009141,Depletion of mitochondrial DNA in muscle tissue,inherited,http://purl.obolibrary.org/obo/HP_0011017,Abnormal cellular physiology,equivalentClass,characteristic of,has part some > characteristic of some,restriction_filler,False,False,http://purl.obolibrary.org/obo/CL_0000000,cell,False,,,,,True
http://purl.obolibrary.org/obo/HP_0009592,Astrocytoma,inherited,http://purl.obolibrary.org/obo/HP_0100705,Abnormal glial cell morphology,equivalentClass,characteristic of part of,has part some > characteristic of part of some,restriction_filler,False,False,http://purl.obolibrary.org/obo/CL_0000125,glial cell,False,,,,,True
http://purl.obolibrary.org/obo/HP_0009592,Astrocytoma,inherited,http://purl.obolibrary.org/obo/HP_0100707,Abnormal astrocyte morphology,equivalentClass,characteristic of part of,has part some > characteristic of part of some,restriction_filler,False,False,http://purl.obolibrary.org/obo/CL_0000127,astrocyte,False,,,,,True
http://purl.obolibrary.org/obo/HP_0009718,Subependymal giant-cell astrocytoma,inherited,http://purl.obolibrary.org/obo/HP_0100705,Abnormal glial cell morphology,equivalentClass,characteristic of part of,has part some > characteristic of part of some,restriction_filler,False,False,http://purl.obolibrary.org/obo/CL_0000125,glial cell,False,,,,,True
http://purl.obolibrary.org/obo/HP_0009718,Subependymal giant-cell astrocytoma,inherited,http://purl.obolibrary.org/obo/HP_0100707,Abnormal astrocyte morphology,equivalentClass,characteristic of part of,has part some > characteristic of part of some,restriction_filler,False,False,http://purl.obolibrary.org/obo/CL_0000127,astrocyte,False,,,,,True
http://purl.obolibrary.org/obo/HP_0009733,Glioma,inherited,http://purl.obolibrary.org/obo/HP_0100705,Abnormal glial cell morphology,equivalentClass,characteristic of part of,has part some > characteristic of part of some,restriction_filler,False,False,http://purl.obolibrary.org/obo/CL_0000125,glial cell,False,,,,,True
http://purl.obolibrary.org/obo/HP_0009734,Optic nerve glioma,inherited,http://purl.obolibrary.org/obo/HP_0100705,Abnormal glial cell morphology,equivalentClass,characteristic of part of,has part some > characteristic of part of some,restriction_filler,False,False,http://purl.obolibrary.org/obo/CL_0000125,glial cell,False,,,,,True
http://purl.obolibrary.org/obo/HP_0010549,Weakness due to upper motor neuron dysfunction,inherited,http://purl.obolibrary.org/obo/HP_0002493,Upper motor neuron dysfunction,equivalentClass,characteristic of,has part some > characteristic of some,intersection_operand,False,False,http://purl.obolibrary.org/obo/CL_0000540,neuron,False,,,,,True
http://purl.obolibrary.org/obo/HP_0010550,Paraplegia,inherited,http://purl.obolibrary.org/obo/HP_0002493,Upper motor neuron dysfunction,equivalentClass,characteristic of,has part some > characteristic of some,intersection_operand,False,False,http://purl.obolibrary.org/obo/CL_0000540,neuron,False,,,,,True
http://purl.obolibrary.org/obo/HP_0010551,Paraplegia/paraparesis,inherited,http://purl.obolibrary.org/obo/HP_0002493,Upper motor neuron dysfunction,equivalentClass,characteristic of,has part some > characteristic of some,intersection_operand,False,False,http://purl.obolibrary.org/obo/CL_0000540,neuron,False,,,,,True
http://purl.obolibrary.org/obo/HP_0010602,Type 2 muscle fiber predominance,inherited,http://purl.obolibrary.org/obo/HP_0004303,Abnormal muscle fiber morphology,equivalentClass,characteristic of part of,has part some > characteristic of part of some,restriction_filler,False,False,http://purl.obolibrary.org/obo/CL_0000188,cell of skeletal muscle,False,,,,,True
http://purl.obolibrary.org/obo/HP_0010701,Abnormal circulating immunoglobulin concentration,inherited,http://purl.obolibrary.org/obo/HP_0025354,Abnormal cellular phenotype,equivalentClass,characteristic of part of,has part some > characteristic of part of some,restriction_filler,False,False,http://purl.obolibrary.org/obo/CL_0000000,cell,False,,,,,True
http://purl.obolibrary.org/obo/HP_0010701,Abnormal circulating immunoglobulin concentration,inherited,http://purl.obolibrary.org/obo/HP_0011017,Abnormal cellular physiology,equivalentClass,characteristic of,has part some > characteristic of some,restriction_filler,False,False,http://purl.obolibrary.org/obo/CL_0000000,cell,False,,,,,True
http://purl.obolibrary.org/obo/HP_0010701,Abnormal circulating immunoglobulin concentration,inherited,http://purl.obolibrary.org/obo/HP_0005372,Abnormal B cell physiology,equivalentClass,characteristic of,has part some > characteristic of some,restriction_filler,False,False,http://purl.obolibrary.org/obo/CL_0000236,B cell,False,,,,,True
http://purl.obolibrary.org/obo/HP_0010702,Increased circulating immunoglobulin concentration,inherited,http://purl.obolibrary.org/obo/HP_0025354,Abnormal cellular phenotype,equivalentClass,characteristic of part of,has part some > characteristic of part of some,restriction_filler,False,False,http://purl.obolibrary.org/obo/CL_0000000,cell,False,,,,,True
http://purl.obolibrary.org/obo/HP_0010702,Increased circulating immunoglobulin concentration,inherited,http://purl.obolibrary.org/obo/HP_0011017,Abnormal cellular physiology,equivalentClass,characteristic of,has part some > characteristic of some,restriction_filler,False,False,http://purl.obolibrary.org/obo/CL_0000000,cell,False,,,,,True
http://purl.obolibrary.org/obo/HP_0010702,Increased circulating immunoglobulin concentration,inherited,http://purl.obolibrary.org/obo/HP_0005372,Abnormal B cell physiology,equivalentClass,characteristic of,has part some > characteristic of some,restriction_filler,False,False,http://purl.obolibrary.org/obo/CL_0000236,B cell,False,,,,,True
http://purl.obolibrary.org/obo/HP_0010789,Abnormality of the Leydig cells,direct,http://purl.obolibrary.org/obo/HP_0010789,Abnormality of the Leydig cells,equivalentClass,characteristic of part of,has part some > characteristic of part of some,restriction_filler,False,False,http://purl.obolibrary.org/obo/CL_0000178,Leydig cell,False,,,,,True
http://purl.obolibrary.org/obo/HP_0010790,Hypoplasia of the Leydig cells,direct,http://purl.obolibrary.org/obo/HP_0010790,Hypoplasia of the Leydig cells,equivalentClass,characteristic of,has part some > characteristic of some,restriction_filler,False,False,http://purl.obolibrary.org/obo/CL_0000178,Leydig cell,False,,,,,True
http://purl.obolibrary.org/obo/HP_0010790,Hypoplasia of the Leydig cells,inherited,http://purl.obolibrary.org/obo/HP_0010789,Abnormality of the Leydig cells,equivalentClass,characteristic of part of,has part some > characteristic of part of some,restriction_filler,False,False,http://purl.obolibrary.org/obo/CL_0000178,Leydig cell,False,,,,,True
http://purl.obolibrary.org/obo/HP_0010791,Hyperplasia of the Leydig cells,direct,http://purl.obolibrary.org/obo/HP_0010791,Hyperplasia of the Leydig cells,equivalentClass,characteristic of,has part some > characteristic of some,restriction_filler,False,False,http://purl.obolibrary.org/obo/CL_0000178,Leydig cell,False,,,,,True
http://purl.obolibrary.org/obo/HP_0010791,Hyperplasia of the Leydig cells,inherited,http://purl.obolibrary.org/obo/HP_0010789,Abnormality of the Leydig cells,equivalentClass,characteristic of part of,has part some > characteristic of part of some,restriction_filler,False,False,http://purl.obolibrary.org/obo/CL_0000178,Leydig cell,False,,,,,True
http://purl.obolibrary.org/obo/HP_0010795,Cerebellar glioma,inherited,http://purl.obolibrary.org/obo/HP_0100705,Abnormal glial cell morphology,equivalentClass,characteristic of part of,has part some > characteristic of part of some,restriction_filler,False,False,http://purl.obolibrary.org/obo/CL_0000125,glial cell,False,,,,,True
http://purl.obolibrary.org/obo/HP_0010796,Brainstem glioma,inherited,http://purl.obolibrary.org/obo/HP_0100705,Abnormal glial cell morphology,equivalentClass,characteristic of part of,has part some > characteristic of part of some,restriction_filler,False,False,http://purl.obolibrary.org/obo/CL_0000125,glial cell,False,,,,,True
http://purl.obolibrary.org/obo/HP_0010875,Chaddock reflex,inherited,http://purl.obolibrary.org/obo/HP_0002493,Upper motor neuron dysfunction,equivalentClass,characteristic of,has part some > characteristic of some,intersection_operand,False,False,http://purl.obolibrary.org/obo/CL_0000540,neuron,False,,,,,True
http://purl.obolibrary.org/obo/HP_0010970,Blood group antigen abnormality,inherited,http://purl.obolibrary.org/obo/HP_0001877,Abnormal erythrocyte morphology,equivalentClass,characteristic of part of,has part some > characteristic of part of some,restriction_filler,False,False,http://purl.obolibrary.org/obo/CL_0000232,erythrocyte,False,,,,,True
http://purl.obolibrary.org/obo/HP_0010971,Absence of Lutheran antigen on erythrocytes,inherited,http://purl.obolibrary.org/obo/HP_0001877,Abnormal erythrocyte morphology,equivalentClass,characteristic of part of,has part some > characteristic of part of some,restriction_filler,False,False,http://purl.obolibrary.org/obo/CL_0000232,erythrocyte,False,,,,,True
http://purl.obolibrary.org/obo/HP_0010972,Anemia of inadequate production,inherited,http://purl.obolibrary.org/obo/HP_0001877,Abnormal erythrocyte morphology,equivalentClass,characteristic of part of,has part some > characteristic of part of some,restriction_filler,False,False,http://purl.obolibrary.org/obo/CL_0000232,erythrocyte,False,,,,,True
http://purl.obolibrary.org/obo/HP_0010972,Anemia of inadequate production,inherited,http://purl.obolibrary.org/obo/HP_0001903,Anemia,equivalentClass,characteristic of,has part some > characteristic of some,restriction_filler,True,False,http://purl.obolibrary.org/obo/CL_0000232,erythrocyte,False,,,,,True
http://purl.obolibrary.org/obo/HP_0010974,Abnormal myeloid leukocyte morphology,direct,http://purl.obolibrary.org/obo/HP_0010974,Abnormal myeloid leukocyte morphology,equivalentClass,characteristic of,has part some > characteristic of some,restriction_filler,False,False,http://purl.obolibrary.org/obo/CL_0000766,myeloid leukocyte,False,,,,,True
http://purl.obolibrary.org/obo/HP_0010974,Abnormal myeloid leukocyte morphology,inherited,http://purl.obolibrary.org/obo/HP_0001881,Abnormal leukocyte morphology,equivalentClass,characteristic of part of,has part some > characteristic of part of some,restriction_filler,False,False,http://purl.obolibrary.org/obo/CL_0000738,leukocyte,False,,,,,True
http://purl.obolibrary.org/obo/HP_0010975,Abnormal total B cell count,direct,http://purl.obolibrary.org/obo/HP_0010975,Abnormal total B cell count,equivalentClass,characteristic of,has part some > characteristic of some,restriction_filler,False,False,http://purl.obolibrary.org/obo/CL_0000236,B cell,False,,,,,True
http://purl.obolibrary.org/obo/HP_0010975,Abnormal total B cell count,inherited,http://purl.obolibrary.org/obo/HP_0004332,Abnormal lymphocyte morphology,equivalentClass,characteristic of part of,has part some > characteristic of part of some,restriction_filler,False,False,http://purl.obolibrary.org/obo/CL_0000542,lymphocyte,False,,,,,True
http://purl.obolibrary.org/obo/HP_0010975,Abnormal total B cell count,inherited,http://purl.obolibrary.org/obo/HP_0040088,Abnormal lymphocyte count,equivalentClass,characteristic of,has part some > characteristic of some,restriction_filler,False,False,http://purl.obolibrary.org/obo/CL_0000542,lymphocyte,False,,,,,True
http://purl.obolibrary.org/obo/HP_0010975,Abnormal total B cell count,inherited,http://purl.obolibrary.org/obo/HP_0001881,Abnormal leukocyte morphology,equivalentClass,characteristic of part of,has part some > characteristic of part of some,restriction_filler,False,False,http://purl.obolibrary.org/obo/CL_0000738,leukocyte,False,,,,,True
http://purl.obolibrary.org/obo/HP_0010975,Abnormal total B cell count,inherited,http://purl.obolibrary.org/obo/HP_0011893,Abnormal leukocyte count,equivalentClass,characteristic of,has part some > characteristic of some,restriction_filler,False,False,http://purl.obolibrary.org/obo/CL_0000738,leukocyte,False,,,,,True
http://purl.obolibrary.org/obo/HP_0010976,Decreased total B cell count,direct,http://purl.obolibrary.org/obo/HP_0010976,Decreased total B cell count,equivalentClass,characteristic of,has part some > characteristic of some,restriction_filler,False,False,http://purl.obolibrary.org/obo/CL_0000236,B cell,False,,,,,True
http://purl.obolibrary.org/obo/HP_0010976,Decreased total B cell count,inherited,http://purl.obolibrary.org/obo/HP_0004332,Abnormal lymphocyte morphology,equivalentClass,characteristic of part of,has part some > characteristic of part of some,restriction_filler,False,False,http://purl.obolibrary.org/obo/CL_0000542,lymphocyte,False,,,,,True
http://purl.obolibrary.org/obo/HP_0010976,Decreased total B cell count,inherited,http://purl.obolibrary.org/obo/HP_0040088,Abnormal lymphocyte count,equivalentClass,characteristic of,has part some > characteristic of some,restriction_filler,False,False,http://purl.obolibrary.org/obo/CL_0000542,lymphocyte,False,,,,,True
http://purl.obolibrary.org/obo/HP_0010976,Decreased total B cell count,inherited,http://purl.obolibrary.org/obo/HP_0001881,Abnormal leukocyte morphology,equivalentClass,characteristic of part of,has part some > characteristic of part of some,restriction_filler,False,False,http://purl.obolibrary.org/obo/CL_0000738,leukocyte,False,,,,,True
http://purl.obolibrary.org/obo/HP_0010976,Decreased total B cell count,inherited,http://purl.obolibrary.org/obo/HP_0011893,Abnormal leukocyte count,equivalentClass,characteristic of,has part some > characteristic of some,restriction_filler,False,False,http://purl.obolibrary.org/obo/CL_0000738,leukocyte,False,,,,,True
http://purl.obolibrary.org/obo/HP_0010997,Chromosomal breakage induced by ionizing radiation,inherited,http://purl.obolibrary.org/obo/HP_0025354,Abnormal cellular phenotype,equivalentClass,characteristic of part of,has part some > characteristic of part of some,restriction_filler,False,False,http://purl.obolibrary.org/obo/CL_0000000,cell,False,,,,,True
http://purl.obolibrary.org/obo/HP_0010997,Chromosomal breakage induced by ionizing radiation,inherited,http://purl.obolibrary.org/obo/HP_0011017,Abnormal cellular physiology,equivalentClass,characteristic of,has part some > characteristic of some,restriction_filler,False,False,http://purl.obolibrary.org/obo/CL_0000000,cell,False,,,,,True
http://purl.obolibrary.org/obo/HP_0010998,Increased susceptibility to spontaneous sister chromatid exchange,inherited,http://purl.obolibrary.org/obo/HP_0025354,Abnormal cellular phenotype,equivalentClass,characteristic of part of,has part some > characteristic of part of some,restriction_filler,False,False,http://purl.obolibrary.org/obo/CL_0000000,cell,False,,,,,True
http://purl.obolibrary.org/obo/HP_0010998,Increased susceptibility to spontaneous sister chromatid exchange,inherited,http://purl.obolibrary.org/obo/HP_0011017,Abnormal cellular physiology,equivalentClass,characteristic of,has part some > characteristic of some,restriction_filler,False,False,http://purl.obolibrary.org/obo/CL_0000000,cell,False,,,,,True
http://purl.obolibrary.org/obo/HP_0011017,Abnormal cellular physiology,direct,http://purl.obolibrary.org/obo/HP_0011017,Abnormal cellular physiology,equivalentClass,characteristic of,has part some > characteristic of some,restriction_filler,False,False,http://purl.obolibrary.org/obo/CL_0000000,cell,False,,,,,True
http://purl.obolibrary.org/obo/HP_0011017,Abnormal cellular physiology,inherited,http://purl.obolibrary.org/obo/HP_0025354,Abnormal cellular phenotype,equivalentClass,characteristic of part of,has part some > characteristic of part of some,restriction_filler,False,False,http://purl.obolibrary.org/obo/CL_0000000,cell,False,,,,,True
http://purl.obolibrary.org/obo/HP_0011018,Abnormality of the cell cycle,inherited,http://purl.obolibrary.org/obo/HP_0025354,Abnormal cellular phenotype,equivalentClass,characteristic of part of,has part some > characteristic of part of some,restriction_filler,False,False,http://purl.obolibrary.org/obo/CL_0000000,cell,False,,,,,True
http://purl.obolibrary.org/obo/HP_0011018,Abnormality of the cell cycle,inherited,http://purl.obolibrary.org/obo/HP_0011017,Abnormal cellular physiology,equivalentClass,characteristic of,has part some > characteristic of some,restriction_filler,False,False,http://purl.obolibrary.org/obo/CL_0000000,cell,False,,,,,True
http://purl.obolibrary.org/obo/HP_0011019,Abnormality of chromosome condensation,inherited,http://purl.obolibrary.org/obo/HP_0025354,Abnormal cellular phenotype,equivalentClass,characteristic of part of,has part some > characteristic of part of some,restriction_filler,False,False,http://purl.obolibrary.org/obo/CL_0000000,cell,False,,,,,True
http://purl.obolibrary.org/obo/HP_0011019,Abnormality of chromosome condensation,inherited,http://purl.obolibrary.org/obo/HP_0011017,Abnormal cellular physiology,equivalentClass,characteristic of,has part some > characteristic of some,restriction_filler,False,False,http://purl.obolibrary.org/obo/CL_0000000,cell,False,,,,,True
http://purl.obolibrary.org/obo/HP_0011020,Abnormality of mucopolysaccharide metabolism,inherited,http://purl.obolibrary.org/obo/HP_0025354,Abnormal cellular phenotype,equivalentClass,characteristic of part of,has part some > characteristic of part of some,restriction_filler,False,False,http://purl.obolibrary.org/obo/CL_0000000,cell,False,,,,,True
http://purl.obolibrary.org/obo/HP_0011020,Abnormality of mucopolysaccharide metabolism,inherited,http://purl.obolibrary.org/obo/HP_0011017,Abnormal cellular physiology,equivalentClass,characteristic of,has part some > characteristic of some,restriction_filler,False,False,http://purl.obolibrary.org/obo/CL_0000000,cell,False,,,,,True
http://purl.obolibrary.org/obo/HP_0011099,Spastic hemiparesis,inherited,http://purl.obolibrary.org/obo/HP_0002493,Upper motor neuron dysfunction,equivalentClass,characteristic of,has part some > characteristic of some,intersection_operand,False,False,http://purl.obolibrary.org/obo/CL_0000540,neuron,False,,,,,True
http://purl.obolibrary.org/obo/HP_0011133,Increased sensitivity to ionizing radiation,inherited,http://purl.obolibrary.org/obo/HP_0025354,Abnormal cellular phenotype,equivalentClass,characteristic of part of,has part some > characteristic of part of some,restriction_filler,False,False,http://purl.obolibrary.org/obo/CL_0000000,cell,False,,,,,True
http://purl.obolibrary.org/obo/HP_0011133,Increased sensitivity to ionizing radiation,inherited,http://purl.obolibrary.org/obo/HP_0011017,Abnormal cellular physiology,equivalentClass,characteristic of,has part some > characteristic of some,restriction_filler,False,False,http://purl.obolibrary.org/obo/CL_0000000,cell,False,,,,,True
http://purl.obolibrary.org/obo/HP_0011273,Anisocytosis,inherited,http://purl.obolibrary.org/obo/HP_0001877,Abnormal erythrocyte morphology,equivalentClass,characteristic of part of,has part some > characteristic of part of some,restriction_filler,False,False,http://purl.obolibrary.org/obo/CL_0000232,erythrocyte,False,,,,,True
http://purl.obolibrary.org/obo/HP_0011447,Hyposegmentation of neutrophil nuclei,inherited,http://purl.obolibrary.org/obo/HP_0001911,Abnormal granulocyte morphology,equivalentClass,characteristic of part of,has part some > characteristic of part of some,restriction_filler,False,False,http://purl.obolibrary.org/obo/CL_0000094,granulocyte,False,,,,,True
http://purl.obolibrary.org/obo/HP_0011447,Hyposegmentation of neutrophil nuclei,inherited,http://purl.obolibrary.org/obo/HP_0001881,Abnormal leukocyte morphology,equivalentClass,characteristic of part of,has part some > characteristic of part of some,restriction_filler,False,False,http://purl.obolibrary.org/obo/CL_0000738,leukocyte,False,,,,,True
http://purl.obolibrary.org/obo/HP_0011447,Hyposegmentation of neutrophil nuclei,inherited,http://purl.obolibrary.org/obo/HP_0010974,Abnormal myeloid leukocyte morphology,equivalentClass,characteristic of,has part some > characteristic of some,restriction_filler,False,False,http://purl.obolibrary.org/obo/CL_0000766,myeloid leukocyte,False,,,,,True
http://purl.obolibrary.org/obo/HP_0011447,Hyposegmentation of neutrophil nuclei,inherited,http://purl.obolibrary.org/obo/HP_0001874,Abnormality of neutrophils,equivalentClass,characteristic of part of,has part some > characteristic of part of some,restriction_filler,False,False,http://purl.obolibrary.org/obo/CL_0000775,neutrophil,False,,,,,True
http://purl.obolibrary.org/obo/HP_0011807,Type 1 muscle fiber atrophy,inherited,http://purl.obolibrary.org/obo/HP_0004303,Abnormal muscle fiber morphology,equivalentClass,characteristic of part of,has part some > characteristic of part of some,restriction_filler,False,False,http://purl.obolibrary.org/obo/CL_0000188,cell of skeletal muscle,False,,,,,True
http://purl.obolibrary.org/obo/HP_0011839,Abnormal total T cell number,direct,http://purl.obolibrary.org/obo/HP_0011839,Abnormal total T cell number,equivalentClass,characteristic of,has part some > characteristic of some,restriction_filler,False,False,http://purl.obolibrary.org/obo/CL_0000084,T cell,False,,,,,True
http://purl.obolibrary.org/obo/HP_0011839,Abnormal total T cell number,inherited,http://purl.obolibrary.org/obo/HP_0004332,Abnormal lymphocyte morphology,equivalentClass,characteristic of part of,has part some > characteristic of part of some,restriction_filler,False,False,http://purl.obolibrary.org/obo/CL_0000542,lymphocyte,False,,,,,True
http://purl.obolibrary.org/obo/HP_0011839,Abnormal total T cell number,inherited,http://purl.obolibrary.org/obo/HP_0040088,Abnormal lymphocyte count,equivalentClass,characteristic of,has part some > characteristic of some,restriction_filler,False,False,http://purl.obolibrary.org/obo/CL_0000542,lymphocyte,False,,,,,True
http://purl.obolibrary.org/obo/HP_0011839,Abnormal total T cell number,inherited,http://purl.obolibrary.org/obo/HP_0001881,Abnormal leukocyte morphology,equivalentClass,characteristic of part of,has part some > characteristic of part of some,restriction_filler,False,False,http://purl.obolibrary.org/obo/CL_0000738,leukocyte,False,,,,,True
http://purl.obolibrary.org/obo/HP_0011839,Abnormal total T cell number,inherited,http://purl.obolibrary.org/obo/HP_0011893,Abnormal leukocyte count,equivalentClass,characteristic of,has part some > characteristic of some,restriction_filler,False,False,http://purl.obolibrary.org/obo/CL_0000738,leukocyte,False,,,,,True
http://purl.obolibrary.org/obo/HP_0011840,Abnormal T cell physiology,direct,http://purl.obolibrary.org/obo/HP_0011840,Abnormal T cell physiology,equivalentClass,characteristic of,has part some > characteristic of some,restriction_filler,False,False,http://purl.obolibrary.org/obo/CL_0000084,T cell,False,,,,,True
http://purl.obolibrary.org/obo/HP_0011840,Abnormal T cell physiology,inherited,http://purl.obolibrary.org/obo/HP_0025354,Abnormal cellular phenotype,equivalentClass,characteristic of part of,has part some > characteristic of part of some,restriction_filler,False,False,http://purl.obolibrary.org/obo/CL_0000000,cell,False,,,,,True
http://purl.obolibrary.org/obo/HP_0011840,Abnormal T cell physiology,inherited,http://purl.obolibrary.org/obo/HP_0011017,Abnormal cellular physiology,equivalentClass,characteristic of,has part some > characteristic of some,restriction_filler,False,False,http://purl.obolibrary.org/obo/CL_0000000,cell,False,,,,,True
http://purl.obolibrary.org/obo/HP_0011869,Abnormal platelet function,direct,http://purl.obolibrary.org/obo/HP_0011869,Abnormal platelet function,equivalentClass,characteristic of,has part some > characteristic of some,restriction_filler,False,False,http://purl.obolibrary.org/obo/CL_0000233,platelet,False,,,,,True
http://purl.obolibrary.org/obo/HP_0011869,Abnormal platelet function,inherited,http://purl.obolibrary.org/obo/HP_0001872,Abnormality of thrombocytes,equivalentClass,characteristic of part of,has part some > characteristic of part of some,restriction_filler,False,False,http://purl.obolibrary.org/obo/CL_0000233,platelet,False,,,,,True
http://purl.obolibrary.org/obo/HP_0011870,Impaired arachidonic acid-induced platelet aggregation,inherited,http://purl.obolibrary.org/obo/HP_0001872,Abnormality of thrombocytes,equivalentClass,characteristic of part of,has part some > characteristic of part of some,restriction_filler,False,False,http://purl.obolibrary.org/obo/CL_0000233,platelet,False,,,,,True
http://purl.obolibrary.org/obo/HP_0011870,Impaired arachidonic acid-induced platelet aggregation,inherited,http://purl.obolibrary.org/obo/HP_0011869,Abnormal platelet function,equivalentClass,characteristic of,has part some > characteristic of some,restriction_filler,False,False,http://purl.obolibrary.org/obo/CL_0000233,platelet,False,,,,,True
http://purl.obolibrary.org/obo/HP_0011871,Impaired ristocetin-induced platelet aggregation,inherited,http://purl.obolibrary.org/obo/HP_0001872,Abnormality of thrombocytes,equivalentClass,characteristic of part of,has part some > characteristic of part of some,restriction_filler,False,False,http://purl.obolibrary.org/obo/CL_0000233,platelet,False,,,,,True
http://purl.obolibrary.org/obo/HP_0011871,Impaired ristocetin-induced platelet aggregation,inherited,http://purl.obolibrary.org/obo/HP_0011869,Abnormal platelet function,equivalentClass,characteristic of,has part some > characteristic of some,restriction_filler,False,False,http://purl.obolibrary.org/obo/CL_0000233,platelet,False,,,,,True
http://purl.obolibrary.org/obo/HP_0011872,Impaired thrombin-induced platelet aggregation,inherited,http://purl.obolibrary.org/obo/HP_0001872,Abnormality of thrombocytes,equivalentClass,characteristic of part of,has part some > characteristic of part of some,restriction_filler,False,False,http://purl.obolibrary.org/obo/CL_0000233,platelet,False,,,,,True
http://purl.obolibrary.org/obo/HP_0011872,Impaired thrombin-induced platelet aggregation,inherited,http://purl.obolibrary.org/obo/HP_0011869,Abnormal platelet function,equivalentClass,characteristic of,has part some > characteristic of some,restriction_filler,False,False,http://purl.obolibrary.org/obo/CL_0000233,platelet,False,,,,,True
http://purl.obolibrary.org/obo/HP_0011873,Abnormal platelet count,direct,http://purl.obolibrary.org/obo/HP_0011873,Abnormal platelet count,equivalentClass,characteristic of,has part some > characteristic of some,restriction_filler,False,False,http://purl.obolibrary.org/obo/CL_0000233,platelet,False,,,,,True
http://purl.obolibrary.org/obo/HP_0011873,Abnormal platelet count,inherited,http://purl.obolibrary.org/obo/HP_0001872,Abnormality of thrombocytes,equivalentClass,characteristic of part of,has part some > characteristic of part of some,restriction_filler,False,False,http://purl.obolibrary.org/obo/CL_0000233,platelet,False,,,,,True
http://purl.obolibrary.org/obo/HP_0011874,Heparin-induced thrombocytopenia,inherited,http://purl.obolibrary.org/obo/HP_0001872,Abnormality of thrombocytes,equivalentClass,characteristic of part of,has part some > characteristic of part of some,restriction_filler,False,False,http://purl.obolibrary.org/obo/CL_0000233,platelet,False,,,,,True
http://purl.obolibrary.org/obo/HP_0011874,Heparin-induced thrombocytopenia,inherited,http://purl.obolibrary.org/obo/HP_0001873,Thrombocytopenia,equivalentClass,characteristic of,has part some > characteristic of some,restriction_filler,False,False,http://purl.obolibrary.org/obo/CL_0000233,platelet,False,,,,,True
http://purl.obolibrary.org/obo/HP_0011875,Abnormal platelet morphology,direct,http://purl.obolibrary.org/obo/HP_0011875,Abnormal platelet morphology,equivalentClass,characteristic of,has part some > characteristic of some,restriction_filler,False,False,http://purl.obolibrary.org/obo/CL_0000233,platelet,False,,,,,True
http://purl.obolibrary.org/obo/HP_0011875,Abnormal platelet morphology,inherited,http://purl.obolibrary.org/obo/HP_0001872,Abnormality of thrombocytes,equivalentClass,characteristic of part of,has part some > characteristic of part of some,restriction_filler,False,False,http://purl.obolibrary.org/obo/CL_0000233,platelet,False,,,,,True
http://purl.obolibrary.org/obo/HP_0011876,Abnormal platelet volume,direct,http://purl.obolibrary.org/obo/HP_0011876,Abnormal platelet volume,equivalentClass,characteristic of,has part some > characteristic of some,restriction_filler,False,False,http://purl.obolibrary.org/obo/CL_0000233,platelet,False,,,,,True
http://purl.obolibrary.org/obo/HP_0011876,Abnormal platelet volume,inherited,http://purl.obolibrary.org/obo/HP_0001872,Abnormality of thrombocytes,equivalentClass,characteristic of part of,has part some > characteristic of part of some,restriction_filler,False,False,http://purl.obolibrary.org/obo/CL_0000233,platelet,False,,,,,True
http://purl.obolibrary.org/obo/HP_0011877,Increased mean platelet volume,direct,http://purl.obolibrary.org/obo/HP_0011877,Increased mean platelet volume,equivalentClass,characteristic of,has part some > characteristic of some,restriction_filler,False,False,http://purl.obolibrary.org/obo/CL_0000233,platelet,False,,,,,True
http://purl.obolibrary.org/obo/HP_0011877,Increased mean platelet volume,inherited,http://purl.obolibrary.org/obo/HP_0001872,Abnormality of thrombocytes,equivalentClass,characteristic of part of,has part some > characteristic of part of some,restriction_filler,False,False,http://purl.obolibrary.org/obo/CL_0000233,platelet,False,,,,,True
http://purl.obolibrary.org/obo/HP_0011878,Abnormal platelet membrane protein expression,inherited,http://purl.obolibrary.org/obo/HP_0001872,Abnormality of thrombocytes,equivalentClass,characteristic of part of,has part some > characteristic of part of some,restriction_filler,False,False,http://purl.obolibrary.org/obo/CL_0000233,platelet,False,,,,,True
http://purl.obolibrary.org/obo/HP_0011878,Abnormal platelet membrane protein expression,inherited,http://purl.obolibrary.org/obo/HP_0011869,Abnormal platelet function,equivalentClass,characteristic of,has part some > characteristic of some,restriction_filler,False,False,http://purl.obolibrary.org/obo/CL_0000233,platelet,False,,,,,True
http://purl.obolibrary.org/obo/HP_0011879,Decreased platelet glycoprotein Ib-IX-V,inherited,http://purl.obolibrary.org/obo/HP_0001872,Abnormality of thrombocytes,equivalentClass,characteristic of part of,has part some > characteristic of part of some,restriction_filler,False,False,http://purl.obolibrary.org/obo/CL_0000233,platelet,False,,,,,True
http://purl.obolibrary.org/obo/HP_0011879,Decreased platelet glycoprotein Ib-IX-V,inherited,http://purl.obolibrary.org/obo/HP_0011869,Abnormal platelet function,equivalentClass,characteristic of,has part some > characteristic of some,restriction_filler,False,False,http://purl.obolibrary.org/obo/CL_0000233,platelet,False,,,,,True
http://purl.obolibrary.org/obo/HP_0011881,Decreased platelet glycoprotein VI,inherited,http://purl.obolibrary.org/obo/HP_0001872,Abnormality of thrombocytes,equivalentClass,characteristic of part of,has part some > characteristic of part of some,restriction_filler,False,False,http://purl.obolibrary.org/obo/CL_0000233,platelet,False,,,,,True
http://purl.obolibrary.org/obo/HP_0011881,Decreased platelet glycoprotein VI,inherited,http://purl.obolibrary.org/obo/HP_0011869,Abnormal platelet function,equivalentClass,characteristic of,has part some > characteristic of some,restriction_filler,False,False,http://purl.obolibrary.org/obo/CL_0000233,platelet,False,,,,,True
http://purl.obolibrary.org/obo/HP_0011882,Decreased platelet P2Y12 receptor,inherited,http://purl.obolibrary.org/obo/HP_0001872,Abnormality of thrombocytes,equivalentClass,characteristic of part of,has part some > characteristic of part of some,restriction_filler,False,False,http://purl.obolibrary.org/obo/CL_0000233,platelet,False,,,,,True
http://purl.obolibrary.org/obo/HP_0011882,Decreased platelet P2Y12 receptor,inherited,http://purl.obolibrary.org/obo/HP_0011869,Abnormal platelet function,equivalentClass,characteristic of,has part some > characteristic of some,restriction_filler,False,False,http://purl.obolibrary.org/obo/CL_0000233,platelet,False,,,,,True
http://purl.obolibrary.org/obo/HP_0011883,Abnormal platelet granules,inherited,http://purl.obolibrary.org/obo/HP_0001872,Abnormality of thrombocytes,equivalentClass,characteristic of part of,has part some > characteristic of part of some,restriction_filler,False,False,http://purl.obolibrary.org/obo/CL_0000233,platelet,False,,,,,True
http://purl.obolibrary.org/obo/HP_0011883,Abnormal platelet granules,inherited,http://purl.obolibrary.org/obo/HP_0011875,Abnormal platelet morphology,equivalentClass,characteristic of,has part some > characteristic of some,restriction_filler,False,False,http://purl.obolibrary.org/obo/CL_0000233,platelet,False,,,,,True
http://purl.obolibrary.org/obo/HP_0011893,Abnormal leukocyte count,direct,http://purl.obolibrary.org/obo/HP_0011893,Abnormal leukocyte count,equivalentClass,characteristic of,has part some > characteristic of some,restriction_filler,False,False,http://purl.obolibrary.org/obo/CL_0000738,leukocyte,False,,,,,True
http://purl.obolibrary.org/obo/HP_0011893,Abnormal leukocyte count,inherited,http://purl.obolibrary.org/obo/HP_0001881,Abnormal leukocyte morphology,equivalentClass,characteristic of part of,has part some > characteristic of part of some,restriction_filler,False,False,http://purl.obolibrary.org/obo/CL_0000738,leukocyte,False,,,,,True
http://purl.obolibrary.org/obo/HP_0011894,Impaired thromboxane A2 agonist-induced platelet aggregation,inherited,http://purl.obolibrary.org/obo/HP_0001872,Abnormality of thrombocytes,equivalentClass,characteristic of part of,has part some > characteristic of part of some,restriction_filler,False,False,http://purl.obolibrary.org/obo/CL_0000233,platelet,False,,,,,True
http://purl.obolibrary.org/obo/HP_0011894,Impaired thromboxane A2 agonist-induced platelet aggregation,inherited,http://purl.obolibrary.org/obo/HP_0011869,Abnormal platelet function,equivalentClass,characteristic of,has part some > characteristic of some,restriction_filler,False,False,http://purl.obolibrary.org/obo/CL_0000233,platelet,False,,,,,True
http://purl.obolibrary.org/obo/HP_0011895,Anemia due to reduced life span of red cells,inherited,http://purl.obolibrary.org/obo/HP_0001877,Abnormal erythrocyte morphology,equivalentClass,characteristic of part of,has part some > characteristic of part of some,restriction_filler,False,False,http://purl.obolibrary.org/obo/CL_0000232,erythrocyte,False,,,,,True
http://purl.obolibrary.org/obo/HP_0011895,Anemia due to reduced life span of red cells,inherited,http://purl.obolibrary.org/obo/HP_0001903,Anemia,equivalentClass,characteristic of,has part some > characteristic of some,restriction_filler,True,False,http://purl.obolibrary.org/obo/CL_0000232,erythrocyte,False,,,,,True
http://purl.obolibrary.org/obo/HP_0011897,Increased total neutrophil count,inherited,http://purl.obolibrary.org/obo/HP_0001911,Abnormal granulocyte morphology,equivalentClass,characteristic of part of,has part some > characteristic of part of some,restriction_filler,False,False,http://purl.obolibrary.org/obo/CL_0000094,granulocyte,False,,,,,True
http://purl.obolibrary.org/obo/HP_0011897,Increased total neutrophil count,inherited,http://purl.obolibrary.org/obo/HP_0001881,Abnormal leukocyte morphology,equivalentClass,characteristic of part of,has part some > characteristic of part of some,restriction_filler,False,False,http://purl.obolibrary.org/obo/CL_0000738,leukocyte,False,,,,,True
http://purl.obolibrary.org/obo/HP_0011897,Increased total neutrophil count,inherited,http://purl.obolibrary.org/obo/HP_0011893,Abnormal leukocyte count,equivalentClass,characteristic of,has part some > characteristic of some,restriction_filler,False,False,http://purl.obolibrary.org/obo/CL_0000738,leukocyte,False,,,,,True
http://purl.obolibrary.org/obo/HP_0011897,Increased total neutrophil count,inherited,http://purl.obolibrary.org/obo/HP_0010974,Abnormal myeloid leukocyte morphology,equivalentClass,characteristic of,has part some > characteristic of some,restriction_filler,False,False,http://purl.obolibrary.org/obo/CL_0000766,myeloid leukocyte,False,,,,,True
http://purl.obolibrary.org/obo/HP_0011897,Increased total neutrophil count,inherited,http://purl.obolibrary.org/obo/HP_0001874,Abnormality of neutrophils,equivalentClass,characteristic of part of,has part some > characteristic of part of some,restriction_filler,False,False,http://purl.obolibrary.org/obo/CL_0000775,neutrophil,False,,,,,True
http://purl.obolibrary.org/obo/HP_0011897,Increased total neutrophil count,inherited,http://purl.obolibrary.org/obo/HP_0011991,Abnormal total neutrophil count,equivalentClass,characteristic of,has part some > characteristic of some,restriction_filler,False,False,http://purl.obolibrary.org/obo/CL_0000775,neutrophil,False,,,,,True
http://purl.obolibrary.org/obo/HP_0011902,Abnormal hemoglobin,inherited,http://purl.obolibrary.org/obo/HP_0001877,Abnormal erythrocyte morphology,equivalentClass,characteristic of part of,has part some > characteristic of part of some,restriction_filler,False,False,http://purl.obolibrary.org/obo/CL_0000232,erythrocyte,False,,,,,True
http://purl.obolibrary.org/obo/HP_0011903,HbH hemoglobin,inherited,http://purl.obolibrary.org/obo/HP_0001877,Abnormal erythrocyte morphology,equivalentClass,characteristic of part of,has part some > characteristic of part of some,restriction_filler,False,False,http://purl.obolibrary.org/obo/CL_0000232,erythrocyte,False,,,,,True
http://purl.obolibrary.org/obo/HP_0011904,Persistence of hemoglobin F,inherited,http://purl.obolibrary.org/obo/HP_0001877,Abnormal erythrocyte morphology,equivalentClass,characteristic of part of,has part some > characteristic of part of some,restriction_filler,False,False,http://purl.obolibrary.org/obo/CL_0000232,erythrocyte,False,,,,,True
http://purl.obolibrary.org/obo/HP_0011905,Reduced hemoglobin A,inherited,http://purl.obolibrary.org/obo/HP_0001877,Abnormal erythrocyte morphology,equivalentClass,characteristic of part of,has part some > characteristic of part of some,restriction_filler,False,False,http://purl.obolibrary.org/obo/CL_0000232,erythrocyte,False,,,,,True
http://purl.obolibrary.org/obo/HP_0011906,Reduced beta/alpha synthesis ratio,inherited,http://purl.obolibrary.org/obo/HP_0001877,Abnormal erythrocyte morphology,equivalentClass,characteristic of part of,has part some > characteristic of part of some,restriction_filler,False,False,http://purl.obolibrary.org/obo/CL_0000232,erythrocyte,False,,,,,True
http://purl.obolibrary.org/obo/HP_0011907,Reduced alpha/beta synthesis ratio,inherited,http://purl.obolibrary.org/obo/HP_0001877,Abnormal erythrocyte morphology,equivalentClass,characteristic of part of,has part some > characteristic of part of some,restriction_filler,False,False,http://purl.obolibrary.org/obo/CL_0000232,erythrocyte,False,,,,,True
http://purl.obolibrary.org/obo/HP_0011922,Abnormal activity of mitochondrial respiratory chain,inherited,http://purl.obolibrary.org/obo/HP_0025354,Abnormal cellular phenotype,equivalentClass,characteristic of part of,has part some > characteristic of part of some,restriction_filler,False,False,http://purl.obolibrary.org/obo/CL_0000000,cell,False,,,,,True
http://purl.obolibrary.org/obo/HP_0011922,Abnormal activity of mitochondrial respiratory chain,inherited,http://purl.obolibrary.org/obo/HP_0011017,Abnormal cellular physiology,equivalentClass,characteristic of,has part some > characteristic of some,restriction_filler,False,False,http://purl.obolibrary.org/obo/CL_0000000,cell,False,,,,,True
http://purl.obolibrary.org/obo/HP_0011923,Decreased activity of mitochondrial complex I,inherited,http://purl.obolibrary.org/obo/HP_0025354,Abnormal cellular phenotype,equivalentClass,characteristic of part of,has part some > characteristic of part of some,restriction_filler,False,False,http://purl.obolibrary.org/obo/CL_0000000,cell,False,,,,,True
http://purl.obolibrary.org/obo/HP_0011923,Decreased activity of mitochondrial complex I,inherited,http://purl.obolibrary.org/obo/HP_0011017,Abnormal cellular physiology,equivalentClass,characteristic of,has part some > characteristic of some,restriction_filler,False,False,http://purl.obolibrary.org/obo/CL_0000000,cell,False,,,,,True
http://purl.obolibrary.org/obo/HP_0011924,Decreased activity of mitochondrial complex III,inherited,http://purl.obolibrary.org/obo/HP_0025354,Abnormal cellular phenotype,equivalentClass,characteristic of part of,has part some > characteristic of part of some,restriction_filler,False,False,http://purl.obolibrary.org/obo/CL_0000000,cell,False,,,,,True
http://purl.obolibrary.org/obo/HP_0011924,Decreased activity of mitochondrial complex III,inherited,http://purl.obolibrary.org/obo/HP_0011017,Abnormal cellular physiology,equivalentClass,characteristic of,has part some > characteristic of some,restriction_filler,False,False,http://purl.obolibrary.org/obo/CL_0000000,cell,False,,,,,True
http://purl.obolibrary.org/obo/HP_0011925,Decreased activity of mitochondrial ATP synthase complex,inherited,http://purl.obolibrary.org/obo/HP_0025354,Abnormal cellular phenotype,equivalentClass,characteristic of part of,has part some > characteristic of part of some,restriction_filler,False,False,http://purl.obolibrary.org/obo/CL_0000000,cell,False,,,,,True
http://purl.obolibrary.org/obo/HP_0011925,Decreased activity of mitochondrial ATP synthase complex,inherited,http://purl.obolibrary.org/obo/HP_0011017,Abnormal cellular physiology,equivalentClass,characteristic of,has part some > characteristic of some,restriction_filler,False,False,http://purl.obolibrary.org/obo/CL_0000000,cell,False,,,,,True
http://purl.obolibrary.org/obo/HP_0011936,Decreased plasma total carnitine,inherited,http://purl.obolibrary.org/obo/HP_0025354,Abnormal cellular phenotype,equivalentClass,characteristic of part of,has part some > characteristic of part of some,restriction_filler,False,False,http://purl.obolibrary.org/obo/CL_0000000,cell,False,,,,,True
http://purl.obolibrary.org/obo/HP_0011936,Decreased plasma total carnitine,inherited,http://purl.obolibrary.org/obo/HP_0011017,Abnormal cellular physiology,equivalentClass,characteristic of,has part some > characteristic of some,restriction_filler,False,False,http://purl.obolibrary.org/obo/CL_0000000,cell,False,,,,,True
http://purl.obolibrary.org/obo/HP_0011955,Hepatic granulomatosis,inherited,http://purl.obolibrary.org/obo/HP_0004311,Abnormal macrophage morphology,equivalentClass,characteristic of part of,has part some > characteristic of part of some,restriction_filler,False,False,http://purl.obolibrary.org/obo/CL_0000235,macrophage,False,,,,,True
http://purl.obolibrary.org/obo/HP_0011955,Hepatic granulomatosis,inherited,http://purl.obolibrary.org/obo/HP_0001881,Abnormal leukocyte morphology,equivalentClass,characteristic of part of,has part some > characteristic of part of some,restriction_filler,False,False,http://purl.obolibrary.org/obo/CL_0000738,leukocyte,False,,,,,True
http://purl.obolibrary.org/obo/HP_0011955,Hepatic granulomatosis,inherited,http://purl.obolibrary.org/obo/HP_0010974,Abnormal myeloid leukocyte morphology,equivalentClass,characteristic of,has part some > characteristic of some,restriction_filler,False,False,http://purl.obolibrary.org/obo/CL_0000766,myeloid leukocyte,False,,,,,True
http://purl.obolibrary.org/obo/HP_0011960,Substantia nigra gliosis,inherited,http://purl.obolibrary.org/obo/HP_0100705,Abnormal glial cell morphology,equivalentClass,characteristic of part of,has part some > characteristic of part of some,restriction_filler,False,False,http://purl.obolibrary.org/obo/CL_0000125,glial cell,False,,,,,True
http://purl.obolibrary.org/obo/HP_0011961,Non-obstructive azoospermia,inherited,http://purl.obolibrary.org/obo/HP_0000027,Azoospermia,equivalentClass,characteristic of,has part some > characteristic of some,intersection_operand,False,False,http://purl.obolibrary.org/obo/CL_0000019,sperm,False,,,,,True
http://purl.obolibrary.org/obo/HP_0011962,Obstructive azoospermia,inherited,http://purl.obolibrary.org/obo/HP_0000027,Azoospermia,equivalentClass,characteristic of,has part some > characteristic of some,intersection_operand,False,False,http://purl.obolibrary.org/obo/CL_0000019,sperm,False,,,,,True
http://purl.obolibrary.org/obo/HP_0011963,Pretesticular azoospermia,inherited,http://purl.obolibrary.org/obo/HP_0000027,Azoospermia,equivalentClass,characteristic of,has part some > characteristic of some,intersection_operand,False,False,http://purl.obolibrary.org/obo/CL_0000019,sperm,False,,,,,True
http://purl.obolibrary.org/obo/HP_0011974,Myelofibrosis,inherited,http://purl.obolibrary.org/obo/HP_0005561,Abnormal bone marrow cell morphology,equivalentClass,characteristic of,has part some > characteristic of some,restriction_filler,False,False,http://purl.obolibrary.org/obo/CL_0002092,bone marrow cell,False,,,,,True
http://purl.obolibrary.org/obo/HP_0011990,Abnormal neutrophil physiology,direct,http://purl.obolibrary.org/obo/HP_0011990,Abnormal neutrophil physiology,equivalentClass,characteristic of,has part some > characteristic of some,restriction_filler,False,False,http://purl.obolibrary.org/obo/CL_0000775,neutrophil,False,,,,,True
http://purl.obolibrary.org/obo/HP_0011990,Abnormal neutrophil physiology,inherited,http://purl.obolibrary.org/obo/HP_0001911,Abnormal granulocyte morphology,equivalentClass,characteristic of part of,has part some > characteristic of part of some,restriction_filler,False,False,http://purl.obolibrary.org/obo/CL_0000094,granulocyte,False,,,,,True
http://purl.obolibrary.org/obo/HP_0011990,Abnormal neutrophil physiology,inherited,http://purl.obolibrary.org/obo/HP_0001881,Abnormal leukocyte morphology,equivalentClass,characteristic of part of,has part some > characteristic of part of some,restriction_filler,False,False,http://purl.obolibrary.org/obo/CL_0000738,leukocyte,False,,,,,True
http://purl.obolibrary.org/obo/HP_0011990,Abnormal neutrophil physiology,inherited,http://purl.obolibrary.org/obo/HP_0010974,Abnormal myeloid leukocyte morphology,equivalentClass,characteristic of,has part some > characteristic of some,restriction_filler,False,False,http://purl.obolibrary.org/obo/CL_0000766,myeloid leukocyte,False,,,,,True
http://purl.obolibrary.org/obo/HP_0011990,Abnormal neutrophil physiology,inherited,http://purl.obolibrary.org/obo/HP_0001874,Abnormality of neutrophils,equivalentClass,characteristic of part of,has part some > characteristic of part of some,restriction_filler,False,False,http://purl.obolibrary.org/obo/CL_0000775,neutrophil,False,,,,,True
http://purl.obolibrary.org/obo/HP_0011991,Abnormal total neutrophil count,direct,http://purl.obolibrary.org/obo/HP_0011991,Abnormal total neutrophil count,equivalentClass,characteristic of,has part some > characteristic of some,restriction_filler,False,False,http://purl.obolibrary.org/obo/CL_0000775,neutrophil,False,,,,,True
http://purl.obolibrary.org/obo/HP_0011991,Abnormal total neutrophil count,inherited,http://purl.obolibrary.org/obo/HP_0001911,Abnormal granulocyte morphology,equivalentClass,characteristic of part of,has part some > characteristic of part of some,restriction_filler,False,False,http://purl.obolibrary.org/obo/CL_0000094,granulocyte,False,,,,,True
http://purl.obolibrary.org/obo/HP_0011991,Abnormal total neutrophil count,inherited,http://purl.obolibrary.org/obo/HP_0001881,Abnormal leukocyte morphology,equivalentClass,characteristic of part of,has part some > characteristic of part of some,restriction_filler,False,False,http://purl.obolibrary.org/obo/CL_0000738,leukocyte,False,,,,,True
http://purl.obolibrary.org/obo/HP_0011991,Abnormal total neutrophil count,inherited,http://purl.obolibrary.org/obo/HP_0011893,Abnormal leukocyte count,equivalentClass,characteristic of,has part some > characteristic of some,restriction_filler,False,False,http://purl.obolibrary.org/obo/CL_0000738,leukocyte,False,,,,,True
http://purl.obolibrary.org/obo/HP_0011991,Abnormal total neutrophil count,inherited,http://purl.obolibrary.org/obo/HP_0010974,Abnormal myeloid leukocyte morphology,equivalentClass,characteristic of,has part some > characteristic of some,restriction_filler,False,False,http://purl.obolibrary.org/obo/CL_0000766,myeloid leukocyte,False,,,,,True
http://purl.obolibrary.org/obo/HP_0011991,Abnormal total neutrophil count,inherited,http://purl.obolibrary.org/obo/HP_0001874,Abnormality of neutrophils,equivalentClass,characteristic of part of,has part some > characteristic of part of some,restriction_filler,False,False,http://purl.obolibrary.org/obo/CL_0000775,neutrophil,False,,,,,True
http://purl.obolibrary.org/obo/HP_0011992,Abnormal neutrophil morphology,direct,http://purl.obolibrary.org/obo/HP_0011992,Abnormal neutrophil morphology,equivalentClass,characteristic of part of,has part some > characteristic of part of some,restriction_filler,False,False,http://purl.obolibrary.org/obo/CL_0000775,neutrophil,False,,,,,True
http://purl.obolibrary.org/obo/HP_0011992,Abnormal neutrophil morphology,inherited,http://purl.obolibrary.org/obo/HP_0001911,Abnormal granulocyte morphology,equivalentClass,characteristic of part of,has part some > characteristic of part of some,restriction_filler,False,False,http://purl.obolibrary.org/obo/CL_0000094,granulocyte,False,,,,,True
http://purl.obolibrary.org/obo/HP_0011992,Abnormal neutrophil morphology,inherited,http://purl.obolibrary.org/obo/HP_0001881,Abnormal leukocyte morphology,equivalentClass,characteristic of part of,has part some > characteristic of part of some,restriction_filler,False,False,http://purl.obolibrary.org/obo/CL_0000738,leukocyte,False,,,,,True
http://purl.obolibrary.org/obo/HP_0011992,Abnormal neutrophil morphology,inherited,http://purl.obolibrary.org/obo/HP_0010974,Abnormal myeloid leukocyte morphology,equivalentClass,characteristic of,has part some > characteristic of some,restriction_filler,False,False,http://purl.obolibrary.org/obo/CL_0000766,myeloid leukocyte,False,,,,,True
http://purl.obolibrary.org/obo/HP_0011993,Impaired neutrophil bactericidal activity,inherited,http://purl.obolibrary.org/obo/HP_0001911,Abnormal granulocyte morphology,equivalentClass,characteristic of part of,has part some > characteristic of part of some,restriction_filler,False,False,http://purl.obolibrary.org/obo/CL_0000094,granulocyte,False,,,,,True
http://purl.obolibrary.org/obo/HP_0011993,Impaired neutrophil bactericidal activity,inherited,http://purl.obolibrary.org/obo/HP_0001881,Abnormal leukocyte morphology,equivalentClass,characteristic of part of,has part some > characteristic of part of some,restriction_filler,False,False,http://purl.obolibrary.org/obo/CL_0000738,leukocyte,False,,,,,True
http://purl.obolibrary.org/obo/HP_0011993,Impaired neutrophil bactericidal activity,inherited,http://purl.obolibrary.org/obo/HP_0010974,Abnormal myeloid leukocyte morphology,equivalentClass,characteristic of,has part some > characteristic of some,restriction_filler,False,False,http://purl.obolibrary.org/obo/CL_0000766,myeloid leukocyte,False,,,,,True
http://purl.obolibrary.org/obo/HP_0011993,Impaired neutrophil bactericidal activity,inherited,http://purl.obolibrary.org/obo/HP_0001874,Abnormality of neutrophils,equivalentClass,characteristic of part of,has part some > characteristic of part of some,restriction_filler,False,False,http://purl.obolibrary.org/obo/CL_0000775,neutrophil,False,,,,,True
http://purl.obolibrary.org/obo/HP_0011993,Impaired neutrophil bactericidal activity,inherited,http://purl.obolibrary.org/obo/HP_0011990,Abnormal neutrophil physiology,equivalentClass,characteristic of,has part some > characteristic of some,restriction_filler,False,False,http://purl.obolibrary.org/obo/CL_0000775,neutrophil,False,,,,,True
http://purl.obolibrary.org/obo/HP_0012078,Motor conduction block,inherited,http://purl.obolibrary.org/obo/HP_0000762,Decreased nerve conduction velocity,equivalentClass,characteristic of,has part some > characteristic of some,restriction_filler,False,False,http://purl.obolibrary.org/obo/CL_2000032,peripheral nervous system neuron,False,,,,,True
http://purl.obolibrary.org/obo/HP_0012084,Abnormality of skeletal muscle fiber size,direct,http://purl.obolibrary.org/obo/HP_0012084,Abnormality of skeletal muscle fiber size,equivalentClass,characteristic of,has part some > characteristic of some,restriction_filler,False,False,http://purl.obolibrary.org/obo/CL_0008002,skeletal muscle fiber,False,,,,,True
http://purl.obolibrary.org/obo/HP_0012084,Abnormality of skeletal muscle fiber size,inherited,http://purl.obolibrary.org/obo/HP_0004303,Abnormal muscle fiber morphology,equivalentClass,characteristic of part of,has part some > characteristic of part of some,restriction_filler,False,False,http://purl.obolibrary.org/obo/CL_0000188,cell of skeletal muscle,False,,,,,True
http://purl.obolibrary.org/obo/HP_0012085,Pyuria,direct,http://purl.obolibrary.org/obo/HP_0012085,Pyuria,equivalentClass,characteristic of,has part some > characteristic of some,intersection_operand,False,False,http://purl.obolibrary.org/obo/CL_0000775,neutrophil,False,,,,,True
http://purl.obolibrary.org/obo/HP_0012087,Abnormal mitochondrial shape,inherited,http://purl.obolibrary.org/obo/HP_0025354,Abnormal cellular phenotype,equivalentClass,characteristic of part of,has part some > characteristic of part of some,restriction_filler,False,False,http://purl.obolibrary.org/obo/CL_0000000,cell,False,,,,,True
http://purl.obolibrary.org/obo/HP_0012087,Abnormal mitochondrial shape,inherited,http://purl.obolibrary.org/obo/HP_0011017,Abnormal cellular physiology,equivalentClass,characteristic of,has part some > characteristic of some,restriction_filler,False,False,http://purl.obolibrary.org/obo/CL_0000000,cell,False,,,,,True
http://purl.obolibrary.org/obo/HP_0012102,Abnormal mitochondrial number,inherited,http://purl.obolibrary.org/obo/HP_0025354,Abnormal cellular phenotype,equivalentClass,characteristic of part of,has part some > characteristic of part of some,restriction_filler,False,False,http://purl.obolibrary.org/obo/CL_0000000,cell,False,,,,,True
http://purl.obolibrary.org/obo/HP_0012102,Abnormal mitochondrial number,inherited,http://purl.obolibrary.org/obo/HP_0011017,Abnormal cellular physiology,equivalentClass,characteristic of,has part some > characteristic of some,restriction_filler,False,False,http://purl.obolibrary.org/obo/CL_0000000,cell,False,,,,,True
http://purl.obolibrary.org/obo/HP_0012103,Abnormality of the mitochondrion,inherited,http://purl.obolibrary.org/obo/HP_0025354,Abnormal cellular phenotype,equivalentClass,characteristic of part of,has part some > characteristic of part of some,restriction_filler,False,False,http://purl.obolibrary.org/obo/CL_0000000,cell,False,,,,,True
http://purl.obolibrary.org/obo/HP_0012103,Abnormality of the mitochondrion,inherited,http://purl.obolibrary.org/obo/HP_0011017,Abnormal cellular physiology,equivalentClass,characteristic of,has part some > characteristic of some,restriction_filler,False,False,http://purl.obolibrary.org/obo/CL_0000000,cell,False,,,,,True
http://purl.obolibrary.org/obo/HP_0012119,Methemoglobinemia,inherited,http://purl.obolibrary.org/obo/HP_0001877,Abnormal erythrocyte morphology,equivalentClass,characteristic of part of,has part some > characteristic of part of some,restriction_filler,False,False,http://purl.obolibrary.org/obo/CL_0000232,erythrocyte,False,,,,,True
http://purl.obolibrary.org/obo/HP_0012129,Abnormality of bone marrow stromal cells,inherited,http://purl.obolibrary.org/obo/HP_0005561,Abnormal bone marrow cell morphology,equivalentClass,characteristic of,has part some > characteristic of some,restriction_filler,False,False,http://purl.obolibrary.org/obo/CL_0002092,bone marrow cell,False,,,,,True
http://purl.obolibrary.org/obo/HP_0012130,Abnormal erythroid lineage cell morphology,direct,http://purl.obolibrary.org/obo/HP_0012130,Abnormal erythroid lineage cell morphology,equivalentClass,characteristic of part of,has part some > characteristic of part of some,restriction_filler,False,False,http://purl.obolibrary.org/obo/CL_0000764,erythroid lineage cell,False,,,,,True
http://purl.obolibrary.org/obo/HP_0012130,Abnormal erythroid lineage cell morphology,inherited,http://purl.obolibrary.org/obo/HP_0005561,Abnormal bone marrow cell morphology,equivalentClass,characteristic of,has part some > characteristic of some,restriction_filler,False,False,http://purl.obolibrary.org/obo/CL_0002092,bone marrow cell,False,,,,,True
http://purl.obolibrary.org/obo/HP_0012131,Abnormal number of erythroid precursors,direct,http://purl.obolibrary.org/obo/HP_0012131,Abnormal number of erythroid precursors,equivalentClass,characteristic of,has part some > characteristic of some,restriction_filler,False,False,http://purl.obolibrary.org/obo/CL_0000038,erythroid progenitor cell,False,,,,,True
http://purl.obolibrary.org/obo/HP_0012131,Abnormal number of erythroid precursors,inherited,http://purl.obolibrary.org/obo/HP_0001877,Abnormal erythrocyte morphology,equivalentClass,characteristic of part of,has part some > characteristic of part of some,restriction_filler,False,False,http://purl.obolibrary.org/obo/CL_0000232,erythrocyte,False,,,,,True
http://purl.obolibrary.org/obo/HP_0012132,Erythroid hyperplasia,direct,http://purl.obolibrary.org/obo/HP_0012132,Erythroid hyperplasia,equivalentClass,characteristic of,has part some > characteristic of some,restriction_filler,False,False,http://purl.obolibrary.org/obo/CL_0000038,erythroid progenitor cell,False,,,,,True
http://purl.obolibrary.org/obo/HP_0012132,Erythroid hyperplasia,inherited,http://purl.obolibrary.org/obo/HP_0001877,Abnormal erythrocyte morphology,equivalentClass,characteristic of part of,has part some > characteristic of part of some,restriction_filler,False,False,http://purl.obolibrary.org/obo/CL_0000232,erythrocyte,False,,,,,True
http://purl.obolibrary.org/obo/HP_0012133,Erythroid hypoplasia,direct,http://purl.obolibrary.org/obo/HP_0012133,Erythroid hypoplasia,equivalentClass,characteristic of,has part some > characteristic of some,restriction_filler,False,False,http://purl.obolibrary.org/obo/CL_0000038,erythroid progenitor cell,False,,,,,True
http://purl.obolibrary.org/obo/HP_0012133,Erythroid hypoplasia,inherited,http://purl.obolibrary.org/obo/HP_0001877,Abnormal erythrocyte morphology,equivalentClass,characteristic of part of,has part some > characteristic of part of some,restriction_filler,False,False,http://purl.obolibrary.org/obo/CL_0000232,erythrocyte,False,,,,,True
http://purl.obolibrary.org/obo/HP_0012134,Dysplastic erythropoesis,inherited,http://purl.obolibrary.org/obo/HP_0001877,Abnormal erythrocyte morphology,equivalentClass,characteristic of part of,has part some > characteristic of part of some,restriction_filler,False,False,http://purl.obolibrary.org/obo/CL_0000232,erythrocyte,False,,,,,True
http://purl.obolibrary.org/obo/HP_0012135,Abnormal granulocytopoietic cell morphology,direct,http://purl.obolibrary.org/obo/HP_0012135,Abnormal granulocytopoietic cell morphology,equivalentClass,characteristic of part of,has part some > characteristic of part of some,restriction_filler,False,False,http://purl.obolibrary.org/obo/CL_0002191,granulocytopoietic cell,False,,,,,True
http://purl.obolibrary.org/obo/HP_0012135,Abnormal granulocytopoietic cell morphology,inherited,http://purl.obolibrary.org/obo/HP_0005561,Abnormal bone marrow cell morphology,equivalentClass,characteristic of,has part some > characteristic of some,restriction_filler,False,False,http://purl.obolibrary.org/obo/CL_0002092,bone marrow cell,False,,,,,True
http://purl.obolibrary.org/obo/HP_0012136,Dysplastic granulopoesis,inherited,http://purl.obolibrary.org/obo/HP_0005561,Abnormal bone marrow cell morphology,equivalentClass,characteristic of,has part some > characteristic of some,restriction_filler,False,False,http://purl.obolibrary.org/obo/CL_0002092,bone marrow cell,False,,,,,True
http://purl.obolibrary.org/obo/HP_0012136,Dysplastic granulopoesis,inherited,http://purl.obolibrary.org/obo/HP_0012135,Abnormal granulocytopoietic cell morphology,equivalentClass,characteristic of part of,has part some > characteristic of part of some,restriction_filler,False,False,http://purl.obolibrary.org/obo/CL_0002191,granulocytopoietic cell,False,,,,,True
http://purl.obolibrary.org/obo/HP_0012137,Abnormal number of granulocyte precursors,direct,http://purl.obolibrary.org/obo/HP_0012137,Abnormal number of granulocyte precursors,equivalentClass,characteristic of part of,has part some > characteristic of part of some,restriction_filler,False,False,http://purl.obolibrary.org/obo/CL_0002191,granulocytopoietic cell,False,,,,,True
http://purl.obolibrary.org/obo/HP_0012137,Abnormal number of granulocyte precursors,inherited,http://purl.obolibrary.org/obo/HP_0005561,Abnormal bone marrow cell morphology,equivalentClass,characteristic of,has part some > characteristic of some,restriction_filler,False,False,http://purl.obolibrary.org/obo/CL_0002092,bone marrow cell,False,,,,,True
http://purl.obolibrary.org/obo/HP_0012138,Granulocytic hyperplasia,direct,http://purl.obolibrary.org/obo/HP_0012138,Granulocytic hyperplasia,equivalentClass,characteristic of part of,has part some > characteristic of part of some,restriction_filler,False,False,http://purl.obolibrary.org/obo/CL_0002191,granulocytopoietic cell,False,,,,,True
http://purl.obolibrary.org/obo/HP_0012138,Granulocytic hyperplasia,inherited,http://purl.obolibrary.org/obo/HP_0005561,Abnormal bone marrow cell morphology,equivalentClass,characteristic of,has part some > characteristic of some,restriction_filler,False,False,http://purl.obolibrary.org/obo/CL_0002092,bone marrow cell,False,,,,,True
http://purl.obolibrary.org/obo/HP_0012139,Granulocytic hypoplasia,direct,http://purl.obolibrary.org/obo/HP_0012139,Granulocytic hypoplasia,equivalentClass,characteristic of part of,has part some > characteristic of part of some,restriction_filler,False,False,http://purl.obolibrary.org/obo/CL_0002191,granulocytopoietic cell,False,,,,,True
http://purl.obolibrary.org/obo/HP_0012139,Granulocytic hypoplasia,inherited,http://purl.obolibrary.org/obo/HP_0005561,Abnormal bone marrow cell morphology,equivalentClass,characteristic of,has part some > characteristic of some,restriction_filler,False,False,http://purl.obolibrary.org/obo/CL_0002092,bone marrow cell,False,,,,,True
http://purl.obolibrary.org/obo/HP_0012143,Abnormal megakaryocyte morphology,direct,http://purl.obolibrary.org/obo/HP_0012143,Abnormal megakaryocyte morphology,equivalentClass,characteristic of part of,has part some > characteristic of part of some,restriction_filler,False,False,http://purl.obolibrary.org/obo/CL_0000556,megakaryocyte,False,,,,,True
http://purl.obolibrary.org/obo/HP_0012143,Abnormal megakaryocyte morphology,inherited,http://purl.obolibrary.org/obo/HP_0005561,Abnormal bone marrow cell morphology,equivalentClass,characteristic of,has part some > characteristic of some,restriction_filler,False,False,http://purl.obolibrary.org/obo/CL_0002092,bone marrow cell,False,,,,,True
http://purl.obolibrary.org/obo/HP_0012144,Abnormal monocyte morphology,direct,http://purl.obolibrary.org/obo/HP_0012144,Abnormal monocyte morphology,equivalentClass,characteristic of part of,has part some > characteristic of part of some,restriction_filler,False,False,http://purl.obolibrary.org/obo/CL_0000576,monocyte,False,,,,,True
http://purl.obolibrary.org/obo/HP_0012144,Abnormal monocyte morphology,inherited,http://purl.obolibrary.org/obo/HP_0001881,Abnormal leukocyte morphology,equivalentClass,characteristic of part of,has part some > characteristic of part of some,restriction_filler,False,False,http://purl.obolibrary.org/obo/CL_0000738,leukocyte,False,,,,,True
http://purl.obolibrary.org/obo/HP_0012144,Abnormal monocyte morphology,inherited,http://purl.obolibrary.org/obo/HP_0010974,Abnormal myeloid leukocyte morphology,equivalentClass,characteristic of,has part some > characteristic of some,restriction_filler,False,False,http://purl.obolibrary.org/obo/CL_0000766,myeloid leukocyte,False,,,,,True
http://purl.obolibrary.org/obo/HP_0012145,Abnormality of multiple cell lineages in the bone marrow,inherited,http://purl.obolibrary.org/obo/HP_0005561,Abnormal bone marrow cell morphology,equivalentClass,characteristic of,has part some > characteristic of some,restriction_filler,False,False,http://purl.obolibrary.org/obo/CL_0002092,bone marrow cell,False,,,,,True
http://purl.obolibrary.org/obo/HP_0012156,Hemophagocytosis,inherited,http://purl.obolibrary.org/obo/HP_0004311,Abnormal macrophage morphology,equivalentClass,characteristic of part of,has part some > characteristic of part of some,restriction_filler,False,False,http://purl.obolibrary.org/obo/CL_0000235,macrophage,False,,,,,True
http://purl.obolibrary.org/obo/HP_0012156,Hemophagocytosis,inherited,http://purl.obolibrary.org/obo/HP_0001881,Abnormal leukocyte morphology,equivalentClass,characteristic of part of,has part some > characteristic of part of some,restriction_filler,False,False,http://purl.obolibrary.org/obo/CL_0000738,leukocyte,False,,,,,True
http://purl.obolibrary.org/obo/HP_0012156,Hemophagocytosis,inherited,http://purl.obolibrary.org/obo/HP_0010974,Abnormal myeloid leukocyte morphology,equivalentClass,characteristic of,has part some > characteristic of some,restriction_filler,False,False,http://purl.obolibrary.org/obo/CL_0000766,myeloid leukocyte,False,,,,,True
http://purl.obolibrary.org/obo/HP_0012174,Glioblastoma multiforme,inherited,http://purl.obolibrary.org/obo/HP_0100705,Abnormal glial cell morphology,equivalentClass,characteristic of part of,has part some > characteristic of part of some,restriction_filler,False,False,http://purl.obolibrary.org/obo/CL_0000125,glial cell,False,,,,,True
http://purl.obolibrary.org/obo/HP_0012176,Abnormal natural killer cell morphology,direct,http://purl.obolibrary.org/obo/HP_0012176,Abnormal natural killer cell morphology,equivalentClass,characteristic of,has part some > characteristic of some,restriction_filler,False,False,http://purl.obolibrary.org/obo/CL_0000623,natural killer cell,False,,,,,True
http://purl.obolibrary.org/obo/HP_0012176,Abnormal natural killer cell morphology,inherited,http://purl.obolibrary.org/obo/HP_0004332,Abnormal lymphocyte morphology,equivalentClass,characteristic of part of,has part some > characteristic of part of some,restriction_filler,False,False,http://purl.obolibrary.org/obo/CL_0000542,lymphocyte,False,,,,,True
http://purl.obolibrary.org/obo/HP_0012176,Abnormal natural killer cell morphology,inherited,http://purl.obolibrary.org/obo/HP_0001881,Abnormal leukocyte morphology,equivalentClass,characteristic of part of,has part some > characteristic of part of some,restriction_filler,False,False,http://purl.obolibrary.org/obo/CL_0000738,leukocyte,False,,,,,True
http://purl.obolibrary.org/obo/HP_0012177,Abnormal natural killer cell physiology,direct,http://purl.obolibrary.org/obo/HP_0012177,Abnormal natural killer cell physiology,equivalentClass,characteristic of,has part some > characteristic of some,restriction_filler,False,False,http://purl.obolibrary.org/obo/CL_0000623,natural killer cell,False,,,,,True
http://purl.obolibrary.org/obo/HP_0012177,Abnormal natural killer cell physiology,inherited,http://purl.obolibrary.org/obo/HP_0025354,Abnormal cellular phenotype,equivalentClass,characteristic of part of,has part some > characteristic of part of some,restriction_filler,False,False,http://purl.obolibrary.org/obo/CL_0000000,cell,False,,,,,True
http://purl.obolibrary.org/obo/HP_0012177,Abnormal natural killer cell physiology,inherited,http://purl.obolibrary.org/obo/HP_0011017,Abnormal cellular physiology,equivalentClass,characteristic of,has part some > characteristic of some,restriction_filler,False,False,http://purl.obolibrary.org/obo/CL_0000000,cell,False,,,,,True
http://purl.obolibrary.org/obo/HP_0012187,Increased erythrocyte protoporphyrin concentration,direct,http://purl.obolibrary.org/obo/HP_0012187,Increased erythrocyte protoporphyrin concentration,equivalentClass,part of,has part some > characteristic of some > part of some,restriction_filler,False,False,http://purl.obolibrary.org/obo/CL_0000232,erythrocyte,False,,,,,True
http://purl.obolibrary.org/obo/HP_0012194,Episodic hemiplegia,inherited,http://purl.obolibrary.org/obo/HP_0002493,Upper motor neuron dysfunction,equivalentClass,characteristic of,has part some > characteristic of some,intersection_operand,False,False,http://purl.obolibrary.org/obo/CL_0000540,neuron,False,,,,,True
http://purl.obolibrary.org/obo/HP_0012205,Globozoospermia,inherited,http://purl.obolibrary.org/obo/HP_0012863,Abnormal male germ cell morphology,equivalentClass,characteristic of,has part some > characteristic of some,restriction_filler,False,False,http://purl.obolibrary.org/obo/CL_0000015,male germ cell,False,,,,,True
http://purl.obolibrary.org/obo/HP_0012205,Globozoospermia,inherited,http://purl.obolibrary.org/obo/HP_0012864,Abnormal sperm morphology,equivalentClass,characteristic of,has part some > characteristic of some,restriction_filler,False,False,http://purl.obolibrary.org/obo/CL_0000019,sperm,False,,,,,True
http://purl.obolibrary.org/obo/HP_0012205,Globozoospermia,inherited,http://purl.obolibrary.org/obo/HP_0012862,Abnormal germ cell morphology,equivalentClass,characteristic of,has part some > characteristic of some,restriction_filler,False,False,http://purl.obolibrary.org/obo/CL_0000586,germ cell,False,,,,,True
http://purl.obolibrary.org/obo/HP_0012209,Juvenile myelomonocytic leukemia,inherited,http://purl.obolibrary.org/obo/HP_0001881,Abnormal leukocyte morphology,equivalentClass,characteristic of part of,has part some > characteristic of part of some,restriction_filler,False,False,http://purl.obolibrary.org/obo/CL_0000738,leukocyte,False,,,,,True
http://purl.obolibrary.org/obo/HP_0012220,Non-caseating epithelioid cell granulomatosis,inherited,http://purl.obolibrary.org/obo/HP_0004311,Abnormal macrophage morphology,equivalentClass,characteristic of part of,has part some > characteristic of part of some,restriction_filler,False,False,http://purl.obolibrary.org/obo/CL_0000235,macrophage,False,,,,,True
http://purl.obolibrary.org/obo/HP_0012220,Non-caseating epithelioid cell granulomatosis,inherited,http://purl.obolibrary.org/obo/HP_0001881,Abnormal leukocyte morphology,equivalentClass,characteristic of part of,has part some > characteristic of part of some,restriction_filler,False,False,http://purl.obolibrary.org/obo/CL_0000738,leukocyte,False,,,,,True
http://purl.obolibrary.org/obo/HP_0012220,Non-caseating epithelioid cell granulomatosis,inherited,http://purl.obolibrary.org/obo/HP_0010974,Abnormal myeloid leukocyte morphology,equivalentClass,characteristic of,has part some > characteristic of some,restriction_filler,False,False,http://purl.obolibrary.org/obo/CL_0000766,myeloid leukocyte,False,,,,,True
http://purl.obolibrary.org/obo/HP_0012234,Absence of circulating granulocytes,direct,http://purl.obolibrary.org/obo/HP_0012234,Absence of circulating granulocytes,equivalentClass,characteristic of,has part some > characteristic of some,restriction_filler,False,False,http://purl.obolibrary.org/obo/CL_0000094,granulocyte,False,,,,,True
http://purl.obolibrary.org/obo/HP_0012234,Absence of circulating granulocytes,inherited,http://purl.obolibrary.org/obo/HP_0001911,Abnormal granulocyte morphology,equivalentClass,characteristic of part of,has part some > characteristic of part of some,restriction_filler,False,False,http://purl.obolibrary.org/obo/CL_0000094,granulocyte,False,,,,,True
http://purl.obolibrary.org/obo/HP_0012234,Absence of circulating granulocytes,inherited,http://purl.obolibrary.org/obo/HP_0001881,Abnormal leukocyte morphology,equivalentClass,characteristic of part of,has part some > characteristic of part of some,restriction_filler,False,False,http://purl.obolibrary.org/obo/CL_0000738,leukocyte,False,,,,,True
http://purl.obolibrary.org/obo/HP_0012234,Absence of circulating granulocytes,inherited,http://purl.obolibrary.org/obo/HP_0011893,Abnormal leukocyte count,equivalentClass,characteristic of,has part some > characteristic of some,restriction_filler,False,False,http://purl.obolibrary.org/obo/CL_0000738,leukocyte,False,,,,,True
http://purl.obolibrary.org/obo/HP_0012234,Absence of circulating granulocytes,inherited,http://purl.obolibrary.org/obo/HP_0010974,Abnormal myeloid leukocyte morphology,equivalentClass,characteristic of,has part some > characteristic of some,restriction_filler,False,False,http://purl.obolibrary.org/obo/CL_0000766,myeloid leukocyte,False,,,,,True
http://purl.obolibrary.org/obo/HP_0012235,Drug-induced agranulocytosis,inherited,http://purl.obolibrary.org/obo/HP_0001911,Abnormal granulocyte morphology,equivalentClass,characteristic of part of,has part some > characteristic of part of some,restriction_filler,False,False,http://purl.obolibrary.org/obo/CL_0000094,granulocyte,False,,,,,True
http://purl.obolibrary.org/obo/HP_0012235,Drug-induced agranulocytosis,inherited,http://purl.obolibrary.org/obo/HP_0001913,Decreased total granulocyte count,equivalentClass,characteristic of,has part some > characteristic of some,intersection_operand,False,False,http://purl.obolibrary.org/obo/CL_0000094,granulocyte,False,,,,,True
http://purl.obolibrary.org/obo/HP_0012235,Drug-induced agranulocytosis,inherited,http://purl.obolibrary.org/obo/HP_0001881,Abnormal leukocyte morphology,equivalentClass,characteristic of part of,has part some > characteristic of part of some,restriction_filler,False,False,http://purl.obolibrary.org/obo/CL_0000738,leukocyte,False,,,,,True
http://purl.obolibrary.org/obo/HP_0012235,Drug-induced agranulocytosis,inherited,http://purl.obolibrary.org/obo/HP_0011893,Abnormal leukocyte count,equivalentClass,characteristic of,has part some > characteristic of some,restriction_filler,False,False,http://purl.obolibrary.org/obo/CL_0000738,leukocyte,False,,,,,True
http://purl.obolibrary.org/obo/HP_0012235,Drug-induced agranulocytosis,inherited,http://purl.obolibrary.org/obo/HP_0010974,Abnormal myeloid leukocyte morphology,equivalentClass,characteristic of,has part some > characteristic of some,restriction_filler,False,False,http://purl.obolibrary.org/obo/CL_0000766,myeloid leukocyte,False,,,,,True
http://purl.obolibrary.org/obo/HP_0012261,Abnormal respiratory motile cilium physiology,direct,http://purl.obolibrary.org/obo/HP_0012261,Abnormal respiratory motile cilium physiology,equivalentClass,characteristic of,has part some > characteristic of some,restriction_filler,False,False,http://purl.obolibrary.org/obo/CL_0002368,respiratory tract epithelial cell,False,,,,,True
http://purl.obolibrary.org/obo/HP_0012262,Abnormal ciliary motility,inherited,http://purl.obolibrary.org/obo/HP_0012261,Abnormal respiratory motile cilium physiology,equivalentClass,characteristic of,has part some > characteristic of some,restriction_filler,False,False,http://purl.obolibrary.org/obo/CL_0002368,respiratory tract epithelial cell,False,,,,,True
http://purl.obolibrary.org/obo/HP_0012263,Immotile cilia,inherited,http://purl.obolibrary.org/obo/HP_0012261,Abnormal respiratory motile cilium physiology,equivalentClass,characteristic of,has part some > characteristic of some,restriction_filler,False,False,http://purl.obolibrary.org/obo/CL_0002368,respiratory tract epithelial cell,False,,,,,True
http://purl.obolibrary.org/obo/HP_0012265,Ciliary dyskinesia,inherited,http://purl.obolibrary.org/obo/HP_0012261,Abnormal respiratory motile cilium physiology,equivalentClass,characteristic of,has part some > characteristic of some,restriction_filler,False,False,http://purl.obolibrary.org/obo/CL_0002368,respiratory tract epithelial cell,False,,,,,True
http://purl.obolibrary.org/obo/HP_0012310,Abnormal monocyte count,direct,http://purl.obolibrary.org/obo/HP_0012310,Abnormal monocyte count,equivalentClass,characteristic of,has part some > characteristic of some,restriction_filler,False,False,http://purl.obolibrary.org/obo/CL_0000576,monocyte,False,,,,,True
http://purl.obolibrary.org/obo/HP_0012310,Abnormal monocyte count,inherited,http://purl.obolibrary.org/obo/HP_0012144,Abnormal monocyte morphology,equivalentClass,characteristic of part of,has part some > characteristic of part of some,restriction_filler,False,False,http://purl.obolibrary.org/obo/CL_0000576,monocyte,False,,,,,True
http://purl.obolibrary.org/obo/HP_0012310,Abnormal monocyte count,inherited,http://purl.obolibrary.org/obo/HP_0001881,Abnormal leukocyte morphology,equivalentClass,characteristic of part of,has part some > characteristic of part of some,restriction_filler,False,False,http://purl.obolibrary.org/obo/CL_0000738,leukocyte,False,,,,,True
http://purl.obolibrary.org/obo/HP_0012310,Abnormal monocyte count,inherited,http://purl.obolibrary.org/obo/HP_0011893,Abnormal leukocyte count,equivalentClass,characteristic of,has part some > characteristic of some,restriction_filler,False,False,http://purl.obolibrary.org/obo/CL_0000738,leukocyte,False,,,,,True
http://purl.obolibrary.org/obo/HP_0012310,Abnormal monocyte count,inherited,http://purl.obolibrary.org/obo/HP_0010974,Abnormal myeloid leukocyte morphology,equivalentClass,characteristic of,has part some > characteristic of some,restriction_filler,False,False,http://purl.obolibrary.org/obo/CL_0000766,myeloid leukocyte,False,,,,,True
http://purl.obolibrary.org/obo/HP_0012311,Increased total monocyte count,direct,http://purl.obolibrary.org/obo/HP_0012311,Increased total monocyte count,equivalentClass,characteristic of,has part some > characteristic of some,restriction_filler,False,False,http://purl.obolibrary.org/obo/CL_0000576,monocyte,False,,,,,True
http://purl.obolibrary.org/obo/HP_0012311,Increased total monocyte count,inherited,http://purl.obolibrary.org/obo/HP_0012144,Abnormal monocyte morphology,equivalentClass,characteristic of part of,has part some > characteristic of part of some,restriction_filler,False,False,http://purl.obolibrary.org/obo/CL_0000576,monocyte,False,,,,,True
http://purl.obolibrary.org/obo/HP_0012311,Increased total monocyte count,inherited,http://purl.obolibrary.org/obo/HP_0001881,Abnormal leukocyte morphology,equivalentClass,characteristic of part of,has part some > characteristic of part of some,restriction_filler,False,False,http://purl.obolibrary.org/obo/CL_0000738,leukocyte,False,,,,,True
http://purl.obolibrary.org/obo/HP_0012311,Increased total monocyte count,inherited,http://purl.obolibrary.org/obo/HP_0011893,Abnormal leukocyte count,equivalentClass,characteristic of,has part some > characteristic of some,restriction_filler,False,False,http://purl.obolibrary.org/obo/CL_0000738,leukocyte,False,,,,,True
http://purl.obolibrary.org/obo/HP_0012311,Increased total monocyte count,inherited,http://purl.obolibrary.org/obo/HP_0010974,Abnormal myeloid leukocyte morphology,equivalentClass,characteristic of,has part some > characteristic of some,restriction_filler,False,False,http://purl.obolibrary.org/obo/CL_0000766,myeloid leukocyte,False,,,,,True
http://purl.obolibrary.org/obo/HP_0012312,Decreased total monocyte count,direct,http://purl.obolibrary.org/obo/HP_0012312,Decreased total monocyte count,equivalentClass,characteristic of,has part some > characteristic of some,restriction_filler,False,False,http://purl.obolibrary.org/obo/CL_0000576,monocyte,False,,,,,True
http://purl.obolibrary.org/obo/HP_0012312,Decreased total monocyte count,inherited,http://purl.obolibrary.org/obo/HP_0012144,Abnormal monocyte morphology,equivalentClass,characteristic of part of,has part some > characteristic of part of some,restriction_filler,False,False,http://purl.obolibrary.org/obo/CL_0000576,monocyte,False,,,,,True
http://purl.obolibrary.org/obo/HP_0012312,Decreased total monocyte count,inherited,http://purl.obolibrary.org/obo/HP_0001881,Abnormal leukocyte morphology,equivalentClass,characteristic of part of,has part some > characteristic of part of some,restriction_filler,False,False,http://purl.obolibrary.org/obo/CL_0000738,leukocyte,False,,,,,True
http://purl.obolibrary.org/obo/HP_0012312,Decreased total monocyte count,inherited,http://purl.obolibrary.org/obo/HP_0011893,Abnormal leukocyte count,equivalentClass,characteristic of,has part some > characteristic of some,restriction_filler,False,False,http://purl.obolibrary.org/obo/CL_0000738,leukocyte,False,,,,,True
http://purl.obolibrary.org/obo/HP_0012312,Decreased total monocyte count,inherited,http://purl.obolibrary.org/obo/HP_0010974,Abnormal myeloid leukocyte morphology,equivalentClass,characteristic of,has part some > characteristic of some,restriction_filler,False,False,http://purl.obolibrary.org/obo/CL_0000766,myeloid leukocyte,False,,,,,True
http://purl.obolibrary.org/obo/HP_0012324,Myeloid leukemia,inherited,http://purl.obolibrary.org/obo/HP_0001881,Abnormal leukocyte morphology,equivalentClass,characteristic of part of,has part some > characteristic of part of some,restriction_filler,False,False,http://purl.obolibrary.org/obo/CL_0000738,leukocyte,False,,,,,True
http://purl.obolibrary.org/obo/HP_0012325,Chronic myelomonocytic leukemia,inherited,http://purl.obolibrary.org/obo/HP_0001881,Abnormal leukocyte morphology,equivalentClass,characteristic of part of,has part some > characteristic of part of some,restriction_filler,False,False,http://purl.obolibrary.org/obo/CL_0000738,leukocyte,False,,,,,True
http://purl.obolibrary.org/obo/HP_0012407,Scissor gait,inherited,http://purl.obolibrary.org/obo/HP_0002493,Upper motor neuron dysfunction,equivalentClass,characteristic of,has part some > characteristic of some,intersection_operand,False,False,http://purl.obolibrary.org/obo/CL_0000540,neuron,False,,,,,True
http://purl.obolibrary.org/obo/HP_0012410,Pure red cell aplasia,inherited,http://purl.obolibrary.org/obo/HP_0012131,Abnormal number of erythroid precursors,equivalentClass,characteristic of,has part some > characteristic of some,restriction_filler,False,False,http://purl.obolibrary.org/obo/CL_0000038,erythroid progenitor cell,False,,,,,True
http://purl.obolibrary.org/obo/HP_0012410,Pure red cell aplasia,inherited,http://purl.obolibrary.org/obo/HP_0001877,Abnormal erythrocyte morphology,equivalentClass,characteristic of part of,has part some > characteristic of part of some,restriction_filler,False,False,http://purl.obolibrary.org/obo/CL_0000232,erythrocyte,False,,,,,True
http://purl.obolibrary.org/obo/HP_0012483,Abnormal alpha granules,inherited,http://purl.obolibrary.org/obo/HP_0001872,Abnormality of thrombocytes,equivalentClass,characteristic of part of,has part some > characteristic of part of some,restriction_filler,False,False,http://purl.obolibrary.org/obo/CL_0000233,platelet,False,,,,,True
http://purl.obolibrary.org/obo/HP_0012483,Abnormal alpha granules,inherited,http://purl.obolibrary.org/obo/HP_0011875,Abnormal platelet morphology,equivalentClass,characteristic of,has part some > characteristic of some,restriction_filler,False,False,http://purl.obolibrary.org/obo/CL_0000233,platelet,False,,,,,True
http://purl.obolibrary.org/obo/HP_0012484,Abnormal dense granules,inherited,http://purl.obolibrary.org/obo/HP_0001872,Abnormality of thrombocytes,equivalentClass,characteristic of part of,has part some > characteristic of part of some,restriction_filler,False,False,http://purl.obolibrary.org/obo/CL_0000233,platelet,False,,,,,True
http://purl.obolibrary.org/obo/HP_0012484,Abnormal dense granules,inherited,http://purl.obolibrary.org/obo/HP_0011875,Abnormal platelet morphology,equivalentClass,characteristic of,has part some > characteristic of some,restriction_filler,False,False,http://purl.obolibrary.org/obo/CL_0000233,platelet,False,,,,,True
http://purl.obolibrary.org/obo/HP_0012485,Abnormal surface-connected open canalicular system,inherited,http://purl.obolibrary.org/obo/HP_0001872,Abnormality of thrombocytes,equivalentClass,characteristic of part of,has part some > characteristic of part of some,restriction_filler,False,False,http://purl.obolibrary.org/obo/CL_0000233,platelet,False,,,,,True
http://purl.obolibrary.org/obo/HP_0012485,Abnormal surface-connected open canalicular system,inherited,http://purl.obolibrary.org/obo/HP_0011875,Abnormal platelet morphology,equivalentClass,characteristic of,has part some > characteristic of some,restriction_filler,False,False,http://purl.obolibrary.org/obo/CL_0000233,platelet,False,,,,,True
http://purl.obolibrary.org/obo/HP_0012491,Abnormal dense tubular system,inherited,http://purl.obolibrary.org/obo/HP_0001872,Abnormality of thrombocytes,equivalentClass,characteristic of part of,has part some > characteristic of part of some,restriction_filler,False,False,http://purl.obolibrary.org/obo/CL_0000233,platelet,False,,,,,True
http://purl.obolibrary.org/obo/HP_0012491,Abnormal dense tubular system,inherited,http://purl.obolibrary.org/obo/HP_0011875,Abnormal platelet morphology,equivalentClass,characteristic of,has part some > characteristic of some,restriction_filler,False,False,http://purl.obolibrary.org/obo/CL_0000233,platelet,False,,,,,True
http://purl.obolibrary.org/obo/HP_0012524,Abnormal platelet shape,direct,http://purl.obolibrary.org/obo/HP_0012524,Abnormal platelet shape,equivalentClass,characteristic of,has part some > characteristic of some,restriction_filler,False,False,http://purl.obolibrary.org/obo/CL_0000233,platelet,False,,,,,True
http://purl.obolibrary.org/obo/HP_0012524,Abnormal platelet shape,inherited,http://purl.obolibrary.org/obo/HP_0001872,Abnormality of thrombocytes,equivalentClass,characteristic of part of,has part some > characteristic of part of some,restriction_filler,False,False,http://purl.obolibrary.org/obo/CL_0000233,platelet,False,,,,,True
http://purl.obolibrary.org/obo/HP_0012525,Abnormal alpha granule distribution,inherited,http://purl.obolibrary.org/obo/HP_0001872,Abnormality of thrombocytes,equivalentClass,characteristic of part of,has part some > characteristic of part of some,restriction_filler,False,False,http://purl.obolibrary.org/obo/CL_0000233,platelet,False,,,,,True
http://purl.obolibrary.org/obo/HP_0012525,Abnormal alpha granule distribution,inherited,http://purl.obolibrary.org/obo/HP_0011875,Abnormal platelet morphology,equivalentClass,characteristic of,has part some > characteristic of some,restriction_filler,False,False,http://purl.obolibrary.org/obo/CL_0000233,platelet,False,,,,,True
http://purl.obolibrary.org/obo/HP_0012526,Absence of alpha granules,inherited,http://purl.obolibrary.org/obo/HP_0001872,Abnormality of thrombocytes,equivalentClass,characteristic of part of,has part some > characteristic of part of some,restriction_filler,False,False,http://purl.obolibrary.org/obo/CL_0000233,platelet,False,,,,,True
http://purl.obolibrary.org/obo/HP_0012526,Absence of alpha granules,inherited,http://purl.obolibrary.org/obo/HP_0011875,Abnormal platelet morphology,equivalentClass,characteristic of,has part some > characteristic of some,restriction_filler,False,False,http://purl.obolibrary.org/obo/CL_0000233,platelet,False,,,,,True
http://purl.obolibrary.org/obo/HP_0012527,Abnormal alpha granule content,inherited,http://purl.obolibrary.org/obo/HP_0001872,Abnormality of thrombocytes,equivalentClass,characteristic of part of,has part some > characteristic of part of some,restriction_filler,False,False,http://purl.obolibrary.org/obo/CL_0000233,platelet,False,,,,,True
http://purl.obolibrary.org/obo/HP_0012527,Abnormal alpha granule content,inherited,http://purl.obolibrary.org/obo/HP_0011875,Abnormal platelet morphology,equivalentClass,characteristic of,has part some > characteristic of some,restriction_filler,False,False,http://purl.obolibrary.org/obo/CL_0000233,platelet,False,,,,,True
http://purl.obolibrary.org/obo/HP_0012528,Abnormal number of alpha granules,inherited,http://purl.obolibrary.org/obo/HP_0001872,Abnormality of thrombocytes,equivalentClass,characteristic of part of,has part some > characteristic of part of some,restriction_filler,False,False,http://purl.obolibrary.org/obo/CL_0000233,platelet,False,,,,,True
http://purl.obolibrary.org/obo/HP_0012528,Abnormal number of alpha granules,inherited,http://purl.obolibrary.org/obo/HP_0011875,Abnormal platelet morphology,equivalentClass,characteristic of,has part some > characteristic of some,restriction_filler,False,False,http://purl.obolibrary.org/obo/CL_0000233,platelet,False,,,,,True
http://purl.obolibrary.org/obo/HP_0012529,Abnormal dense granule content,inherited,http://purl.obolibrary.org/obo/HP_0001872,Abnormality of thrombocytes,equivalentClass,characteristic of part of,has part some > characteristic of part of some,restriction_filler,False,False,http://purl.obolibrary.org/obo/CL_0000233,platelet,False,,,,,True
http://purl.obolibrary.org/obo/HP_0012529,Abnormal dense granule content,inherited,http://purl.obolibrary.org/obo/HP_0011875,Abnormal platelet morphology,equivalentClass,characteristic of,has part some > characteristic of some,restriction_filler,False,False,http://purl.obolibrary.org/obo/CL_0000233,platelet,False,,,,,True
http://purl.obolibrary.org/obo/HP_0012530,Abnormal number of dense granules,inherited,http://purl.obolibrary.org/obo/HP_0001872,Abnormality of thrombocytes,equivalentClass,characteristic of part of,has part some > characteristic of part of some,restriction_filler,False,False,http://purl.obolibrary.org/obo/CL_0000233,platelet,False,,,,,True
http://purl.obolibrary.org/obo/HP_0012530,Abnormal number of dense granules,inherited,http://purl.obolibrary.org/obo/HP_0011875,Abnormal platelet morphology,equivalentClass,characteristic of,has part some > characteristic of some,restriction_filler,False,False,http://purl.obolibrary.org/obo/CL_0000233,platelet,False,,,,,True
http://purl.obolibrary.org/obo/HP_0012551,Absent neutrophil specific granules,inherited,http://purl.obolibrary.org/obo/HP_0001911,Abnormal granulocyte morphology,equivalentClass,characteristic of part of,has part some > characteristic of part of some,restriction_filler,False,False,http://purl.obolibrary.org/obo/CL_0000094,granulocyte,False,,,,,True
http://purl.obolibrary.org/obo/HP_0012551,Absent neutrophil specific granules,inherited,http://purl.obolibrary.org/obo/HP_0001881,Abnormal leukocyte morphology,equivalentClass,characteristic of part of,has part some > characteristic of part of some,restriction_filler,False,False,http://purl.obolibrary.org/obo/CL_0000738,leukocyte,False,,,,,True
http://purl.obolibrary.org/obo/HP_0012551,Absent neutrophil specific granules,inherited,http://purl.obolibrary.org/obo/HP_0010974,Abnormal myeloid leukocyte morphology,equivalentClass,characteristic of,has part some > characteristic of some,restriction_filler,False,False,http://purl.obolibrary.org/obo/CL_0000766,myeloid leukocyte,False,,,,,True
http://purl.obolibrary.org/obo/HP_0012551,Absent neutrophil specific granules,inherited,http://purl.obolibrary.org/obo/HP_0001874,Abnormality of neutrophils,equivalentClass,characteristic of part of,has part some > characteristic of part of some,restriction_filler,False,False,http://purl.obolibrary.org/obo/CL_0000775,neutrophil,False,,,,,True
http://purl.obolibrary.org/obo/HP_0012552,Increased neutrophil nuclear projections,inherited,http://purl.obolibrary.org/obo/HP_0001911,Abnormal granulocyte morphology,equivalentClass,characteristic of part of,has part some > characteristic of part of some,restriction_filler,False,False,http://purl.obolibrary.org/obo/CL_0000094,granulocyte,False,,,,,True
http://purl.obolibrary.org/obo/HP_0012552,Increased neutrophil nuclear projections,inherited,http://purl.obolibrary.org/obo/HP_0001881,Abnormal leukocyte morphology,equivalentClass,characteristic of part of,has part some > characteristic of part of some,restriction_filler,False,False,http://purl.obolibrary.org/obo/CL_0000738,leukocyte,False,,,,,True
http://purl.obolibrary.org/obo/HP_0012552,Increased neutrophil nuclear projections,inherited,http://purl.obolibrary.org/obo/HP_0010974,Abnormal myeloid leukocyte morphology,equivalentClass,characteristic of,has part some > characteristic of some,restriction_filler,False,False,http://purl.obolibrary.org/obo/CL_0000766,myeloid leukocyte,False,,,,,True
http://purl.obolibrary.org/obo/HP_0012552,Increased neutrophil nuclear projections,inherited,http://purl.obolibrary.org/obo/HP_0001874,Abnormality of neutrophils,equivalentClass,characteristic of part of,has part some > characteristic of part of some,restriction_filler,False,False,http://purl.obolibrary.org/obo/CL_0000775,neutrophil,False,,,,,True
http://purl.obolibrary.org/obo/HP_0012698,Cerebellar gliosis,inherited,http://purl.obolibrary.org/obo/HP_0100705,Abnormal glial cell morphology,equivalentClass,characteristic of part of,has part some > characteristic of part of some,restriction_filler,False,False,http://purl.obolibrary.org/obo/CL_0000125,glial cell,False,,,,,True
http://purl.obolibrary.org/obo/HP_0012757,Abnormal neuron morphology,direct,http://purl.obolibrary.org/obo/HP_0012757,Abnormal neuron morphology,equivalentClass,characteristic of,has part some > characteristic of some,restriction_filler,False,False,http://purl.obolibrary.org/obo/CL_0000540,neuron,False,,,,,True
http://purl.obolibrary.org/obo/HP_0012862,Abnormal germ cell morphology,direct,http://purl.obolibrary.org/obo/HP_0012862,Abnormal germ cell morphology,equivalentClass,characteristic of,has part some > characteristic of some,restriction_filler,False,False,http://purl.obolibrary.org/obo/CL_0000586,germ cell,False,,,,,True
http://purl.obolibrary.org/obo/HP_0012863,Abnormal male germ cell morphology,direct,http://purl.obolibrary.org/obo/HP_0012863,Abnormal male germ cell morphology,equivalentClass,characteristic of,has part some > characteristic of some,restriction_filler,False,False,http://purl.obolibrary.org/obo/CL_0000015,male germ cell,False,,,,,True
http://purl.obolibrary.org/obo/HP_0012863,Abnormal male germ cell morphology,inherited,http://purl.obolibrary.org/obo/HP_0012862,Abnormal germ cell morphology,equivalentClass,characteristic of,has part some > characteristic of some,restriction_filler,False,False,http://purl.obolibrary.org/obo/CL_0000586,germ cell,False,,,,,True
http://purl.obolibrary.org/obo/HP_0012864,Abnormal sperm morphology,direct,http://purl.obolibrary.org/obo/HP_0012864,Abnormal sperm morphology,equivalentClass,characteristic of,has part some > characteristic of some,restriction_filler,False,False,http://purl.obolibrary.org/obo/CL_0000019,sperm,False,,,,,True
http://purl.obolibrary.org/obo/HP_0012864,Abnormal sperm morphology,inherited,http://purl.obolibrary.org/obo/HP_0012863,Abnormal male germ cell morphology,equivalentClass,characteristic of,has part some > characteristic of some,restriction_filler,False,False,http://purl.obolibrary.org/obo/CL_0000015,male germ cell,False,,,,,True
http://purl.obolibrary.org/obo/HP_0012864,Abnormal sperm morphology,inherited,http://purl.obolibrary.org/obo/HP_0012862,Abnormal germ cell morphology,equivalentClass,characteristic of,has part some > characteristic of some,restriction_filler,False,False,http://purl.obolibrary.org/obo/CL_0000586,germ cell,False,,,,,True
http://purl.obolibrary.org/obo/HP_0012865,Abnormal sperm head morphology,inherited,http://purl.obolibrary.org/obo/HP_0012863,Abnormal male germ cell morphology,equivalentClass,characteristic of,has part some > characteristic of some,restriction_filler,False,False,http://purl.obolibrary.org/obo/CL_0000015,male germ cell,False,,,,,True
http://purl.obolibrary.org/obo/HP_0012865,Abnormal sperm head morphology,inherited,http://purl.obolibrary.org/obo/HP_0012864,Abnormal sperm morphology,equivalentClass,characteristic of,has part some > characteristic of some,restriction_filler,False,False,http://purl.obolibrary.org/obo/CL_0000019,sperm,False,,,,,True
http://purl.obolibrary.org/obo/HP_0012865,Abnormal sperm head morphology,inherited,http://purl.obolibrary.org/obo/HP_0012862,Abnormal germ cell morphology,equivalentClass,characteristic of,has part some > characteristic of some,restriction_filler,False,False,http://purl.obolibrary.org/obo/CL_0000586,germ cell,False,,,,,True
http://purl.obolibrary.org/obo/HP_0012866,Abnormal sperm neck morphology,inherited,http://purl.obolibrary.org/obo/HP_0012863,Abnormal male germ cell morphology,equivalentClass,characteristic of,has part some > characteristic of some,restriction_filler,False,False,http://purl.obolibrary.org/obo/CL_0000015,male germ cell,False,,,,,True
http://purl.obolibrary.org/obo/HP_0012866,Abnormal sperm neck morphology,inherited,http://purl.obolibrary.org/obo/HP_0012864,Abnormal sperm morphology,equivalentClass,characteristic of,has part some > characteristic of some,restriction_filler,False,False,http://purl.obolibrary.org/obo/CL_0000019,sperm,False,,,,,True
http://purl.obolibrary.org/obo/HP_0012866,Abnormal sperm neck morphology,inherited,http://purl.obolibrary.org/obo/HP_0012862,Abnormal germ cell morphology,equivalentClass,characteristic of,has part some > characteristic of some,restriction_filler,False,False,http://purl.obolibrary.org/obo/CL_0000586,germ cell,False,,,,,True
http://purl.obolibrary.org/obo/HP_0012867,Abnormal sperm mid-piece morphology,inherited,http://purl.obolibrary.org/obo/HP_0012863,Abnormal male germ cell morphology,equivalentClass,characteristic of,has part some > characteristic of some,restriction_filler,False,False,http://purl.obolibrary.org/obo/CL_0000015,male germ cell,False,,,,,True
http://purl.obolibrary.org/obo/HP_0012867,Abnormal sperm mid-piece morphology,inherited,http://purl.obolibrary.org/obo/HP_0012864,Abnormal sperm morphology,equivalentClass,characteristic of,has part some > characteristic of some,restriction_filler,False,False,http://purl.obolibrary.org/obo/CL_0000019,sperm,False,,,,,True
http://purl.obolibrary.org/obo/HP_0012867,Abnormal sperm mid-piece morphology,inherited,http://purl.obolibrary.org/obo/HP_0012862,Abnormal germ cell morphology,equivalentClass,characteristic of,has part some > characteristic of some,restriction_filler,False,False,http://purl.obolibrary.org/obo/CL_0000586,germ cell,False,,,,,True
http://purl.obolibrary.org/obo/HP_0012868,Abnormal sperm tail morphology,inherited,http://purl.obolibrary.org/obo/HP_0012863,Abnormal male germ cell morphology,equivalentClass,characteristic of,has part some > characteristic of some,restriction_filler,False,False,http://purl.obolibrary.org/obo/CL_0000015,male germ cell,False,,,,,True
http://purl.obolibrary.org/obo/HP_0012868,Abnormal sperm tail morphology,inherited,http://purl.obolibrary.org/obo/HP_0012864,Abnormal sperm morphology,equivalentClass,characteristic of,has part some > characteristic of some,restriction_filler,False,False,http://purl.obolibrary.org/obo/CL_0000019,sperm,False,,,,,True
http://purl.obolibrary.org/obo/HP_0012868,Abnormal sperm tail morphology,inherited,http://purl.obolibrary.org/obo/HP_0012862,Abnormal germ cell morphology,equivalentClass,characteristic of,has part some > characteristic of some,restriction_filler,False,False,http://purl.obolibrary.org/obo/CL_0000586,germ cell,False,,,,,True
http://purl.obolibrary.org/obo/HP_0012869,Acephalic spermatozoa,inherited,http://purl.obolibrary.org/obo/HP_0012863,Abnormal male germ cell morphology,equivalentClass,characteristic of,has part some > characteristic of some,restriction_filler,False,False,http://purl.obolibrary.org/obo/CL_0000015,male germ cell,False,,,,,True
http://purl.obolibrary.org/obo/HP_0012869,Acephalic spermatozoa,inherited,http://purl.obolibrary.org/obo/HP_0012864,Abnormal sperm morphology,equivalentClass,characteristic of,has part some > characteristic of some,restriction_filler,False,False,http://purl.obolibrary.org/obo/CL_0000019,sperm,False,,,,,True
http://purl.obolibrary.org/obo/HP_0012869,Acephalic spermatozoa,inherited,http://purl.obolibrary.org/obo/HP_0012862,Abnormal germ cell morphology,equivalentClass,characteristic of,has part some > characteristic of some,restriction_filler,False,False,http://purl.obolibrary.org/obo/CL_0000586,germ cell,False,,,,,True
http://purl.obolibrary.org/obo/HP_0020047,Abnormal myeloid cell morphology,direct,http://purl.obolibrary.org/obo/HP_0020047,Abnormal myeloid cell morphology,equivalentClass,characteristic of,has part some > characteristic of some,restriction_filler,False,False,http://purl.obolibrary.org/obo/CL_0000763,myeloid cell,False,,,,,True
http://purl.obolibrary.org/obo/HP_0020047,Abnormal myeloid cell morphology,inherited,http://purl.obolibrary.org/obo/HP_0005561,Abnormal bone marrow cell morphology,equivalentClass,characteristic of,has part some > characteristic of some,restriction_filler,False,False,http://purl.obolibrary.org/obo/CL_0002092,bone marrow cell,False,,,,,True
http://purl.obolibrary.org/obo/HP_0020048,Reduced bone-marrow pro-B cell count,inherited,http://purl.obolibrary.org/obo/HP_0005561,Abnormal bone marrow cell morphology,equivalentClass,characteristic of,has part some > characteristic of some,restriction_filler,False,False,http://purl.obolibrary.org/obo/CL_0002092,bone marrow cell,False,,,,,True
http://purl.obolibrary.org/obo/HP_0020054,Abnormal erythrocyte physiology,direct,http://purl.obolibrary.org/obo/HP_0020054,Abnormal erythrocyte physiology,equivalentClass,characteristic of,has part some > characteristic of some,restriction_filler,False,False,http://purl.obolibrary.org/obo/CL_0000232,erythrocyte,False,,,,,True
http://purl.obolibrary.org/obo/HP_0020058,Abnormal red blood cell count,inherited,http://purl.obolibrary.org/obo/HP_0001877,Abnormal erythrocyte morphology,equivalentClass,characteristic of part of,has part some > characteristic of part of some,restriction_filler,False,False,http://purl.obolibrary.org/obo/CL_0000232,erythrocyte,False,,,,,True
http://purl.obolibrary.org/obo/HP_0020059,Increased red blood cell count,inherited,http://purl.obolibrary.org/obo/HP_0001877,Abnormal erythrocyte morphology,equivalentClass,characteristic of part of,has part some > characteristic of part of some,restriction_filler,False,False,http://purl.obolibrary.org/obo/CL_0000232,erythrocyte,False,,,,,True
http://purl.obolibrary.org/obo/HP_0020060,Decreased red blood cell count,inherited,http://purl.obolibrary.org/obo/HP_0001877,Abnormal erythrocyte morphology,equivalentClass,characteristic of part of,has part some > characteristic of part of some,restriction_filler,False,False,http://purl.obolibrary.org/obo/CL_0000232,erythrocyte,False,,,,,True
http://purl.obolibrary.org/obo/HP_0020061,Abnormal hemoglobin concentration,inherited,http://purl.obolibrary.org/obo/HP_0001877,Abnormal erythrocyte morphology,equivalentClass,characteristic of part of,has part some > characteristic of part of some,restriction_filler,False,False,http://purl.obolibrary.org/obo/CL_0000232,erythrocyte,False,,,,,True
http://purl.obolibrary.org/obo/HP_0020062,Decreased hemoglobin concentration,inherited,http://purl.obolibrary.org/obo/HP_0001877,Abnormal erythrocyte morphology,equivalentClass,characteristic of part of,has part some > characteristic of part of some,restriction_filler,False,False,http://purl.obolibrary.org/obo/CL_0000232,erythrocyte,False,,,,,True
http://purl.obolibrary.org/obo/HP_0020064,Abnormal total eosinophil count,direct,http://purl.obolibrary.org/obo/HP_0020064,Abnormal total eosinophil count,equivalentClass,characteristic of,has part some > characteristic of some,intersection_operand,False,False,http://purl.obolibrary.org/obo/CL_0000771,eosinophil,False,,,,,True
http://purl.obolibrary.org/obo/HP_0020064,Abnormal total eosinophil count,inherited,http://purl.obolibrary.org/obo/HP_0001911,Abnormal granulocyte morphology,equivalentClass,characteristic of part of,has part some > characteristic of part of some,restriction_filler,False,False,http://purl.obolibrary.org/obo/CL_0000094,granulocyte,False,,,,,True
http://purl.obolibrary.org/obo/HP_0020064,Abnormal total eosinophil count,inherited,http://purl.obolibrary.org/obo/HP_0001881,Abnormal leukocyte morphology,equivalentClass,characteristic of part of,has part some > characteristic of part of some,restriction_filler,False,False,http://purl.obolibrary.org/obo/CL_0000738,leukocyte,False,,,,,True
http://purl.obolibrary.org/obo/HP_0020064,Abnormal total eosinophil count,inherited,http://purl.obolibrary.org/obo/HP_0011893,Abnormal leukocyte count,equivalentClass,characteristic of,has part some > characteristic of some,restriction_filler,False,False,http://purl.obolibrary.org/obo/CL_0000738,leukocyte,False,,,,,True
http://purl.obolibrary.org/obo/HP_0020064,Abnormal total eosinophil count,inherited,http://purl.obolibrary.org/obo/HP_0010974,Abnormal myeloid leukocyte morphology,equivalentClass,characteristic of,has part some > characteristic of some,restriction_filler,False,False,http://purl.obolibrary.org/obo/CL_0000766,myeloid leukocyte,False,,,,,True
http://purl.obolibrary.org/obo/HP_0020064,Abnormal total eosinophil count,inherited,http://purl.obolibrary.org/obo/HP_0001879,Abnormal eosinophil morphology,equivalentClass,characteristic of part of,has part some > characteristic of part of some,restriction_filler,False,False,http://purl.obolibrary.org/obo/CL_0000771,eosinophil,False,,,,,True
http://purl.obolibrary.org/obo/HP_0020066,Pathological inclusion body by subcellular location,inherited,http://purl.obolibrary.org/obo/HP_0025354,Abnormal cellular phenotype,equivalentClass,characteristic of part of,has part some > characteristic of part of some,restriction_filler,False,False,http://purl.obolibrary.org/obo/CL_0000000,cell,False,,,,,True
http://purl.obolibrary.org/obo/HP_0020066,Pathological inclusion body by subcellular location,inherited,http://purl.obolibrary.org/obo/HP_0025461,Abnormal cell morphology,equivalentClass,characteristic of,has part some > characteristic of some,restriction_filler,False,False,http://purl.obolibrary.org/obo/CL_0000000,cell,False,,,,,True
http://purl.obolibrary.org/obo/HP_0020067,Pathological inclusion body by anatomical location,inherited,http://purl.obolibrary.org/obo/HP_0025354,Abnormal cellular phenotype,equivalentClass,characteristic of part of,has part some > characteristic of part of some,restriction_filler,False,False,http://purl.obolibrary.org/obo/CL_0000000,cell,False,,,,,True
http://purl.obolibrary.org/obo/HP_0020067,Pathological inclusion body by anatomical location,inherited,http://purl.obolibrary.org/obo/HP_0025461,Abnormal cell morphology,equivalentClass,characteristic of,has part some > characteristic of some,restriction_filler,False,False,http://purl.obolibrary.org/obo/CL_0000000,cell,False,,,,,True
http://purl.obolibrary.org/obo/HP_0020068,Intranuclear inclusion bodies,inherited,http://purl.obolibrary.org/obo/HP_0025354,Abnormal cellular phenotype,equivalentClass,characteristic of part of,has part some > characteristic of part of some,restriction_filler,False,False,http://purl.obolibrary.org/obo/CL_0000000,cell,False,,,,,True
http://purl.obolibrary.org/obo/HP_0020068,Intranuclear inclusion bodies,inherited,http://purl.obolibrary.org/obo/HP_0025461,Abnormal cell morphology,equivalentClass,characteristic of,has part some > characteristic of some,restriction_filler,False,False,http://purl.obolibrary.org/obo/CL_0000000,cell,False,,,,,True
http://purl.obolibrary.org/obo/HP_0020080,Erythrocyte inclusion bodies,inherited,http://purl.obolibrary.org/obo/HP_0001877,Abnormal erythrocyte morphology,equivalentClass,characteristic of part of,has part some > characteristic of part of some,restriction_filler,False,False,http://purl.obolibrary.org/obo/CL_0000232,erythrocyte,False,,,,,True
http://purl.obolibrary.org/obo/HP_0020081,Pappenheimer bodies,inherited,http://purl.obolibrary.org/obo/HP_0001877,Abnormal erythrocyte morphology,equivalentClass,characteristic of part of,has part some > characteristic of part of some,restriction_filler,False,False,http://purl.obolibrary.org/obo/CL_0000232,erythrocyte,False,,,,,True
http://purl.obolibrary.org/obo/HP_0020082,Heinz bodies,inherited,http://purl.obolibrary.org/obo/HP_0001877,Abnormal erythrocyte morphology,equivalentClass,characteristic of part of,has part some > characteristic of part of some,restriction_filler,False,False,http://purl.obolibrary.org/obo/CL_0000232,erythrocyte,False,,,,,True
http://purl.obolibrary.org/obo/HP_0020111,Abnormal regulatory T cell proportion,direct,http://purl.obolibrary.org/obo/HP_0020111,Abnormal regulatory T cell proportion,equivalentClass,towards,has part some > towards some,restriction_filler,False,False,http://purl.obolibrary.org/obo/CL_0000000,cell,False,,,,,True
http://purl.obolibrary.org/obo/HP_0020111,Abnormal regulatory T cell proportion,direct,http://purl.obolibrary.org/obo/HP_0020111,Abnormal regulatory T cell proportion,equivalentClass,characteristic of,has part some > characteristic of some,intersection_operand,False,False,http://purl.obolibrary.org/obo/CL_0000792,"CD4-positive, CD25-positive, alpha-beta regulatory T cell",False,,,,,True
http://purl.obolibrary.org/obo/HP_0020111,Abnormal regulatory T cell proportion,inherited,http://purl.obolibrary.org/obo/HP_0002843,Abnormal T cell morphology,equivalentClass,characteristic of,has part some > characteristic of some,restriction_filler,False,False,http://purl.obolibrary.org/obo/CL_0000084,T cell,False,,,,,True
http://purl.obolibrary.org/obo/HP_0020111,Abnormal regulatory T cell proportion,inherited,http://purl.obolibrary.org/obo/HP_0031392,Abnormal CD4+ T cell subset proportion,equivalentClass,towards,has part some > towards some,restriction_filler,False,False,http://purl.obolibrary.org/obo/CL_0000084,T cell,False,,,,,True
http://purl.obolibrary.org/obo/HP_0020111,Abnormal regulatory T cell proportion,inherited,http://purl.obolibrary.org/obo/HP_0004332,Abnormal lymphocyte morphology,equivalentClass,characteristic of part of,has part some > characteristic of part of some,restriction_filler,False,False,http://purl.obolibrary.org/obo/CL_0000542,lymphocyte,False,,,,,True
http://purl.obolibrary.org/obo/HP_0020111,Abnormal regulatory T cell proportion,inherited,http://purl.obolibrary.org/obo/HP_0031392,Abnormal CD4+ T cell subset proportion,equivalentClass,characteristic of,has part some > characteristic of some,intersection_operand,False,False,http://purl.obolibrary.org/obo/CL_0000624,"CD4-positive, alpha-beta T cell",False,,,,,True
http://purl.obolibrary.org/obo/HP_0020111,Abnormal regulatory T cell proportion,inherited,http://purl.obolibrary.org/obo/HP_0001881,Abnormal leukocyte morphology,equivalentClass,characteristic of part of,has part some > characteristic of part of some,restriction_filler,False,False,http://purl.obolibrary.org/obo/CL_0000738,leukocyte,False,,,,,True
http://purl.obolibrary.org/obo/HP_0020112,Increased regulatory T cell proportion,direct,http://purl.obolibrary.org/obo/HP_0020112,Increased regulatory T cell proportion,equivalentClass,towards,has part some > towards some,restriction_filler,False,False,http://purl.obolibrary.org/obo/CL_0000000,cell,False,,,,,True
http://purl.obolibrary.org/obo/HP_0020112,Increased regulatory T cell proportion,direct,http://purl.obolibrary.org/obo/HP_0020112,Increased regulatory T cell proportion,equivalentClass,characteristic of,has part some > characteristic of some,intersection_operand,False,False,http://purl.obolibrary.org/obo/CL_0000792,"CD4-positive, CD25-positive, alpha-beta regulatory T cell",False,,,,,True
http://purl.obolibrary.org/obo/HP_0020112,Increased regulatory T cell proportion,inherited,http://purl.obolibrary.org/obo/HP_0002843,Abnormal T cell morphology,equivalentClass,characteristic of,has part some > characteristic of some,restriction_filler,False,False,http://purl.obolibrary.org/obo/CL_0000084,T cell,False,,,,,True
http://purl.obolibrary.org/obo/HP_0020112,Increased regulatory T cell proportion,inherited,http://purl.obolibrary.org/obo/HP_0031392,Abnormal CD4+ T cell subset proportion,equivalentClass,towards,has part some > towards some,restriction_filler,False,False,http://purl.obolibrary.org/obo/CL_0000084,T cell,False,,,,,True
http://purl.obolibrary.org/obo/HP_0020112,Increased regulatory T cell proportion,inherited,http://purl.obolibrary.org/obo/HP_0004332,Abnormal lymphocyte morphology,equivalentClass,characteristic of part of,has part some > characteristic of part of some,restriction_filler,False,False,http://purl.obolibrary.org/obo/CL_0000542,lymphocyte,False,,,,,True
http://purl.obolibrary.org/obo/HP_0020112,Increased regulatory T cell proportion,inherited,http://purl.obolibrary.org/obo/HP_0031392,Abnormal CD4+ T cell subset proportion,equivalentClass,characteristic of,has part some > characteristic of some,intersection_operand,False,False,http://purl.obolibrary.org/obo/CL_0000624,"CD4-positive, alpha-beta T cell",False,,,,,True
http://purl.obolibrary.org/obo/HP_0020112,Increased regulatory T cell proportion,inherited,http://purl.obolibrary.org/obo/HP_0001881,Abnormal leukocyte morphology,equivalentClass,characteristic of part of,has part some > characteristic of part of some,restriction_filler,False,False,http://purl.obolibrary.org/obo/CL_0000738,leukocyte,False,,,,,True
http://purl.obolibrary.org/obo/HP_0020113,Decreased regulatory T cell proportion,direct,http://purl.obolibrary.org/obo/HP_0020113,Decreased regulatory T cell proportion,equivalentClass,towards,has part some > towards some,restriction_filler,False,False,http://purl.obolibrary.org/obo/CL_0000000,cell,False,,,,,True
http://purl.obolibrary.org/obo/HP_0020113,Decreased regulatory T cell proportion,direct,http://purl.obolibrary.org/obo/HP_0020113,Decreased regulatory T cell proportion,equivalentClass,characteristic of,has part some > characteristic of some,intersection_operand,False,False,http://purl.obolibrary.org/obo/CL_0000792,"CD4-positive, CD25-positive, alpha-beta regulatory T cell",False,,,,,True
http://purl.obolibrary.org/obo/HP_0020113,Decreased regulatory T cell proportion,inherited,http://purl.obolibrary.org/obo/HP_0002843,Abnormal T cell morphology,equivalentClass,characteristic of,has part some > characteristic of some,restriction_filler,False,False,http://purl.obolibrary.org/obo/CL_0000084,T cell,False,,,,,True
http://purl.obolibrary.org/obo/HP_0020113,Decreased regulatory T cell proportion,inherited,http://purl.obolibrary.org/obo/HP_0031392,Abnormal CD4+ T cell subset proportion,equivalentClass,towards,has part some > towards some,restriction_filler,False,False,http://purl.obolibrary.org/obo/CL_0000084,T cell,False,,,,,True
http://purl.obolibrary.org/obo/HP_0020113,Decreased regulatory T cell proportion,inherited,http://purl.obolibrary.org/obo/HP_0004332,Abnormal lymphocyte morphology,equivalentClass,characteristic of part of,has part some > characteristic of part of some,restriction_filler,False,False,http://purl.obolibrary.org/obo/CL_0000542,lymphocyte,False,,,,,True
http://purl.obolibrary.org/obo/HP_0020113,Decreased regulatory T cell proportion,inherited,http://purl.obolibrary.org/obo/HP_0031392,Abnormal CD4+ T cell subset proportion,equivalentClass,characteristic of,has part some > characteristic of some,intersection_operand,False,False,http://purl.obolibrary.org/obo/CL_0000624,"CD4-positive, alpha-beta T cell",False,,,,,True
http://purl.obolibrary.org/obo/HP_0020113,Decreased regulatory T cell proportion,inherited,http://purl.obolibrary.org/obo/HP_0001881,Abnormal leukocyte morphology,equivalentClass,characteristic of part of,has part some > characteristic of part of some,restriction_filler,False,False,http://purl.obolibrary.org/obo/CL_0000738,leukocyte,False,,,,,True
http://purl.obolibrary.org/obo/HP_0020115,Abnormal CD8+ T cell subset proportion,inherited,http://purl.obolibrary.org/obo/HP_0002843,Abnormal T cell morphology,equivalentClass,characteristic of,has part some > characteristic of some,restriction_filler,False,False,http://purl.obolibrary.org/obo/CL_0000084,T cell,False,,,,,True
http://purl.obolibrary.org/obo/HP_0020115,Abnormal CD8+ T cell subset proportion,inherited,http://purl.obolibrary.org/obo/HP_0004332,Abnormal lymphocyte morphology,equivalentClass,characteristic of part of,has part some > characteristic of part of some,restriction_filler,False,False,http://purl.obolibrary.org/obo/CL_0000542,lymphocyte,False,,,,,True
http://purl.obolibrary.org/obo/HP_0020115,Abnormal CD8+ T cell subset proportion,inherited,http://purl.obolibrary.org/obo/HP_0001881,Abnormal leukocyte morphology,equivalentClass,characteristic of part of,has part some > characteristic of part of some,restriction_filler,False,False,http://purl.obolibrary.org/obo/CL_0000738,leukocyte,False,,,,,True
http://purl.obolibrary.org/obo/HP_0020122,Bite cells,inherited,http://purl.obolibrary.org/obo/HP_0001877,Abnormal erythrocyte morphology,equivalentClass,characteristic of part of,has part some > characteristic of part of some,restriction_filler,False,False,http://purl.obolibrary.org/obo/CL_0000232,erythrocyte,False,,,,,True
http://purl.obolibrary.org/obo/HP_0020122,Bite cells,inherited,http://purl.obolibrary.org/obo/HP_0004447,Poikilocytosis,equivalentClass,characteristic of,has part some > characteristic of some,restriction_filler,False,False,http://purl.obolibrary.org/obo/CL_0000232,erythrocyte,False,,,,,True
http://purl.obolibrary.org/obo/HP_0020134,Increased urine neutrophil count,inherited,http://purl.obolibrary.org/obo/HP_0012085,Pyuria,equivalentClass,characteristic of,has part some > characteristic of some,intersection_operand,False,False,http://purl.obolibrary.org/obo/CL_0000775,neutrophil,False,,,,,True
http://purl.obolibrary.org/obo/HP_0020155,Abnormal oocyte morphology,inherited,http://purl.obolibrary.org/obo/HP_0025354,Abnormal cellular phenotype,equivalentClass,characteristic of part of,has part some > characteristic of part of some,restriction_filler,False,False,http://purl.obolibrary.org/obo/CL_0000000,cell,False,,,,,True
http://purl.obolibrary.org/obo/HP_0020155,Abnormal oocyte morphology,inherited,http://purl.obolibrary.org/obo/HP_0025461,Abnormal cell morphology,equivalentClass,characteristic of,has part some > characteristic of some,restriction_filler,False,False,http://purl.obolibrary.org/obo/CL_0000000,cell,False,,,,,True
http://purl.obolibrary.org/obo/HP_0020156,Abnormal zona pellucida morphology,inherited,http://purl.obolibrary.org/obo/HP_0025354,Abnormal cellular phenotype,equivalentClass,characteristic of part of,has part some > characteristic of part of some,restriction_filler,False,False,http://purl.obolibrary.org/obo/CL_0000000,cell,False,,,,,True
http://purl.obolibrary.org/obo/HP_0020156,Abnormal zona pellucida morphology,inherited,http://purl.obolibrary.org/obo/HP_0025461,Abnormal cell morphology,equivalentClass,characteristic of,has part some > characteristic of some,restriction_filler,False,False,http://purl.obolibrary.org/obo/CL_0000000,cell,False,,,,,True
http://purl.obolibrary.org/obo/HP_0020157,Thin zona pellucida,inherited,http://purl.obolibrary.org/obo/HP_0025354,Abnormal cellular phenotype,equivalentClass,characteristic of part of,has part some > characteristic of part of some,restriction_filler,False,False,http://purl.obolibrary.org/obo/CL_0000000,cell,False,,,,,True
http://purl.obolibrary.org/obo/HP_0020157,Thin zona pellucida,inherited,http://purl.obolibrary.org/obo/HP_0025461,Abnormal cell morphology,equivalentClass,characteristic of,has part some > characteristic of some,restriction_filler,False,False,http://purl.obolibrary.org/obo/CL_0000000,cell,False,,,,,True
http://purl.obolibrary.org/obo/HP_0020177,Abnormal CD8+ TEMRA T cell proportion,direct,http://purl.obolibrary.org/obo/HP_0020177,Abnormal CD8+ TEMRA T cell proportion,equivalentClass,towards,has part some > towards some,restriction_filler,False,False,http://purl.obolibrary.org/obo/CL_0000084,T cell,False,,,,,True
http://purl.obolibrary.org/obo/HP_0020177,Abnormal CD8+ TEMRA T cell proportion,direct,http://purl.obolibrary.org/obo/HP_0020177,Abnormal CD8+ TEMRA T cell proportion,equivalentClass,characteristic of,has part some > characteristic of some,intersection_operand,False,False,http://purl.obolibrary.org/obo/CL_0001062,"effector memory CD8-positive, alpha-beta T cell, terminally differentiated",False,,,,,True
http://purl.obolibrary.org/obo/HP_0020177,Abnormal CD8+ TEMRA T cell proportion,inherited,http://purl.obolibrary.org/obo/HP_0002843,Abnormal T cell morphology,equivalentClass,characteristic of,has part some > characteristic of some,restriction_filler,False,False,http://purl.obolibrary.org/obo/CL_0000084,T cell,False,,,,,True
http://purl.obolibrary.org/obo/HP_0020177,Abnormal CD8+ TEMRA T cell proportion,inherited,http://purl.obolibrary.org/obo/HP_0004332,Abnormal lymphocyte morphology,equivalentClass,characteristic of part of,has part some > characteristic of part of some,restriction_filler,False,False,http://purl.obolibrary.org/obo/CL_0000542,lymphocyte,False,,,,,True
http://purl.obolibrary.org/obo/HP_0020177,Abnormal CD8+ TEMRA T cell proportion,inherited,http://purl.obolibrary.org/obo/HP_0001881,Abnormal leukocyte morphology,equivalentClass,characteristic of part of,has part some > characteristic of part of some,restriction_filler,False,False,http://purl.obolibrary.org/obo/CL_0000738,leukocyte,False,,,,,True
http://purl.obolibrary.org/obo/HP_0020177,Abnormal CD8+ TEMRA T cell proportion,inherited,http://purl.obolibrary.org/obo/HP_0032182,Abnormal memory T cell proportion,equivalentClass,characteristic of,has part some > characteristic of some,intersection_operand,False,False,http://purl.obolibrary.org/obo/CL_0000813,memory T cell,False,,,,,True
http://purl.obolibrary.org/obo/HP_0020177,Abnormal CD8+ TEMRA T cell proportion,inherited,http://purl.obolibrary.org/obo/HP_0410380,Abnormal memory CD8+ T cell proportion,equivalentClass,characteristic of,has part some > characteristic of some,intersection_operand,False,False,http://purl.obolibrary.org/obo/CL_0000909,"CD8-positive, alpha-beta memory T cell",False,,,,,True
http://purl.obolibrary.org/obo/HP_0020178,Abnormal dendritic cell count,inherited,http://purl.obolibrary.org/obo/HP_0001881,Abnormal leukocyte morphology,equivalentClass,characteristic of part of,has part some > characteristic of part of some,restriction_filler,False,False,http://purl.obolibrary.org/obo/CL_0000738,leukocyte,False,,,,,True
http://purl.obolibrary.org/obo/HP_0020178,Abnormal dendritic cell count,inherited,http://purl.obolibrary.org/obo/HP_0011893,Abnormal leukocyte count,equivalentClass,characteristic of,has part some > characteristic of some,restriction_filler,False,False,http://purl.obolibrary.org/obo/CL_0000738,leukocyte,False,,,,,True
http://purl.obolibrary.org/obo/HP_0020194,IgA heavy chain paraproteinemia,inherited,http://purl.obolibrary.org/obo/HP_0025354,Abnormal cellular phenotype,equivalentClass,characteristic of part of,has part some > characteristic of part of some,restriction_filler,False,False,http://purl.obolibrary.org/obo/CL_0000000,cell,False,,,,,True
http://purl.obolibrary.org/obo/HP_0020194,IgA heavy chain paraproteinemia,inherited,http://purl.obolibrary.org/obo/HP_0011017,Abnormal cellular physiology,equivalentClass,characteristic of,has part some > characteristic of some,restriction_filler,False,False,http://purl.obolibrary.org/obo/CL_0000000,cell,False,,,,,True
http://purl.obolibrary.org/obo/HP_0020194,IgA heavy chain paraproteinemia,inherited,http://purl.obolibrary.org/obo/HP_0005372,Abnormal B cell physiology,equivalentClass,characteristic of,has part some > characteristic of some,restriction_filler,False,False,http://purl.obolibrary.org/obo/CL_0000236,B cell,False,,,,,True
http://purl.obolibrary.org/obo/HP_0020195,IgG heavy chain paraproteinemia,inherited,http://purl.obolibrary.org/obo/HP_0025354,Abnormal cellular phenotype,equivalentClass,characteristic of part of,has part some > characteristic of part of some,restriction_filler,False,False,http://purl.obolibrary.org/obo/CL_0000000,cell,False,,,,,True
http://purl.obolibrary.org/obo/HP_0020195,IgG heavy chain paraproteinemia,inherited,http://purl.obolibrary.org/obo/HP_0011017,Abnormal cellular physiology,equivalentClass,characteristic of,has part some > characteristic of some,restriction_filler,False,False,http://purl.obolibrary.org/obo/CL_0000000,cell,False,,,,,True
http://purl.obolibrary.org/obo/HP_0020195,IgG heavy chain paraproteinemia,inherited,http://purl.obolibrary.org/obo/HP_0005372,Abnormal B cell physiology,equivalentClass,characteristic of,has part some > characteristic of some,restriction_filler,False,False,http://purl.obolibrary.org/obo/CL_0000236,B cell,False,,,,,True
http://purl.obolibrary.org/obo/HP_0020196,IgM heavy chain paraproteinemia,inherited,http://purl.obolibrary.org/obo/HP_0025354,Abnormal cellular phenotype,equivalentClass,characteristic of part of,has part some > characteristic of part of some,restriction_filler,False,False,http://purl.obolibrary.org/obo/CL_0000000,cell,False,,,,,True
http://purl.obolibrary.org/obo/HP_0020196,IgM heavy chain paraproteinemia,inherited,http://purl.obolibrary.org/obo/HP_0011017,Abnormal cellular physiology,equivalentClass,characteristic of,has part some > characteristic of some,restriction_filler,False,False,http://purl.obolibrary.org/obo/CL_0000000,cell,False,,,,,True
http://purl.obolibrary.org/obo/HP_0020196,IgM heavy chain paraproteinemia,inherited,http://purl.obolibrary.org/obo/HP_0005372,Abnormal B cell physiology,equivalentClass,characteristic of,has part some > characteristic of some,restriction_filler,False,False,http://purl.obolibrary.org/obo/CL_0000236,B cell,False,,,,,True
http://purl.obolibrary.org/obo/HP_0020201,Abnormal sarcomere morphology,inherited,http://purl.obolibrary.org/obo/HP_0004303,Abnormal muscle fiber morphology,equivalentClass,characteristic of part of,has part some > characteristic of part of some,restriction_filler,False,False,http://purl.obolibrary.org/obo/CL_0000188,cell of skeletal muscle,False,,,,,True
http://purl.obolibrary.org/obo/HP_0020202,Abnormal Z disk morphology,inherited,http://purl.obolibrary.org/obo/HP_0004303,Abnormal muscle fiber morphology,equivalentClass,characteristic of part of,has part some > characteristic of part of some,restriction_filler,False,False,http://purl.obolibrary.org/obo/CL_0000188,cell of skeletal muscle,False,,,,,True
http://purl.obolibrary.org/obo/HP_0020203,Z-band streaming,inherited,http://purl.obolibrary.org/obo/HP_0004303,Abnormal muscle fiber morphology,equivalentClass,characteristic of part of,has part some > characteristic of part of some,restriction_filler,False,False,http://purl.obolibrary.org/obo/CL_0000188,cell of skeletal muscle,False,,,,,True
http://purl.obolibrary.org/obo/HP_0020339,Increased mucosal-associated invariant T cell proportion,inherited,http://purl.obolibrary.org/obo/HP_0002843,Abnormal T cell morphology,equivalentClass,characteristic of,has part some > characteristic of some,restriction_filler,False,False,http://purl.obolibrary.org/obo/CL_0000084,T cell,False,,,,,True
http://purl.obolibrary.org/obo/HP_0020339,Increased mucosal-associated invariant T cell proportion,inherited,http://purl.obolibrary.org/obo/HP_0004332,Abnormal lymphocyte morphology,equivalentClass,characteristic of part of,has part some > characteristic of part of some,restriction_filler,False,False,http://purl.obolibrary.org/obo/CL_0000542,lymphocyte,False,,,,,True
http://purl.obolibrary.org/obo/HP_0020339,Increased mucosal-associated invariant T cell proportion,inherited,http://purl.obolibrary.org/obo/HP_0001881,Abnormal leukocyte morphology,equivalentClass,characteristic of part of,has part some > characteristic of part of some,restriction_filler,False,False,http://purl.obolibrary.org/obo/CL_0000738,leukocyte,False,,,,,True
http://purl.obolibrary.org/obo/HP_0020340,Abnormal mucosal-associated invariant T cell proportion,inherited,http://purl.obolibrary.org/obo/HP_0002843,Abnormal T cell morphology,equivalentClass,characteristic of,has part some > characteristic of some,restriction_filler,False,False,http://purl.obolibrary.org/obo/CL_0000084,T cell,False,,,,,True
http://purl.obolibrary.org/obo/HP_0020340,Abnormal mucosal-associated invariant T cell proportion,inherited,http://purl.obolibrary.org/obo/HP_0004332,Abnormal lymphocyte morphology,equivalentClass,characteristic of part of,has part some > characteristic of part of some,restriction_filler,False,False,http://purl.obolibrary.org/obo/CL_0000542,lymphocyte,False,,,,,True
http://purl.obolibrary.org/obo/HP_0020340,Abnormal mucosal-associated invariant T cell proportion,inherited,http://purl.obolibrary.org/obo/HP_0001881,Abnormal leukocyte morphology,equivalentClass,characteristic of part of,has part some > characteristic of part of some,restriction_filler,False,False,http://purl.obolibrary.org/obo/CL_0000738,leukocyte,False,,,,,True
http://purl.obolibrary.org/obo/HP_0025029,Abnormal enteric neuron morphology,direct,http://purl.obolibrary.org/obo/HP_0025029,Abnormal enteric neuron morphology,equivalentClass,characteristic of,has part some > characteristic of some,restriction_filler,False,False,http://purl.obolibrary.org/obo/CL_0007011,enteric neuron,False,,,,,True
http://purl.obolibrary.org/obo/HP_0025030,Enteric neuronal degeneration,direct,http://purl.obolibrary.org/obo/HP_0025030,Enteric neuronal degeneration,equivalentClass,characteristic of,has part some > characteristic of some,restriction_filler,False,False,http://purl.obolibrary.org/obo/CL_0007011,enteric neuron,False,,,,,True
http://purl.obolibrary.org/obo/HP_0025034,Abnormal morphology of erythroid progenitor cell,direct,http://purl.obolibrary.org/obo/HP_0025034,Abnormal morphology of erythroid progenitor cell,equivalentClass,characteristic of part of,has part some > characteristic of part of some,restriction_filler,False,False,http://purl.obolibrary.org/obo/CL_0000038,erythroid progenitor cell,False,,,,,True
http://purl.obolibrary.org/obo/HP_0025034,Abnormal morphology of erythroid progenitor cell,inherited,http://purl.obolibrary.org/obo/HP_0012130,Abnormal erythroid lineage cell morphology,equivalentClass,characteristic of part of,has part some > characteristic of part of some,restriction_filler,False,False,http://purl.obolibrary.org/obo/CL_0000764,erythroid lineage cell,False,,,,,True
http://purl.obolibrary.org/obo/HP_0025034,Abnormal morphology of erythroid progenitor cell,inherited,http://purl.obolibrary.org/obo/HP_0005561,Abnormal bone marrow cell morphology,equivalentClass,characteristic of,has part some > characteristic of some,restriction_filler,False,False,http://purl.obolibrary.org/obo/CL_0002092,bone marrow cell,False,,,,,True
http://purl.obolibrary.org/obo/HP_0025035,Abnormal proerythroblast morphology,direct,http://purl.obolibrary.org/obo/HP_0025035,Abnormal proerythroblast morphology,equivalentClass,characteristic of part of,has part some > characteristic of part of some,restriction_filler,False,False,http://purl.obolibrary.org/obo/CL_0000547,proerythroblast,False,,,,,True
http://purl.obolibrary.org/obo/HP_0025035,Abnormal proerythroblast morphology,inherited,http://purl.obolibrary.org/obo/HP_0012130,Abnormal erythroid lineage cell morphology,equivalentClass,characteristic of part of,has part some > characteristic of part of some,restriction_filler,False,False,http://purl.obolibrary.org/obo/CL_0000764,erythroid lineage cell,False,,,,,True
http://purl.obolibrary.org/obo/HP_0025035,Abnormal proerythroblast morphology,inherited,http://purl.obolibrary.org/obo/HP_0005561,Abnormal bone marrow cell morphology,equivalentClass,characteristic of,has part some > characteristic of some,restriction_filler,False,False,http://purl.obolibrary.org/obo/CL_0002092,bone marrow cell,False,,,,,True
http://purl.obolibrary.org/obo/HP_0025037,Hypothalamic gliosis,inherited,http://purl.obolibrary.org/obo/HP_0100705,Abnormal glial cell morphology,equivalentClass,characteristic of part of,has part some > characteristic of part of some,restriction_filler,False,False,http://purl.obolibrary.org/obo/CL_0000125,glial cell,False,,,,,True
http://purl.obolibrary.org/obo/HP_0025065,Abnormal mean corpuscular volume,inherited,http://purl.obolibrary.org/obo/HP_0001877,Abnormal erythrocyte morphology,equivalentClass,characteristic of part of,has part some > characteristic of part of some,restriction_filler,False,False,http://purl.obolibrary.org/obo/CL_0000232,erythrocyte,False,,,,,True
http://purl.obolibrary.org/obo/HP_0025066,Decreased mean corpuscular volume,inherited,http://purl.obolibrary.org/obo/HP_0001877,Abnormal erythrocyte morphology,equivalentClass,characteristic of part of,has part some > characteristic of part of some,restriction_filler,False,False,http://purl.obolibrary.org/obo/CL_0000232,erythrocyte,False,,,,,True
http://purl.obolibrary.org/obo/HP_0025109,Reduced red cell pyruvate kinase level,inherited,http://purl.obolibrary.org/obo/HP_0001877,Abnormal erythrocyte morphology,equivalentClass,characteristic of part of,has part some > characteristic of part of some,restriction_filler,False,False,http://purl.obolibrary.org/obo/CL_0000232,erythrocyte,False,,,,,True
http://purl.obolibrary.org/obo/HP_0025183,Abnormal total CD4+ T cell number,inherited,http://purl.obolibrary.org/obo/HP_0002843,Abnormal T cell morphology,equivalentClass,characteristic of,has part some > characteristic of some,restriction_filler,False,False,http://purl.obolibrary.org/obo/CL_0000084,T cell,False,,,,,True
http://purl.obolibrary.org/obo/HP_0025183,Abnormal total CD4+ T cell number,inherited,http://purl.obolibrary.org/obo/HP_0004332,Abnormal lymphocyte morphology,equivalentClass,characteristic of part of,has part some > characteristic of part of some,restriction_filler,False,False,http://purl.obolibrary.org/obo/CL_0000542,lymphocyte,False,,,,,True
http://purl.obolibrary.org/obo/HP_0025183,Abnormal total CD4+ T cell number,inherited,http://purl.obolibrary.org/obo/HP_0001881,Abnormal leukocyte morphology,equivalentClass,characteristic of part of,has part some > characteristic of part of some,restriction_filler,False,False,http://purl.obolibrary.org/obo/CL_0000738,leukocyte,False,,,,,True
http://purl.obolibrary.org/obo/HP_0025200,Muscle fiber actin filament accumulation,inherited,http://purl.obolibrary.org/obo/HP_0025354,Abnormal cellular phenotype,equivalentClass,characteristic of part of,has part some > characteristic of part of some,restriction_filler,False,False,http://purl.obolibrary.org/obo/CL_0000000,cell,False,,,,,True
http://purl.obolibrary.org/obo/HP_0025200,Muscle fiber actin filament accumulation,inherited,http://purl.obolibrary.org/obo/HP_0025461,Abnormal cell morphology,equivalentClass,characteristic of,has part some > characteristic of some,restriction_filler,False,False,http://purl.obolibrary.org/obo/CL_0000000,cell,False,,,,,True
http://purl.obolibrary.org/obo/HP_0025200,Muscle fiber actin filament accumulation,inherited,http://purl.obolibrary.org/obo/HP_0100299,Muscle fiber inclusion bodies,equivalentClass,characteristic of part of,has part some > characteristic of some > characteristic of part of some,restriction_filler,False,False,http://purl.obolibrary.org/obo/CL_0000187,muscle cell,False,,,,,True
http://purl.obolibrary.org/obo/HP_0025200,Muscle fiber actin filament accumulation,inherited,http://purl.obolibrary.org/obo/HP_0004303,Abnormal muscle fiber morphology,equivalentClass,characteristic of part of,has part some > characteristic of part of some,restriction_filler,False,False,http://purl.obolibrary.org/obo/CL_0000188,cell of skeletal muscle,False,,,,,True
http://purl.obolibrary.org/obo/HP_0025354,Abnormal cellular phenotype,direct,http://purl.obolibrary.org/obo/HP_0025354,Abnormal cellular phenotype,equivalentClass,characteristic of part of,has part some > characteristic of part of some,restriction_filler,False,False,http://purl.obolibrary.org/obo/CL_0000000,cell,False,,,,,True
http://purl.obolibrary.org/obo/HP_0025437,Macrozoospermia,inherited,http://purl.obolibrary.org/obo/HP_0012863,Abnormal male germ cell morphology,equivalentClass,characteristic of,has part some > characteristic of some,restriction_filler,False,False,http://purl.obolibrary.org/obo/CL_0000015,male germ cell,False,,,,,True
http://purl.obolibrary.org/obo/HP_0025437,Macrozoospermia,inherited,http://purl.obolibrary.org/obo/HP_0012864,Abnormal sperm morphology,equivalentClass,characteristic of,has part some > characteristic of some,restriction_filler,False,False,http://purl.obolibrary.org/obo/CL_0000019,sperm,False,,,,,True
http://purl.obolibrary.org/obo/HP_0025437,Macrozoospermia,inherited,http://purl.obolibrary.org/obo/HP_0012862,Abnormal germ cell morphology,equivalentClass,characteristic of,has part some > characteristic of some,restriction_filler,False,False,http://purl.obolibrary.org/obo/CL_0000586,germ cell,False,,,,,True
http://purl.obolibrary.org/obo/HP_0025461,Abnormal cell morphology,direct,http://purl.obolibrary.org/obo/HP_0025461,Abnormal cell morphology,equivalentClass,characteristic of,has part some > characteristic of some,restriction_filler,False,False,http://purl.obolibrary.org/obo/CL_0000000,cell,False,,,,,True
http://purl.obolibrary.org/obo/HP_0025461,Abnormal cell morphology,inherited,http://purl.obolibrary.org/obo/HP_0025354,Abnormal cellular phenotype,equivalentClass,characteristic of part of,has part some > characteristic of part of some,restriction_filler,False,False,http://purl.obolibrary.org/obo/CL_0000000,cell,False,,,,,True
http://purl.obolibrary.org/obo/HP_0025463,Abnormality of redox activity,inherited,http://purl.obolibrary.org/obo/HP_0025354,Abnormal cellular phenotype,equivalentClass,characteristic of part of,has part some > characteristic of part of some,restriction_filler,False,False,http://purl.obolibrary.org/obo/CL_0000000,cell,False,,,,,True
http://purl.obolibrary.org/obo/HP_0025463,Abnormality of redox activity,inherited,http://purl.obolibrary.org/obo/HP_0011017,Abnormal cellular physiology,equivalentClass,characteristic of,has part some > characteristic of some,restriction_filler,False,False,http://purl.obolibrary.org/obo/CL_0000000,cell,False,,,,,True
http://purl.obolibrary.org/obo/HP_0025464,Increased reactive oxygen species production,inherited,http://purl.obolibrary.org/obo/HP_0025354,Abnormal cellular phenotype,equivalentClass,characteristic of part of,has part some > characteristic of part of some,restriction_filler,False,False,http://purl.obolibrary.org/obo/CL_0000000,cell,False,,,,,True
http://purl.obolibrary.org/obo/HP_0025464,Increased reactive oxygen species production,inherited,http://purl.obolibrary.org/obo/HP_0011017,Abnormal cellular physiology,equivalentClass,characteristic of,has part some > characteristic of some,restriction_filler,False,False,http://purl.obolibrary.org/obo/CL_0000000,cell,False,,,,,True
http://purl.obolibrary.org/obo/HP_0025539,Abnormal B cell subset distribution,inherited,http://purl.obolibrary.org/obo/HP_0002846,Abnormal B cell morphology,equivalentClass,characteristic of,has part some > characteristic of some,restriction_filler,False,False,http://purl.obolibrary.org/obo/CL_0000236,B cell,False,,,,,True
http://purl.obolibrary.org/obo/HP_0025539,Abnormal B cell subset distribution,inherited,http://purl.obolibrary.org/obo/HP_0004332,Abnormal lymphocyte morphology,equivalentClass,characteristic of part of,has part some > characteristic of part of some,restriction_filler,False,False,http://purl.obolibrary.org/obo/CL_0000542,lymphocyte,False,,,,,True
http://purl.obolibrary.org/obo/HP_0025539,Abnormal B cell subset distribution,inherited,http://purl.obolibrary.org/obo/HP_0001881,Abnormal leukocyte morphology,equivalentClass,characteristic of part of,has part some > characteristic of part of some,restriction_filler,False,False,http://purl.obolibrary.org/obo/CL_0000738,leukocyte,False,,,,,True
http://purl.obolibrary.org/obo/HP_0025540,Abnormal T cell subset number,inherited,http://purl.obolibrary.org/obo/HP_0002843,Abnormal T cell morphology,equivalentClass,characteristic of,has part some > characteristic of some,restriction_filler,False,False,http://purl.obolibrary.org/obo/CL_0000084,T cell,False,,,,,True
http://purl.obolibrary.org/obo/HP_0025540,Abnormal T cell subset number,inherited,http://purl.obolibrary.org/obo/HP_0004332,Abnormal lymphocyte morphology,equivalentClass,characteristic of part of,has part some > characteristic of part of some,restriction_filler,False,False,http://purl.obolibrary.org/obo/CL_0000542,lymphocyte,False,,,,,True
http://purl.obolibrary.org/obo/HP_0025540,Abnormal T cell subset number,inherited,http://purl.obolibrary.org/obo/HP_0001881,Abnormal leukocyte morphology,equivalentClass,characteristic of part of,has part some > characteristic of part of some,restriction_filler,False,False,http://purl.obolibrary.org/obo/CL_0000738,leukocyte,False,,,,,True
http://purl.obolibrary.org/obo/HP_0025546,Abnormal mean corpuscular hemoglobin concentration,inherited,http://purl.obolibrary.org/obo/HP_0001877,Abnormal erythrocyte morphology,equivalentClass,characteristic of part of,has part some > characteristic of part of some,restriction_filler,False,False,http://purl.obolibrary.org/obo/CL_0000232,erythrocyte,False,,,,,True
http://purl.obolibrary.org/obo/HP_0025547,Decreased mean corpuscular hemoglobin concentration,inherited,http://purl.obolibrary.org/obo/HP_0001877,Abnormal erythrocyte morphology,equivalentClass,characteristic of part of,has part some > characteristic of part of some,restriction_filler,False,False,http://purl.obolibrary.org/obo/CL_0000232,erythrocyte,False,,,,,True
http://purl.obolibrary.org/obo/HP_0025548,Increased mean corpuscular hemoglobin concentration,inherited,http://purl.obolibrary.org/obo/HP_0001877,Abnormal erythrocyte morphology,equivalentClass,characteristic of part of,has part some > characteristic of part of some,restriction_filler,False,False,http://purl.obolibrary.org/obo/CL_0000232,erythrocyte,False,,,,,True
http://purl.obolibrary.org/obo/HP_0025617,Abnormal total plasma cell count,inherited,http://purl.obolibrary.org/obo/HP_0002846,Abnormal B cell morphology,equivalentClass,characteristic of,has part some > characteristic of some,restriction_filler,False,False,http://purl.obolibrary.org/obo/CL_0000236,B cell,False,,,,,True
http://purl.obolibrary.org/obo/HP_0025617,Abnormal total plasma cell count,inherited,http://purl.obolibrary.org/obo/HP_0004332,Abnormal lymphocyte morphology,equivalentClass,characteristic of part of,has part some > characteristic of part of some,restriction_filler,False,False,http://purl.obolibrary.org/obo/CL_0000542,lymphocyte,False,,,,,True
http://purl.obolibrary.org/obo/HP_0025617,Abnormal total plasma cell count,inherited,http://purl.obolibrary.org/obo/HP_0001881,Abnormal leukocyte morphology,equivalentClass,characteristic of part of,has part some > characteristic of part of some,restriction_filler,False,False,http://purl.obolibrary.org/obo/CL_0000738,leukocyte,False,,,,,True
http://purl.obolibrary.org/obo/HP_0025618,Reduced plasma cell count,inherited,http://purl.obolibrary.org/obo/HP_0002846,Abnormal B cell morphology,equivalentClass,characteristic of,has part some > characteristic of some,restriction_filler,False,False,http://purl.obolibrary.org/obo/CL_0000236,B cell,False,,,,,True
http://purl.obolibrary.org/obo/HP_0025618,Reduced plasma cell count,inherited,http://purl.obolibrary.org/obo/HP_0004332,Abnormal lymphocyte morphology,equivalentClass,characteristic of part of,has part some > characteristic of part of some,restriction_filler,False,False,http://purl.obolibrary.org/obo/CL_0000542,lymphocyte,False,,,,,True
http://purl.obolibrary.org/obo/HP_0025618,Reduced plasma cell count,inherited,http://purl.obolibrary.org/obo/HP_0001881,Abnormal leukocyte morphology,equivalentClass,characteristic of part of,has part some > characteristic of part of some,restriction_filler,False,False,http://purl.obolibrary.org/obo/CL_0000738,leukocyte,False,,,,,True
http://purl.obolibrary.org/obo/HP_0025619,Elevated plasma cell count,inherited,http://purl.obolibrary.org/obo/HP_0002846,Abnormal B cell morphology,equivalentClass,characteristic of,has part some > characteristic of some,restriction_filler,False,False,http://purl.obolibrary.org/obo/CL_0000236,B cell,False,,,,,True
http://purl.obolibrary.org/obo/HP_0025619,Elevated plasma cell count,inherited,http://purl.obolibrary.org/obo/HP_0004332,Abnormal lymphocyte morphology,equivalentClass,characteristic of part of,has part some > characteristic of part of some,restriction_filler,False,False,http://purl.obolibrary.org/obo/CL_0000542,lymphocyte,False,,,,,True
http://purl.obolibrary.org/obo/HP_0025619,Elevated plasma cell count,inherited,http://purl.obolibrary.org/obo/HP_0001881,Abnormal leukocyte morphology,equivalentClass,characteristic of part of,has part some > characteristic of part of some,restriction_filler,False,False,http://purl.obolibrary.org/obo/CL_0000738,leukocyte,False,,,,,True
http://purl.obolibrary.org/obo/HP_0025624,Decreased effector memory CD4+ T cell proportion,direct,http://purl.obolibrary.org/obo/HP_0025624,Decreased effector memory CD4+ T cell proportion,equivalentClass,towards,has part some > towards some,restriction_filler,False,False,http://purl.obolibrary.org/obo/CL_0000084,T cell,False,,,,,True
http://purl.obolibrary.org/obo/HP_0025624,Decreased effector memory CD4+ T cell proportion,direct,http://purl.obolibrary.org/obo/HP_0025624,Decreased effector memory CD4+ T cell proportion,equivalentClass,characteristic of,has part some > characteristic of some,intersection_operand,False,False,http://purl.obolibrary.org/obo/CL_0001044,"effector CD4-positive, alpha-beta T cell",False,,,,,True
http://purl.obolibrary.org/obo/HP_0025624,Decreased effector memory CD4+ T cell proportion,inherited,http://purl.obolibrary.org/obo/HP_0002843,Abnormal T cell morphology,equivalentClass,characteristic of,has part some > characteristic of some,restriction_filler,False,False,http://purl.obolibrary.org/obo/CL_0000084,T cell,False,,,,,True
http://purl.obolibrary.org/obo/HP_0025624,Decreased effector memory CD4+ T cell proportion,inherited,http://purl.obolibrary.org/obo/HP_0004332,Abnormal lymphocyte morphology,equivalentClass,characteristic of part of,has part some > characteristic of part of some,restriction_filler,False,False,http://purl.obolibrary.org/obo/CL_0000542,lymphocyte,False,,,,,True
http://purl.obolibrary.org/obo/HP_0025624,Decreased effector memory CD4+ T cell proportion,inherited,http://purl.obolibrary.org/obo/HP_0031392,Abnormal CD4+ T cell subset proportion,equivalentClass,characteristic of,has part some > characteristic of some,intersection_operand,False,False,http://purl.obolibrary.org/obo/CL_0000624,"CD4-positive, alpha-beta T cell",False,,,,,True
http://purl.obolibrary.org/obo/HP_0025624,Decreased effector memory CD4+ T cell proportion,inherited,http://purl.obolibrary.org/obo/HP_0001881,Abnormal leukocyte morphology,equivalentClass,characteristic of part of,has part some > characteristic of part of some,restriction_filler,False,False,http://purl.obolibrary.org/obo/CL_0000738,leukocyte,False,,,,,True
http://purl.obolibrary.org/obo/HP_0025624,Decreased effector memory CD4+ T cell proportion,inherited,http://purl.obolibrary.org/obo/HP_0032182,Abnormal memory T cell proportion,equivalentClass,characteristic of,has part some > characteristic of some,intersection_operand,False,False,http://purl.obolibrary.org/obo/CL_0000813,memory T cell,False,,,,,True
http://purl.obolibrary.org/obo/HP_0025624,Decreased effector memory CD4+ T cell proportion,inherited,http://purl.obolibrary.org/obo/HP_0410379,Abnormal memory CD4+ T cell proportion,equivalentClass,characteristic of,has part some > characteristic of some,intersection_operand,False,False,http://purl.obolibrary.org/obo/CL_0000897,"CD4-positive, alpha-beta memory T cell",False,,,,,True
http://purl.obolibrary.org/obo/HP_0025625,Increased effector memory CD4+ T cell proportion,direct,http://purl.obolibrary.org/obo/HP_0025625,Increased effector memory CD4+ T cell proportion,equivalentClass,towards,has part some > towards some,restriction_filler,False,False,http://purl.obolibrary.org/obo/CL_0000084,T cell,False,,,,,True
http://purl.obolibrary.org/obo/HP_0025625,Increased effector memory CD4+ T cell proportion,direct,http://purl.obolibrary.org/obo/HP_0025625,Increased effector memory CD4+ T cell proportion,equivalentClass,characteristic of,has part some > characteristic of some,intersection_operand,False,False,http://purl.obolibrary.org/obo/CL_0001044,"effector CD4-positive, alpha-beta T cell",False,,,,,True
http://purl.obolibrary.org/obo/HP_0025625,Increased effector memory CD4+ T cell proportion,inherited,http://purl.obolibrary.org/obo/HP_0002843,Abnormal T cell morphology,equivalentClass,characteristic of,has part some > characteristic of some,restriction_filler,False,False,http://purl.obolibrary.org/obo/CL_0000084,T cell,False,,,,,True
http://purl.obolibrary.org/obo/HP_0025625,Increased effector memory CD4+ T cell proportion,inherited,http://purl.obolibrary.org/obo/HP_0032184,Increased memory T cell proportion,equivalentClass,towards,has part some > towards some,restriction_filler,False,False,http://purl.obolibrary.org/obo/CL_0000236,B cell,False,,,,,True
http://purl.obolibrary.org/obo/HP_0025625,Increased effector memory CD4+ T cell proportion,inherited,http://purl.obolibrary.org/obo/HP_0004332,Abnormal lymphocyte morphology,equivalentClass,characteristic of part of,has part some > characteristic of part of some,restriction_filler,False,False,http://purl.obolibrary.org/obo/CL_0000542,lymphocyte,False,,,,,True
http://purl.obolibrary.org/obo/HP_0025625,Increased effector memory CD4+ T cell proportion,inherited,http://purl.obolibrary.org/obo/HP_0031392,Abnormal CD4+ T cell subset proportion,equivalentClass,characteristic of,has part some > characteristic of some,intersection_operand,False,False,http://purl.obolibrary.org/obo/CL_0000624,"CD4-positive, alpha-beta T cell",False,,,,,True
http://purl.obolibrary.org/obo/HP_0025625,Increased effector memory CD4+ T cell proportion,inherited,http://purl.obolibrary.org/obo/HP_0001881,Abnormal leukocyte morphology,equivalentClass,characteristic of part of,has part some > characteristic of part of some,restriction_filler,False,False,http://purl.obolibrary.org/obo/CL_0000738,leukocyte,False,,,,,True
http://purl.obolibrary.org/obo/HP_0025625,Increased effector memory CD4+ T cell proportion,inherited,http://purl.obolibrary.org/obo/HP_0032182,Abnormal memory T cell proportion,equivalentClass,characteristic of,has part some > characteristic of some,intersection_operand,False,False,http://purl.obolibrary.org/obo/CL_0000813,memory T cell,False,,,,,True
http://purl.obolibrary.org/obo/HP_0025625,Increased effector memory CD4+ T cell proportion,inherited,http://purl.obolibrary.org/obo/HP_0410379,Abnormal memory CD4+ T cell proportion,equivalentClass,characteristic of,has part some > characteristic of some,intersection_operand,False,False,http://purl.obolibrary.org/obo/CL_0000897,"CD4-positive, alpha-beta memory T cell",False,,,,,True
http://purl.obolibrary.org/obo/HP_0025680,Compound muscle action potential amplitude facilitation,inherited,http://purl.obolibrary.org/obo/HP_0003134,Abnormality of peripheral nerve conduction,equivalentClass,characteristic of,has part some > characteristic of some,restriction_filler,False,False,http://purl.obolibrary.org/obo/CL_2000032,peripheral nervous system neuron,False,,,,,True
http://purl.obolibrary.org/obo/HP_0025713,Neurite dystrophy,inherited,http://purl.obolibrary.org/obo/HP_0012757,Abnormal neuron morphology,equivalentClass,characteristic of,has part some > characteristic of some,restriction_filler,False,False,http://purl.obolibrary.org/obo/CL_0000540,neuron,False,,,,,True
http://purl.obolibrary.org/obo/HP_0025717,Skeletal muscle autophagosome accumulation,inherited,http://purl.obolibrary.org/obo/HP_0004303,Abnormal muscle fiber morphology,equivalentClass,characteristic of part of,has part some > characteristic of part of some,restriction_filler,False,False,http://purl.obolibrary.org/obo/CL_0000188,cell of skeletal muscle,False,,,,,True
http://purl.obolibrary.org/obo/HP_0025805,Absent circulating T cells,inherited,http://purl.obolibrary.org/obo/HP_0002843,Abnormal T cell morphology,equivalentClass,characteristic of,has part some > characteristic of some,restriction_filler,False,False,http://purl.obolibrary.org/obo/CL_0000084,T cell,False,,,,,True
http://purl.obolibrary.org/obo/HP_0025805,Absent circulating T cells,inherited,http://purl.obolibrary.org/obo/HP_0004332,Abnormal lymphocyte morphology,equivalentClass,characteristic of part of,has part some > characteristic of part of some,restriction_filler,False,False,http://purl.obolibrary.org/obo/CL_0000542,lymphocyte,False,,,,,True
http://purl.obolibrary.org/obo/HP_0025805,Absent circulating T cells,inherited,http://purl.obolibrary.org/obo/HP_0040088,Abnormal lymphocyte count,equivalentClass,characteristic of,has part some > characteristic of some,restriction_filler,False,False,http://purl.obolibrary.org/obo/CL_0000542,lymphocyte,False,,,,,True
http://purl.obolibrary.org/obo/HP_0025805,Absent circulating T cells,inherited,http://purl.obolibrary.org/obo/HP_0001881,Abnormal leukocyte morphology,equivalentClass,characteristic of part of,has part some > characteristic of part of some,restriction_filler,False,False,http://purl.obolibrary.org/obo/CL_0000738,leukocyte,False,,,,,True
http://purl.obolibrary.org/obo/HP_0025805,Absent circulating T cells,inherited,http://purl.obolibrary.org/obo/HP_0011893,Abnormal leukocyte count,equivalentClass,characteristic of,has part some > characteristic of some,restriction_filler,False,False,http://purl.obolibrary.org/obo/CL_0000738,leukocyte,False,,,,,True
http://purl.obolibrary.org/obo/HP_0025807,Decreased natural killer cell degranulation,inherited,http://purl.obolibrary.org/obo/HP_0025354,Abnormal cellular phenotype,equivalentClass,characteristic of part of,has part some > characteristic of part of some,restriction_filler,False,False,http://purl.obolibrary.org/obo/CL_0000000,cell,False,,,,,True
http://purl.obolibrary.org/obo/HP_0025807,Decreased natural killer cell degranulation,inherited,http://purl.obolibrary.org/obo/HP_0011017,Abnormal cellular physiology,equivalentClass,characteristic of,has part some > characteristic of some,restriction_filler,False,False,http://purl.obolibrary.org/obo/CL_0000000,cell,False,,,,,True
http://purl.obolibrary.org/obo/HP_0025807,Decreased natural killer cell degranulation,inherited,http://purl.obolibrary.org/obo/HP_0012177,Abnormal natural killer cell physiology,equivalentClass,characteristic of,has part some > characteristic of some,restriction_filler,False,False,http://purl.obolibrary.org/obo/CL_0000623,natural killer cell,False,,,,,True
http://purl.obolibrary.org/obo/HP_0025808,Decreased natural killer cell-induced killing of target cells,inherited,http://purl.obolibrary.org/obo/HP_0025354,Abnormal cellular phenotype,equivalentClass,characteristic of part of,has part some > characteristic of part of some,restriction_filler,False,False,http://purl.obolibrary.org/obo/CL_0000000,cell,False,,,,,True
http://purl.obolibrary.org/obo/HP_0025808,Decreased natural killer cell-induced killing of target cells,inherited,http://purl.obolibrary.org/obo/HP_0011017,Abnormal cellular physiology,equivalentClass,characteristic of,has part some > characteristic of some,restriction_filler,False,False,http://purl.obolibrary.org/obo/CL_0000000,cell,False,,,,,True
http://purl.obolibrary.org/obo/HP_0025808,Decreased natural killer cell-induced killing of target cells,inherited,http://purl.obolibrary.org/obo/HP_0012177,Abnormal natural killer cell physiology,equivalentClass,characteristic of,has part some > characteristic of some,restriction_filler,False,False,http://purl.obolibrary.org/obo/CL_0000623,natural killer cell,False,,,,,True
http://purl.obolibrary.org/obo/HP_0025824,Decreased neutrophil phagocytosis,inherited,http://purl.obolibrary.org/obo/HP_0001911,Abnormal granulocyte morphology,equivalentClass,characteristic of part of,has part some > characteristic of part of some,restriction_filler,False,False,http://purl.obolibrary.org/obo/CL_0000094,granulocyte,False,,,,,True
http://purl.obolibrary.org/obo/HP_0025824,Decreased neutrophil phagocytosis,inherited,http://purl.obolibrary.org/obo/HP_0001881,Abnormal leukocyte morphology,equivalentClass,characteristic of part of,has part some > characteristic of part of some,restriction_filler,False,False,http://purl.obolibrary.org/obo/CL_0000738,leukocyte,False,,,,,True
http://purl.obolibrary.org/obo/HP_0025824,Decreased neutrophil phagocytosis,inherited,http://purl.obolibrary.org/obo/HP_0010974,Abnormal myeloid leukocyte morphology,equivalentClass,characteristic of,has part some > characteristic of some,restriction_filler,False,False,http://purl.obolibrary.org/obo/CL_0000766,myeloid leukocyte,False,,,,,True
http://purl.obolibrary.org/obo/HP_0025824,Decreased neutrophil phagocytosis,inherited,http://purl.obolibrary.org/obo/HP_0001874,Abnormality of neutrophils,equivalentClass,characteristic of part of,has part some > characteristic of part of some,restriction_filler,False,False,http://purl.obolibrary.org/obo/CL_0000775,neutrophil,False,,,,,True
http://purl.obolibrary.org/obo/HP_0025824,Decreased neutrophil phagocytosis,inherited,http://purl.obolibrary.org/obo/HP_0011990,Abnormal neutrophil physiology,equivalentClass,characteristic of,has part some > characteristic of some,restriction_filler,False,False,http://purl.obolibrary.org/obo/CL_0000775,neutrophil,False,,,,,True
http://purl.obolibrary.org/obo/HP_0025825,Decreased neutrophil adhesion,inherited,http://purl.obolibrary.org/obo/HP_0001911,Abnormal granulocyte morphology,equivalentClass,characteristic of part of,has part some > characteristic of part of some,restriction_filler,False,False,http://purl.obolibrary.org/obo/CL_0000094,granulocyte,False,,,,,True
http://purl.obolibrary.org/obo/HP_0025825,Decreased neutrophil adhesion,inherited,http://purl.obolibrary.org/obo/HP_0001881,Abnormal leukocyte morphology,equivalentClass,characteristic of part of,has part some > characteristic of part of some,restriction_filler,False,False,http://purl.obolibrary.org/obo/CL_0000738,leukocyte,False,,,,,True
http://purl.obolibrary.org/obo/HP_0025825,Decreased neutrophil adhesion,inherited,http://purl.obolibrary.org/obo/HP_0010974,Abnormal myeloid leukocyte morphology,equivalentClass,characteristic of,has part some > characteristic of some,restriction_filler,False,False,http://purl.obolibrary.org/obo/CL_0000766,myeloid leukocyte,False,,,,,True
http://purl.obolibrary.org/obo/HP_0025825,Decreased neutrophil adhesion,inherited,http://purl.obolibrary.org/obo/HP_0001874,Abnormality of neutrophils,equivalentClass,characteristic of part of,has part some > characteristic of part of some,restriction_filler,False,False,http://purl.obolibrary.org/obo/CL_0000775,neutrophil,False,,,,,True
http://purl.obolibrary.org/obo/HP_0025825,Decreased neutrophil adhesion,inherited,http://purl.obolibrary.org/obo/HP_0011990,Abnormal neutrophil physiology,equivalentClass,characteristic of,has part some > characteristic of some,restriction_filler,False,False,http://purl.obolibrary.org/obo/CL_0000775,neutrophil,False,,,,,True
http://purl.obolibrary.org/obo/HP_0025826,Severely decreased neutrophil count,inherited,http://purl.obolibrary.org/obo/HP_0001911,Abnormal granulocyte morphology,equivalentClass,characteristic of part of,has part some > characteristic of part of some,restriction_filler,False,False,http://purl.obolibrary.org/obo/CL_0000094,granulocyte,False,,,,,True
http://purl.obolibrary.org/obo/HP_0025826,Severely decreased neutrophil count,inherited,http://purl.obolibrary.org/obo/HP_0001881,Abnormal leukocyte morphology,equivalentClass,characteristic of part of,has part some > characteristic of part of some,restriction_filler,False,False,http://purl.obolibrary.org/obo/CL_0000738,leukocyte,False,,,,,True
http://purl.obolibrary.org/obo/HP_0025826,Severely decreased neutrophil count,inherited,http://purl.obolibrary.org/obo/HP_0011893,Abnormal leukocyte count,equivalentClass,characteristic of,has part some > characteristic of some,restriction_filler,False,False,http://purl.obolibrary.org/obo/CL_0000738,leukocyte,False,,,,,True
http://purl.obolibrary.org/obo/HP_0025826,Severely decreased neutrophil count,inherited,http://purl.obolibrary.org/obo/HP_0010974,Abnormal myeloid leukocyte morphology,equivalentClass,characteristic of,has part some > characteristic of some,restriction_filler,False,False,http://purl.obolibrary.org/obo/CL_0000766,myeloid leukocyte,False,,,,,True
http://purl.obolibrary.org/obo/HP_0025826,Severely decreased neutrophil count,inherited,http://purl.obolibrary.org/obo/HP_0001874,Abnormality of neutrophils,equivalentClass,characteristic of part of,has part some > characteristic of part of some,restriction_filler,False,False,http://purl.obolibrary.org/obo/CL_0000775,neutrophil,False,,,,,True
http://purl.obolibrary.org/obo/HP_0025826,Severely decreased neutrophil count,inherited,http://purl.obolibrary.org/obo/HP_0001875,Decreased total neutrophil count,equivalentClass,characteristic of,has part some > characteristic of some,restriction_filler,False,False,http://purl.obolibrary.org/obo/CL_0000775,neutrophil,False,,,,,True
http://purl.obolibrary.org/obo/HP_0025827,Abnormal Th1 T cell proportion,inherited,http://purl.obolibrary.org/obo/HP_0025354,Abnormal cellular phenotype,equivalentClass,characteristic of part of,has part some > characteristic of part of some,restriction_filler,False,False,http://purl.obolibrary.org/obo/CL_0000000,cell,False,,,,,True
http://purl.obolibrary.org/obo/HP_0025827,Abnormal Th1 T cell proportion,inherited,http://purl.obolibrary.org/obo/HP_0011017,Abnormal cellular physiology,equivalentClass,characteristic of,has part some > characteristic of some,restriction_filler,False,False,http://purl.obolibrary.org/obo/CL_0000000,cell,False,,,,,True
http://purl.obolibrary.org/obo/HP_0025827,Abnormal Th1 T cell proportion,inherited,http://purl.obolibrary.org/obo/HP_0011840,Abnormal T cell physiology,equivalentClass,characteristic of,has part some > characteristic of some,restriction_filler,False,False,http://purl.obolibrary.org/obo/CL_0000084,T cell,False,,,,,True
http://purl.obolibrary.org/obo/HP_0025828,Increased Th1 T cell proportion,inherited,http://purl.obolibrary.org/obo/HP_0025354,Abnormal cellular phenotype,equivalentClass,characteristic of part of,has part some > characteristic of part of some,restriction_filler,False,False,http://purl.obolibrary.org/obo/CL_0000000,cell,False,,,,,True
http://purl.obolibrary.org/obo/HP_0025828,Increased Th1 T cell proportion,inherited,http://purl.obolibrary.org/obo/HP_0011017,Abnormal cellular physiology,equivalentClass,characteristic of,has part some > characteristic of some,restriction_filler,False,False,http://purl.obolibrary.org/obo/CL_0000000,cell,False,,,,,True
http://purl.obolibrary.org/obo/HP_0025828,Increased Th1 T cell proportion,inherited,http://purl.obolibrary.org/obo/HP_0011840,Abnormal T cell physiology,equivalentClass,characteristic of,has part some > characteristic of some,restriction_filler,False,False,http://purl.obolibrary.org/obo/CL_0000084,T cell,False,,,,,True
http://purl.obolibrary.org/obo/HP_0025829,Decreased Th1 T cell proportion,inherited,http://purl.obolibrary.org/obo/HP_0025354,Abnormal cellular phenotype,equivalentClass,characteristic of part of,has part some > characteristic of part of some,restriction_filler,False,False,http://purl.obolibrary.org/obo/CL_0000000,cell,False,,,,,True
http://purl.obolibrary.org/obo/HP_0025829,Decreased Th1 T cell proportion,inherited,http://purl.obolibrary.org/obo/HP_0011017,Abnormal cellular physiology,equivalentClass,characteristic of,has part some > characteristic of some,restriction_filler,False,False,http://purl.obolibrary.org/obo/CL_0000000,cell,False,,,,,True
http://purl.obolibrary.org/obo/HP_0025829,Decreased Th1 T cell proportion,inherited,http://purl.obolibrary.org/obo/HP_0011840,Abnormal T cell physiology,equivalentClass,characteristic of,has part some > characteristic of some,restriction_filler,False,False,http://purl.obolibrary.org/obo/CL_0000084,T cell,False,,,,,True
http://purl.obolibrary.org/obo/HP_0025830,Abnormal Th17 T cell proportion,inherited,http://purl.obolibrary.org/obo/HP_0025354,Abnormal cellular phenotype,equivalentClass,characteristic of part of,has part some > characteristic of part of some,restriction_filler,False,False,http://purl.obolibrary.org/obo/CL_0000000,cell,False,,,,,True
http://purl.obolibrary.org/obo/HP_0025830,Abnormal Th17 T cell proportion,inherited,http://purl.obolibrary.org/obo/HP_0011017,Abnormal cellular physiology,equivalentClass,characteristic of,has part some > characteristic of some,restriction_filler,False,False,http://purl.obolibrary.org/obo/CL_0000000,cell,False,,,,,True
http://purl.obolibrary.org/obo/HP_0025830,Abnormal Th17 T cell proportion,inherited,http://purl.obolibrary.org/obo/HP_0011840,Abnormal T cell physiology,equivalentClass,characteristic of,has part some > characteristic of some,restriction_filler,False,False,http://purl.obolibrary.org/obo/CL_0000084,T cell,False,,,,,True
http://purl.obolibrary.org/obo/HP_0025831,Increased Th17 T cell proportion,inherited,http://purl.obolibrary.org/obo/HP_0025354,Abnormal cellular phenotype,equivalentClass,characteristic of part of,has part some > characteristic of part of some,restriction_filler,False,False,http://purl.obolibrary.org/obo/CL_0000000,cell,False,,,,,True
http://purl.obolibrary.org/obo/HP_0025831,Increased Th17 T cell proportion,inherited,http://purl.obolibrary.org/obo/HP_0011017,Abnormal cellular physiology,equivalentClass,characteristic of,has part some > characteristic of some,restriction_filler,False,False,http://purl.obolibrary.org/obo/CL_0000000,cell,False,,,,,True
http://purl.obolibrary.org/obo/HP_0025831,Increased Th17 T cell proportion,inherited,http://purl.obolibrary.org/obo/HP_0011840,Abnormal T cell physiology,equivalentClass,characteristic of,has part some > characteristic of some,restriction_filler,False,False,http://purl.obolibrary.org/obo/CL_0000084,T cell,False,,,,,True
http://purl.obolibrary.org/obo/HP_0025832,Decreased Th17 T cell proportion,inherited,http://purl.obolibrary.org/obo/HP_0025354,Abnormal cellular phenotype,equivalentClass,characteristic of part of,has part some > characteristic of part of some,restriction_filler,False,False,http://purl.obolibrary.org/obo/CL_0000000,cell,False,,,,,True
http://purl.obolibrary.org/obo/HP_0025832,Decreased Th17 T cell proportion,inherited,http://purl.obolibrary.org/obo/HP_0011017,Abnormal cellular physiology,equivalentClass,characteristic of,has part some > characteristic of some,restriction_filler,False,False,http://purl.obolibrary.org/obo/CL_0000000,cell,False,,,,,True
http://purl.obolibrary.org/obo/HP_0025832,Decreased Th17 T cell proportion,inherited,http://purl.obolibrary.org/obo/HP_0011840,Abnormal T cell physiology,equivalentClass,characteristic of,has part some > characteristic of some,restriction_filler,False,False,http://purl.obolibrary.org/obo/CL_0000084,T cell,False,,,,,True
http://purl.obolibrary.org/obo/HP_0025833,Decreased PMA/ionomycin-induced T-cell proliferation,inherited,http://purl.obolibrary.org/obo/HP_0025354,Abnormal cellular phenotype,equivalentClass,characteristic of part of,has part some > characteristic of part of some,restriction_filler,False,False,http://purl.obolibrary.org/obo/CL_0000000,cell,False,,,,,True
http://purl.obolibrary.org/obo/HP_0025833,Decreased PMA/ionomycin-induced T-cell proliferation,inherited,http://purl.obolibrary.org/obo/HP_0011017,Abnormal cellular physiology,equivalentClass,characteristic of,has part some > characteristic of some,restriction_filler,False,False,http://purl.obolibrary.org/obo/CL_0000000,cell,False,,,,,True
http://purl.obolibrary.org/obo/HP_0025833,Decreased PMA/ionomycin-induced T-cell proliferation,inherited,http://purl.obolibrary.org/obo/HP_0011840,Abnormal T cell physiology,equivalentClass,characteristic of,has part some > characteristic of some,restriction_filler,False,False,http://purl.obolibrary.org/obo/CL_0000084,T cell,False,,,,,True
http://purl.obolibrary.org/obo/HP_0025834,Impaired phytohemagglutinin-induced T lymphocyte transformation,inherited,http://purl.obolibrary.org/obo/HP_0025354,Abnormal cellular phenotype,equivalentClass,characteristic of part of,has part some > characteristic of part of some,restriction_filler,False,False,http://purl.obolibrary.org/obo/CL_0000000,cell,False,,,,,True
http://purl.obolibrary.org/obo/HP_0025834,Impaired phytohemagglutinin-induced T lymphocyte transformation,inherited,http://purl.obolibrary.org/obo/HP_0011017,Abnormal cellular physiology,equivalentClass,characteristic of,has part some > characteristic of some,restriction_filler,False,False,http://purl.obolibrary.org/obo/CL_0000000,cell,False,,,,,True
http://purl.obolibrary.org/obo/HP_0025834,Impaired phytohemagglutinin-induced T lymphocyte transformation,inherited,http://purl.obolibrary.org/obo/HP_0011840,Abnormal T cell physiology,equivalentClass,characteristic of,has part some > characteristic of some,restriction_filler,False,False,http://purl.obolibrary.org/obo/CL_0000084,T cell,False,,,,,True
http://purl.obolibrary.org/obo/HP_0025835,Decreased CD8+ T cell degranulation,inherited,http://purl.obolibrary.org/obo/HP_0025354,Abnormal cellular phenotype,equivalentClass,characteristic of part of,has part some > characteristic of part of some,restriction_filler,False,False,http://purl.obolibrary.org/obo/CL_0000000,cell,False,,,,,True
http://purl.obolibrary.org/obo/HP_0025835,Decreased CD8+ T cell degranulation,inherited,http://purl.obolibrary.org/obo/HP_0011017,Abnormal cellular physiology,equivalentClass,characteristic of,has part some > characteristic of some,restriction_filler,False,False,http://purl.obolibrary.org/obo/CL_0000000,cell,False,,,,,True
http://purl.obolibrary.org/obo/HP_0025835,Decreased CD8+ T cell degranulation,inherited,http://purl.obolibrary.org/obo/HP_0011840,Abnormal T cell physiology,equivalentClass,characteristic of,has part some > characteristic of some,restriction_filler,False,False,http://purl.obolibrary.org/obo/CL_0000084,T cell,False,,,,,True
http://purl.obolibrary.org/obo/HP_0025836,Increased total CD8+ T cell proportion,inherited,http://purl.obolibrary.org/obo/HP_0002843,Abnormal T cell morphology,equivalentClass,characteristic of,has part some > characteristic of some,restriction_filler,False,False,http://purl.obolibrary.org/obo/CL_0000084,T cell,False,,,,,True
http://purl.obolibrary.org/obo/HP_0025836,Increased total CD8+ T cell proportion,inherited,http://purl.obolibrary.org/obo/HP_0031393,Abnormal total CD8+ T cell number,equivalentClass,towards,has part some > towards some,restriction_filler,False,False,http://purl.obolibrary.org/obo/CL_0000084,T cell,False,,,,,True
http://purl.obolibrary.org/obo/HP_0025836,Increased total CD8+ T cell proportion,inherited,http://purl.obolibrary.org/obo/HP_0004332,Abnormal lymphocyte morphology,equivalentClass,characteristic of part of,has part some > characteristic of part of some,restriction_filler,False,False,http://purl.obolibrary.org/obo/CL_0000542,lymphocyte,False,,,,,True
http://purl.obolibrary.org/obo/HP_0025836,Increased total CD8+ T cell proportion,inherited,http://purl.obolibrary.org/obo/HP_0031393,Abnormal total CD8+ T cell number,equivalentClass,characteristic of,has part some > characteristic of some,intersection_operand,False,False,http://purl.obolibrary.org/obo/CL_0000625,"CD8-positive, alpha-beta T cell",False,,,,,True
http://purl.obolibrary.org/obo/HP_0025836,Increased total CD8+ T cell proportion,inherited,http://purl.obolibrary.org/obo/HP_0001881,Abnormal leukocyte morphology,equivalentClass,characteristic of part of,has part some > characteristic of part of some,restriction_filler,False,False,http://purl.obolibrary.org/obo/CL_0000738,leukocyte,False,,,,,True
http://purl.obolibrary.org/obo/HP_0025837,Abnormal RTE CD4+ T cell proportion,inherited,http://purl.obolibrary.org/obo/HP_0002843,Abnormal T cell morphology,equivalentClass,characteristic of,has part some > characteristic of some,restriction_filler,False,False,http://purl.obolibrary.org/obo/CL_0000084,T cell,False,,,,,True
http://purl.obolibrary.org/obo/HP_0025837,Abnormal RTE CD4+ T cell proportion,inherited,http://purl.obolibrary.org/obo/HP_0031392,Abnormal CD4+ T cell subset proportion,equivalentClass,towards,has part some > towards some,restriction_filler,False,False,http://purl.obolibrary.org/obo/CL_0000084,T cell,False,,,,,True
http://purl.obolibrary.org/obo/HP_0025837,Abnormal RTE CD4+ T cell proportion,inherited,http://purl.obolibrary.org/obo/HP_0004332,Abnormal lymphocyte morphology,equivalentClass,characteristic of part of,has part some > characteristic of part of some,restriction_filler,False,False,http://purl.obolibrary.org/obo/CL_0000542,lymphocyte,False,,,,,True
http://purl.obolibrary.org/obo/HP_0025837,Abnormal RTE CD4+ T cell proportion,inherited,http://purl.obolibrary.org/obo/HP_0031392,Abnormal CD4+ T cell subset proportion,equivalentClass,characteristic of,has part some > characteristic of some,intersection_operand,False,False,http://purl.obolibrary.org/obo/CL_0000624,"CD4-positive, alpha-beta T cell",False,,,,,True
http://purl.obolibrary.org/obo/HP_0025837,Abnormal RTE CD4+ T cell proportion,inherited,http://purl.obolibrary.org/obo/HP_0001881,Abnormal leukocyte morphology,equivalentClass,characteristic of part of,has part some > characteristic of part of some,restriction_filler,False,False,http://purl.obolibrary.org/obo/CL_0000738,leukocyte,False,,,,,True
http://purl.obolibrary.org/obo/HP_0025838,Increased RTE CD4+ T cell proportion,inherited,http://purl.obolibrary.org/obo/HP_0002843,Abnormal T cell morphology,equivalentClass,characteristic of,has part some > characteristic of some,restriction_filler,False,False,http://purl.obolibrary.org/obo/CL_0000084,T cell,False,,,,,True
http://purl.obolibrary.org/obo/HP_0025838,Increased RTE CD4+ T cell proportion,inherited,http://purl.obolibrary.org/obo/HP_0031392,Abnormal CD4+ T cell subset proportion,equivalentClass,towards,has part some > towards some,restriction_filler,False,False,http://purl.obolibrary.org/obo/CL_0000084,T cell,False,,,,,True
http://purl.obolibrary.org/obo/HP_0025838,Increased RTE CD4+ T cell proportion,inherited,http://purl.obolibrary.org/obo/HP_0004332,Abnormal lymphocyte morphology,equivalentClass,characteristic of part of,has part some > characteristic of part of some,restriction_filler,False,False,http://purl.obolibrary.org/obo/CL_0000542,lymphocyte,False,,,,,True
http://purl.obolibrary.org/obo/HP_0025838,Increased RTE CD4+ T cell proportion,inherited,http://purl.obolibrary.org/obo/HP_0031392,Abnormal CD4+ T cell subset proportion,equivalentClass,characteristic of,has part some > characteristic of some,intersection_operand,False,False,http://purl.obolibrary.org/obo/CL_0000624,"CD4-positive, alpha-beta T cell",False,,,,,True
http://purl.obolibrary.org/obo/HP_0025838,Increased RTE CD4+ T cell proportion,inherited,http://purl.obolibrary.org/obo/HP_0001881,Abnormal leukocyte morphology,equivalentClass,characteristic of part of,has part some > characteristic of part of some,restriction_filler,False,False,http://purl.obolibrary.org/obo/CL_0000738,leukocyte,False,,,,,True
http://purl.obolibrary.org/obo/HP_0025839,Decreased RTE CD4+ T cell proportion,inherited,http://purl.obolibrary.org/obo/HP_0002843,Abnormal T cell morphology,equivalentClass,characteristic of,has part some > characteristic of some,restriction_filler,False,False,http://purl.obolibrary.org/obo/CL_0000084,T cell,False,,,,,True
http://purl.obolibrary.org/obo/HP_0025839,Decreased RTE CD4+ T cell proportion,inherited,http://purl.obolibrary.org/obo/HP_0031392,Abnormal CD4+ T cell subset proportion,equivalentClass,towards,has part some > towards some,restriction_filler,False,False,http://purl.obolibrary.org/obo/CL_0000084,T cell,False,,,,,True
http://purl.obolibrary.org/obo/HP_0025839,Decreased RTE CD4+ T cell proportion,inherited,http://purl.obolibrary.org/obo/HP_0004332,Abnormal lymphocyte morphology,equivalentClass,characteristic of part of,has part some > characteristic of part of some,restriction_filler,False,False,http://purl.obolibrary.org/obo/CL_0000542,lymphocyte,False,,,,,True
http://purl.obolibrary.org/obo/HP_0025839,Decreased RTE CD4+ T cell proportion,inherited,http://purl.obolibrary.org/obo/HP_0031392,Abnormal CD4+ T cell subset proportion,equivalentClass,characteristic of,has part some > characteristic of some,intersection_operand,False,False,http://purl.obolibrary.org/obo/CL_0000624,"CD4-positive, alpha-beta T cell",False,,,,,True
http://purl.obolibrary.org/obo/HP_0025839,Decreased RTE CD4+ T cell proportion,inherited,http://purl.obolibrary.org/obo/HP_0001881,Abnormal leukocyte morphology,equivalentClass,characteristic of part of,has part some > characteristic of part of some,restriction_filler,False,False,http://purl.obolibrary.org/obo/CL_0000738,leukocyte,False,,,,,True
http://purl.obolibrary.org/obo/HP_0025840,Abnormal HLA-DR+ CD4+ T cell proportion,inherited,http://purl.obolibrary.org/obo/HP_0002843,Abnormal T cell morphology,equivalentClass,characteristic of,has part some > characteristic of some,restriction_filler,False,False,http://purl.obolibrary.org/obo/CL_0000084,T cell,False,,,,,True
http://purl.obolibrary.org/obo/HP_0025840,Abnormal HLA-DR+ CD4+ T cell proportion,inherited,http://purl.obolibrary.org/obo/HP_0031392,Abnormal CD4+ T cell subset proportion,equivalentClass,towards,has part some > towards some,restriction_filler,False,False,http://purl.obolibrary.org/obo/CL_0000084,T cell,False,,,,,True
http://purl.obolibrary.org/obo/HP_0025840,Abnormal HLA-DR+ CD4+ T cell proportion,inherited,http://purl.obolibrary.org/obo/HP_0004332,Abnormal lymphocyte morphology,equivalentClass,characteristic of part of,has part some > characteristic of part of some,restriction_filler,False,False,http://purl.obolibrary.org/obo/CL_0000542,lymphocyte,False,,,,,True
http://purl.obolibrary.org/obo/HP_0025840,Abnormal HLA-DR+ CD4+ T cell proportion,inherited,http://purl.obolibrary.org/obo/HP_0031392,Abnormal CD4+ T cell subset proportion,equivalentClass,characteristic of,has part some > characteristic of some,intersection_operand,False,False,http://purl.obolibrary.org/obo/CL_0000624,"CD4-positive, alpha-beta T cell",False,,,,,True
http://purl.obolibrary.org/obo/HP_0025840,Abnormal HLA-DR+ CD4+ T cell proportion,inherited,http://purl.obolibrary.org/obo/HP_0001881,Abnormal leukocyte morphology,equivalentClass,characteristic of part of,has part some > characteristic of part of some,restriction_filler,False,False,http://purl.obolibrary.org/obo/CL_0000738,leukocyte,False,,,,,True
http://purl.obolibrary.org/obo/HP_0025841,Decreased HLA-DR+ CD4+ T cell proportion,inherited,http://purl.obolibrary.org/obo/HP_0002843,Abnormal T cell morphology,equivalentClass,characteristic of,has part some > characteristic of some,restriction_filler,False,False,http://purl.obolibrary.org/obo/CL_0000084,T cell,False,,,,,True
http://purl.obolibrary.org/obo/HP_0025841,Decreased HLA-DR+ CD4+ T cell proportion,inherited,http://purl.obolibrary.org/obo/HP_0031392,Abnormal CD4+ T cell subset proportion,equivalentClass,towards,has part some > towards some,restriction_filler,False,False,http://purl.obolibrary.org/obo/CL_0000084,T cell,False,,,,,True
http://purl.obolibrary.org/obo/HP_0025841,Decreased HLA-DR+ CD4+ T cell proportion,inherited,http://purl.obolibrary.org/obo/HP_0004332,Abnormal lymphocyte morphology,equivalentClass,characteristic of part of,has part some > characteristic of part of some,restriction_filler,False,False,http://purl.obolibrary.org/obo/CL_0000542,lymphocyte,False,,,,,True
http://purl.obolibrary.org/obo/HP_0025841,Decreased HLA-DR+ CD4+ T cell proportion,inherited,http://purl.obolibrary.org/obo/HP_0031392,Abnormal CD4+ T cell subset proportion,equivalentClass,characteristic of,has part some > characteristic of some,intersection_operand,False,False,http://purl.obolibrary.org/obo/CL_0000624,"CD4-positive, alpha-beta T cell",False,,,,,True
http://purl.obolibrary.org/obo/HP_0025841,Decreased HLA-DR+ CD4+ T cell proportion,inherited,http://purl.obolibrary.org/obo/HP_0001881,Abnormal leukocyte morphology,equivalentClass,characteristic of part of,has part some > characteristic of part of some,restriction_filler,False,False,http://purl.obolibrary.org/obo/CL_0000738,leukocyte,False,,,,,True
http://purl.obolibrary.org/obo/HP_0025842,Abnormal HLA-DR+ CD8+ T cell proportion,inherited,http://purl.obolibrary.org/obo/HP_0002843,Abnormal T cell morphology,equivalentClass,characteristic of,has part some > characteristic of some,restriction_filler,False,False,http://purl.obolibrary.org/obo/CL_0000084,T cell,False,,,,,True
http://purl.obolibrary.org/obo/HP_0025842,Abnormal HLA-DR+ CD8+ T cell proportion,inherited,http://purl.obolibrary.org/obo/HP_0004332,Abnormal lymphocyte morphology,equivalentClass,characteristic of part of,has part some > characteristic of part of some,restriction_filler,False,False,http://purl.obolibrary.org/obo/CL_0000542,lymphocyte,False,,,,,True
http://purl.obolibrary.org/obo/HP_0025842,Abnormal HLA-DR+ CD8+ T cell proportion,inherited,http://purl.obolibrary.org/obo/HP_0001881,Abnormal leukocyte morphology,equivalentClass,characteristic of part of,has part some > characteristic of part of some,restriction_filler,False,False,http://purl.obolibrary.org/obo/CL_0000738,leukocyte,False,,,,,True
http://purl.obolibrary.org/obo/HP_0025843,Increased HLA-DR+ CD8+ T cell proportion,inherited,http://purl.obolibrary.org/obo/HP_0002843,Abnormal T cell morphology,equivalentClass,characteristic of,has part some > characteristic of some,restriction_filler,False,False,http://purl.obolibrary.org/obo/CL_0000084,T cell,False,,,,,True
http://purl.obolibrary.org/obo/HP_0025843,Increased HLA-DR+ CD8+ T cell proportion,inherited,http://purl.obolibrary.org/obo/HP_0004332,Abnormal lymphocyte morphology,equivalentClass,characteristic of part of,has part some > characteristic of part of some,restriction_filler,False,False,http://purl.obolibrary.org/obo/CL_0000542,lymphocyte,False,,,,,True
http://purl.obolibrary.org/obo/HP_0025843,Increased HLA-DR+ CD8+ T cell proportion,inherited,http://purl.obolibrary.org/obo/HP_0001881,Abnormal leukocyte morphology,equivalentClass,characteristic of part of,has part some > characteristic of part of some,restriction_filler,False,False,http://purl.obolibrary.org/obo/CL_0000738,leukocyte,False,,,,,True
http://purl.obolibrary.org/obo/HP_0025844,Decreased HLA-DR+ CD8+ T cell proportion,inherited,http://purl.obolibrary.org/obo/HP_0002843,Abnormal T cell morphology,equivalentClass,characteristic of,has part some > characteristic of some,restriction_filler,False,False,http://purl.obolibrary.org/obo/CL_0000084,T cell,False,,,,,True
http://purl.obolibrary.org/obo/HP_0025844,Decreased HLA-DR+ CD8+ T cell proportion,inherited,http://purl.obolibrary.org/obo/HP_0004332,Abnormal lymphocyte morphology,equivalentClass,characteristic of part of,has part some > characteristic of part of some,restriction_filler,False,False,http://purl.obolibrary.org/obo/CL_0000542,lymphocyte,False,,,,,True
http://purl.obolibrary.org/obo/HP_0025844,Decreased HLA-DR+ CD8+ T cell proportion,inherited,http://purl.obolibrary.org/obo/HP_0001881,Abnormal leukocyte morphology,equivalentClass,characteristic of part of,has part some > characteristic of part of some,restriction_filler,False,False,http://purl.obolibrary.org/obo/CL_0000738,leukocyte,False,,,,,True
http://purl.obolibrary.org/obo/HP_0025845,Abnormal TCR repertoire,inherited,http://purl.obolibrary.org/obo/HP_0002843,Abnormal T cell morphology,equivalentClass,characteristic of,has part some > characteristic of some,restriction_filler,False,False,http://purl.obolibrary.org/obo/CL_0000084,T cell,False,,,,,True
http://purl.obolibrary.org/obo/HP_0025845,Abnormal TCR repertoire,inherited,http://purl.obolibrary.org/obo/HP_0004332,Abnormal lymphocyte morphology,equivalentClass,characteristic of part of,has part some > characteristic of part of some,restriction_filler,False,False,http://purl.obolibrary.org/obo/CL_0000542,lymphocyte,False,,,,,True
http://purl.obolibrary.org/obo/HP_0025845,Abnormal TCR repertoire,inherited,http://purl.obolibrary.org/obo/HP_0001881,Abnormal leukocyte morphology,equivalentClass,characteristic of part of,has part some > characteristic of part of some,restriction_filler,False,False,http://purl.obolibrary.org/obo/CL_0000738,leukocyte,False,,,,,True
http://purl.obolibrary.org/obo/HP_0025846,Decreased natural killer cell perforin expression,inherited,http://purl.obolibrary.org/obo/HP_0025354,Abnormal cellular phenotype,equivalentClass,characteristic of part of,has part some > characteristic of part of some,restriction_filler,False,False,http://purl.obolibrary.org/obo/CL_0000000,cell,False,,,,,True
http://purl.obolibrary.org/obo/HP_0025846,Decreased natural killer cell perforin expression,inherited,http://purl.obolibrary.org/obo/HP_0011017,Abnormal cellular physiology,equivalentClass,characteristic of,has part some > characteristic of some,restriction_filler,False,False,http://purl.obolibrary.org/obo/CL_0000000,cell,False,,,,,True
http://purl.obolibrary.org/obo/HP_0025846,Decreased natural killer cell perforin expression,inherited,http://purl.obolibrary.org/obo/HP_0012177,Abnormal natural killer cell physiology,equivalentClass,characteristic of,has part some > characteristic of some,restriction_filler,False,False,http://purl.obolibrary.org/obo/CL_0000623,natural killer cell,False,,,,,True
http://purl.obolibrary.org/obo/HP_0030046,Hypoglycosylation of alpha-dystroglycan,inherited,http://purl.obolibrary.org/obo/HP_0004303,Abnormal muscle fiber morphology,equivalentClass,characteristic of part of,has part some > characteristic of part of some,restriction_filler,False,False,http://purl.obolibrary.org/obo/CL_0000188,cell of skeletal muscle,False,,,,,True
http://purl.obolibrary.org/obo/HP_0030046,Hypoglycosylation of alpha-dystroglycan,inherited,http://purl.obolibrary.org/obo/HP_0030089,Abnormal muscle fiber protein expression,equivalentClass,part of,has part some > characteristic of some > part of some,restriction_filler,False,False,http://purl.obolibrary.org/obo/CL_0008002,skeletal muscle fiber,False,,,,,True
http://purl.obolibrary.org/obo/HP_0030058,Sickled erythrocytes,inherited,http://purl.obolibrary.org/obo/HP_0001877,Abnormal erythrocyte morphology,equivalentClass,characteristic of part of,has part some > characteristic of part of some,restriction_filler,False,False,http://purl.obolibrary.org/obo/CL_0000232,erythrocyte,False,,,,,True
http://purl.obolibrary.org/obo/HP_0030058,Sickled erythrocytes,inherited,http://purl.obolibrary.org/obo/HP_0004447,Poikilocytosis,equivalentClass,characteristic of,has part some > characteristic of some,restriction_filler,False,False,http://purl.obolibrary.org/obo/CL_0000232,erythrocyte,False,,,,,True
http://purl.obolibrary.org/obo/HP_0030059,Mitochondrial depletion,inherited,http://purl.obolibrary.org/obo/HP_0025354,Abnormal cellular phenotype,equivalentClass,characteristic of part of,has part some > characteristic of part of some,restriction_filler,False,False,http://purl.obolibrary.org/obo/CL_0000000,cell,False,,,,,True
http://purl.obolibrary.org/obo/HP_0030059,Mitochondrial depletion,inherited,http://purl.obolibrary.org/obo/HP_0011017,Abnormal cellular physiology,equivalentClass,characteristic of,has part some > characteristic of some,restriction_filler,False,False,http://purl.obolibrary.org/obo/CL_0000000,cell,False,,,,,True
http://purl.obolibrary.org/obo/HP_0030089,Abnormal muscle fiber protein expression,direct,http://purl.obolibrary.org/obo/HP_0030089,Abnormal muscle fiber protein expression,equivalentClass,part of,has part some > characteristic of some > part of some,restriction_filler,False,False,http://purl.obolibrary.org/obo/CL_0008002,skeletal muscle fiber,False,,,,,True
http://purl.obolibrary.org/obo/HP_0030089,Abnormal muscle fiber protein expression,inherited,http://purl.obolibrary.org/obo/HP_0004303,Abnormal muscle fiber morphology,equivalentClass,characteristic of part of,has part some > characteristic of part of some,restriction_filler,False,False,http://purl.obolibrary.org/obo/CL_0000188,cell of skeletal muscle,False,,,,,True
http://purl.obolibrary.org/obo/HP_0030090,Abnormal muscle fiber merosin expression,inherited,http://purl.obolibrary.org/obo/HP_0004303,Abnormal muscle fiber morphology,equivalentClass,characteristic of part of,has part some > characteristic of part of some,restriction_filler,False,False,http://purl.obolibrary.org/obo/CL_0000188,cell of skeletal muscle,False,,,,,True
http://purl.obolibrary.org/obo/HP_0030090,Abnormal muscle fiber merosin expression,inherited,http://purl.obolibrary.org/obo/HP_0030089,Abnormal muscle fiber protein expression,equivalentClass,part of,has part some > characteristic of some > part of some,restriction_filler,False,False,http://purl.obolibrary.org/obo/CL_0008002,skeletal muscle fiber,False,,,,,True
http://purl.obolibrary.org/obo/HP_0030091,Absent muscle fiber merosin,inherited,http://purl.obolibrary.org/obo/HP_0004303,Abnormal muscle fiber morphology,equivalentClass,characteristic of part of,has part some > characteristic of part of some,restriction_filler,False,False,http://purl.obolibrary.org/obo/CL_0000188,cell of skeletal muscle,False,,,,,True
http://purl.obolibrary.org/obo/HP_0030091,Absent muscle fiber merosin,inherited,http://purl.obolibrary.org/obo/HP_0030089,Abnormal muscle fiber protein expression,equivalentClass,part of,has part some > characteristic of some > part of some,restriction_filler,False,False,http://purl.obolibrary.org/obo/CL_0008002,skeletal muscle fiber,False,,,,,True
http://purl.obolibrary.org/obo/HP_0030092,Reduced muscle fiber merosin,inherited,http://purl.obolibrary.org/obo/HP_0004303,Abnormal muscle fiber morphology,equivalentClass,characteristic of part of,has part some > characteristic of part of some,restriction_filler,False,False,http://purl.obolibrary.org/obo/CL_0000188,cell of skeletal muscle,False,,,,,True
http://purl.obolibrary.org/obo/HP_0030092,Reduced muscle fiber merosin,inherited,http://purl.obolibrary.org/obo/HP_0030089,Abnormal muscle fiber protein expression,equivalentClass,part of,has part some > characteristic of some > part of some,restriction_filler,False,False,http://purl.obolibrary.org/obo/CL_0008002,skeletal muscle fiber,False,,,,,True
http://purl.obolibrary.org/obo/HP_0030093,Abnormal muscle fiber laminin beta 1,inherited,http://purl.obolibrary.org/obo/HP_0004303,Abnormal muscle fiber morphology,equivalentClass,characteristic of part of,has part some > characteristic of part of some,restriction_filler,False,False,http://purl.obolibrary.org/obo/CL_0000188,cell of skeletal muscle,False,,,,,True
http://purl.obolibrary.org/obo/HP_0030093,Abnormal muscle fiber laminin beta 1,inherited,http://purl.obolibrary.org/obo/HP_0030089,Abnormal muscle fiber protein expression,equivalentClass,part of,has part some > characteristic of some > part of some,restriction_filler,False,False,http://purl.obolibrary.org/obo/CL_0008002,skeletal muscle fiber,False,,,,,True
http://purl.obolibrary.org/obo/HP_0030094,Reduced muscle fiber laminin beta 1,inherited,http://purl.obolibrary.org/obo/HP_0004303,Abnormal muscle fiber morphology,equivalentClass,characteristic of part of,has part some > characteristic of part of some,restriction_filler,False,False,http://purl.obolibrary.org/obo/CL_0000188,cell of skeletal muscle,False,,,,,True
http://purl.obolibrary.org/obo/HP_0030094,Reduced muscle fiber laminin beta 1,inherited,http://purl.obolibrary.org/obo/HP_0030089,Abnormal muscle fiber protein expression,equivalentClass,part of,has part some > characteristic of some > part of some,restriction_filler,False,False,http://purl.obolibrary.org/obo/CL_0008002,skeletal muscle fiber,False,,,,,True
http://purl.obolibrary.org/obo/HP_0030095,Reduced muscle collagen VI,inherited,http://purl.obolibrary.org/obo/HP_0004303,Abnormal muscle fiber morphology,equivalentClass,characteristic of part of,has part some > characteristic of part of some,restriction_filler,False,False,http://purl.obolibrary.org/obo/CL_0000188,cell of skeletal muscle,False,,,,,True
http://purl.obolibrary.org/obo/HP_0030095,Reduced muscle collagen VI,inherited,http://purl.obolibrary.org/obo/HP_0030089,Abnormal muscle fiber protein expression,equivalentClass,part of,has part some > characteristic of some > part of some,restriction_filler,False,False,http://purl.obolibrary.org/obo/CL_0008002,skeletal muscle fiber,False,,,,,True
http://purl.obolibrary.org/obo/HP_0030096,Abnormal muscle fiber dystrophin expression,inherited,http://purl.obolibrary.org/obo/HP_0004303,Abnormal muscle fiber morphology,equivalentClass,characteristic of part of,has part some > characteristic of part of some,restriction_filler,False,False,http://purl.obolibrary.org/obo/CL_0000188,cell of skeletal muscle,False,,,,,True
http://purl.obolibrary.org/obo/HP_0030096,Abnormal muscle fiber dystrophin expression,inherited,http://purl.obolibrary.org/obo/HP_0030089,Abnormal muscle fiber protein expression,equivalentClass,part of,has part some > characteristic of some > part of some,restriction_filler,False,False,http://purl.obolibrary.org/obo/CL_0008002,skeletal muscle fiber,False,,,,,True
http://purl.obolibrary.org/obo/HP_0030097,Absent muscle dystrophin expression,inherited,http://purl.obolibrary.org/obo/HP_0004303,Abnormal muscle fiber morphology,equivalentClass,characteristic of part of,has part some > characteristic of part of some,restriction_filler,False,False,http://purl.obolibrary.org/obo/CL_0000188,cell of skeletal muscle,False,,,,,True
http://purl.obolibrary.org/obo/HP_0030097,Absent muscle dystrophin expression,inherited,http://purl.obolibrary.org/obo/HP_0030089,Abnormal muscle fiber protein expression,equivalentClass,part of,has part some > characteristic of some > part of some,restriction_filler,False,False,http://purl.obolibrary.org/obo/CL_0008002,skeletal muscle fiber,False,,,,,True
http://purl.obolibrary.org/obo/HP_0030098,Reduced muscle dystrophin expression,inherited,http://purl.obolibrary.org/obo/HP_0004303,Abnormal muscle fiber morphology,equivalentClass,characteristic of part of,has part some > characteristic of part of some,restriction_filler,False,False,http://purl.obolibrary.org/obo/CL_0000188,cell of skeletal muscle,False,,,,,True
http://purl.obolibrary.org/obo/HP_0030098,Reduced muscle dystrophin expression,inherited,http://purl.obolibrary.org/obo/HP_0030089,Abnormal muscle fiber protein expression,equivalentClass,part of,has part some > characteristic of some > part of some,restriction_filler,False,False,http://purl.obolibrary.org/obo/CL_0008002,skeletal muscle fiber,False,,,,,True
http://purl.obolibrary.org/obo/HP_0030099,Reduced muscle fiber alpha dystroglycan,inherited,http://purl.obolibrary.org/obo/HP_0004303,Abnormal muscle fiber morphology,equivalentClass,characteristic of part of,has part some > characteristic of part of some,restriction_filler,False,False,http://purl.obolibrary.org/obo/CL_0000188,cell of skeletal muscle,False,,,,,True
http://purl.obolibrary.org/obo/HP_0030099,Reduced muscle fiber alpha dystroglycan,inherited,http://purl.obolibrary.org/obo/HP_0030089,Abnormal muscle fiber protein expression,equivalentClass,part of,has part some > characteristic of some > part of some,restriction_filler,False,False,http://purl.obolibrary.org/obo/CL_0008002,skeletal muscle fiber,False,,,,,True
http://purl.obolibrary.org/obo/HP_0030100,Abnormal muscle fiber alpha sarcoglycan,inherited,http://purl.obolibrary.org/obo/HP_0004303,Abnormal muscle fiber morphology,equivalentClass,characteristic of part of,has part some > characteristic of part of some,restriction_filler,False,False,http://purl.obolibrary.org/obo/CL_0000188,cell of skeletal muscle,False,,,,,True
http://purl.obolibrary.org/obo/HP_0030100,Abnormal muscle fiber alpha sarcoglycan,inherited,http://purl.obolibrary.org/obo/HP_0030089,Abnormal muscle fiber protein expression,equivalentClass,part of,has part some > characteristic of some > part of some,restriction_filler,False,False,http://purl.obolibrary.org/obo/CL_0008002,skeletal muscle fiber,False,,,,,True
http://purl.obolibrary.org/obo/HP_0030101,Absent muscle fiber alpha sarcoglycan,inherited,http://purl.obolibrary.org/obo/HP_0004303,Abnormal muscle fiber morphology,equivalentClass,characteristic of part of,has part some > characteristic of part of some,restriction_filler,False,False,http://purl.obolibrary.org/obo/CL_0000188,cell of skeletal muscle,False,,,,,True
http://purl.obolibrary.org/obo/HP_0030101,Absent muscle fiber alpha sarcoglycan,inherited,http://purl.obolibrary.org/obo/HP_0030089,Abnormal muscle fiber protein expression,equivalentClass,part of,has part some > characteristic of some > part of some,restriction_filler,False,False,http://purl.obolibrary.org/obo/CL_0008002,skeletal muscle fiber,False,,,,,True
http://purl.obolibrary.org/obo/HP_0030102,Reduced muscle fiber alpha sarcoglycan,inherited,http://purl.obolibrary.org/obo/HP_0004303,Abnormal muscle fiber morphology,equivalentClass,characteristic of part of,has part some > characteristic of part of some,restriction_filler,False,False,http://purl.obolibrary.org/obo/CL_0000188,cell of skeletal muscle,False,,,,,True
http://purl.obolibrary.org/obo/HP_0030102,Reduced muscle fiber alpha sarcoglycan,inherited,http://purl.obolibrary.org/obo/HP_0030089,Abnormal muscle fiber protein expression,equivalentClass,part of,has part some > characteristic of some > part of some,restriction_filler,False,False,http://purl.obolibrary.org/obo/CL_0008002,skeletal muscle fiber,False,,,,,True
http://purl.obolibrary.org/obo/HP_0030103,Abnormal muscle fiber beta sarcoglycan,inherited,http://purl.obolibrary.org/obo/HP_0004303,Abnormal muscle fiber morphology,equivalentClass,characteristic of part of,has part some > characteristic of part of some,restriction_filler,False,False,http://purl.obolibrary.org/obo/CL_0000188,cell of skeletal muscle,False,,,,,True
http://purl.obolibrary.org/obo/HP_0030103,Abnormal muscle fiber beta sarcoglycan,inherited,http://purl.obolibrary.org/obo/HP_0030089,Abnormal muscle fiber protein expression,equivalentClass,part of,has part some > characteristic of some > part of some,restriction_filler,False,False,http://purl.obolibrary.org/obo/CL_0008002,skeletal muscle fiber,False,,,,,True
http://purl.obolibrary.org/obo/HP_0030104,Abnormal muscle fiber gamma sarcoglycan,inherited,http://purl.obolibrary.org/obo/HP_0004303,Abnormal muscle fiber morphology,equivalentClass,characteristic of part of,has part some > characteristic of part of some,restriction_filler,False,False,http://purl.obolibrary.org/obo/CL_0000188,cell of skeletal muscle,False,,,,,True
http://purl.obolibrary.org/obo/HP_0030104,Abnormal muscle fiber gamma sarcoglycan,inherited,http://purl.obolibrary.org/obo/HP_0030089,Abnormal muscle fiber protein expression,equivalentClass,part of,has part some > characteristic of some > part of some,restriction_filler,False,False,http://purl.obolibrary.org/obo/CL_0008002,skeletal muscle fiber,False,,,,,True
http://purl.obolibrary.org/obo/HP_0030105,Abnormal muscle fiber delta sarcoglycan,inherited,http://purl.obolibrary.org/obo/HP_0004303,Abnormal muscle fiber morphology,equivalentClass,characteristic of part of,has part some > characteristic of part of some,restriction_filler,False,False,http://purl.obolibrary.org/obo/CL_0000188,cell of skeletal muscle,False,,,,,True
http://purl.obolibrary.org/obo/HP_0030105,Abnormal muscle fiber delta sarcoglycan,inherited,http://purl.obolibrary.org/obo/HP_0030089,Abnormal muscle fiber protein expression,equivalentClass,part of,has part some > characteristic of some > part of some,restriction_filler,False,False,http://purl.obolibrary.org/obo/CL_0008002,skeletal muscle fiber,False,,,,,True
http://purl.obolibrary.org/obo/HP_0030106,Absent muscle fiber beta sarcoglycan,inherited,http://purl.obolibrary.org/obo/HP_0004303,Abnormal muscle fiber morphology,equivalentClass,characteristic of part of,has part some > characteristic of part of some,restriction_filler,False,False,http://purl.obolibrary.org/obo/CL_0000188,cell of skeletal muscle,False,,,,,True
http://purl.obolibrary.org/obo/HP_0030106,Absent muscle fiber beta sarcoglycan,inherited,http://purl.obolibrary.org/obo/HP_0030089,Abnormal muscle fiber protein expression,equivalentClass,part of,has part some > characteristic of some > part of some,restriction_filler,False,False,http://purl.obolibrary.org/obo/CL_0008002,skeletal muscle fiber,False,,,,,True
http://purl.obolibrary.org/obo/HP_0030107,Reduced muscle fiber beta sarcoglycan,inherited,http://purl.obolibrary.org/obo/HP_0004303,Abnormal muscle fiber morphology,equivalentClass,characteristic of part of,has part some > characteristic of part of some,restriction_filler,False,False,http://purl.obolibrary.org/obo/CL_0000188,cell of skeletal muscle,False,,,,,True
http://purl.obolibrary.org/obo/HP_0030107,Reduced muscle fiber beta sarcoglycan,inherited,http://purl.obolibrary.org/obo/HP_0030089,Abnormal muscle fiber protein expression,equivalentClass,part of,has part some > characteristic of some > part of some,restriction_filler,False,False,http://purl.obolibrary.org/obo/CL_0008002,skeletal muscle fiber,False,,,,,True
http://purl.obolibrary.org/obo/HP_0030108,Reduced muscle fiber gamma sarcoglycan,inherited,http://purl.obolibrary.org/obo/HP_0004303,Abnormal muscle fiber morphology,equivalentClass,characteristic of part of,has part some > characteristic of part of some,restriction_filler,False,False,http://purl.obolibrary.org/obo/CL_0000188,cell of skeletal muscle,False,,,,,True
http://purl.obolibrary.org/obo/HP_0030108,Reduced muscle fiber gamma sarcoglycan,inherited,http://purl.obolibrary.org/obo/HP_0030089,Abnormal muscle fiber protein expression,equivalentClass,part of,has part some > characteristic of some > part of some,restriction_filler,False,False,http://purl.obolibrary.org/obo/CL_0008002,skeletal muscle fiber,False,,,,,True
http://purl.obolibrary.org/obo/HP_0030109,Absent muscle fiber gamma sarcoglycan,inherited,http://purl.obolibrary.org/obo/HP_0004303,Abnormal muscle fiber morphology,equivalentClass,characteristic of part of,has part some > characteristic of part of some,restriction_filler,False,False,http://purl.obolibrary.org/obo/CL_0000188,cell of skeletal muscle,False,,,,,True
http://purl.obolibrary.org/obo/HP_0030109,Absent muscle fiber gamma sarcoglycan,inherited,http://purl.obolibrary.org/obo/HP_0030089,Abnormal muscle fiber protein expression,equivalentClass,part of,has part some > characteristic of some > part of some,restriction_filler,False,False,http://purl.obolibrary.org/obo/CL_0008002,skeletal muscle fiber,False,,,,,True
http://purl.obolibrary.org/obo/HP_0030110,Absent muscle fiber delta sarcoglycan,inherited,http://purl.obolibrary.org/obo/HP_0004303,Abnormal muscle fiber morphology,equivalentClass,characteristic of part of,has part some > characteristic of part of some,restriction_filler,False,False,http://purl.obolibrary.org/obo/CL_0000188,cell of skeletal muscle,False,,,,,True
http://purl.obolibrary.org/obo/HP_0030110,Absent muscle fiber delta sarcoglycan,inherited,http://purl.obolibrary.org/obo/HP_0030089,Abnormal muscle fiber protein expression,equivalentClass,part of,has part some > characteristic of some > part of some,restriction_filler,False,False,http://purl.obolibrary.org/obo/CL_0008002,skeletal muscle fiber,False,,,,,True
http://purl.obolibrary.org/obo/HP_0030111,Reduced muscle fiber delta sarcoglycan,inherited,http://purl.obolibrary.org/obo/HP_0004303,Abnormal muscle fiber morphology,equivalentClass,characteristic of part of,has part some > characteristic of part of some,restriction_filler,False,False,http://purl.obolibrary.org/obo/CL_0000188,cell of skeletal muscle,False,,,,,True
http://purl.obolibrary.org/obo/HP_0030111,Reduced muscle fiber delta sarcoglycan,inherited,http://purl.obolibrary.org/obo/HP_0030089,Abnormal muscle fiber protein expression,equivalentClass,part of,has part some > characteristic of some > part of some,restriction_filler,False,False,http://purl.obolibrary.org/obo/CL_0008002,skeletal muscle fiber,False,,,,,True
http://purl.obolibrary.org/obo/HP_0030112,Abnormal muscle fiber alpha dystroglycan,inherited,http://purl.obolibrary.org/obo/HP_0004303,Abnormal muscle fiber morphology,equivalentClass,characteristic of part of,has part some > characteristic of part of some,restriction_filler,False,False,http://purl.obolibrary.org/obo/CL_0000188,cell of skeletal muscle,False,,,,,True
http://purl.obolibrary.org/obo/HP_0030112,Abnormal muscle fiber alpha dystroglycan,inherited,http://purl.obolibrary.org/obo/HP_0030089,Abnormal muscle fiber protein expression,equivalentClass,part of,has part some > characteristic of some > part of some,restriction_filler,False,False,http://purl.obolibrary.org/obo/CL_0008002,skeletal muscle fiber,False,,,,,True
http://purl.obolibrary.org/obo/HP_0030113,Abnormal muscle fiber dysferlin,inherited,http://purl.obolibrary.org/obo/HP_0004303,Abnormal muscle fiber morphology,equivalentClass,characteristic of part of,has part some > characteristic of part of some,restriction_filler,False,False,http://purl.obolibrary.org/obo/CL_0000188,cell of skeletal muscle,False,,,,,True
http://purl.obolibrary.org/obo/HP_0030113,Abnormal muscle fiber dysferlin,inherited,http://purl.obolibrary.org/obo/HP_0030089,Abnormal muscle fiber protein expression,equivalentClass,part of,has part some > characteristic of some > part of some,restriction_filler,False,False,http://purl.obolibrary.org/obo/CL_0008002,skeletal muscle fiber,False,,,,,True
http://purl.obolibrary.org/obo/HP_0030114,Absent muscle fiber dysferlin,inherited,http://purl.obolibrary.org/obo/HP_0004303,Abnormal muscle fiber morphology,equivalentClass,characteristic of part of,has part some > characteristic of part of some,restriction_filler,False,False,http://purl.obolibrary.org/obo/CL_0000188,cell of skeletal muscle,False,,,,,True
http://purl.obolibrary.org/obo/HP_0030114,Absent muscle fiber dysferlin,inherited,http://purl.obolibrary.org/obo/HP_0030089,Abnormal muscle fiber protein expression,equivalentClass,part of,has part some > characteristic of some > part of some,restriction_filler,False,False,http://purl.obolibrary.org/obo/CL_0008002,skeletal muscle fiber,False,,,,,True
http://purl.obolibrary.org/obo/HP_0030115,Reduced muscle fiber dysferlin,inherited,http://purl.obolibrary.org/obo/HP_0004303,Abnormal muscle fiber morphology,equivalentClass,characteristic of part of,has part some > characteristic of part of some,restriction_filler,False,False,http://purl.obolibrary.org/obo/CL_0000188,cell of skeletal muscle,False,,,,,True
http://purl.obolibrary.org/obo/HP_0030115,Reduced muscle fiber dysferlin,inherited,http://purl.obolibrary.org/obo/HP_0030089,Abnormal muscle fiber protein expression,equivalentClass,part of,has part some > characteristic of some > part of some,restriction_filler,False,False,http://purl.obolibrary.org/obo/CL_0008002,skeletal muscle fiber,False,,,,,True
http://purl.obolibrary.org/obo/HP_0030116,Abnormal muscle fiber emerin,inherited,http://purl.obolibrary.org/obo/HP_0004303,Abnormal muscle fiber morphology,equivalentClass,characteristic of part of,has part some > characteristic of part of some,restriction_filler,False,False,http://purl.obolibrary.org/obo/CL_0000188,cell of skeletal muscle,False,,,,,True
http://purl.obolibrary.org/obo/HP_0030116,Abnormal muscle fiber emerin,inherited,http://purl.obolibrary.org/obo/HP_0030089,Abnormal muscle fiber protein expression,equivalentClass,part of,has part some > characteristic of some > part of some,restriction_filler,False,False,http://purl.obolibrary.org/obo/CL_0008002,skeletal muscle fiber,False,,,,,True
http://purl.obolibrary.org/obo/HP_0030117,Absent muscle fiber emerin,inherited,http://purl.obolibrary.org/obo/HP_0004303,Abnormal muscle fiber morphology,equivalentClass,characteristic of part of,has part some > characteristic of part of some,restriction_filler,False,False,http://purl.obolibrary.org/obo/CL_0000188,cell of skeletal muscle,False,,,,,True
http://purl.obolibrary.org/obo/HP_0030117,Absent muscle fiber emerin,inherited,http://purl.obolibrary.org/obo/HP_0030089,Abnormal muscle fiber protein expression,equivalentClass,part of,has part some > characteristic of some > part of some,restriction_filler,False,False,http://purl.obolibrary.org/obo/CL_0008002,skeletal muscle fiber,False,,,,,True
http://purl.obolibrary.org/obo/HP_0030118,Reduced muscle fiber emerin,inherited,http://purl.obolibrary.org/obo/HP_0004303,Abnormal muscle fiber morphology,equivalentClass,characteristic of part of,has part some > characteristic of part of some,restriction_filler,False,False,http://purl.obolibrary.org/obo/CL_0000188,cell of skeletal muscle,False,,,,,True
http://purl.obolibrary.org/obo/HP_0030118,Reduced muscle fiber emerin,inherited,http://purl.obolibrary.org/obo/HP_0030089,Abnormal muscle fiber protein expression,equivalentClass,part of,has part some > characteristic of some > part of some,restriction_filler,False,False,http://purl.obolibrary.org/obo/CL_0008002,skeletal muscle fiber,False,,,,,True
http://purl.obolibrary.org/obo/HP_0030119,Abnormal muscle fiber calpain-3,inherited,http://purl.obolibrary.org/obo/HP_0004303,Abnormal muscle fiber morphology,equivalentClass,characteristic of part of,has part some > characteristic of part of some,restriction_filler,False,False,http://purl.obolibrary.org/obo/CL_0000188,cell of skeletal muscle,False,,,,,True
http://purl.obolibrary.org/obo/HP_0030119,Abnormal muscle fiber calpain-3,inherited,http://purl.obolibrary.org/obo/HP_0030089,Abnormal muscle fiber protein expression,equivalentClass,part of,has part some > characteristic of some > part of some,restriction_filler,False,False,http://purl.obolibrary.org/obo/CL_0008002,skeletal muscle fiber,False,,,,,True
http://purl.obolibrary.org/obo/HP_0030120,Absent muscle fiber calpain-3,inherited,http://purl.obolibrary.org/obo/HP_0004303,Abnormal muscle fiber morphology,equivalentClass,characteristic of part of,has part some > characteristic of part of some,restriction_filler,False,False,http://purl.obolibrary.org/obo/CL_0000188,cell of skeletal muscle,False,,,,,True
http://purl.obolibrary.org/obo/HP_0030120,Absent muscle fiber calpain-3,inherited,http://purl.obolibrary.org/obo/HP_0030089,Abnormal muscle fiber protein expression,equivalentClass,part of,has part some > characteristic of some > part of some,restriction_filler,False,False,http://purl.obolibrary.org/obo/CL_0008002,skeletal muscle fiber,False,,,,,True
http://purl.obolibrary.org/obo/HP_0030121,Reduced muscle fiber calpain-3,inherited,http://purl.obolibrary.org/obo/HP_0004303,Abnormal muscle fiber morphology,equivalentClass,characteristic of part of,has part some > characteristic of part of some,restriction_filler,False,False,http://purl.obolibrary.org/obo/CL_0000188,cell of skeletal muscle,False,,,,,True
http://purl.obolibrary.org/obo/HP_0030121,Reduced muscle fiber calpain-3,inherited,http://purl.obolibrary.org/obo/HP_0030089,Abnormal muscle fiber protein expression,equivalentClass,part of,has part some > characteristic of some > part of some,restriction_filler,False,False,http://purl.obolibrary.org/obo/CL_0008002,skeletal muscle fiber,False,,,,,True
http://purl.obolibrary.org/obo/HP_0030122,Reduced muscle fiber perlecan,inherited,http://purl.obolibrary.org/obo/HP_0004303,Abnormal muscle fiber morphology,equivalentClass,characteristic of part of,has part some > characteristic of part of some,restriction_filler,False,False,http://purl.obolibrary.org/obo/CL_0000188,cell of skeletal muscle,False,,,,,True
http://purl.obolibrary.org/obo/HP_0030122,Reduced muscle fiber perlecan,inherited,http://purl.obolibrary.org/obo/HP_0030089,Abnormal muscle fiber protein expression,equivalentClass,part of,has part some > characteristic of some > part of some,restriction_filler,False,False,http://purl.obolibrary.org/obo/CL_0008002,skeletal muscle fiber,False,,,,,True
http://purl.obolibrary.org/obo/HP_0030123,Abnormal muscle fiber lamin A/C,inherited,http://purl.obolibrary.org/obo/HP_0004303,Abnormal muscle fiber morphology,equivalentClass,characteristic of part of,has part some > characteristic of part of some,restriction_filler,False,False,http://purl.obolibrary.org/obo/CL_0000188,cell of skeletal muscle,False,,,,,True
http://purl.obolibrary.org/obo/HP_0030123,Abnormal muscle fiber lamin A/C,inherited,http://purl.obolibrary.org/obo/HP_0030089,Abnormal muscle fiber protein expression,equivalentClass,part of,has part some > characteristic of some > part of some,restriction_filler,False,False,http://purl.obolibrary.org/obo/CL_0008002,skeletal muscle fiber,False,,,,,True
http://purl.obolibrary.org/obo/HP_0030124,Reduced muscle fiber lamin A/C,inherited,http://purl.obolibrary.org/obo/HP_0004303,Abnormal muscle fiber morphology,equivalentClass,characteristic of part of,has part some > characteristic of part of some,restriction_filler,False,False,http://purl.obolibrary.org/obo/CL_0000188,cell of skeletal muscle,False,,,,,True
http://purl.obolibrary.org/obo/HP_0030124,Reduced muscle fiber lamin A/C,inherited,http://purl.obolibrary.org/obo/HP_0030089,Abnormal muscle fiber protein expression,equivalentClass,part of,has part some > characteristic of some > part of some,restriction_filler,False,False,http://purl.obolibrary.org/obo/CL_0008002,skeletal muscle fiber,False,,,,,True
http://purl.obolibrary.org/obo/HP_0030150,Plasmacytosis,inherited,http://purl.obolibrary.org/obo/HP_0004332,Abnormal lymphocyte morphology,equivalentClass,characteristic of part of,has part some > characteristic of part of some,restriction_filler,False,False,http://purl.obolibrary.org/obo/CL_0000542,lymphocyte,False,,,,,True
http://purl.obolibrary.org/obo/HP_0030150,Plasmacytosis,inherited,http://purl.obolibrary.org/obo/HP_0001881,Abnormal leukocyte morphology,equivalentClass,characteristic of part of,has part some > characteristic of part of some,restriction_filler,False,False,http://purl.obolibrary.org/obo/CL_0000738,leukocyte,False,,,,,True
http://purl.obolibrary.org/obo/HP_0030179,Abnormal peripheral action potential amplitude,inherited,http://purl.obolibrary.org/obo/HP_0003134,Abnormality of peripheral nerve conduction,equivalentClass,characteristic of,has part some > characteristic of some,restriction_filler,False,False,http://purl.obolibrary.org/obo/CL_2000032,peripheral nervous system neuron,False,,,,,True
http://purl.obolibrary.org/obo/HP_0030180,Oppenheim reflex,inherited,http://purl.obolibrary.org/obo/HP_0002493,Upper motor neuron dysfunction,equivalentClass,characteristic of,has part some > characteristic of some,intersection_operand,False,False,http://purl.obolibrary.org/obo/CL_0000540,neuron,False,,,,,True
http://purl.obolibrary.org/obo/HP_0030181,Gordon reflex,inherited,http://purl.obolibrary.org/obo/HP_0002493,Upper motor neuron dysfunction,equivalentClass,characteristic of,has part some > characteristic of some,intersection_operand,False,False,http://purl.obolibrary.org/obo/CL_0000540,neuron,False,,,,,True
http://purl.obolibrary.org/obo/HP_0030182,Tetraplegia/tetraparesis,inherited,http://purl.obolibrary.org/obo/HP_0002493,Upper motor neuron dysfunction,equivalentClass,characteristic of,has part some > characteristic of some,intersection_operand,False,False,http://purl.obolibrary.org/obo/CL_0000540,neuron,False,,,,,True
http://purl.obolibrary.org/obo/HP_0030224,Abnormal muscle fiber desmin,inherited,http://purl.obolibrary.org/obo/HP_0004303,Abnormal muscle fiber morphology,equivalentClass,characteristic of part of,has part some > characteristic of part of some,restriction_filler,False,False,http://purl.obolibrary.org/obo/CL_0000188,cell of skeletal muscle,False,,,,,True
http://purl.obolibrary.org/obo/HP_0030224,Abnormal muscle fiber desmin,inherited,http://purl.obolibrary.org/obo/HP_0030089,Abnormal muscle fiber protein expression,equivalentClass,part of,has part some > characteristic of some > part of some,restriction_filler,False,False,http://purl.obolibrary.org/obo/CL_0008002,skeletal muscle fiber,False,,,,,True
http://purl.obolibrary.org/obo/HP_0030225,Accumulation of muscle fiber desmin,inherited,http://purl.obolibrary.org/obo/HP_0004303,Abnormal muscle fiber morphology,equivalentClass,characteristic of part of,has part some > characteristic of part of some,restriction_filler,False,False,http://purl.obolibrary.org/obo/CL_0000188,cell of skeletal muscle,False,,,,,True
http://purl.obolibrary.org/obo/HP_0030225,Accumulation of muscle fiber desmin,inherited,http://purl.obolibrary.org/obo/HP_0030089,Abnormal muscle fiber protein expression,equivalentClass,part of,has part some > characteristic of some > part of some,restriction_filler,False,False,http://purl.obolibrary.org/obo/CL_0008002,skeletal muscle fiber,False,,,,,True
http://purl.obolibrary.org/obo/HP_0030226,Abnormal muscle fiber myotilin,inherited,http://purl.obolibrary.org/obo/HP_0004303,Abnormal muscle fiber morphology,equivalentClass,characteristic of part of,has part some > characteristic of part of some,restriction_filler,False,False,http://purl.obolibrary.org/obo/CL_0000188,cell of skeletal muscle,False,,,,,True
http://purl.obolibrary.org/obo/HP_0030226,Abnormal muscle fiber myotilin,inherited,http://purl.obolibrary.org/obo/HP_0030089,Abnormal muscle fiber protein expression,equivalentClass,part of,has part some > characteristic of some > part of some,restriction_filler,False,False,http://purl.obolibrary.org/obo/CL_0008002,skeletal muscle fiber,False,,,,,True
http://purl.obolibrary.org/obo/HP_0030227,Accumulation of muscle fiber myotilin,inherited,http://purl.obolibrary.org/obo/HP_0004303,Abnormal muscle fiber morphology,equivalentClass,characteristic of part of,has part some > characteristic of part of some,restriction_filler,False,False,http://purl.obolibrary.org/obo/CL_0000188,cell of skeletal muscle,False,,,,,True
http://purl.obolibrary.org/obo/HP_0030227,Accumulation of muscle fiber myotilin,inherited,http://purl.obolibrary.org/obo/HP_0030089,Abnormal muscle fiber protein expression,equivalentClass,part of,has part some > characteristic of some > part of some,restriction_filler,False,False,http://purl.obolibrary.org/obo/CL_0008002,skeletal muscle fiber,False,,,,,True
http://purl.obolibrary.org/obo/HP_0030228,Abnormal muscle fiber valosin-containing protein,inherited,http://purl.obolibrary.org/obo/HP_0004303,Abnormal muscle fiber morphology,equivalentClass,characteristic of part of,has part some > characteristic of part of some,restriction_filler,False,False,http://purl.obolibrary.org/obo/CL_0000188,cell of skeletal muscle,False,,,,,True
http://purl.obolibrary.org/obo/HP_0030228,Abnormal muscle fiber valosin-containing protein,inherited,http://purl.obolibrary.org/obo/HP_0030089,Abnormal muscle fiber protein expression,equivalentClass,part of,has part some > characteristic of some > part of some,restriction_filler,False,False,http://purl.obolibrary.org/obo/CL_0008002,skeletal muscle fiber,False,,,,,True
http://purl.obolibrary.org/obo/HP_0030229,Accumulation of muscle fiber valosin-containing protein,inherited,http://purl.obolibrary.org/obo/HP_0004303,Abnormal muscle fiber morphology,equivalentClass,characteristic of part of,has part some > characteristic of part of some,restriction_filler,False,False,http://purl.obolibrary.org/obo/CL_0000188,cell of skeletal muscle,False,,,,,True
http://purl.obolibrary.org/obo/HP_0030229,Accumulation of muscle fiber valosin-containing protein,inherited,http://purl.obolibrary.org/obo/HP_0030089,Abnormal muscle fiber protein expression,equivalentClass,part of,has part some > characteristic of some > part of some,restriction_filler,False,False,http://purl.obolibrary.org/obo/CL_0008002,skeletal muscle fiber,False,,,,,True
http://purl.obolibrary.org/obo/HP_0030230,Central core regions in muscle fibers,inherited,http://purl.obolibrary.org/obo/HP_0004303,Abnormal muscle fiber morphology,equivalentClass,characteristic of part of,has part some > characteristic of part of some,restriction_filler,False,False,http://purl.obolibrary.org/obo/CL_0000188,cell of skeletal muscle,False,,,,,True
http://purl.obolibrary.org/obo/HP_0030252,Absent circulating B cells,inherited,http://purl.obolibrary.org/obo/HP_0002846,Abnormal B cell morphology,equivalentClass,characteristic of,has part some > characteristic of some,restriction_filler,False,False,http://purl.obolibrary.org/obo/CL_0000236,B cell,False,,,,,True
http://purl.obolibrary.org/obo/HP_0030252,Absent circulating B cells,inherited,http://purl.obolibrary.org/obo/HP_0004332,Abnormal lymphocyte morphology,equivalentClass,characteristic of part of,has part some > characteristic of part of some,restriction_filler,False,False,http://purl.obolibrary.org/obo/CL_0000542,lymphocyte,False,,,,,True
http://purl.obolibrary.org/obo/HP_0030252,Absent circulating B cells,inherited,http://purl.obolibrary.org/obo/HP_0040088,Abnormal lymphocyte count,equivalentClass,characteristic of,has part some > characteristic of some,restriction_filler,False,False,http://purl.obolibrary.org/obo/CL_0000542,lymphocyte,False,,,,,True
http://purl.obolibrary.org/obo/HP_0030252,Absent circulating B cells,inherited,http://purl.obolibrary.org/obo/HP_0001881,Abnormal leukocyte morphology,equivalentClass,characteristic of part of,has part some > characteristic of part of some,restriction_filler,False,False,http://purl.obolibrary.org/obo/CL_0000738,leukocyte,False,,,,,True
http://purl.obolibrary.org/obo/HP_0030252,Absent circulating B cells,inherited,http://purl.obolibrary.org/obo/HP_0011893,Abnormal leukocyte count,equivalentClass,characteristic of,has part some > characteristic of some,restriction_filler,False,False,http://purl.obolibrary.org/obo/CL_0000738,leukocyte,False,,,,,True
http://purl.obolibrary.org/obo/HP_0030270,Elevated red cell adenosine deaminase activity,inherited,http://purl.obolibrary.org/obo/HP_0001877,Abnormal erythrocyte morphology,equivalentClass,characteristic of part of,has part some > characteristic of part of some,restriction_filler,False,False,http://purl.obolibrary.org/obo/CL_0000232,erythrocyte,False,,,,,True
http://purl.obolibrary.org/obo/HP_0030271,"Reduced erythrocyte 2,3-diphosphoglycerate concentration",inherited,http://purl.obolibrary.org/obo/HP_0001877,Abnormal erythrocyte morphology,equivalentClass,characteristic of part of,has part some > characteristic of part of some,restriction_filler,False,False,http://purl.obolibrary.org/obo/CL_0000232,erythrocyte,False,,,,,True
http://purl.obolibrary.org/obo/HP_0030272,Abnormal erythrocyte enzyme concentration or activity,inherited,http://purl.obolibrary.org/obo/HP_0001877,Abnormal erythrocyte morphology,equivalentClass,characteristic of part of,has part some > characteristic of part of some,restriction_filler,False,False,http://purl.obolibrary.org/obo/CL_0000232,erythrocyte,False,,,,,True
http://purl.obolibrary.org/obo/HP_0030273,Reduced red cell adenosine deaminase level,inherited,http://purl.obolibrary.org/obo/HP_0001877,Abnormal erythrocyte morphology,equivalentClass,characteristic of part of,has part some > characteristic of part of some,restriction_filler,False,False,http://purl.obolibrary.org/obo/CL_0000232,erythrocyte,False,,,,,True
http://purl.obolibrary.org/obo/HP_0030326,Abnormal macrophage count,direct,http://purl.obolibrary.org/obo/HP_0030326,Abnormal macrophage count,equivalentClass,characteristic of,has part some > characteristic of some,restriction_filler,False,False,http://purl.obolibrary.org/obo/CL_0000235,macrophage,False,,,,,True
http://purl.obolibrary.org/obo/HP_0030326,Abnormal macrophage count,inherited,http://purl.obolibrary.org/obo/HP_0004311,Abnormal macrophage morphology,equivalentClass,characteristic of part of,has part some > characteristic of part of some,restriction_filler,False,False,http://purl.obolibrary.org/obo/CL_0000235,macrophage,False,,,,,True
http://purl.obolibrary.org/obo/HP_0030326,Abnormal macrophage count,inherited,http://purl.obolibrary.org/obo/HP_0001881,Abnormal leukocyte morphology,equivalentClass,characteristic of part of,has part some > characteristic of part of some,restriction_filler,False,False,http://purl.obolibrary.org/obo/CL_0000738,leukocyte,False,,,,,True
http://purl.obolibrary.org/obo/HP_0030326,Abnormal macrophage count,inherited,http://purl.obolibrary.org/obo/HP_0010974,Abnormal myeloid leukocyte morphology,equivalentClass,characteristic of,has part some > characteristic of some,restriction_filler,False,False,http://purl.obolibrary.org/obo/CL_0000766,myeloid leukocyte,False,,,,,True
http://purl.obolibrary.org/obo/HP_0030370,Abnormal naive B cell proportion,direct,http://purl.obolibrary.org/obo/HP_0030370,Abnormal naive B cell proportion,equivalentClass,towards,has part some > towards some,restriction_filler,False,False,http://purl.obolibrary.org/obo/CL_0000236,B cell,False,,,,,True
http://purl.obolibrary.org/obo/HP_0030370,Abnormal naive B cell proportion,direct,http://purl.obolibrary.org/obo/HP_0030370,Abnormal naive B cell proportion,equivalentClass,characteristic of,has part some > characteristic of some,intersection_operand,False,False,http://purl.obolibrary.org/obo/CL_0000788,naive B cell,False,,,,,True
http://purl.obolibrary.org/obo/HP_0030370,Abnormal naive B cell proportion,inherited,http://purl.obolibrary.org/obo/HP_0002846,Abnormal B cell morphology,equivalentClass,characteristic of,has part some > characteristic of some,restriction_filler,False,False,http://purl.obolibrary.org/obo/CL_0000236,B cell,False,,,,,True
http://purl.obolibrary.org/obo/HP_0030370,Abnormal naive B cell proportion,inherited,http://purl.obolibrary.org/obo/HP_0004332,Abnormal lymphocyte morphology,equivalentClass,characteristic of part of,has part some > characteristic of part of some,restriction_filler,False,False,http://purl.obolibrary.org/obo/CL_0000542,lymphocyte,False,,,,,True
http://purl.obolibrary.org/obo/HP_0030370,Abnormal naive B cell proportion,inherited,http://purl.obolibrary.org/obo/HP_0001881,Abnormal leukocyte morphology,equivalentClass,characteristic of part of,has part some > characteristic of part of some,restriction_filler,False,False,http://purl.obolibrary.org/obo/CL_0000738,leukocyte,False,,,,,True
http://purl.obolibrary.org/obo/HP_0030371,Increased naive B cell proportion,direct,http://purl.obolibrary.org/obo/HP_0030371,Increased naive B cell proportion,equivalentClass,towards,has part some > towards some,restriction_filler,False,False,http://purl.obolibrary.org/obo/CL_0000236,B cell,False,,,,,True
http://purl.obolibrary.org/obo/HP_0030371,Increased naive B cell proportion,direct,http://purl.obolibrary.org/obo/HP_0030371,Increased naive B cell proportion,equivalentClass,characteristic of,has part some > characteristic of some,intersection_operand,False,False,http://purl.obolibrary.org/obo/CL_0000788,naive B cell,False,,,,,True
http://purl.obolibrary.org/obo/HP_0030371,Increased naive B cell proportion,inherited,http://purl.obolibrary.org/obo/HP_0002846,Abnormal B cell morphology,equivalentClass,characteristic of,has part some > characteristic of some,restriction_filler,False,False,http://purl.obolibrary.org/obo/CL_0000236,B cell,False,,,,,True
http://purl.obolibrary.org/obo/HP_0030371,Increased naive B cell proportion,inherited,http://purl.obolibrary.org/obo/HP_0004332,Abnormal lymphocyte morphology,equivalentClass,characteristic of part of,has part some > characteristic of part of some,restriction_filler,False,False,http://purl.obolibrary.org/obo/CL_0000542,lymphocyte,False,,,,,True
http://purl.obolibrary.org/obo/HP_0030371,Increased naive B cell proportion,inherited,http://purl.obolibrary.org/obo/HP_0001881,Abnormal leukocyte morphology,equivalentClass,characteristic of part of,has part some > characteristic of part of some,restriction_filler,False,False,http://purl.obolibrary.org/obo/CL_0000738,leukocyte,False,,,,,True
http://purl.obolibrary.org/obo/HP_0030372,Decreased naive B cell proportion,direct,http://purl.obolibrary.org/obo/HP_0030372,Decreased naive B cell proportion,equivalentClass,towards,has part some > towards some,restriction_filler,False,False,http://purl.obolibrary.org/obo/CL_0000236,B cell,False,,,,,True
http://purl.obolibrary.org/obo/HP_0030372,Decreased naive B cell proportion,direct,http://purl.obolibrary.org/obo/HP_0030372,Decreased naive B cell proportion,equivalentClass,characteristic of,has part some > characteristic of some,intersection_operand,False,False,http://purl.obolibrary.org/obo/CL_0000788,naive B cell,False,,,,,True
http://purl.obolibrary.org/obo/HP_0030372,Decreased naive B cell proportion,inherited,http://purl.obolibrary.org/obo/HP_0002846,Abnormal B cell morphology,equivalentClass,characteristic of,has part some > characteristic of some,restriction_filler,False,False,http://purl.obolibrary.org/obo/CL_0000236,B cell,False,,,,,True
http://purl.obolibrary.org/obo/HP_0030372,Decreased naive B cell proportion,inherited,http://purl.obolibrary.org/obo/HP_0004332,Abnormal lymphocyte morphology,equivalentClass,characteristic of part of,has part some > characteristic of part of some,restriction_filler,False,False,http://purl.obolibrary.org/obo/CL_0000542,lymphocyte,False,,,,,True
http://purl.obolibrary.org/obo/HP_0030372,Decreased naive B cell proportion,inherited,http://purl.obolibrary.org/obo/HP_0001881,Abnormal leukocyte morphology,equivalentClass,characteristic of part of,has part some > characteristic of part of some,restriction_filler,False,False,http://purl.obolibrary.org/obo/CL_0000738,leukocyte,False,,,,,True
http://purl.obolibrary.org/obo/HP_0030373,Abnormal memory B cell proportion,direct,http://purl.obolibrary.org/obo/HP_0030373,Abnormal memory B cell proportion,equivalentClass,towards,has part some > towards some,restriction_filler,False,False,http://purl.obolibrary.org/obo/CL_0000236,B cell,False,,,,,True
http://purl.obolibrary.org/obo/HP_0030373,Abnormal memory B cell proportion,direct,http://purl.obolibrary.org/obo/HP_0030373,Abnormal memory B cell proportion,equivalentClass,characteristic of,has part some > characteristic of some,intersection_operand,False,False,http://purl.obolibrary.org/obo/CL_0000787,memory B cell,False,,,,,True
http://purl.obolibrary.org/obo/HP_0030373,Abnormal memory B cell proportion,inherited,http://purl.obolibrary.org/obo/HP_0002846,Abnormal B cell morphology,equivalentClass,characteristic of,has part some > characteristic of some,restriction_filler,False,False,http://purl.obolibrary.org/obo/CL_0000236,B cell,False,,,,,True
http://purl.obolibrary.org/obo/HP_0030373,Abnormal memory B cell proportion,inherited,http://purl.obolibrary.org/obo/HP_0004332,Abnormal lymphocyte morphology,equivalentClass,characteristic of part of,has part some > characteristic of part of some,restriction_filler,False,False,http://purl.obolibrary.org/obo/CL_0000542,lymphocyte,False,,,,,True
http://purl.obolibrary.org/obo/HP_0030373,Abnormal memory B cell proportion,inherited,http://purl.obolibrary.org/obo/HP_0001881,Abnormal leukocyte morphology,equivalentClass,characteristic of part of,has part some > characteristic of part of some,restriction_filler,False,False,http://purl.obolibrary.org/obo/CL_0000738,leukocyte,False,,,,,True
http://purl.obolibrary.org/obo/HP_0030374,Decreased memory B cell proportion,direct,http://purl.obolibrary.org/obo/HP_0030374,Decreased memory B cell proportion,equivalentClass,towards,has part some > towards some,restriction_filler,False,False,http://purl.obolibrary.org/obo/CL_0000236,B cell,False,,,,,True
http://purl.obolibrary.org/obo/HP_0030374,Decreased memory B cell proportion,direct,http://purl.obolibrary.org/obo/HP_0030374,Decreased memory B cell proportion,equivalentClass,characteristic of,has part some > characteristic of some,intersection_operand,False,False,http://purl.obolibrary.org/obo/CL_0000787,memory B cell,False,,,,,True
http://purl.obolibrary.org/obo/HP_0030374,Decreased memory B cell proportion,inherited,http://purl.obolibrary.org/obo/HP_0002846,Abnormal B cell morphology,equivalentClass,characteristic of,has part some > characteristic of some,restriction_filler,False,False,http://purl.obolibrary.org/obo/CL_0000236,B cell,False,,,,,True
http://purl.obolibrary.org/obo/HP_0030374,Decreased memory B cell proportion,inherited,http://purl.obolibrary.org/obo/HP_0004332,Abnormal lymphocyte morphology,equivalentClass,characteristic of part of,has part some > characteristic of part of some,restriction_filler,False,False,http://purl.obolibrary.org/obo/CL_0000542,lymphocyte,False,,,,,True
http://purl.obolibrary.org/obo/HP_0030374,Decreased memory B cell proportion,inherited,http://purl.obolibrary.org/obo/HP_0001881,Abnormal leukocyte morphology,equivalentClass,characteristic of part of,has part some > characteristic of part of some,restriction_filler,False,False,http://purl.obolibrary.org/obo/CL_0000738,leukocyte,False,,,,,True
http://purl.obolibrary.org/obo/HP_0030375,Increased memory B cell proportion,direct,http://purl.obolibrary.org/obo/HP_0030375,Increased memory B cell proportion,equivalentClass,towards,has part some > towards some,restriction_filler,False,False,http://purl.obolibrary.org/obo/CL_0000236,B cell,False,,,,,True
http://purl.obolibrary.org/obo/HP_0030375,Increased memory B cell proportion,direct,http://purl.obolibrary.org/obo/HP_0030375,Increased memory B cell proportion,equivalentClass,characteristic of,has part some > characteristic of some,intersection_operand,False,False,http://purl.obolibrary.org/obo/CL_0000787,memory B cell,False,,,,,True
http://purl.obolibrary.org/obo/HP_0030375,Increased memory B cell proportion,inherited,http://purl.obolibrary.org/obo/HP_0002846,Abnormal B cell morphology,equivalentClass,characteristic of,has part some > characteristic of some,restriction_filler,False,False,http://purl.obolibrary.org/obo/CL_0000236,B cell,False,,,,,True
http://purl.obolibrary.org/obo/HP_0030375,Increased memory B cell proportion,inherited,http://purl.obolibrary.org/obo/HP_0004332,Abnormal lymphocyte morphology,equivalentClass,characteristic of part of,has part some > characteristic of part of some,restriction_filler,False,False,http://purl.obolibrary.org/obo/CL_0000542,lymphocyte,False,,,,,True
http://purl.obolibrary.org/obo/HP_0030375,Increased memory B cell proportion,inherited,http://purl.obolibrary.org/obo/HP_0001881,Abnormal leukocyte morphology,equivalentClass,characteristic of part of,has part some > characteristic of part of some,restriction_filler,False,False,http://purl.obolibrary.org/obo/CL_0000738,leukocyte,False,,,,,True
http://purl.obolibrary.org/obo/HP_0030376,Abnormal immature B cell proportion,direct,http://purl.obolibrary.org/obo/HP_0030376,Abnormal immature B cell proportion,equivalentClass,towards,has part some > towards some,restriction_filler,False,False,http://purl.obolibrary.org/obo/CL_0000236,B cell,False,,,,,True
http://purl.obolibrary.org/obo/HP_0030376,Abnormal immature B cell proportion,direct,http://purl.obolibrary.org/obo/HP_0030376,Abnormal immature B cell proportion,equivalentClass,characteristic of,has part some > characteristic of some,intersection_operand,False,False,http://purl.obolibrary.org/obo/CL_0000816,immature B cell,False,,,,,True
http://purl.obolibrary.org/obo/HP_0030376,Abnormal immature B cell proportion,inherited,http://purl.obolibrary.org/obo/HP_0002846,Abnormal B cell morphology,equivalentClass,characteristic of,has part some > characteristic of some,restriction_filler,False,False,http://purl.obolibrary.org/obo/CL_0000236,B cell,False,,,,,True
http://purl.obolibrary.org/obo/HP_0030376,Abnormal immature B cell proportion,inherited,http://purl.obolibrary.org/obo/HP_0004332,Abnormal lymphocyte morphology,equivalentClass,characteristic of part of,has part some > characteristic of part of some,restriction_filler,False,False,http://purl.obolibrary.org/obo/CL_0000542,lymphocyte,False,,,,,True
http://purl.obolibrary.org/obo/HP_0030376,Abnormal immature B cell proportion,inherited,http://purl.obolibrary.org/obo/HP_0001881,Abnormal leukocyte morphology,equivalentClass,characteristic of part of,has part some > characteristic of part of some,restriction_filler,False,False,http://purl.obolibrary.org/obo/CL_0000738,leukocyte,False,,,,,True
http://purl.obolibrary.org/obo/HP_0030377,Increased immature B cell proportion,direct,http://purl.obolibrary.org/obo/HP_0030377,Increased immature B cell proportion,equivalentClass,towards,has part some > towards some,restriction_filler,False,False,http://purl.obolibrary.org/obo/CL_0000236,B cell,False,,,,,True
http://purl.obolibrary.org/obo/HP_0030377,Increased immature B cell proportion,direct,http://purl.obolibrary.org/obo/HP_0030377,Increased immature B cell proportion,equivalentClass,characteristic of,has part some > characteristic of some,intersection_operand,False,False,http://purl.obolibrary.org/obo/CL_0000816,immature B cell,False,,,,,True
http://purl.obolibrary.org/obo/HP_0030377,Increased immature B cell proportion,inherited,http://purl.obolibrary.org/obo/HP_0002846,Abnormal B cell morphology,equivalentClass,characteristic of,has part some > characteristic of some,restriction_filler,False,False,http://purl.obolibrary.org/obo/CL_0000236,B cell,False,,,,,True
http://purl.obolibrary.org/obo/HP_0030377,Increased immature B cell proportion,inherited,http://purl.obolibrary.org/obo/HP_0004332,Abnormal lymphocyte morphology,equivalentClass,characteristic of part of,has part some > characteristic of part of some,restriction_filler,False,False,http://purl.obolibrary.org/obo/CL_0000542,lymphocyte,False,,,,,True
http://purl.obolibrary.org/obo/HP_0030377,Increased immature B cell proportion,inherited,http://purl.obolibrary.org/obo/HP_0001881,Abnormal leukocyte morphology,equivalentClass,characteristic of part of,has part some > characteristic of part of some,restriction_filler,False,False,http://purl.obolibrary.org/obo/CL_0000738,leukocyte,False,,,,,True
http://purl.obolibrary.org/obo/HP_0030378,Decreased immature B cell proportion,direct,http://purl.obolibrary.org/obo/HP_0030378,Decreased immature B cell proportion,equivalentClass,towards,has part some > towards some,restriction_filler,False,False,http://purl.obolibrary.org/obo/CL_0000236,B cell,False,,,,,True
http://purl.obolibrary.org/obo/HP_0030378,Decreased immature B cell proportion,direct,http://purl.obolibrary.org/obo/HP_0030378,Decreased immature B cell proportion,equivalentClass,characteristic of,has part some > characteristic of some,intersection_operand,False,False,http://purl.obolibrary.org/obo/CL_0000816,immature B cell,False,,,,,True
http://purl.obolibrary.org/obo/HP_0030378,Decreased immature B cell proportion,inherited,http://purl.obolibrary.org/obo/HP_0002846,Abnormal B cell morphology,equivalentClass,characteristic of,has part some > characteristic of some,restriction_filler,False,False,http://purl.obolibrary.org/obo/CL_0000236,B cell,False,,,,,True
http://purl.obolibrary.org/obo/HP_0030378,Decreased immature B cell proportion,inherited,http://purl.obolibrary.org/obo/HP_0004332,Abnormal lymphocyte morphology,equivalentClass,characteristic of part of,has part some > characteristic of part of some,restriction_filler,False,False,http://purl.obolibrary.org/obo/CL_0000542,lymphocyte,False,,,,,True
http://purl.obolibrary.org/obo/HP_0030378,Decreased immature B cell proportion,inherited,http://purl.obolibrary.org/obo/HP_0001881,Abnormal leukocyte morphology,equivalentClass,characteristic of part of,has part some > characteristic of part of some,restriction_filler,False,False,http://purl.obolibrary.org/obo/CL_0000738,leukocyte,False,,,,,True
http://purl.obolibrary.org/obo/HP_0030379,Abnormal transitional B cell proportion,direct,http://purl.obolibrary.org/obo/HP_0030379,Abnormal transitional B cell proportion,equivalentClass,towards,has part some > towards some,restriction_filler,False,False,http://purl.obolibrary.org/obo/CL_0000236,B cell,False,,,,,True
http://purl.obolibrary.org/obo/HP_0030379,Abnormal transitional B cell proportion,direct,http://purl.obolibrary.org/obo/HP_0030379,Abnormal transitional B cell proportion,equivalentClass,characteristic of,has part some > characteristic of some,intersection_operand,False,False,http://purl.obolibrary.org/obo/CL_0000818,transitional stage B cell,False,,,,,True
http://purl.obolibrary.org/obo/HP_0030379,Abnormal transitional B cell proportion,inherited,http://purl.obolibrary.org/obo/HP_0002846,Abnormal B cell morphology,equivalentClass,characteristic of,has part some > characteristic of some,restriction_filler,False,False,http://purl.obolibrary.org/obo/CL_0000236,B cell,False,,,,,True
http://purl.obolibrary.org/obo/HP_0030379,Abnormal transitional B cell proportion,inherited,http://purl.obolibrary.org/obo/HP_0004332,Abnormal lymphocyte morphology,equivalentClass,characteristic of part of,has part some > characteristic of part of some,restriction_filler,False,False,http://purl.obolibrary.org/obo/CL_0000542,lymphocyte,False,,,,,True
http://purl.obolibrary.org/obo/HP_0030379,Abnormal transitional B cell proportion,inherited,http://purl.obolibrary.org/obo/HP_0001881,Abnormal leukocyte morphology,equivalentClass,characteristic of part of,has part some > characteristic of part of some,restriction_filler,False,False,http://purl.obolibrary.org/obo/CL_0000738,leukocyte,False,,,,,True
http://purl.obolibrary.org/obo/HP_0030380,Decreased transitional B cell proportion,direct,http://purl.obolibrary.org/obo/HP_0030380,Decreased transitional B cell proportion,equivalentClass,towards,has part some > towards some,restriction_filler,False,False,http://purl.obolibrary.org/obo/CL_0000236,B cell,False,,,,,True
http://purl.obolibrary.org/obo/HP_0030380,Decreased transitional B cell proportion,direct,http://purl.obolibrary.org/obo/HP_0030380,Decreased transitional B cell proportion,equivalentClass,characteristic of,has part some > characteristic of some,intersection_operand,False,False,http://purl.obolibrary.org/obo/CL_0000818,transitional stage B cell,False,,,,,True
http://purl.obolibrary.org/obo/HP_0030380,Decreased transitional B cell proportion,inherited,http://purl.obolibrary.org/obo/HP_0002846,Abnormal B cell morphology,equivalentClass,characteristic of,has part some > characteristic of some,restriction_filler,False,False,http://purl.obolibrary.org/obo/CL_0000236,B cell,False,,,,,True
http://purl.obolibrary.org/obo/HP_0030380,Decreased transitional B cell proportion,inherited,http://purl.obolibrary.org/obo/HP_0004332,Abnormal lymphocyte morphology,equivalentClass,characteristic of part of,has part some > characteristic of part of some,restriction_filler,False,False,http://purl.obolibrary.org/obo/CL_0000542,lymphocyte,False,,,,,True
http://purl.obolibrary.org/obo/HP_0030380,Decreased transitional B cell proportion,inherited,http://purl.obolibrary.org/obo/HP_0001881,Abnormal leukocyte morphology,equivalentClass,characteristic of part of,has part some > characteristic of part of some,restriction_filler,False,False,http://purl.obolibrary.org/obo/CL_0000738,leukocyte,False,,,,,True
http://purl.obolibrary.org/obo/HP_0030381,Increased transitional B cell proportion,direct,http://purl.obolibrary.org/obo/HP_0030381,Increased transitional B cell proportion,equivalentClass,towards,has part some > towards some,restriction_filler,False,False,http://purl.obolibrary.org/obo/CL_0000236,B cell,False,,,,,True
http://purl.obolibrary.org/obo/HP_0030381,Increased transitional B cell proportion,direct,http://purl.obolibrary.org/obo/HP_0030381,Increased transitional B cell proportion,equivalentClass,characteristic of,has part some > characteristic of some,intersection_operand,False,False,http://purl.obolibrary.org/obo/CL_0000818,transitional stage B cell,False,,,,,True
http://purl.obolibrary.org/obo/HP_0030381,Increased transitional B cell proportion,inherited,http://purl.obolibrary.org/obo/HP_0002846,Abnormal B cell morphology,equivalentClass,characteristic of,has part some > characteristic of some,restriction_filler,False,False,http://purl.obolibrary.org/obo/CL_0000236,B cell,False,,,,,True
http://purl.obolibrary.org/obo/HP_0030381,Increased transitional B cell proportion,inherited,http://purl.obolibrary.org/obo/HP_0004332,Abnormal lymphocyte morphology,equivalentClass,characteristic of part of,has part some > characteristic of part of some,restriction_filler,False,False,http://purl.obolibrary.org/obo/CL_0000542,lymphocyte,False,,,,,True
http://purl.obolibrary.org/obo/HP_0030381,Increased transitional B cell proportion,inherited,http://purl.obolibrary.org/obo/HP_0001881,Abnormal leukocyte morphology,equivalentClass,characteristic of part of,has part some > characteristic of part of some,restriction_filler,False,False,http://purl.obolibrary.org/obo/CL_0000738,leukocyte,False,,,,,True
http://purl.obolibrary.org/obo/HP_0030383,Abnormal marginal zone B cell proportion,direct,http://purl.obolibrary.org/obo/HP_0030383,Abnormal marginal zone B cell proportion,equivalentClass,towards,has part some > towards some,restriction_filler,False,False,http://purl.obolibrary.org/obo/CL_0000236,B cell,False,,,,,True
http://purl.obolibrary.org/obo/HP_0030383,Abnormal marginal zone B cell proportion,direct,http://purl.obolibrary.org/obo/HP_0030383,Abnormal marginal zone B cell proportion,equivalentClass,characteristic of,has part some > characteristic of some,intersection_operand,False,False,http://purl.obolibrary.org/obo/CL_0000845,marginal zone B cell of spleen,False,,,,,True
http://purl.obolibrary.org/obo/HP_0030383,Abnormal marginal zone B cell proportion,inherited,http://purl.obolibrary.org/obo/HP_0002846,Abnormal B cell morphology,equivalentClass,characteristic of,has part some > characteristic of some,restriction_filler,False,False,http://purl.obolibrary.org/obo/CL_0000236,B cell,False,,,,,True
http://purl.obolibrary.org/obo/HP_0030383,Abnormal marginal zone B cell proportion,inherited,http://purl.obolibrary.org/obo/HP_0004332,Abnormal lymphocyte morphology,equivalentClass,characteristic of part of,has part some > characteristic of part of some,restriction_filler,False,False,http://purl.obolibrary.org/obo/CL_0000542,lymphocyte,False,,,,,True
http://purl.obolibrary.org/obo/HP_0030383,Abnormal marginal zone B cell proportion,inherited,http://purl.obolibrary.org/obo/HP_0001881,Abnormal leukocyte morphology,equivalentClass,characteristic of part of,has part some > characteristic of part of some,restriction_filler,False,False,http://purl.obolibrary.org/obo/CL_0000738,leukocyte,False,,,,,True
http://purl.obolibrary.org/obo/HP_0030383,Abnormal marginal zone B cell proportion,inherited,http://purl.obolibrary.org/obo/HP_0030373,Abnormal memory B cell proportion,equivalentClass,characteristic of,has part some > characteristic of some,intersection_operand,False,False,http://purl.obolibrary.org/obo/CL_0000787,memory B cell,False,,,,,True
http://purl.obolibrary.org/obo/HP_0030384,Decreased marginal zone B cell proportion,direct,http://purl.obolibrary.org/obo/HP_0030384,Decreased marginal zone B cell proportion,equivalentClass,towards,has part some > towards some,restriction_filler,False,False,http://purl.obolibrary.org/obo/CL_0000236,B cell,False,,,,,True
http://purl.obolibrary.org/obo/HP_0030384,Decreased marginal zone B cell proportion,direct,http://purl.obolibrary.org/obo/HP_0030384,Decreased marginal zone B cell proportion,equivalentClass,characteristic of,has part some > characteristic of some,intersection_operand,False,False,http://purl.obolibrary.org/obo/CL_0000845,marginal zone B cell of spleen,False,,,,,True
http://purl.obolibrary.org/obo/HP_0030384,Decreased marginal zone B cell proportion,inherited,http://purl.obolibrary.org/obo/HP_0002846,Abnormal B cell morphology,equivalentClass,characteristic of,has part some > characteristic of some,restriction_filler,False,False,http://purl.obolibrary.org/obo/CL_0000236,B cell,False,,,,,True
http://purl.obolibrary.org/obo/HP_0030384,Decreased marginal zone B cell proportion,inherited,http://purl.obolibrary.org/obo/HP_0004332,Abnormal lymphocyte morphology,equivalentClass,characteristic of part of,has part some > characteristic of part of some,restriction_filler,False,False,http://purl.obolibrary.org/obo/CL_0000542,lymphocyte,False,,,,,True
http://purl.obolibrary.org/obo/HP_0030384,Decreased marginal zone B cell proportion,inherited,http://purl.obolibrary.org/obo/HP_0001881,Abnormal leukocyte morphology,equivalentClass,characteristic of part of,has part some > characteristic of part of some,restriction_filler,False,False,http://purl.obolibrary.org/obo/CL_0000738,leukocyte,False,,,,,True
http://purl.obolibrary.org/obo/HP_0030384,Decreased marginal zone B cell proportion,inherited,http://purl.obolibrary.org/obo/HP_0030373,Abnormal memory B cell proportion,equivalentClass,characteristic of,has part some > characteristic of some,intersection_operand,False,False,http://purl.obolibrary.org/obo/CL_0000787,memory B cell,False,,,,,True
http://purl.obolibrary.org/obo/HP_0030385,Increased marginal zone B cell proportion,direct,http://purl.obolibrary.org/obo/HP_0030385,Increased marginal zone B cell proportion,equivalentClass,towards,has part some > towards some,restriction_filler,False,False,http://purl.obolibrary.org/obo/CL_0000236,B cell,False,,,,,True
http://purl.obolibrary.org/obo/HP_0030385,Increased marginal zone B cell proportion,direct,http://purl.obolibrary.org/obo/HP_0030385,Increased marginal zone B cell proportion,equivalentClass,characteristic of,has part some > characteristic of some,intersection_operand,False,False,http://purl.obolibrary.org/obo/CL_0000845,marginal zone B cell of spleen,False,,,,,True
http://purl.obolibrary.org/obo/HP_0030385,Increased marginal zone B cell proportion,inherited,http://purl.obolibrary.org/obo/HP_0002846,Abnormal B cell morphology,equivalentClass,characteristic of,has part some > characteristic of some,restriction_filler,False,False,http://purl.obolibrary.org/obo/CL_0000236,B cell,False,,,,,True
http://purl.obolibrary.org/obo/HP_0030385,Increased marginal zone B cell proportion,inherited,http://purl.obolibrary.org/obo/HP_0004332,Abnormal lymphocyte morphology,equivalentClass,characteristic of part of,has part some > characteristic of part of some,restriction_filler,False,False,http://purl.obolibrary.org/obo/CL_0000542,lymphocyte,False,,,,,True
http://purl.obolibrary.org/obo/HP_0030385,Increased marginal zone B cell proportion,inherited,http://purl.obolibrary.org/obo/HP_0001881,Abnormal leukocyte morphology,equivalentClass,characteristic of part of,has part some > characteristic of part of some,restriction_filler,False,False,http://purl.obolibrary.org/obo/CL_0000738,leukocyte,False,,,,,True
http://purl.obolibrary.org/obo/HP_0030385,Increased marginal zone B cell proportion,inherited,http://purl.obolibrary.org/obo/HP_0030373,Abnormal memory B cell proportion,equivalentClass,characteristic of,has part some > characteristic of some,intersection_operand,False,False,http://purl.obolibrary.org/obo/CL_0000787,memory B cell,False,,,,,True
http://purl.obolibrary.org/obo/HP_0030386,Abnormal class-switched memory B cell proportion,direct,http://purl.obolibrary.org/obo/HP_0030386,Abnormal class-switched memory B cell proportion,equivalentClass,towards,has part some > towards some,restriction_filler,False,False,http://purl.obolibrary.org/obo/CL_0000236,B cell,False,,,,,True
http://purl.obolibrary.org/obo/HP_0030386,Abnormal class-switched memory B cell proportion,direct,http://purl.obolibrary.org/obo/HP_0030386,Abnormal class-switched memory B cell proportion,equivalentClass,characteristic of,has part some > characteristic of some,intersection_operand,False,False,http://purl.obolibrary.org/obo/CL_0000972,class switched memory B cell,False,,,,,True
http://purl.obolibrary.org/obo/HP_0030386,Abnormal class-switched memory B cell proportion,inherited,http://purl.obolibrary.org/obo/HP_0002846,Abnormal B cell morphology,equivalentClass,characteristic of,has part some > characteristic of some,restriction_filler,False,False,http://purl.obolibrary.org/obo/CL_0000236,B cell,False,,,,,True
http://purl.obolibrary.org/obo/HP_0030386,Abnormal class-switched memory B cell proportion,inherited,http://purl.obolibrary.org/obo/HP_0004332,Abnormal lymphocyte morphology,equivalentClass,characteristic of part of,has part some > characteristic of part of some,restriction_filler,False,False,http://purl.obolibrary.org/obo/CL_0000542,lymphocyte,False,,,,,True
http://purl.obolibrary.org/obo/HP_0030386,Abnormal class-switched memory B cell proportion,inherited,http://purl.obolibrary.org/obo/HP_0001881,Abnormal leukocyte morphology,equivalentClass,characteristic of part of,has part some > characteristic of part of some,restriction_filler,False,False,http://purl.obolibrary.org/obo/CL_0000738,leukocyte,False,,,,,True
http://purl.obolibrary.org/obo/HP_0030386,Abnormal class-switched memory B cell proportion,inherited,http://purl.obolibrary.org/obo/HP_0030373,Abnormal memory B cell proportion,equivalentClass,characteristic of,has part some > characteristic of some,intersection_operand,False,False,http://purl.obolibrary.org/obo/CL_0000787,memory B cell,False,,,,,True
http://purl.obolibrary.org/obo/HP_0030387,Increased class-switched memory B cell proportion,direct,http://purl.obolibrary.org/obo/HP_0030387,Increased class-switched memory B cell proportion,equivalentClass,towards,has part some > towards some,restriction_filler,False,False,http://purl.obolibrary.org/obo/CL_0000236,B cell,False,,,,,True
http://purl.obolibrary.org/obo/HP_0030387,Increased class-switched memory B cell proportion,direct,http://purl.obolibrary.org/obo/HP_0030387,Increased class-switched memory B cell proportion,equivalentClass,characteristic of,has part some > characteristic of some,intersection_operand,False,False,http://purl.obolibrary.org/obo/CL_0000972,class switched memory B cell,False,,,,,True
http://purl.obolibrary.org/obo/HP_0030387,Increased class-switched memory B cell proportion,inherited,http://purl.obolibrary.org/obo/HP_0002846,Abnormal B cell morphology,equivalentClass,characteristic of,has part some > characteristic of some,restriction_filler,False,False,http://purl.obolibrary.org/obo/CL_0000236,B cell,False,,,,,True
http://purl.obolibrary.org/obo/HP_0030387,Increased class-switched memory B cell proportion,inherited,http://purl.obolibrary.org/obo/HP_0004332,Abnormal lymphocyte morphology,equivalentClass,characteristic of part of,has part some > characteristic of part of some,restriction_filler,False,False,http://purl.obolibrary.org/obo/CL_0000542,lymphocyte,False,,,,,True
http://purl.obolibrary.org/obo/HP_0030387,Increased class-switched memory B cell proportion,inherited,http://purl.obolibrary.org/obo/HP_0001881,Abnormal leukocyte morphology,equivalentClass,characteristic of part of,has part some > characteristic of part of some,restriction_filler,False,False,http://purl.obolibrary.org/obo/CL_0000738,leukocyte,False,,,,,True
http://purl.obolibrary.org/obo/HP_0030387,Increased class-switched memory B cell proportion,inherited,http://purl.obolibrary.org/obo/HP_0030373,Abnormal memory B cell proportion,equivalentClass,characteristic of,has part some > characteristic of some,intersection_operand,False,False,http://purl.obolibrary.org/obo/CL_0000787,memory B cell,False,,,,,True
http://purl.obolibrary.org/obo/HP_0030388,Decreased class-switched memory B cell proportion,direct,http://purl.obolibrary.org/obo/HP_0030388,Decreased class-switched memory B cell proportion,equivalentClass,towards,has part some > towards some,restriction_filler,False,False,http://purl.obolibrary.org/obo/CL_0000236,B cell,False,,,,,True
http://purl.obolibrary.org/obo/HP_0030388,Decreased class-switched memory B cell proportion,direct,http://purl.obolibrary.org/obo/HP_0030388,Decreased class-switched memory B cell proportion,equivalentClass,characteristic of,has part some > characteristic of some,intersection_operand,False,False,http://purl.obolibrary.org/obo/CL_0000972,class switched memory B cell,False,,,,,True
http://purl.obolibrary.org/obo/HP_0030388,Decreased class-switched memory B cell proportion,inherited,http://purl.obolibrary.org/obo/HP_0002846,Abnormal B cell morphology,equivalentClass,characteristic of,has part some > characteristic of some,restriction_filler,False,False,http://purl.obolibrary.org/obo/CL_0000236,B cell,False,,,,,True
http://purl.obolibrary.org/obo/HP_0030388,Decreased class-switched memory B cell proportion,inherited,http://purl.obolibrary.org/obo/HP_0004332,Abnormal lymphocyte morphology,equivalentClass,characteristic of part of,has part some > characteristic of part of some,restriction_filler,False,False,http://purl.obolibrary.org/obo/CL_0000542,lymphocyte,False,,,,,True
http://purl.obolibrary.org/obo/HP_0030388,Decreased class-switched memory B cell proportion,inherited,http://purl.obolibrary.org/obo/HP_0001881,Abnormal leukocyte morphology,equivalentClass,characteristic of part of,has part some > characteristic of part of some,restriction_filler,False,False,http://purl.obolibrary.org/obo/CL_0000738,leukocyte,False,,,,,True
http://purl.obolibrary.org/obo/HP_0030388,Decreased class-switched memory B cell proportion,inherited,http://purl.obolibrary.org/obo/HP_0030373,Abnormal memory B cell proportion,equivalentClass,characteristic of,has part some > characteristic of some,intersection_operand,False,False,http://purl.obolibrary.org/obo/CL_0000787,memory B cell,False,,,,,True
http://purl.obolibrary.org/obo/HP_0030396,Abnormal platelet granule secretion,inherited,http://purl.obolibrary.org/obo/HP_0001872,Abnormality of thrombocytes,equivalentClass,characteristic of part of,has part some > characteristic of part of some,restriction_filler,False,False,http://purl.obolibrary.org/obo/CL_0000233,platelet,False,,,,,True
http://purl.obolibrary.org/obo/HP_0030396,Abnormal platelet granule secretion,inherited,http://purl.obolibrary.org/obo/HP_0011869,Abnormal platelet function,equivalentClass,characteristic of,has part some > characteristic of some,restriction_filler,False,False,http://purl.obolibrary.org/obo/CL_0000233,platelet,False,,,,,True
http://purl.obolibrary.org/obo/HP_0030397,Abnormal platelet dense granule secretion,inherited,http://purl.obolibrary.org/obo/HP_0001872,Abnormality of thrombocytes,equivalentClass,characteristic of part of,has part some > characteristic of part of some,restriction_filler,False,False,http://purl.obolibrary.org/obo/CL_0000233,platelet,False,,,,,True
http://purl.obolibrary.org/obo/HP_0030397,Abnormal platelet dense granule secretion,inherited,http://purl.obolibrary.org/obo/HP_0011869,Abnormal platelet function,equivalentClass,characteristic of,has part some > characteristic of some,restriction_filler,False,False,http://purl.obolibrary.org/obo/CL_0000233,platelet,False,,,,,True
http://purl.obolibrary.org/obo/HP_0030398,Abnormal platelet ATP dense granule secretion,inherited,http://purl.obolibrary.org/obo/HP_0001872,Abnormality of thrombocytes,equivalentClass,characteristic of part of,has part some > characteristic of part of some,restriction_filler,False,False,http://purl.obolibrary.org/obo/CL_0000233,platelet,False,,,,,True
http://purl.obolibrary.org/obo/HP_0030398,Abnormal platelet ATP dense granule secretion,inherited,http://purl.obolibrary.org/obo/HP_0011869,Abnormal platelet function,equivalentClass,characteristic of,has part some > characteristic of some,restriction_filler,False,False,http://purl.obolibrary.org/obo/CL_0000233,platelet,False,,,,,True
http://purl.obolibrary.org/obo/HP_0030399,Abnormal platelet alpha granule secretion,inherited,http://purl.obolibrary.org/obo/HP_0001872,Abnormality of thrombocytes,equivalentClass,characteristic of part of,has part some > characteristic of part of some,restriction_filler,False,False,http://purl.obolibrary.org/obo/CL_0000233,platelet,False,,,,,True
http://purl.obolibrary.org/obo/HP_0030399,Abnormal platelet alpha granule secretion,inherited,http://purl.obolibrary.org/obo/HP_0011869,Abnormal platelet function,equivalentClass,characteristic of,has part some > characteristic of some,restriction_filler,False,False,http://purl.obolibrary.org/obo/CL_0000233,platelet,False,,,,,True
http://purl.obolibrary.org/obo/HP_0030400,Abnormal platelet lysosome secretion,inherited,http://purl.obolibrary.org/obo/HP_0001872,Abnormality of thrombocytes,equivalentClass,characteristic of part of,has part some > characteristic of part of some,restriction_filler,False,False,http://purl.obolibrary.org/obo/CL_0000233,platelet,False,,,,,True
http://purl.obolibrary.org/obo/HP_0030400,Abnormal platelet lysosome secretion,inherited,http://purl.obolibrary.org/obo/HP_0011869,Abnormal platelet function,equivalentClass,characteristic of,has part some > characteristic of some,restriction_filler,False,False,http://purl.obolibrary.org/obo/CL_0000233,platelet,False,,,,,True
http://purl.obolibrary.org/obo/HP_0030401,Abnormal platelet dense granule ATP/ADP ratio,inherited,http://purl.obolibrary.org/obo/HP_0001872,Abnormality of thrombocytes,equivalentClass,characteristic of part of,has part some > characteristic of part of some,restriction_filler,False,False,http://purl.obolibrary.org/obo/CL_0000233,platelet,False,,,,,True
http://purl.obolibrary.org/obo/HP_0030401,Abnormal platelet dense granule ATP/ADP ratio,inherited,http://purl.obolibrary.org/obo/HP_0011875,Abnormal platelet morphology,equivalentClass,characteristic of,has part some > characteristic of some,restriction_filler,False,False,http://purl.obolibrary.org/obo/CL_0000233,platelet,False,,,,,True
http://purl.obolibrary.org/obo/HP_0030402,Abnormal platelet aggregation,inherited,http://purl.obolibrary.org/obo/HP_0001872,Abnormality of thrombocytes,equivalentClass,characteristic of part of,has part some > characteristic of part of some,restriction_filler,False,False,http://purl.obolibrary.org/obo/CL_0000233,platelet,False,,,,,True
http://purl.obolibrary.org/obo/HP_0030402,Abnormal platelet aggregation,inherited,http://purl.obolibrary.org/obo/HP_0011869,Abnormal platelet function,equivalentClass,characteristic of,has part some > characteristic of some,restriction_filler,False,False,http://purl.obolibrary.org/obo/CL_0000233,platelet,False,,,,,True
http://purl.obolibrary.org/obo/HP_0030403,Spontaneous platelet aggregation,inherited,http://purl.obolibrary.org/obo/HP_0001872,Abnormality of thrombocytes,equivalentClass,characteristic of part of,has part some > characteristic of part of some,restriction_filler,False,False,http://purl.obolibrary.org/obo/CL_0000233,platelet,False,,,,,True
http://purl.obolibrary.org/obo/HP_0030403,Spontaneous platelet aggregation,inherited,http://purl.obolibrary.org/obo/HP_0011869,Abnormal platelet function,equivalentClass,characteristic of,has part some > characteristic of some,restriction_filler,False,False,http://purl.obolibrary.org/obo/CL_0000233,platelet,False,,,,,True
http://purl.obolibrary.org/obo/HP_0030774,Mitochondrial swelling,inherited,http://purl.obolibrary.org/obo/HP_0025354,Abnormal cellular phenotype,equivalentClass,characteristic of part of,has part some > characteristic of part of some,restriction_filler,False,False,http://purl.obolibrary.org/obo/CL_0000000,cell,False,,,,,True
http://purl.obolibrary.org/obo/HP_0030774,Mitochondrial swelling,inherited,http://purl.obolibrary.org/obo/HP_0011017,Abnormal cellular physiology,equivalentClass,characteristic of,has part some > characteristic of some,restriction_filler,False,False,http://purl.obolibrary.org/obo/CL_0000000,cell,False,,,,,True
http://purl.obolibrary.org/obo/HP_0030886,Abnormal T cell apoptosis,inherited,http://purl.obolibrary.org/obo/HP_0025354,Abnormal cellular phenotype,equivalentClass,characteristic of part of,has part some > characteristic of part of some,restriction_filler,False,False,http://purl.obolibrary.org/obo/CL_0000000,cell,False,,,,,True
http://purl.obolibrary.org/obo/HP_0030886,Abnormal T cell apoptosis,inherited,http://purl.obolibrary.org/obo/HP_0011017,Abnormal cellular physiology,equivalentClass,characteristic of,has part some > characteristic of some,restriction_filler,False,False,http://purl.obolibrary.org/obo/CL_0000000,cell,False,,,,,True
http://purl.obolibrary.org/obo/HP_0030886,Abnormal T cell apoptosis,inherited,http://purl.obolibrary.org/obo/HP_0011840,Abnormal T cell physiology,equivalentClass,characteristic of,has part some > characteristic of some,restriction_filler,False,False,http://purl.obolibrary.org/obo/CL_0000084,T cell,False,,,,,True
http://purl.obolibrary.org/obo/HP_0030887,Increased T cell apoptosis,inherited,http://purl.obolibrary.org/obo/HP_0025354,Abnormal cellular phenotype,equivalentClass,characteristic of part of,has part some > characteristic of part of some,restriction_filler,False,False,http://purl.obolibrary.org/obo/CL_0000000,cell,False,,,,,True
http://purl.obolibrary.org/obo/HP_0030887,Increased T cell apoptosis,inherited,http://purl.obolibrary.org/obo/HP_0011017,Abnormal cellular physiology,equivalentClass,characteristic of,has part some > characteristic of some,restriction_filler,False,False,http://purl.obolibrary.org/obo/CL_0000000,cell,False,,,,,True
http://purl.obolibrary.org/obo/HP_0030887,Increased T cell apoptosis,inherited,http://purl.obolibrary.org/obo/HP_0011840,Abnormal T cell physiology,equivalentClass,characteristic of,has part some > characteristic of some,restriction_filler,False,False,http://purl.obolibrary.org/obo/CL_0000084,T cell,False,,,,,True
http://purl.obolibrary.org/obo/HP_0030938,Enteric intraneuronal nuclear inclusion bodies,inherited,http://purl.obolibrary.org/obo/HP_0025029,Abnormal enteric neuron morphology,equivalentClass,characteristic of,has part some > characteristic of some,restriction_filler,False,False,http://purl.obolibrary.org/obo/CL_0007011,enteric neuron,False,,,,,True
http://purl.obolibrary.org/obo/HP_0031019,Pyknotic bone marrow neutrophils,inherited,http://purl.obolibrary.org/obo/HP_0001911,Abnormal granulocyte morphology,equivalentClass,characteristic of part of,has part some > characteristic of part of some,restriction_filler,False,False,http://purl.obolibrary.org/obo/CL_0000094,granulocyte,False,,,,,True
http://purl.obolibrary.org/obo/HP_0031019,Pyknotic bone marrow neutrophils,inherited,http://purl.obolibrary.org/obo/HP_0001881,Abnormal leukocyte morphology,equivalentClass,characteristic of part of,has part some > characteristic of part of some,restriction_filler,False,False,http://purl.obolibrary.org/obo/CL_0000738,leukocyte,False,,,,,True
http://purl.obolibrary.org/obo/HP_0031019,Pyknotic bone marrow neutrophils,inherited,http://purl.obolibrary.org/obo/HP_0010974,Abnormal myeloid leukocyte morphology,equivalentClass,characteristic of,has part some > characteristic of some,restriction_filler,False,False,http://purl.obolibrary.org/obo/CL_0000766,myeloid leukocyte,False,,,,,True
http://purl.obolibrary.org/obo/HP_0031019,Pyknotic bone marrow neutrophils,inherited,http://purl.obolibrary.org/obo/HP_0001874,Abnormality of neutrophils,equivalentClass,characteristic of part of,has part some > characteristic of part of some,restriction_filler,False,False,http://purl.obolibrary.org/obo/CL_0000775,neutrophil,False,,,,,True
http://purl.obolibrary.org/obo/HP_0031020,Bone marrow hypercellularity,inherited,http://purl.obolibrary.org/obo/HP_0005561,Abnormal bone marrow cell morphology,equivalentClass,characteristic of,has part some > characteristic of some,restriction_filler,False,False,http://purl.obolibrary.org/obo/CL_0002092,bone marrow cell,False,,,,,True
http://purl.obolibrary.org/obo/HP_0031047,Paraproteinemia,inherited,http://purl.obolibrary.org/obo/HP_0025354,Abnormal cellular phenotype,equivalentClass,characteristic of part of,has part some > characteristic of part of some,restriction_filler,False,False,http://purl.obolibrary.org/obo/CL_0000000,cell,False,,,,,True
http://purl.obolibrary.org/obo/HP_0031047,Paraproteinemia,inherited,http://purl.obolibrary.org/obo/HP_0011017,Abnormal cellular physiology,equivalentClass,characteristic of,has part some > characteristic of some,restriction_filler,False,False,http://purl.obolibrary.org/obo/CL_0000000,cell,False,,,,,True
http://purl.obolibrary.org/obo/HP_0031047,Paraproteinemia,inherited,http://purl.obolibrary.org/obo/HP_0005372,Abnormal B cell physiology,equivalentClass,characteristic of,has part some > characteristic of some,restriction_filler,False,False,http://purl.obolibrary.org/obo/CL_0000236,B cell,False,,,,,True
http://purl.obolibrary.org/obo/HP_0031048,Light-chain paraproteinemia,inherited,http://purl.obolibrary.org/obo/HP_0025354,Abnormal cellular phenotype,equivalentClass,characteristic of part of,has part some > characteristic of part of some,restriction_filler,False,False,http://purl.obolibrary.org/obo/CL_0000000,cell,False,,,,,True
http://purl.obolibrary.org/obo/HP_0031048,Light-chain paraproteinemia,inherited,http://purl.obolibrary.org/obo/HP_0011017,Abnormal cellular physiology,equivalentClass,characteristic of,has part some > characteristic of some,restriction_filler,False,False,http://purl.obolibrary.org/obo/CL_0000000,cell,False,,,,,True
http://purl.obolibrary.org/obo/HP_0031048,Light-chain paraproteinemia,inherited,http://purl.obolibrary.org/obo/HP_0005372,Abnormal B cell physiology,equivalentClass,characteristic of,has part some > characteristic of some,restriction_filler,False,False,http://purl.obolibrary.org/obo/CL_0000236,B cell,False,,,,,True
http://purl.obolibrary.org/obo/HP_0031049,Heavy-chain paraproteinemia,inherited,http://purl.obolibrary.org/obo/HP_0025354,Abnormal cellular phenotype,equivalentClass,characteristic of part of,has part some > characteristic of part of some,restriction_filler,False,False,http://purl.obolibrary.org/obo/CL_0000000,cell,False,,,,,True
http://purl.obolibrary.org/obo/HP_0031049,Heavy-chain paraproteinemia,inherited,http://purl.obolibrary.org/obo/HP_0011017,Abnormal cellular physiology,equivalentClass,characteristic of,has part some > characteristic of some,restriction_filler,False,False,http://purl.obolibrary.org/obo/CL_0000000,cell,False,,,,,True
http://purl.obolibrary.org/obo/HP_0031049,Heavy-chain paraproteinemia,inherited,http://purl.obolibrary.org/obo/HP_0005372,Abnormal B cell physiology,equivalentClass,characteristic of,has part some > characteristic of some,restriction_filler,False,False,http://purl.obolibrary.org/obo/CL_0000236,B cell,False,,,,,True
http://purl.obolibrary.org/obo/HP_0031050,Whole-immunoglobulin paraproteinemia,inherited,http://purl.obolibrary.org/obo/HP_0025354,Abnormal cellular phenotype,equivalentClass,characteristic of part of,has part some > characteristic of part of some,restriction_filler,False,False,http://purl.obolibrary.org/obo/CL_0000000,cell,False,,,,,True
http://purl.obolibrary.org/obo/HP_0031050,Whole-immunoglobulin paraproteinemia,inherited,http://purl.obolibrary.org/obo/HP_0011017,Abnormal cellular physiology,equivalentClass,characteristic of,has part some > characteristic of some,restriction_filler,False,False,http://purl.obolibrary.org/obo/CL_0000000,cell,False,,,,,True
http://purl.obolibrary.org/obo/HP_0031050,Whole-immunoglobulin paraproteinemia,inherited,http://purl.obolibrary.org/obo/HP_0005372,Abnormal B cell physiology,equivalentClass,characteristic of,has part some > characteristic of some,restriction_filler,False,False,http://purl.obolibrary.org/obo/CL_0000236,B cell,False,,,,,True
http://purl.obolibrary.org/obo/HP_0031124,Decreased platelet thromboxane A2 receptor,inherited,http://purl.obolibrary.org/obo/HP_0001872,Abnormality of thrombocytes,equivalentClass,characteristic of part of,has part some > characteristic of part of some,restriction_filler,False,False,http://purl.obolibrary.org/obo/CL_0000233,platelet,False,,,,,True
http://purl.obolibrary.org/obo/HP_0031124,Decreased platelet thromboxane A2 receptor,inherited,http://purl.obolibrary.org/obo/HP_0011869,Abnormal platelet function,equivalentClass,characteristic of,has part some > characteristic of some,restriction_filler,False,False,http://purl.obolibrary.org/obo/CL_0000233,platelet,False,,,,,True
http://purl.obolibrary.org/obo/HP_0031125,Decreased platelet alpha-2A-adrenergic receptor,inherited,http://purl.obolibrary.org/obo/HP_0001872,Abnormality of thrombocytes,equivalentClass,characteristic of part of,has part some > characteristic of part of some,restriction_filler,False,False,http://purl.obolibrary.org/obo/CL_0000233,platelet,False,,,,,True
http://purl.obolibrary.org/obo/HP_0031125,Decreased platelet alpha-2A-adrenergic receptor,inherited,http://purl.obolibrary.org/obo/HP_0011869,Abnormal platelet function,equivalentClass,characteristic of,has part some > characteristic of some,restriction_filler,False,False,http://purl.obolibrary.org/obo/CL_0000233,platelet,False,,,,,True
http://purl.obolibrary.org/obo/HP_0031126,Impaired clot retraction,inherited,http://purl.obolibrary.org/obo/HP_0001872,Abnormality of thrombocytes,equivalentClass,characteristic of part of,has part some > characteristic of part of some,restriction_filler,False,False,http://purl.obolibrary.org/obo/CL_0000233,platelet,False,,,,,True
http://purl.obolibrary.org/obo/HP_0031126,Impaired clot retraction,inherited,http://purl.obolibrary.org/obo/HP_0011869,Abnormal platelet function,equivalentClass,characteristic of,has part some > characteristic of some,restriction_filler,False,False,http://purl.obolibrary.org/obo/CL_0000233,platelet,False,,,,,True
http://purl.obolibrary.org/obo/HP_0031127,Impaired convulxin-induced platelet aggregation,inherited,http://purl.obolibrary.org/obo/HP_0001872,Abnormality of thrombocytes,equivalentClass,characteristic of part of,has part some > characteristic of part of some,restriction_filler,False,False,http://purl.obolibrary.org/obo/CL_0000233,platelet,False,,,,,True
http://purl.obolibrary.org/obo/HP_0031127,Impaired convulxin-induced platelet aggregation,inherited,http://purl.obolibrary.org/obo/HP_0011869,Abnormal platelet function,equivalentClass,characteristic of,has part some > characteristic of some,restriction_filler,False,False,http://purl.obolibrary.org/obo/CL_0000233,platelet,False,,,,,True
http://purl.obolibrary.org/obo/HP_0031128,Impaired collagen-related peptide-induced platelet aggregation,inherited,http://purl.obolibrary.org/obo/HP_0001872,Abnormality of thrombocytes,equivalentClass,characteristic of part of,has part some > characteristic of part of some,restriction_filler,False,False,http://purl.obolibrary.org/obo/CL_0000233,platelet,False,,,,,True
http://purl.obolibrary.org/obo/HP_0031128,Impaired collagen-related peptide-induced platelet aggregation,inherited,http://purl.obolibrary.org/obo/HP_0011869,Abnormal platelet function,equivalentClass,characteristic of,has part some > characteristic of some,restriction_filler,False,False,http://purl.obolibrary.org/obo/CL_0000233,platelet,False,,,,,True
http://purl.obolibrary.org/obo/HP_0031129,Impaired phorbol myristate acetate-induced platelet aggregation,inherited,http://purl.obolibrary.org/obo/HP_0001872,Abnormality of thrombocytes,equivalentClass,characteristic of part of,has part some > characteristic of part of some,restriction_filler,False,False,http://purl.obolibrary.org/obo/CL_0000233,platelet,False,,,,,True
http://purl.obolibrary.org/obo/HP_0031129,Impaired phorbol myristate acetate-induced platelet aggregation,inherited,http://purl.obolibrary.org/obo/HP_0011869,Abnormal platelet function,equivalentClass,characteristic of,has part some > characteristic of some,restriction_filler,False,False,http://purl.obolibrary.org/obo/CL_0000233,platelet,False,,,,,True
http://purl.obolibrary.org/obo/HP_0031130,Impaired calcium ionophore-induced platelet aggregation,inherited,http://purl.obolibrary.org/obo/HP_0001872,Abnormality of thrombocytes,equivalentClass,characteristic of part of,has part some > characteristic of part of some,restriction_filler,False,False,http://purl.obolibrary.org/obo/CL_0000233,platelet,False,,,,,True
http://purl.obolibrary.org/obo/HP_0031130,Impaired calcium ionophore-induced platelet aggregation,inherited,http://purl.obolibrary.org/obo/HP_0011869,Abnormal platelet function,equivalentClass,characteristic of,has part some > characteristic of some,restriction_filler,False,False,http://purl.obolibrary.org/obo/CL_0000233,platelet,False,,,,,True
http://purl.obolibrary.org/obo/HP_0031131,Abnormal platelet phosphatidylserine exposure,inherited,http://purl.obolibrary.org/obo/HP_0001872,Abnormality of thrombocytes,equivalentClass,characteristic of part of,has part some > characteristic of part of some,restriction_filler,False,False,http://purl.obolibrary.org/obo/CL_0000233,platelet,False,,,,,True
http://purl.obolibrary.org/obo/HP_0031131,Abnormal platelet phosphatidylserine exposure,inherited,http://purl.obolibrary.org/obo/HP_0011869,Abnormal platelet function,equivalentClass,characteristic of,has part some > characteristic of some,restriction_filler,False,False,http://purl.obolibrary.org/obo/CL_0000233,platelet,False,,,,,True
http://purl.obolibrary.org/obo/HP_0031132,Impaired annexin V binding to platelet phosphatidylserine,inherited,http://purl.obolibrary.org/obo/HP_0001872,Abnormality of thrombocytes,equivalentClass,characteristic of part of,has part some > characteristic of part of some,restriction_filler,False,False,http://purl.obolibrary.org/obo/CL_0000233,platelet,False,,,,,True
http://purl.obolibrary.org/obo/HP_0031132,Impaired annexin V binding to platelet phosphatidylserine,inherited,http://purl.obolibrary.org/obo/HP_0011869,Abnormal platelet function,equivalentClass,characteristic of,has part some > characteristic of some,restriction_filler,False,False,http://purl.obolibrary.org/obo/CL_0000233,platelet,False,,,,,True
http://purl.obolibrary.org/obo/HP_0031133,Increased annexin V binding to platelet phosphatidylserine,inherited,http://purl.obolibrary.org/obo/HP_0001872,Abnormality of thrombocytes,equivalentClass,characteristic of part of,has part some > characteristic of part of some,restriction_filler,False,False,http://purl.obolibrary.org/obo/CL_0000233,platelet,False,,,,,True
http://purl.obolibrary.org/obo/HP_0031133,Increased annexin V binding to platelet phosphatidylserine,inherited,http://purl.obolibrary.org/obo/HP_0011869,Abnormal platelet function,equivalentClass,characteristic of,has part some > characteristic of some,restriction_filler,False,False,http://purl.obolibrary.org/obo/CL_0000233,platelet,False,,,,,True
http://purl.obolibrary.org/obo/HP_0031136,Decreased acrosin in sperm head,inherited,http://purl.obolibrary.org/obo/HP_0012863,Abnormal male germ cell morphology,equivalentClass,characteristic of,has part some > characteristic of some,restriction_filler,False,False,http://purl.obolibrary.org/obo/CL_0000015,male germ cell,False,,,,,True
http://purl.obolibrary.org/obo/HP_0031136,Decreased acrosin in sperm head,inherited,http://purl.obolibrary.org/obo/HP_0012864,Abnormal sperm morphology,equivalentClass,characteristic of,has part some > characteristic of some,restriction_filler,False,False,http://purl.obolibrary.org/obo/CL_0000019,sperm,False,,,,,True
http://purl.obolibrary.org/obo/HP_0031136,Decreased acrosin in sperm head,inherited,http://purl.obolibrary.org/obo/HP_0012862,Abnormal germ cell morphology,equivalentClass,characteristic of,has part some > characteristic of some,restriction_filler,False,False,http://purl.obolibrary.org/obo/CL_0000586,germ cell,False,,,,,True
http://purl.obolibrary.org/obo/HP_0031137,Storage in hepatocytes,direct,http://purl.obolibrary.org/obo/HP_0031137,Storage in hepatocytes,equivalentClass,part of,has part some > characteristic of some > part of some,restriction_filler,False,False,http://purl.obolibrary.org/obo/CL_0000182,hepatocyte,False,,,,,True
http://purl.obolibrary.org/obo/HP_0031156,Decreased platelet glycoprotein Ib,inherited,http://purl.obolibrary.org/obo/HP_0001872,Abnormality of thrombocytes,equivalentClass,characteristic of part of,has part some > characteristic of part of some,restriction_filler,False,False,http://purl.obolibrary.org/obo/CL_0000233,platelet,False,,,,,True
http://purl.obolibrary.org/obo/HP_0031156,Decreased platelet glycoprotein Ib,inherited,http://purl.obolibrary.org/obo/HP_0011869,Abnormal platelet function,equivalentClass,characteristic of,has part some > characteristic of some,restriction_filler,False,False,http://purl.obolibrary.org/obo/CL_0000233,platelet,False,,,,,True
http://purl.obolibrary.org/obo/HP_0031160,Myelokathexis,inherited,http://purl.obolibrary.org/obo/HP_0005561,Abnormal bone marrow cell morphology,equivalentClass,characteristic of,has part some > characteristic of some,restriction_filler,False,False,http://purl.obolibrary.org/obo/CL_0002092,bone marrow cell,False,,,,,True
http://purl.obolibrary.org/obo/HP_0031160,Myelokathexis,inherited,http://purl.obolibrary.org/obo/HP_0012135,Abnormal granulocytopoietic cell morphology,equivalentClass,characteristic of part of,has part some > characteristic of part of some,restriction_filler,False,False,http://purl.obolibrary.org/obo/CL_0002191,granulocytopoietic cell,False,,,,,True
http://purl.obolibrary.org/obo/HP_0031237,Internally nucleated skeletal muscle fibers,inherited,http://purl.obolibrary.org/obo/HP_0004303,Abnormal muscle fiber morphology,equivalentClass,characteristic of part of,has part some > characteristic of part of some,restriction_filler,False,False,http://purl.obolibrary.org/obo/CL_0000188,cell of skeletal muscle,False,,,,,True
http://purl.obolibrary.org/obo/HP_0031238,Necklace skeletal muscle fibers,inherited,http://purl.obolibrary.org/obo/HP_0004303,Abnormal muscle fiber morphology,equivalentClass,characteristic of part of,has part some > characteristic of part of some,restriction_filler,False,False,http://purl.obolibrary.org/obo/CL_0000188,cell of skeletal muscle,False,,,,,True
http://purl.obolibrary.org/obo/HP_0031267,Abnormal CD69 upregulation upon TCR activation,inherited,http://purl.obolibrary.org/obo/HP_0025354,Abnormal cellular phenotype,equivalentClass,characteristic of part of,has part some > characteristic of part of some,restriction_filler,False,False,http://purl.obolibrary.org/obo/CL_0000000,cell,False,,,,,True
http://purl.obolibrary.org/obo/HP_0031267,Abnormal CD69 upregulation upon TCR activation,inherited,http://purl.obolibrary.org/obo/HP_0011017,Abnormal cellular physiology,equivalentClass,characteristic of,has part some > characteristic of some,restriction_filler,False,False,http://purl.obolibrary.org/obo/CL_0000000,cell,False,,,,,True
http://purl.obolibrary.org/obo/HP_0031267,Abnormal CD69 upregulation upon TCR activation,inherited,http://purl.obolibrary.org/obo/HP_0011840,Abnormal T cell physiology,equivalentClass,characteristic of,has part some > characteristic of some,restriction_filler,False,False,http://purl.obolibrary.org/obo/CL_0000084,T cell,False,,,,,True
http://purl.obolibrary.org/obo/HP_0031268,Decreased CD69 upregulation upon TCR activation,inherited,http://purl.obolibrary.org/obo/HP_0025354,Abnormal cellular phenotype,equivalentClass,characteristic of part of,has part some > characteristic of part of some,restriction_filler,False,False,http://purl.obolibrary.org/obo/CL_0000000,cell,False,,,,,True
http://purl.obolibrary.org/obo/HP_0031268,Decreased CD69 upregulation upon TCR activation,inherited,http://purl.obolibrary.org/obo/HP_0011017,Abnormal cellular physiology,equivalentClass,characteristic of,has part some > characteristic of some,restriction_filler,False,False,http://purl.obolibrary.org/obo/CL_0000000,cell,False,,,,,True
http://purl.obolibrary.org/obo/HP_0031268,Decreased CD69 upregulation upon TCR activation,inherited,http://purl.obolibrary.org/obo/HP_0011840,Abnormal T cell physiology,equivalentClass,characteristic of,has part some > characteristic of some,restriction_filler,False,False,http://purl.obolibrary.org/obo/CL_0000084,T cell,False,,,,,True
http://purl.obolibrary.org/obo/HP_0031269,Abnormal CD25 upregulation upon TCR activation,inherited,http://purl.obolibrary.org/obo/HP_0025354,Abnormal cellular phenotype,equivalentClass,characteristic of part of,has part some > characteristic of part of some,restriction_filler,False,False,http://purl.obolibrary.org/obo/CL_0000000,cell,False,,,,,True
http://purl.obolibrary.org/obo/HP_0031269,Abnormal CD25 upregulation upon TCR activation,inherited,http://purl.obolibrary.org/obo/HP_0011017,Abnormal cellular physiology,equivalentClass,characteristic of,has part some > characteristic of some,restriction_filler,False,False,http://purl.obolibrary.org/obo/CL_0000000,cell,False,,,,,True
http://purl.obolibrary.org/obo/HP_0031269,Abnormal CD25 upregulation upon TCR activation,inherited,http://purl.obolibrary.org/obo/HP_0011840,Abnormal T cell physiology,equivalentClass,characteristic of,has part some > characteristic of some,restriction_filler,False,False,http://purl.obolibrary.org/obo/CL_0000084,T cell,False,,,,,True
http://purl.obolibrary.org/obo/HP_0031270,Decreased CD25 upregulation upon TCR activation,inherited,http://purl.obolibrary.org/obo/HP_0025354,Abnormal cellular phenotype,equivalentClass,characteristic of part of,has part some > characteristic of part of some,restriction_filler,False,False,http://purl.obolibrary.org/obo/CL_0000000,cell,False,,,,,True
http://purl.obolibrary.org/obo/HP_0031270,Decreased CD25 upregulation upon TCR activation,inherited,http://purl.obolibrary.org/obo/HP_0011017,Abnormal cellular physiology,equivalentClass,characteristic of,has part some > characteristic of some,restriction_filler,False,False,http://purl.obolibrary.org/obo/CL_0000000,cell,False,,,,,True
http://purl.obolibrary.org/obo/HP_0031270,Decreased CD25 upregulation upon TCR activation,inherited,http://purl.obolibrary.org/obo/HP_0011840,Abnormal T cell physiology,equivalentClass,characteristic of,has part some > characteristic of some,restriction_filler,False,False,http://purl.obolibrary.org/obo/CL_0000084,T cell,False,,,,,True
http://purl.obolibrary.org/obo/HP_0031319,Cardiomyocyte hypertrophy,inherited,http://purl.obolibrary.org/obo/HP_0025354,Abnormal cellular phenotype,equivalentClass,characteristic of part of,has part some > characteristic of part of some,restriction_filler,False,False,http://purl.obolibrary.org/obo/CL_0000000,cell,False,,,,,True
http://purl.obolibrary.org/obo/HP_0031319,Cardiomyocyte hypertrophy,inherited,http://purl.obolibrary.org/obo/HP_0025461,Abnormal cell morphology,equivalentClass,characteristic of,has part some > characteristic of some,restriction_filler,False,False,http://purl.obolibrary.org/obo/CL_0000000,cell,False,,,,,True
http://purl.obolibrary.org/obo/HP_0031320,Cardiomyocyte mitochondrial proliferation,inherited,http://purl.obolibrary.org/obo/HP_0025354,Abnormal cellular phenotype,equivalentClass,characteristic of part of,has part some > characteristic of part of some,restriction_filler,False,False,http://purl.obolibrary.org/obo/CL_0000000,cell,False,,,,,True
http://purl.obolibrary.org/obo/HP_0031320,Cardiomyocyte mitochondrial proliferation,inherited,http://purl.obolibrary.org/obo/HP_0025461,Abnormal cell morphology,equivalentClass,characteristic of,has part some > characteristic of some,restriction_filler,False,False,http://purl.obolibrary.org/obo/CL_0000000,cell,False,,,,,True
http://purl.obolibrary.org/obo/HP_0031331,Abnormal cardiomyocyte morphology,inherited,http://purl.obolibrary.org/obo/HP_0025354,Abnormal cellular phenotype,equivalentClass,characteristic of part of,has part some > characteristic of part of some,restriction_filler,False,False,http://purl.obolibrary.org/obo/CL_0000000,cell,False,,,,,True
http://purl.obolibrary.org/obo/HP_0031331,Abnormal cardiomyocyte morphology,inherited,http://purl.obolibrary.org/obo/HP_0025461,Abnormal cell morphology,equivalentClass,characteristic of,has part some > characteristic of some,restriction_filler,False,False,http://purl.obolibrary.org/obo/CL_0000000,cell,False,,,,,True
http://purl.obolibrary.org/obo/HP_0031332,Cardiomyocyte degeneration,inherited,http://purl.obolibrary.org/obo/HP_0025354,Abnormal cellular phenotype,equivalentClass,characteristic of part of,has part some > characteristic of part of some,restriction_filler,False,False,http://purl.obolibrary.org/obo/CL_0000000,cell,False,,,,,True
http://purl.obolibrary.org/obo/HP_0031332,Cardiomyocyte degeneration,inherited,http://purl.obolibrary.org/obo/HP_0025461,Abnormal cell morphology,equivalentClass,characteristic of,has part some > characteristic of some,restriction_filler,False,False,http://purl.obolibrary.org/obo/CL_0000000,cell,False,,,,,True
http://purl.obolibrary.org/obo/HP_0031333,Myocardial sarcomeric disarray,inherited,http://purl.obolibrary.org/obo/HP_0025354,Abnormal cellular phenotype,equivalentClass,characteristic of part of,has part some > characteristic of part of some,restriction_filler,False,False,http://purl.obolibrary.org/obo/CL_0000000,cell,False,,,,,True
http://purl.obolibrary.org/obo/HP_0031333,Myocardial sarcomeric disarray,inherited,http://purl.obolibrary.org/obo/HP_0025461,Abnormal cell morphology,equivalentClass,characteristic of,has part some > characteristic of some,restriction_filler,False,False,http://purl.obolibrary.org/obo/CL_0000000,cell,False,,,,,True
http://purl.obolibrary.org/obo/HP_0031334,Cardiomyocyte inclusion bodies,inherited,http://purl.obolibrary.org/obo/HP_0025354,Abnormal cellular phenotype,equivalentClass,characteristic of part of,has part some > characteristic of part of some,restriction_filler,False,False,http://purl.obolibrary.org/obo/CL_0000000,cell,False,,,,,True
http://purl.obolibrary.org/obo/HP_0031334,Cardiomyocyte inclusion bodies,inherited,http://purl.obolibrary.org/obo/HP_0025461,Abnormal cell morphology,equivalentClass,characteristic of,has part some > characteristic of some,restriction_filler,False,False,http://purl.obolibrary.org/obo/CL_0000000,cell,False,,,,,True
http://purl.obolibrary.org/obo/HP_0031335,Abnormal cardiomyocyte mitochondrial morphology,inherited,http://purl.obolibrary.org/obo/HP_0025354,Abnormal cellular phenotype,equivalentClass,characteristic of part of,has part some > characteristic of part of some,restriction_filler,False,False,http://purl.obolibrary.org/obo/CL_0000000,cell,False,,,,,True
http://purl.obolibrary.org/obo/HP_0031335,Abnormal cardiomyocyte mitochondrial morphology,inherited,http://purl.obolibrary.org/obo/HP_0025461,Abnormal cell morphology,equivalentClass,characteristic of,has part some > characteristic of some,restriction_filler,False,False,http://purl.obolibrary.org/obo/CL_0000000,cell,False,,,,,True
http://purl.obolibrary.org/obo/HP_0031336,Intranuclear cardiomyocyte mitochondria,inherited,http://purl.obolibrary.org/obo/HP_0025354,Abnormal cellular phenotype,equivalentClass,characteristic of part of,has part some > characteristic of part of some,restriction_filler,False,False,http://purl.obolibrary.org/obo/CL_0000000,cell,False,,,,,True
http://purl.obolibrary.org/obo/HP_0031336,Intranuclear cardiomyocyte mitochondria,inherited,http://purl.obolibrary.org/obo/HP_0025461,Abnormal cell morphology,equivalentClass,characteristic of,has part some > characteristic of some,restriction_filler,False,False,http://purl.obolibrary.org/obo/CL_0000000,cell,False,,,,,True
http://purl.obolibrary.org/obo/HP_0031337,Abnormal cardiomyocyte connexin43 staining,inherited,http://purl.obolibrary.org/obo/HP_0025354,Abnormal cellular phenotype,equivalentClass,characteristic of part of,has part some > characteristic of part of some,restriction_filler,False,False,http://purl.obolibrary.org/obo/CL_0000000,cell,False,,,,,True
http://purl.obolibrary.org/obo/HP_0031337,Abnormal cardiomyocyte connexin43 staining,inherited,http://purl.obolibrary.org/obo/HP_0025461,Abnormal cell morphology,equivalentClass,characteristic of,has part some > characteristic of some,restriction_filler,False,False,http://purl.obolibrary.org/obo/CL_0000000,cell,False,,,,,True
http://purl.obolibrary.org/obo/HP_0031338,Abnormal cardiomyocyte plakoglobin staining,inherited,http://purl.obolibrary.org/obo/HP_0025354,Abnormal cellular phenotype,equivalentClass,characteristic of part of,has part some > characteristic of part of some,restriction_filler,False,False,http://purl.obolibrary.org/obo/CL_0000000,cell,False,,,,,True
http://purl.obolibrary.org/obo/HP_0031338,Abnormal cardiomyocyte plakoglobin staining,inherited,http://purl.obolibrary.org/obo/HP_0025461,Abnormal cell morphology,equivalentClass,characteristic of,has part some > characteristic of some,restriction_filler,False,False,http://purl.obolibrary.org/obo/CL_0000000,cell,False,,,,,True
http://purl.obolibrary.org/obo/HP_0031339,Abnormal cardiomyocyte dystrophin staining,inherited,http://purl.obolibrary.org/obo/HP_0025354,Abnormal cellular phenotype,equivalentClass,characteristic of part of,has part some > characteristic of part of some,restriction_filler,False,False,http://purl.obolibrary.org/obo/CL_0000000,cell,False,,,,,True
http://purl.obolibrary.org/obo/HP_0031339,Abnormal cardiomyocyte dystrophin staining,inherited,http://purl.obolibrary.org/obo/HP_0025461,Abnormal cell morphology,equivalentClass,characteristic of,has part some > characteristic of some,restriction_filler,False,False,http://purl.obolibrary.org/obo/CL_0000000,cell,False,,,,,True
http://purl.obolibrary.org/obo/HP_0031340,Abnormal lysosomal morphology,inherited,http://purl.obolibrary.org/obo/HP_0025354,Abnormal cellular phenotype,equivalentClass,characteristic of part of,has part some > characteristic of part of some,restriction_filler,False,False,http://purl.obolibrary.org/obo/CL_0000000,cell,False,,,,,True
http://purl.obolibrary.org/obo/HP_0031340,Abnormal lysosomal morphology,inherited,http://purl.obolibrary.org/obo/HP_0025461,Abnormal cell morphology,equivalentClass,characteristic of,has part some > characteristic of some,restriction_filler,False,False,http://purl.obolibrary.org/obo/CL_0000000,cell,False,,,,,True
http://purl.obolibrary.org/obo/HP_0031361,Zebra bodies,inherited,http://purl.obolibrary.org/obo/HP_0025354,Abnormal cellular phenotype,equivalentClass,characteristic of part of,has part some > characteristic of part of some,restriction_filler,False,False,http://purl.obolibrary.org/obo/CL_0000000,cell,False,,,,,True
http://purl.obolibrary.org/obo/HP_0031361,Zebra bodies,inherited,http://purl.obolibrary.org/obo/HP_0025461,Abnormal cell morphology,equivalentClass,characteristic of,has part some > characteristic of some,restriction_filler,False,False,http://purl.obolibrary.org/obo/CL_0000000,cell,False,,,,,True
http://purl.obolibrary.org/obo/HP_0031377,Abnormal cell proliferation,inherited,http://purl.obolibrary.org/obo/HP_0025354,Abnormal cellular phenotype,equivalentClass,characteristic of part of,has part some > characteristic of part of some,restriction_filler,False,False,http://purl.obolibrary.org/obo/CL_0000000,cell,False,,,,,True
http://purl.obolibrary.org/obo/HP_0031377,Abnormal cell proliferation,inherited,http://purl.obolibrary.org/obo/HP_0011017,Abnormal cellular physiology,equivalentClass,characteristic of,has part some > characteristic of some,restriction_filler,False,False,http://purl.obolibrary.org/obo/CL_0000000,cell,False,,,,,True
http://purl.obolibrary.org/obo/HP_0031378,Abnormal lymphocyte proliferation,inherited,http://purl.obolibrary.org/obo/HP_0025354,Abnormal cellular phenotype,equivalentClass,characteristic of part of,has part some > characteristic of part of some,restriction_filler,False,False,http://purl.obolibrary.org/obo/CL_0000000,cell,False,,,,,True
http://purl.obolibrary.org/obo/HP_0031378,Abnormal lymphocyte proliferation,inherited,http://purl.obolibrary.org/obo/HP_0011017,Abnormal cellular physiology,equivalentClass,characteristic of,has part some > characteristic of some,restriction_filler,False,False,http://purl.obolibrary.org/obo/CL_0000000,cell,False,,,,,True
http://purl.obolibrary.org/obo/HP_0031379,Abnormal T cell proliferation,inherited,http://purl.obolibrary.org/obo/HP_0025354,Abnormal cellular phenotype,equivalentClass,characteristic of part of,has part some > characteristic of part of some,restriction_filler,False,False,http://purl.obolibrary.org/obo/CL_0000000,cell,False,,,,,True
http://purl.obolibrary.org/obo/HP_0031379,Abnormal T cell proliferation,inherited,http://purl.obolibrary.org/obo/HP_0011017,Abnormal cellular physiology,equivalentClass,characteristic of,has part some > characteristic of some,restriction_filler,False,False,http://purl.obolibrary.org/obo/CL_0000000,cell,False,,,,,True
http://purl.obolibrary.org/obo/HP_0031379,Abnormal T cell proliferation,inherited,http://purl.obolibrary.org/obo/HP_0011840,Abnormal T cell physiology,equivalentClass,characteristic of,has part some > characteristic of some,restriction_filler,False,False,http://purl.obolibrary.org/obo/CL_0000084,T cell,False,,,,,True
http://purl.obolibrary.org/obo/HP_0031380,Abnormal B cell proliferation,inherited,http://purl.obolibrary.org/obo/HP_0025354,Abnormal cellular phenotype,equivalentClass,characteristic of part of,has part some > characteristic of part of some,restriction_filler,False,False,http://purl.obolibrary.org/obo/CL_0000000,cell,False,,,,,True
http://purl.obolibrary.org/obo/HP_0031380,Abnormal B cell proliferation,inherited,http://purl.obolibrary.org/obo/HP_0011017,Abnormal cellular physiology,equivalentClass,characteristic of,has part some > characteristic of some,restriction_filler,False,False,http://purl.obolibrary.org/obo/CL_0000000,cell,False,,,,,True
http://purl.obolibrary.org/obo/HP_0031381,Decreased mitogen-induced T-cell proliferation,inherited,http://purl.obolibrary.org/obo/HP_0025354,Abnormal cellular phenotype,equivalentClass,characteristic of part of,has part some > characteristic of part of some,restriction_filler,False,False,http://purl.obolibrary.org/obo/CL_0000000,cell,False,,,,,True
http://purl.obolibrary.org/obo/HP_0031381,Decreased mitogen-induced T-cell proliferation,inherited,http://purl.obolibrary.org/obo/HP_0011017,Abnormal cellular physiology,equivalentClass,characteristic of,has part some > characteristic of some,restriction_filler,False,False,http://purl.obolibrary.org/obo/CL_0000000,cell,False,,,,,True
http://purl.obolibrary.org/obo/HP_0031381,Decreased mitogen-induced T-cell proliferation,inherited,http://purl.obolibrary.org/obo/HP_0011840,Abnormal T cell physiology,equivalentClass,characteristic of,has part some > characteristic of some,restriction_filler,False,False,http://purl.obolibrary.org/obo/CL_0000084,T cell,False,,,,,True
http://purl.obolibrary.org/obo/HP_0031382,Decreased anti-CD3/28-induced T-cell proliferation,inherited,http://purl.obolibrary.org/obo/HP_0025354,Abnormal cellular phenotype,equivalentClass,characteristic of part of,has part some > characteristic of part of some,restriction_filler,False,False,http://purl.obolibrary.org/obo/CL_0000000,cell,False,,,,,True
http://purl.obolibrary.org/obo/HP_0031382,Decreased anti-CD3/28-induced T-cell proliferation,inherited,http://purl.obolibrary.org/obo/HP_0011017,Abnormal cellular physiology,equivalentClass,characteristic of,has part some > characteristic of some,restriction_filler,False,False,http://purl.obolibrary.org/obo/CL_0000000,cell,False,,,,,True
http://purl.obolibrary.org/obo/HP_0031382,Decreased anti-CD3/28-induced T-cell proliferation,inherited,http://purl.obolibrary.org/obo/HP_0011840,Abnormal T cell physiology,equivalentClass,characteristic of,has part some > characteristic of some,restriction_filler,False,False,http://purl.obolibrary.org/obo/CL_0000084,T cell,False,,,,,True
http://purl.obolibrary.org/obo/HP_0031385,Megakaryocyte nucleus hypolobulation,inherited,http://purl.obolibrary.org/obo/HP_0012143,Abnormal megakaryocyte morphology,equivalentClass,characteristic of part of,has part some > characteristic of part of some,restriction_filler,False,False,http://purl.obolibrary.org/obo/CL_0000556,megakaryocyte,False,,,,,True
http://purl.obolibrary.org/obo/HP_0031385,Megakaryocyte nucleus hypolobulation,inherited,http://purl.obolibrary.org/obo/HP_0005561,Abnormal bone marrow cell morphology,equivalentClass,characteristic of,has part some > characteristic of some,restriction_filler,False,False,http://purl.obolibrary.org/obo/CL_0002092,bone marrow cell,False,,,,,True
http://purl.obolibrary.org/obo/HP_0031386,Increased micromegakaryocyte count,inherited,http://purl.obolibrary.org/obo/HP_0012143,Abnormal megakaryocyte morphology,equivalentClass,characteristic of part of,has part some > characteristic of part of some,restriction_filler,False,False,http://purl.obolibrary.org/obo/CL_0000556,megakaryocyte,False,,,,,True
http://purl.obolibrary.org/obo/HP_0031386,Increased micromegakaryocyte count,inherited,http://purl.obolibrary.org/obo/HP_0005561,Abnormal bone marrow cell morphology,equivalentClass,characteristic of,has part some > characteristic of some,restriction_filler,False,False,http://purl.obolibrary.org/obo/CL_0002092,bone marrow cell,False,,,,,True
http://purl.obolibrary.org/obo/HP_0031387,Increased multinucleated megakaryocyte count,inherited,http://purl.obolibrary.org/obo/HP_0012143,Abnormal megakaryocyte morphology,equivalentClass,characteristic of part of,has part some > characteristic of part of some,restriction_filler,False,False,http://purl.obolibrary.org/obo/CL_0000556,megakaryocyte,False,,,,,True
http://purl.obolibrary.org/obo/HP_0031387,Increased multinucleated megakaryocyte count,inherited,http://purl.obolibrary.org/obo/HP_0005561,Abnormal bone marrow cell morphology,equivalentClass,characteristic of,has part some > characteristic of some,restriction_filler,False,False,http://purl.obolibrary.org/obo/CL_0002092,bone marrow cell,False,,,,,True
http://purl.obolibrary.org/obo/HP_0031388,Megakaryocyte nucleus hyperlobulation,inherited,http://purl.obolibrary.org/obo/HP_0012143,Abnormal megakaryocyte morphology,equivalentClass,characteristic of part of,has part some > characteristic of part of some,restriction_filler,False,False,http://purl.obolibrary.org/obo/CL_0000556,megakaryocyte,False,,,,,True
http://purl.obolibrary.org/obo/HP_0031388,Megakaryocyte nucleus hyperlobulation,inherited,http://purl.obolibrary.org/obo/HP_0005561,Abnormal bone marrow cell morphology,equivalentClass,characteristic of,has part some > characteristic of some,restriction_filler,False,False,http://purl.obolibrary.org/obo/CL_0002092,bone marrow cell,False,,,,,True
http://purl.obolibrary.org/obo/HP_0031392,Abnormal CD4+ T cell subset proportion,direct,http://purl.obolibrary.org/obo/HP_0031392,Abnormal CD4+ T cell subset proportion,equivalentClass,towards,has part some > towards some,restriction_filler,False,False,http://purl.obolibrary.org/obo/CL_0000084,T cell,False,,,,,True
http://purl.obolibrary.org/obo/HP_0031392,Abnormal CD4+ T cell subset proportion,direct,http://purl.obolibrary.org/obo/HP_0031392,Abnormal CD4+ T cell subset proportion,equivalentClass,characteristic of,has part some > characteristic of some,intersection_operand,False,False,http://purl.obolibrary.org/obo/CL_0000624,"CD4-positive, alpha-beta T cell",False,,,,,True
http://purl.obolibrary.org/obo/HP_0031392,Abnormal CD4+ T cell subset proportion,inherited,http://purl.obolibrary.org/obo/HP_0002843,Abnormal T cell morphology,equivalentClass,characteristic of,has part some > characteristic of some,restriction_filler,False,False,http://purl.obolibrary.org/obo/CL_0000084,T cell,False,,,,,True
http://purl.obolibrary.org/obo/HP_0031392,Abnormal CD4+ T cell subset proportion,inherited,http://purl.obolibrary.org/obo/HP_0004332,Abnormal lymphocyte morphology,equivalentClass,characteristic of part of,has part some > characteristic of part of some,restriction_filler,False,False,http://purl.obolibrary.org/obo/CL_0000542,lymphocyte,False,,,,,True
http://purl.obolibrary.org/obo/HP_0031392,Abnormal CD4+ T cell subset proportion,inherited,http://purl.obolibrary.org/obo/HP_0001881,Abnormal leukocyte morphology,equivalentClass,characteristic of part of,has part some > characteristic of part of some,restriction_filler,False,False,http://purl.obolibrary.org/obo/CL_0000738,leukocyte,False,,,,,True
http://purl.obolibrary.org/obo/HP_0031393,Abnormal total CD8+ T cell number,direct,http://purl.obolibrary.org/obo/HP_0031393,Abnormal total CD8+ T cell number,equivalentClass,towards,has part some > towards some,restriction_filler,False,False,http://purl.obolibrary.org/obo/CL_0000084,T cell,False,,,,,True
http://purl.obolibrary.org/obo/HP_0031393,Abnormal total CD8+ T cell number,direct,http://purl.obolibrary.org/obo/HP_0031393,Abnormal total CD8+ T cell number,equivalentClass,characteristic of,has part some > characteristic of some,intersection_operand,False,False,http://purl.obolibrary.org/obo/CL_0000625,"CD8-positive, alpha-beta T cell",False,,,,,True
http://purl.obolibrary.org/obo/HP_0031393,Abnormal total CD8+ T cell number,inherited,http://purl.obolibrary.org/obo/HP_0002843,Abnormal T cell morphology,equivalentClass,characteristic of,has part some > characteristic of some,restriction_filler,False,False,http://purl.obolibrary.org/obo/CL_0000084,T cell,False,,,,,True
http://purl.obolibrary.org/obo/HP_0031393,Abnormal total CD8+ T cell number,inherited,http://purl.obolibrary.org/obo/HP_0004332,Abnormal lymphocyte morphology,equivalentClass,characteristic of part of,has part some > characteristic of part of some,restriction_filler,False,False,http://purl.obolibrary.org/obo/CL_0000542,lymphocyte,False,,,,,True
http://purl.obolibrary.org/obo/HP_0031393,Abnormal total CD8+ T cell number,inherited,http://purl.obolibrary.org/obo/HP_0001881,Abnormal leukocyte morphology,equivalentClass,characteristic of part of,has part some > characteristic of part of some,restriction_filler,False,False,http://purl.obolibrary.org/obo/CL_0000738,leukocyte,False,,,,,True
http://purl.obolibrary.org/obo/HP_0031394,Abnormal CD4:CD8 ratio,inherited,http://purl.obolibrary.org/obo/HP_0002843,Abnormal T cell morphology,equivalentClass,characteristic of,has part some > characteristic of some,restriction_filler,False,False,http://purl.obolibrary.org/obo/CL_0000084,T cell,False,,,,,True
http://purl.obolibrary.org/obo/HP_0031394,Abnormal CD4:CD8 ratio,inherited,http://purl.obolibrary.org/obo/HP_0004332,Abnormal lymphocyte morphology,equivalentClass,characteristic of part of,has part some > characteristic of part of some,restriction_filler,False,False,http://purl.obolibrary.org/obo/CL_0000542,lymphocyte,False,,,,,True
http://purl.obolibrary.org/obo/HP_0031394,Abnormal CD4:CD8 ratio,inherited,http://purl.obolibrary.org/obo/HP_0001881,Abnormal leukocyte morphology,equivalentClass,characteristic of part of,has part some > characteristic of part of some,restriction_filler,False,False,http://purl.obolibrary.org/obo/CL_0000738,leukocyte,False,,,,,True
http://purl.obolibrary.org/obo/HP_0031396,Abnormal naive T cell proportion,direct,http://purl.obolibrary.org/obo/HP_0031396,Abnormal naive T cell proportion,equivalentClass,towards,has part some > towards some,restriction_filler,False,False,http://purl.obolibrary.org/obo/CL_0000084,T cell,False,,,,,True
http://purl.obolibrary.org/obo/HP_0031396,Abnormal naive T cell proportion,direct,http://purl.obolibrary.org/obo/HP_0031396,Abnormal naive T cell proportion,equivalentClass,characteristic of,has part some > characteristic of some,intersection_operand,False,False,http://purl.obolibrary.org/obo/CL_0000898,naive T cell,False,,,,,True
http://purl.obolibrary.org/obo/HP_0031396,Abnormal naive T cell proportion,inherited,http://purl.obolibrary.org/obo/HP_0002843,Abnormal T cell morphology,equivalentClass,characteristic of,has part some > characteristic of some,restriction_filler,False,False,http://purl.obolibrary.org/obo/CL_0000084,T cell,False,,,,,True
http://purl.obolibrary.org/obo/HP_0031396,Abnormal naive T cell proportion,inherited,http://purl.obolibrary.org/obo/HP_0004332,Abnormal lymphocyte morphology,equivalentClass,characteristic of part of,has part some > characteristic of part of some,restriction_filler,False,False,http://purl.obolibrary.org/obo/CL_0000542,lymphocyte,False,,,,,True
http://purl.obolibrary.org/obo/HP_0031396,Abnormal naive T cell proportion,inherited,http://purl.obolibrary.org/obo/HP_0001881,Abnormal leukocyte morphology,equivalentClass,characteristic of part of,has part some > characteristic of part of some,restriction_filler,False,False,http://purl.obolibrary.org/obo/CL_0000738,leukocyte,False,,,,,True
http://purl.obolibrary.org/obo/HP_0031397,Decreased naive T cell proportion,direct,http://purl.obolibrary.org/obo/HP_0031397,Decreased naive T cell proportion,equivalentClass,towards,has part some > towards some,restriction_filler,False,False,http://purl.obolibrary.org/obo/CL_0000084,T cell,False,,,,,True
http://purl.obolibrary.org/obo/HP_0031397,Decreased naive T cell proportion,direct,http://purl.obolibrary.org/obo/HP_0031397,Decreased naive T cell proportion,equivalentClass,characteristic of,has part some > characteristic of some,intersection_operand,False,False,http://purl.obolibrary.org/obo/CL_0000898,naive T cell,False,,,,,True
http://purl.obolibrary.org/obo/HP_0031397,Decreased naive T cell proportion,inherited,http://purl.obolibrary.org/obo/HP_0002843,Abnormal T cell morphology,equivalentClass,characteristic of,has part some > characteristic of some,restriction_filler,False,False,http://purl.obolibrary.org/obo/CL_0000084,T cell,False,,,,,True
http://purl.obolibrary.org/obo/HP_0031397,Decreased naive T cell proportion,inherited,http://purl.obolibrary.org/obo/HP_0004332,Abnormal lymphocyte morphology,equivalentClass,characteristic of part of,has part some > characteristic of part of some,restriction_filler,False,False,http://purl.obolibrary.org/obo/CL_0000542,lymphocyte,False,,,,,True
http://purl.obolibrary.org/obo/HP_0031397,Decreased naive T cell proportion,inherited,http://purl.obolibrary.org/obo/HP_0001881,Abnormal leukocyte morphology,equivalentClass,characteristic of part of,has part some > characteristic of part of some,restriction_filler,False,False,http://purl.obolibrary.org/obo/CL_0000738,leukocyte,False,,,,,True
http://purl.obolibrary.org/obo/HP_0031398,Increased naive T cell proportion,direct,http://purl.obolibrary.org/obo/HP_0031398,Increased naive T cell proportion,equivalentClass,towards,has part some > towards some,restriction_filler,False,False,http://purl.obolibrary.org/obo/CL_0000084,T cell,False,,,,,True
http://purl.obolibrary.org/obo/HP_0031398,Increased naive T cell proportion,direct,http://purl.obolibrary.org/obo/HP_0031398,Increased naive T cell proportion,equivalentClass,characteristic of,has part some > characteristic of some,intersection_operand,False,False,http://purl.obolibrary.org/obo/CL_0000898,naive T cell,False,,,,,True
http://purl.obolibrary.org/obo/HP_0031398,Increased naive T cell proportion,inherited,http://purl.obolibrary.org/obo/HP_0002843,Abnormal T cell morphology,equivalentClass,characteristic of,has part some > characteristic of some,restriction_filler,False,False,http://purl.obolibrary.org/obo/CL_0000084,T cell,False,,,,,True
http://purl.obolibrary.org/obo/HP_0031398,Increased naive T cell proportion,inherited,http://purl.obolibrary.org/obo/HP_0004332,Abnormal lymphocyte morphology,equivalentClass,characteristic of part of,has part some > characteristic of part of some,restriction_filler,False,False,http://purl.obolibrary.org/obo/CL_0000542,lymphocyte,False,,,,,True
http://purl.obolibrary.org/obo/HP_0031398,Increased naive T cell proportion,inherited,http://purl.obolibrary.org/obo/HP_0001881,Abnormal leukocyte morphology,equivalentClass,characteristic of part of,has part some > characteristic of part of some,restriction_filler,False,False,http://purl.obolibrary.org/obo/CL_0000738,leukocyte,False,,,,,True
http://purl.obolibrary.org/obo/HP_0031399,Abnormal double-negative T cell proportion,inherited,http://purl.obolibrary.org/obo/HP_0002843,Abnormal T cell morphology,equivalentClass,characteristic of,has part some > characteristic of some,restriction_filler,False,False,http://purl.obolibrary.org/obo/CL_0000084,T cell,False,,,,,True
http://purl.obolibrary.org/obo/HP_0031399,Abnormal double-negative T cell proportion,inherited,http://purl.obolibrary.org/obo/HP_0004332,Abnormal lymphocyte morphology,equivalentClass,characteristic of part of,has part some > characteristic of part of some,restriction_filler,False,False,http://purl.obolibrary.org/obo/CL_0000542,lymphocyte,False,,,,,True
http://purl.obolibrary.org/obo/HP_0031399,Abnormal double-negative T cell proportion,inherited,http://purl.obolibrary.org/obo/HP_0001881,Abnormal leukocyte morphology,equivalentClass,characteristic of part of,has part some > characteristic of part of some,restriction_filler,False,False,http://purl.obolibrary.org/obo/CL_0000738,leukocyte,False,,,,,True
http://purl.obolibrary.org/obo/HP_0031401,Decreased double-negative T cell number,inherited,http://purl.obolibrary.org/obo/HP_0002843,Abnormal T cell morphology,equivalentClass,characteristic of,has part some > characteristic of some,restriction_filler,False,False,http://purl.obolibrary.org/obo/CL_0000084,T cell,False,,,,,True
http://purl.obolibrary.org/obo/HP_0031401,Decreased double-negative T cell number,inherited,http://purl.obolibrary.org/obo/HP_0004332,Abnormal lymphocyte morphology,equivalentClass,characteristic of part of,has part some > characteristic of part of some,restriction_filler,False,False,http://purl.obolibrary.org/obo/CL_0000542,lymphocyte,False,,,,,True
http://purl.obolibrary.org/obo/HP_0031401,Decreased double-negative T cell number,inherited,http://purl.obolibrary.org/obo/HP_0001881,Abnormal leukocyte morphology,equivalentClass,characteristic of part of,has part some > characteristic of part of some,restriction_filler,False,False,http://purl.obolibrary.org/obo/CL_0000738,leukocyte,False,,,,,True
http://purl.obolibrary.org/obo/HP_0031402,Decreased antigen-specific T cell proliferation,inherited,http://purl.obolibrary.org/obo/HP_0025354,Abnormal cellular phenotype,equivalentClass,characteristic of part of,has part some > characteristic of part of some,restriction_filler,False,False,http://purl.obolibrary.org/obo/CL_0000000,cell,False,,,,,True
http://purl.obolibrary.org/obo/HP_0031402,Decreased antigen-specific T cell proliferation,inherited,http://purl.obolibrary.org/obo/HP_0011017,Abnormal cellular physiology,equivalentClass,characteristic of,has part some > characteristic of some,restriction_filler,False,False,http://purl.obolibrary.org/obo/CL_0000000,cell,False,,,,,True
http://purl.obolibrary.org/obo/HP_0031402,Decreased antigen-specific T cell proliferation,inherited,http://purl.obolibrary.org/obo/HP_0011840,Abnormal T cell physiology,equivalentClass,characteristic of,has part some > characteristic of some,restriction_filler,False,False,http://purl.obolibrary.org/obo/CL_0000084,T cell,False,,,,,True
http://purl.obolibrary.org/obo/HP_0031408,Increased CD25+ mast cell proportion,inherited,http://purl.obolibrary.org/obo/HP_0001911,Abnormal granulocyte morphology,equivalentClass,characteristic of part of,has part some > characteristic of part of some,restriction_filler,False,False,http://purl.obolibrary.org/obo/CL_0000094,granulocyte,False,,,,,True
http://purl.obolibrary.org/obo/HP_0031408,Increased CD25+ mast cell proportion,inherited,http://purl.obolibrary.org/obo/HP_0100494,Abnormal mast cell morphology,equivalentClass,characteristic of,has part some > characteristic of some,restriction_filler,False,False,http://purl.obolibrary.org/obo/CL_0000097,mast cell,False,,,,,True
http://purl.obolibrary.org/obo/HP_0031408,Increased CD25+ mast cell proportion,inherited,http://purl.obolibrary.org/obo/HP_0001881,Abnormal leukocyte morphology,equivalentClass,characteristic of part of,has part some > characteristic of part of some,restriction_filler,False,False,http://purl.obolibrary.org/obo/CL_0000738,leukocyte,False,,,,,True
http://purl.obolibrary.org/obo/HP_0031408,Increased CD25+ mast cell proportion,inherited,http://purl.obolibrary.org/obo/HP_0010974,Abnormal myeloid leukocyte morphology,equivalentClass,characteristic of,has part some > characteristic of some,restriction_filler,False,False,http://purl.obolibrary.org/obo/CL_0000766,myeloid leukocyte,False,,,,,True
http://purl.obolibrary.org/obo/HP_0031409,Abnormal lymphocyte physiology,inherited,http://purl.obolibrary.org/obo/HP_0025354,Abnormal cellular phenotype,equivalentClass,characteristic of part of,has part some > characteristic of part of some,restriction_filler,False,False,http://purl.obolibrary.org/obo/CL_0000000,cell,False,,,,,True
http://purl.obolibrary.org/obo/HP_0031409,Abnormal lymphocyte physiology,inherited,http://purl.obolibrary.org/obo/HP_0011017,Abnormal cellular physiology,equivalentClass,characteristic of,has part some > characteristic of some,restriction_filler,False,False,http://purl.obolibrary.org/obo/CL_0000000,cell,False,,,,,True
http://purl.obolibrary.org/obo/HP_0031410,Abnormal distribution of CD56 bright/dim natural killer cells,inherited,http://purl.obolibrary.org/obo/HP_0004332,Abnormal lymphocyte morphology,equivalentClass,characteristic of part of,has part some > characteristic of part of some,restriction_filler,False,False,http://purl.obolibrary.org/obo/CL_0000542,lymphocyte,False,,,,,True
http://purl.obolibrary.org/obo/HP_0031410,Abnormal distribution of CD56 bright/dim natural killer cells,inherited,http://purl.obolibrary.org/obo/HP_0012176,Abnormal natural killer cell morphology,equivalentClass,characteristic of,has part some > characteristic of some,restriction_filler,False,False,http://purl.obolibrary.org/obo/CL_0000623,natural killer cell,False,,,,,True
http://purl.obolibrary.org/obo/HP_0031410,Abnormal distribution of CD56 bright/dim natural killer cells,inherited,http://purl.obolibrary.org/obo/HP_0001881,Abnormal leukocyte morphology,equivalentClass,characteristic of part of,has part some > characteristic of part of some,restriction_filler,False,False,http://purl.obolibrary.org/obo/CL_0000738,leukocyte,False,,,,,True
http://purl.obolibrary.org/obo/HP_0031411,Abnormal chromosome morphology,inherited,http://purl.obolibrary.org/obo/HP_0025354,Abnormal cellular phenotype,equivalentClass,characteristic of part of,has part some > characteristic of part of some,restriction_filler,False,False,http://purl.obolibrary.org/obo/CL_0000000,cell,False,,,,,True
http://purl.obolibrary.org/obo/HP_0031411,Abnormal chromosome morphology,inherited,http://purl.obolibrary.org/obo/HP_0025461,Abnormal cell morphology,equivalentClass,characteristic of,has part some > characteristic of some,restriction_filler,False,False,http://purl.obolibrary.org/obo/CL_0000000,cell,False,,,,,True
http://purl.obolibrary.org/obo/HP_0031412,Abnormal telomere morphology,inherited,http://purl.obolibrary.org/obo/HP_0025354,Abnormal cellular phenotype,equivalentClass,characteristic of part of,has part some > characteristic of part of some,restriction_filler,False,False,http://purl.obolibrary.org/obo/CL_0000000,cell,False,,,,,True
http://purl.obolibrary.org/obo/HP_0031412,Abnormal telomere morphology,inherited,http://purl.obolibrary.org/obo/HP_0025461,Abnormal cell morphology,equivalentClass,characteristic of,has part some > characteristic of some,restriction_filler,False,False,http://purl.obolibrary.org/obo/CL_0000000,cell,False,,,,,True
http://purl.obolibrary.org/obo/HP_0031413,Short telomere length,inherited,http://purl.obolibrary.org/obo/HP_0025354,Abnormal cellular phenotype,equivalentClass,characteristic of part of,has part some > characteristic of part of some,restriction_filler,False,False,http://purl.obolibrary.org/obo/CL_0000000,cell,False,,,,,True
http://purl.obolibrary.org/obo/HP_0031413,Short telomere length,inherited,http://purl.obolibrary.org/obo/HP_0025461,Abnormal cell morphology,equivalentClass,characteristic of,has part some > characteristic of some,restriction_filler,False,False,http://purl.obolibrary.org/obo/CL_0000000,cell,False,,,,,True
http://purl.obolibrary.org/obo/HP_0031430,Oligoclonal T cell expansion,inherited,http://purl.obolibrary.org/obo/HP_0002843,Abnormal T cell morphology,equivalentClass,characteristic of,has part some > characteristic of some,restriction_filler,False,False,http://purl.obolibrary.org/obo/CL_0000084,T cell,False,,,,,True
http://purl.obolibrary.org/obo/HP_0031430,Oligoclonal T cell expansion,inherited,http://purl.obolibrary.org/obo/HP_0004332,Abnormal lymphocyte morphology,equivalentClass,characteristic of part of,has part some > characteristic of part of some,restriction_filler,False,False,http://purl.obolibrary.org/obo/CL_0000542,lymphocyte,False,,,,,True
http://purl.obolibrary.org/obo/HP_0031430,Oligoclonal T cell expansion,inherited,http://purl.obolibrary.org/obo/HP_0001881,Abnormal leukocyte morphology,equivalentClass,characteristic of part of,has part some > characteristic of part of some,restriction_filler,False,False,http://purl.obolibrary.org/obo/CL_0000738,leukocyte,False,,,,,True
http://purl.obolibrary.org/obo/HP_0031476,Abnormal buccal mucosa cell morphology,inherited,http://purl.obolibrary.org/obo/HP_0025354,Abnormal cellular phenotype,equivalentClass,characteristic of part of,has part some > characteristic of part of some,restriction_filler,False,False,http://purl.obolibrary.org/obo/CL_0000000,cell,False,,,,,True
http://purl.obolibrary.org/obo/HP_0031476,Abnormal buccal mucosa cell morphology,inherited,http://purl.obolibrary.org/obo/HP_0025461,Abnormal cell morphology,equivalentClass,characteristic of,has part some > characteristic of some,restriction_filler,False,False,http://purl.obolibrary.org/obo/CL_0000000,cell,False,,,,,True
http://purl.obolibrary.org/obo/HP_0031484,Cold-induced hemolysis,inherited,http://purl.obolibrary.org/obo/HP_0001877,Abnormal erythrocyte morphology,equivalentClass,characteristic of part of,has part some > characteristic of part of some,restriction_filler,False,False,http://purl.obolibrary.org/obo/CL_0000232,erythrocyte,False,,,,,True
http://purl.obolibrary.org/obo/HP_0031484,Cold-induced hemolysis,inherited,http://purl.obolibrary.org/obo/HP_0001903,Anemia,equivalentClass,characteristic of,has part some > characteristic of some,restriction_filler,True,False,http://purl.obolibrary.org/obo/CL_0000232,erythrocyte,False,,,,,True
http://purl.obolibrary.org/obo/HP_0031514,Increased exhausted T cell proportion,direct,http://purl.obolibrary.org/obo/HP_0031514,Increased exhausted T cell proportion,equivalentClass,towards,has part some > towards some,restriction_filler,False,False,http://purl.obolibrary.org/obo/CL_0000084,T cell,False,,,,,True
http://purl.obolibrary.org/obo/HP_0031514,Increased exhausted T cell proportion,direct,http://purl.obolibrary.org/obo/HP_0031514,Increased exhausted T cell proportion,equivalentClass,characteristic of,has part some > characteristic of some,intersection_operand,False,False,http://purl.obolibrary.org/obo/CL_0011025,exhausted T cell,False,,,,,True
http://purl.obolibrary.org/obo/HP_0031514,Increased exhausted T cell proportion,inherited,http://purl.obolibrary.org/obo/HP_0002843,Abnormal T cell morphology,equivalentClass,characteristic of,has part some > characteristic of some,restriction_filler,False,False,http://purl.obolibrary.org/obo/CL_0000084,T cell,False,,,,,True
http://purl.obolibrary.org/obo/HP_0031514,Increased exhausted T cell proportion,inherited,http://purl.obolibrary.org/obo/HP_0004332,Abnormal lymphocyte morphology,equivalentClass,characteristic of part of,has part some > characteristic of part of some,restriction_filler,False,False,http://purl.obolibrary.org/obo/CL_0000542,lymphocyte,False,,,,,True
http://purl.obolibrary.org/obo/HP_0031514,Increased exhausted T cell proportion,inherited,http://purl.obolibrary.org/obo/HP_0001881,Abnormal leukocyte morphology,equivalentClass,characteristic of part of,has part some > characteristic of part of some,restriction_filler,False,False,http://purl.obolibrary.org/obo/CL_0000738,leukocyte,False,,,,,True
http://purl.obolibrary.org/obo/HP_0031542,Myelin-like whorls in vacuolated fibers,inherited,http://purl.obolibrary.org/obo/HP_0004303,Abnormal muscle fiber morphology,equivalentClass,characteristic of part of,has part some > characteristic of part of some,restriction_filler,False,False,http://purl.obolibrary.org/obo/CL_0000188,cell of skeletal muscle,False,,,,,True
http://purl.obolibrary.org/obo/HP_0031545,Abnormally low T cell receptor excision circle level,inherited,http://purl.obolibrary.org/obo/HP_0002843,Abnormal T cell morphology,equivalentClass,characteristic of,has part some > characteristic of some,restriction_filler,False,False,http://purl.obolibrary.org/obo/CL_0000084,T cell,False,,,,,True
http://purl.obolibrary.org/obo/HP_0031545,Abnormally low T cell receptor excision circle level,inherited,http://purl.obolibrary.org/obo/HP_0004332,Abnormal lymphocyte morphology,equivalentClass,characteristic of part of,has part some > characteristic of part of some,restriction_filler,False,False,http://purl.obolibrary.org/obo/CL_0000542,lymphocyte,False,,,,,True
http://purl.obolibrary.org/obo/HP_0031545,Abnormally low T cell receptor excision circle level,inherited,http://purl.obolibrary.org/obo/HP_0001881,Abnormal leukocyte morphology,equivalentClass,characteristic of part of,has part some > characteristic of part of some,restriction_filler,False,False,http://purl.obolibrary.org/obo/CL_0000738,leukocyte,False,,,,,True
http://purl.obolibrary.org/obo/HP_0031550,Abnormal flow cytometry test result,inherited,http://purl.obolibrary.org/obo/HP_0025354,Abnormal cellular phenotype,equivalentClass,characteristic of part of,has part some > characteristic of part of some,restriction_filler,False,False,http://purl.obolibrary.org/obo/CL_0000000,cell,False,,,,,True
http://purl.obolibrary.org/obo/HP_0031551,Reduced cell surface marker level,inherited,http://purl.obolibrary.org/obo/HP_0025354,Abnormal cellular phenotype,equivalentClass,characteristic of part of,has part some > characteristic of part of some,restriction_filler,False,False,http://purl.obolibrary.org/obo/CL_0000000,cell,False,,,,,True
http://purl.obolibrary.org/obo/HP_0031552,Reduced fibroblast surface marker level,inherited,http://purl.obolibrary.org/obo/HP_0025354,Abnormal cellular phenotype,equivalentClass,characteristic of part of,has part some > characteristic of part of some,restriction_filler,False,False,http://purl.obolibrary.org/obo/CL_0000000,cell,False,,,,,True
http://purl.obolibrary.org/obo/HP_0031553,Reduced granulocyte surface marker level,inherited,http://purl.obolibrary.org/obo/HP_0025354,Abnormal cellular phenotype,equivalentClass,characteristic of part of,has part some > characteristic of part of some,restriction_filler,False,False,http://purl.obolibrary.org/obo/CL_0000000,cell,False,,,,,True
http://purl.obolibrary.org/obo/HP_0031554,Reduced granulocyte CD55 level,inherited,http://purl.obolibrary.org/obo/HP_0025354,Abnormal cellular phenotype,equivalentClass,characteristic of part of,has part some > characteristic of part of some,restriction_filler,False,False,http://purl.obolibrary.org/obo/CL_0000000,cell,False,,,,,True
http://purl.obolibrary.org/obo/HP_0031555,Reduced granulocyte CD59 level,inherited,http://purl.obolibrary.org/obo/HP_0025354,Abnormal cellular phenotype,equivalentClass,characteristic of part of,has part some > characteristic of part of some,restriction_filler,False,False,http://purl.obolibrary.org/obo/CL_0000000,cell,False,,,,,True
http://purl.obolibrary.org/obo/HP_0031556,Reduced granulocyte CD16 level,inherited,http://purl.obolibrary.org/obo/HP_0025354,Abnormal cellular phenotype,equivalentClass,characteristic of part of,has part some > characteristic of part of some,restriction_filler,False,False,http://purl.obolibrary.org/obo/CL_0000000,cell,False,,,,,True
http://purl.obolibrary.org/obo/HP_0031557,Reduced fibroblast CD55 level,inherited,http://purl.obolibrary.org/obo/HP_0025354,Abnormal cellular phenotype,equivalentClass,characteristic of part of,has part some > characteristic of part of some,restriction_filler,False,False,http://purl.obolibrary.org/obo/CL_0000000,cell,False,,,,,True
http://purl.obolibrary.org/obo/HP_0031558,Reduced fibroblast CD59 level,inherited,http://purl.obolibrary.org/obo/HP_0025354,Abnormal cellular phenotype,equivalentClass,characteristic of part of,has part some > characteristic of part of some,restriction_filler,False,False,http://purl.obolibrary.org/obo/CL_0000000,cell,False,,,,,True
http://purl.obolibrary.org/obo/HP_0031559,Reduced fibroblast CD16 level,inherited,http://purl.obolibrary.org/obo/HP_0025354,Abnormal cellular phenotype,equivalentClass,characteristic of part of,has part some > characteristic of part of some,restriction_filler,False,False,http://purl.obolibrary.org/obo/CL_0000000,cell,False,,,,,True
http://purl.obolibrary.org/obo/HP_0031688,Erythroid dysplasia,inherited,http://purl.obolibrary.org/obo/HP_0012130,Abnormal erythroid lineage cell morphology,equivalentClass,characteristic of part of,has part some > characteristic of part of some,restriction_filler,False,False,http://purl.obolibrary.org/obo/CL_0000764,erythroid lineage cell,False,,,,,True
http://purl.obolibrary.org/obo/HP_0031688,Erythroid dysplasia,inherited,http://purl.obolibrary.org/obo/HP_0005561,Abnormal bone marrow cell morphology,equivalentClass,characteristic of,has part some > characteristic of some,restriction_filler,False,False,http://purl.obolibrary.org/obo/CL_0002092,bone marrow cell,False,,,,,True
http://purl.obolibrary.org/obo/HP_0031689,Megakaryocyte dysplasia,inherited,http://purl.obolibrary.org/obo/HP_0012143,Abnormal megakaryocyte morphology,equivalentClass,characteristic of part of,has part some > characteristic of part of some,restriction_filler,False,False,http://purl.obolibrary.org/obo/CL_0000556,megakaryocyte,False,,,,,True
http://purl.obolibrary.org/obo/HP_0031689,Megakaryocyte dysplasia,inherited,http://purl.obolibrary.org/obo/HP_0005561,Abnormal bone marrow cell morphology,equivalentClass,characteristic of,has part some > characteristic of some,restriction_filler,False,False,http://purl.obolibrary.org/obo/CL_0002092,bone marrow cell,False,,,,,True
http://purl.obolibrary.org/obo/HP_0031806,Abnormal total basophil count,direct,http://purl.obolibrary.org/obo/HP_0031806,Abnormal total basophil count,equivalentClass,characteristic of,has part some > characteristic of some,restriction_filler,False,False,http://purl.obolibrary.org/obo/CL_0000767,basophil,False,,,,,True
http://purl.obolibrary.org/obo/HP_0031806,Abnormal total basophil count,inherited,http://purl.obolibrary.org/obo/HP_0001911,Abnormal granulocyte morphology,equivalentClass,characteristic of part of,has part some > characteristic of part of some,restriction_filler,False,False,http://purl.obolibrary.org/obo/CL_0000094,granulocyte,False,,,,,True
http://purl.obolibrary.org/obo/HP_0031806,Abnormal total basophil count,inherited,http://purl.obolibrary.org/obo/HP_0001881,Abnormal leukocyte morphology,equivalentClass,characteristic of part of,has part some > characteristic of part of some,restriction_filler,False,False,http://purl.obolibrary.org/obo/CL_0000738,leukocyte,False,,,,,True
http://purl.obolibrary.org/obo/HP_0031806,Abnormal total basophil count,inherited,http://purl.obolibrary.org/obo/HP_0011893,Abnormal leukocyte count,equivalentClass,characteristic of,has part some > characteristic of some,restriction_filler,False,False,http://purl.obolibrary.org/obo/CL_0000738,leukocyte,False,,,,,True
http://purl.obolibrary.org/obo/HP_0031806,Abnormal total basophil count,inherited,http://purl.obolibrary.org/obo/HP_0010974,Abnormal myeloid leukocyte morphology,equivalentClass,characteristic of,has part some > characteristic of some,restriction_filler,False,False,http://purl.obolibrary.org/obo/CL_0000766,myeloid leukocyte,False,,,,,True
http://purl.obolibrary.org/obo/HP_0031806,Abnormal total basophil count,inherited,http://purl.obolibrary.org/obo/HP_0001912,Abnormal basophil morphology,equivalentClass,characteristic of part of,has part some > characteristic of part of some,restriction_filler,False,False,http://purl.obolibrary.org/obo/CL_0000767,basophil,False,,,,,True
http://purl.obolibrary.org/obo/HP_0031807,Increased total basophil count,direct,http://purl.obolibrary.org/obo/HP_0031807,Increased total basophil count,equivalentClass,characteristic of,has part some > characteristic of some,restriction_filler,False,False,http://purl.obolibrary.org/obo/CL_0000767,basophil,False,,,,,True
http://purl.obolibrary.org/obo/HP_0031807,Increased total basophil count,inherited,http://purl.obolibrary.org/obo/HP_0001911,Abnormal granulocyte morphology,equivalentClass,characteristic of part of,has part some > characteristic of part of some,restriction_filler,False,False,http://purl.obolibrary.org/obo/CL_0000094,granulocyte,False,,,,,True
http://purl.obolibrary.org/obo/HP_0031807,Increased total basophil count,inherited,http://purl.obolibrary.org/obo/HP_0001881,Abnormal leukocyte morphology,equivalentClass,characteristic of part of,has part some > characteristic of part of some,restriction_filler,False,False,http://purl.obolibrary.org/obo/CL_0000738,leukocyte,False,,,,,True
http://purl.obolibrary.org/obo/HP_0031807,Increased total basophil count,inherited,http://purl.obolibrary.org/obo/HP_0011893,Abnormal leukocyte count,equivalentClass,characteristic of,has part some > characteristic of some,restriction_filler,False,False,http://purl.obolibrary.org/obo/CL_0000738,leukocyte,False,,,,,True
http://purl.obolibrary.org/obo/HP_0031807,Increased total basophil count,inherited,http://purl.obolibrary.org/obo/HP_0010974,Abnormal myeloid leukocyte morphology,equivalentClass,characteristic of,has part some > characteristic of some,restriction_filler,False,False,http://purl.obolibrary.org/obo/CL_0000766,myeloid leukocyte,False,,,,,True
http://purl.obolibrary.org/obo/HP_0031807,Increased total basophil count,inherited,http://purl.obolibrary.org/obo/HP_0001912,Abnormal basophil morphology,equivalentClass,characteristic of part of,has part some > characteristic of part of some,restriction_filler,False,False,http://purl.obolibrary.org/obo/CL_0000767,basophil,False,,,,,True
http://purl.obolibrary.org/obo/HP_0031808,Decreased total basophil count,direct,http://purl.obolibrary.org/obo/HP_0031808,Decreased total basophil count,equivalentClass,characteristic of,has part some > characteristic of some,restriction_filler,False,False,http://purl.obolibrary.org/obo/CL_0000767,basophil,False,,,,,True
http://purl.obolibrary.org/obo/HP_0031808,Decreased total basophil count,inherited,http://purl.obolibrary.org/obo/HP_0001911,Abnormal granulocyte morphology,equivalentClass,characteristic of part of,has part some > characteristic of part of some,restriction_filler,False,False,http://purl.obolibrary.org/obo/CL_0000094,granulocyte,False,,,,,True
http://purl.obolibrary.org/obo/HP_0031808,Decreased total basophil count,inherited,http://purl.obolibrary.org/obo/HP_0001881,Abnormal leukocyte morphology,equivalentClass,characteristic of part of,has part some > characteristic of part of some,restriction_filler,False,False,http://purl.obolibrary.org/obo/CL_0000738,leukocyte,False,,,,,True
http://purl.obolibrary.org/obo/HP_0031808,Decreased total basophil count,inherited,http://purl.obolibrary.org/obo/HP_0011893,Abnormal leukocyte count,equivalentClass,characteristic of,has part some > characteristic of some,restriction_filler,False,False,http://purl.obolibrary.org/obo/CL_0000738,leukocyte,False,,,,,True
http://purl.obolibrary.org/obo/HP_0031808,Decreased total basophil count,inherited,http://purl.obolibrary.org/obo/HP_0010974,Abnormal myeloid leukocyte morphology,equivalentClass,characteristic of,has part some > characteristic of some,restriction_filler,False,False,http://purl.obolibrary.org/obo/CL_0000766,myeloid leukocyte,False,,,,,True
http://purl.obolibrary.org/obo/HP_0031808,Decreased total basophil count,inherited,http://purl.obolibrary.org/obo/HP_0001912,Abnormal basophil morphology,equivalentClass,characteristic of part of,has part some > characteristic of part of some,restriction_filler,False,False,http://purl.obolibrary.org/obo/CL_0000767,basophil,False,,,,,True
http://purl.obolibrary.org/obo/HP_0031824,Hepatic mastocytosis,inherited,http://purl.obolibrary.org/obo/HP_0001911,Abnormal granulocyte morphology,equivalentClass,characteristic of part of,has part some > characteristic of part of some,restriction_filler,False,False,http://purl.obolibrary.org/obo/CL_0000094,granulocyte,False,,,,,True
http://purl.obolibrary.org/obo/HP_0031824,Hepatic mastocytosis,inherited,http://purl.obolibrary.org/obo/HP_0100494,Abnormal mast cell morphology,equivalentClass,characteristic of,has part some > characteristic of some,restriction_filler,False,False,http://purl.obolibrary.org/obo/CL_0000097,mast cell,False,,,,,True
http://purl.obolibrary.org/obo/HP_0031824,Hepatic mastocytosis,inherited,http://purl.obolibrary.org/obo/HP_0001881,Abnormal leukocyte morphology,equivalentClass,characteristic of part of,has part some > characteristic of part of some,restriction_filler,False,False,http://purl.obolibrary.org/obo/CL_0000738,leukocyte,False,,,,,True
http://purl.obolibrary.org/obo/HP_0031824,Hepatic mastocytosis,inherited,http://purl.obolibrary.org/obo/HP_0010974,Abnormal myeloid leukocyte morphology,equivalentClass,characteristic of,has part some > characteristic of some,restriction_filler,False,False,http://purl.obolibrary.org/obo/CL_0000766,myeloid leukocyte,False,,,,,True
http://purl.obolibrary.org/obo/HP_0031850,Abnormal hematocrit,inherited,http://purl.obolibrary.org/obo/HP_0001877,Abnormal erythrocyte morphology,equivalentClass,characteristic of part of,has part some > characteristic of part of some,restriction_filler,False,False,http://purl.obolibrary.org/obo/CL_0000232,erythrocyte,False,,,,,True
http://purl.obolibrary.org/obo/HP_0031851,Reduced hematocrit,inherited,http://purl.obolibrary.org/obo/HP_0001877,Abnormal erythrocyte morphology,equivalentClass,characteristic of part of,has part some > characteristic of part of some,restriction_filler,False,False,http://purl.obolibrary.org/obo/CL_0000232,erythrocyte,False,,,,,True
http://purl.obolibrary.org/obo/HP_0031866,Clasp-knife sign,inherited,http://purl.obolibrary.org/obo/HP_0002493,Upper motor neuron dysfunction,equivalentClass,characteristic of,has part some > characteristic of some,intersection_operand,False,False,http://purl.obolibrary.org/obo/CL_0000540,neuron,False,,,,,True
http://purl.obolibrary.org/obo/HP_0031871,Abnormal Langerhans cell morphology,inherited,http://purl.obolibrary.org/obo/HP_0025354,Abnormal cellular phenotype,equivalentClass,characteristic of part of,has part some > characteristic of part of some,restriction_filler,False,False,http://purl.obolibrary.org/obo/CL_0000000,cell,False,,,,,True
http://purl.obolibrary.org/obo/HP_0031871,Abnormal Langerhans cell morphology,inherited,http://purl.obolibrary.org/obo/HP_0025461,Abnormal cell morphology,equivalentClass,characteristic of,has part some > characteristic of some,restriction_filler,False,False,http://purl.obolibrary.org/obo/CL_0000000,cell,False,,,,,True
http://purl.obolibrary.org/obo/HP_0031872,Absent Birbeck granules in Langerhans cells,inherited,http://purl.obolibrary.org/obo/HP_0025354,Abnormal cellular phenotype,equivalentClass,characteristic of part of,has part some > characteristic of part of some,restriction_filler,False,False,http://purl.obolibrary.org/obo/CL_0000000,cell,False,,,,,True
http://purl.obolibrary.org/obo/HP_0031872,Absent Birbeck granules in Langerhans cells,inherited,http://purl.obolibrary.org/obo/HP_0025461,Abnormal cell morphology,equivalentClass,characteristic of,has part some > characteristic of some,restriction_filler,False,False,http://purl.obolibrary.org/obo/CL_0000000,cell,False,,,,,True
http://purl.obolibrary.org/obo/HP_0031891,Decreased total eosinophil count,direct,http://purl.obolibrary.org/obo/HP_0031891,Decreased total eosinophil count,equivalentClass,characteristic of,has part some > characteristic of some,intersection_operand,False,False,http://purl.obolibrary.org/obo/CL_0000771,eosinophil,False,,,,,True
http://purl.obolibrary.org/obo/HP_0031891,Decreased total eosinophil count,inherited,http://purl.obolibrary.org/obo/HP_0001911,Abnormal granulocyte morphology,equivalentClass,characteristic of part of,has part some > characteristic of part of some,restriction_filler,False,False,http://purl.obolibrary.org/obo/CL_0000094,granulocyte,False,,,,,True
http://purl.obolibrary.org/obo/HP_0031891,Decreased total eosinophil count,inherited,http://purl.obolibrary.org/obo/HP_0001881,Abnormal leukocyte morphology,equivalentClass,characteristic of part of,has part some > characteristic of part of some,restriction_filler,False,False,http://purl.obolibrary.org/obo/CL_0000738,leukocyte,False,,,,,True
http://purl.obolibrary.org/obo/HP_0031891,Decreased total eosinophil count,inherited,http://purl.obolibrary.org/obo/HP_0011893,Abnormal leukocyte count,equivalentClass,characteristic of,has part some > characteristic of some,restriction_filler,False,False,http://purl.obolibrary.org/obo/CL_0000738,leukocyte,False,,,,,True
http://purl.obolibrary.org/obo/HP_0031891,Decreased total eosinophil count,inherited,http://purl.obolibrary.org/obo/HP_0010974,Abnormal myeloid leukocyte morphology,equivalentClass,characteristic of,has part some > characteristic of some,restriction_filler,False,False,http://purl.obolibrary.org/obo/CL_0000766,myeloid leukocyte,False,,,,,True
http://purl.obolibrary.org/obo/HP_0031891,Decreased total eosinophil count,inherited,http://purl.obolibrary.org/obo/HP_0001879,Abnormal eosinophil morphology,equivalentClass,characteristic of part of,has part some > characteristic of part of some,restriction_filler,False,False,http://purl.obolibrary.org/obo/CL_0000771,eosinophil,False,,,,,True
http://purl.obolibrary.org/obo/HP_0031898,Rouleaux formation,inherited,http://purl.obolibrary.org/obo/HP_0001877,Abnormal erythrocyte morphology,equivalentClass,characteristic of part of,has part some > characteristic of part of some,restriction_filler,False,False,http://purl.obolibrary.org/obo/CL_0000232,erythrocyte,False,,,,,True
http://purl.obolibrary.org/obo/HP_0031925,Rosette,inherited,http://purl.obolibrary.org/obo/HP_0025354,Abnormal cellular phenotype,equivalentClass,characteristic of part of,has part some > characteristic of part of some,restriction_filler,False,False,http://purl.obolibrary.org/obo/CL_0000000,cell,False,,,,,True
http://purl.obolibrary.org/obo/HP_0031925,Rosette,inherited,http://purl.obolibrary.org/obo/HP_0025461,Abnormal cell morphology,equivalentClass,characteristic of,has part some > characteristic of some,restriction_filler,False,False,http://purl.obolibrary.org/obo/CL_0000000,cell,False,,,,,True
http://purl.obolibrary.org/obo/HP_0031926,Homer Wright rosette,inherited,http://purl.obolibrary.org/obo/HP_0025354,Abnormal cellular phenotype,equivalentClass,characteristic of part of,has part some > characteristic of part of some,restriction_filler,False,False,http://purl.obolibrary.org/obo/CL_0000000,cell,False,,,,,True
http://purl.obolibrary.org/obo/HP_0031926,Homer Wright rosette,inherited,http://purl.obolibrary.org/obo/HP_0025461,Abnormal cell morphology,equivalentClass,characteristic of,has part some > characteristic of some,restriction_filler,False,False,http://purl.obolibrary.org/obo/CL_0000000,cell,False,,,,,True
http://purl.obolibrary.org/obo/HP_0031927,Flexner-Wintersteiner rosette,inherited,http://purl.obolibrary.org/obo/HP_0025354,Abnormal cellular phenotype,equivalentClass,characteristic of part of,has part some > characteristic of part of some,restriction_filler,False,False,http://purl.obolibrary.org/obo/CL_0000000,cell,False,,,,,True
http://purl.obolibrary.org/obo/HP_0031927,Flexner-Wintersteiner rosette,inherited,http://purl.obolibrary.org/obo/HP_0025461,Abnormal cell morphology,equivalentClass,characteristic of,has part some > characteristic of some,restriction_filler,False,False,http://purl.obolibrary.org/obo/CL_0000000,cell,False,,,,,True
http://purl.obolibrary.org/obo/HP_0031928,True ependymal rosette,inherited,http://purl.obolibrary.org/obo/HP_0025354,Abnormal cellular phenotype,equivalentClass,characteristic of part of,has part some > characteristic of part of some,restriction_filler,False,False,http://purl.obolibrary.org/obo/CL_0000000,cell,False,,,,,True
http://purl.obolibrary.org/obo/HP_0031928,True ependymal rosette,inherited,http://purl.obolibrary.org/obo/HP_0025461,Abnormal cell morphology,equivalentClass,characteristic of,has part some > characteristic of some,restriction_filler,False,False,http://purl.obolibrary.org/obo/CL_0000000,cell,False,,,,,True
http://purl.obolibrary.org/obo/HP_0031929,Perivascular pseudorosette,inherited,http://purl.obolibrary.org/obo/HP_0025354,Abnormal cellular phenotype,equivalentClass,characteristic of part of,has part some > characteristic of part of some,restriction_filler,False,False,http://purl.obolibrary.org/obo/CL_0000000,cell,False,,,,,True
http://purl.obolibrary.org/obo/HP_0031929,Perivascular pseudorosette,inherited,http://purl.obolibrary.org/obo/HP_0025461,Abnormal cell morphology,equivalentClass,characteristic of,has part some > characteristic of some,restriction_filler,False,False,http://purl.obolibrary.org/obo/CL_0000000,cell,False,,,,,True
http://purl.obolibrary.org/obo/HP_0031930,Neurocytic rosette,inherited,http://purl.obolibrary.org/obo/HP_0025354,Abnormal cellular phenotype,equivalentClass,characteristic of part of,has part some > characteristic of part of some,restriction_filler,False,False,http://purl.obolibrary.org/obo/CL_0000000,cell,False,,,,,True
http://purl.obolibrary.org/obo/HP_0031930,Neurocytic rosette,inherited,http://purl.obolibrary.org/obo/HP_0025461,Abnormal cell morphology,equivalentClass,characteristic of,has part some > characteristic of some,restriction_filler,False,False,http://purl.obolibrary.org/obo/CL_0000000,cell,False,,,,,True
http://purl.obolibrary.org/obo/HP_0031957,Spastic hemiparetic gait,inherited,http://purl.obolibrary.org/obo/HP_0002493,Upper motor neuron dysfunction,equivalentClass,characteristic of,has part some > characteristic of some,intersection_operand,False,False,http://purl.obolibrary.org/obo/CL_0000540,neuron,False,,,,,True
http://purl.obolibrary.org/obo/HP_0031958,Spastic paraparetic gait,inherited,http://purl.obolibrary.org/obo/HP_0002493,Upper motor neuron dysfunction,equivalentClass,characteristic of,has part some > characteristic of some,intersection_operand,False,False,http://purl.obolibrary.org/obo/CL_0000540,neuron,False,,,,,True
http://purl.obolibrary.org/obo/HP_0031965,Increased RBC distribution width,inherited,http://purl.obolibrary.org/obo/HP_0001877,Abnormal erythrocyte morphology,equivalentClass,characteristic of part of,has part some > characteristic of part of some,restriction_filler,False,False,http://purl.obolibrary.org/obo/CL_0000232,erythrocyte,False,,,,,True
http://purl.obolibrary.org/obo/HP_0031993,Hoffmann sign,inherited,http://purl.obolibrary.org/obo/HP_0002493,Upper motor neuron dysfunction,equivalentClass,characteristic of,has part some > characteristic of some,intersection_operand,False,False,http://purl.obolibrary.org/obo/CL_0000540,neuron,False,,,,,True
http://purl.obolibrary.org/obo/HP_0032061,Severely increased total eosinophil count,inherited,http://purl.obolibrary.org/obo/HP_0001911,Abnormal granulocyte morphology,equivalentClass,characteristic of part of,has part some > characteristic of part of some,restriction_filler,False,False,http://purl.obolibrary.org/obo/CL_0000094,granulocyte,False,,,,,True
http://purl.obolibrary.org/obo/HP_0032061,Severely increased total eosinophil count,inherited,http://purl.obolibrary.org/obo/HP_0001881,Abnormal leukocyte morphology,equivalentClass,characteristic of part of,has part some > characteristic of part of some,restriction_filler,False,False,http://purl.obolibrary.org/obo/CL_0000738,leukocyte,False,,,,,True
http://purl.obolibrary.org/obo/HP_0032061,Severely increased total eosinophil count,inherited,http://purl.obolibrary.org/obo/HP_0011893,Abnormal leukocyte count,equivalentClass,characteristic of,has part some > characteristic of some,restriction_filler,False,False,http://purl.obolibrary.org/obo/CL_0000738,leukocyte,False,,,,,True
http://purl.obolibrary.org/obo/HP_0032061,Severely increased total eosinophil count,inherited,http://purl.obolibrary.org/obo/HP_0010974,Abnormal myeloid leukocyte morphology,equivalentClass,characteristic of,has part some > characteristic of some,restriction_filler,False,False,http://purl.obolibrary.org/obo/CL_0000766,myeloid leukocyte,False,,,,,True
http://purl.obolibrary.org/obo/HP_0032061,Severely increased total eosinophil count,inherited,http://purl.obolibrary.org/obo/HP_0001879,Abnormal eosinophil morphology,equivalentClass,characteristic of part of,has part some > characteristic of part of some,restriction_filler,False,False,http://purl.obolibrary.org/obo/CL_0000771,eosinophil,False,,,,,True
http://purl.obolibrary.org/obo/HP_0032061,Severely increased total eosinophil count,inherited,http://purl.obolibrary.org/obo/HP_0001880,Increased total eosinophil count,equivalentClass,characteristic of,has part some > characteristic of some,intersection_operand,False,False,http://purl.obolibrary.org/obo/CL_0000771,eosinophil,False,,,,,True
http://purl.obolibrary.org/obo/HP_0032124,Abnormal unswitched memory B cell proportion,direct,http://purl.obolibrary.org/obo/HP_0032124,Abnormal unswitched memory B cell proportion,equivalentClass,towards,has part some > towards some,restriction_filler,False,False,http://purl.obolibrary.org/obo/CL_0000236,B cell,False,,,,,True
http://purl.obolibrary.org/obo/HP_0032124,Abnormal unswitched memory B cell proportion,direct,http://purl.obolibrary.org/obo/HP_0032124,Abnormal unswitched memory B cell proportion,equivalentClass,characteristic of,has part some > characteristic of some,intersection_operand,False,False,http://purl.obolibrary.org/obo/CL_0000970,unswitched memory B cell,False,,,,,True
http://purl.obolibrary.org/obo/HP_0032124,Abnormal unswitched memory B cell proportion,inherited,http://purl.obolibrary.org/obo/HP_0002846,Abnormal B cell morphology,equivalentClass,characteristic of,has part some > characteristic of some,restriction_filler,False,False,http://purl.obolibrary.org/obo/CL_0000236,B cell,False,,,,,True
http://purl.obolibrary.org/obo/HP_0032124,Abnormal unswitched memory B cell proportion,inherited,http://purl.obolibrary.org/obo/HP_0004332,Abnormal lymphocyte morphology,equivalentClass,characteristic of part of,has part some > characteristic of part of some,restriction_filler,False,False,http://purl.obolibrary.org/obo/CL_0000542,lymphocyte,False,,,,,True
http://purl.obolibrary.org/obo/HP_0032124,Abnormal unswitched memory B cell proportion,inherited,http://purl.obolibrary.org/obo/HP_0001881,Abnormal leukocyte morphology,equivalentClass,characteristic of part of,has part some > characteristic of part of some,restriction_filler,False,False,http://purl.obolibrary.org/obo/CL_0000738,leukocyte,False,,,,,True
http://purl.obolibrary.org/obo/HP_0032124,Abnormal unswitched memory B cell proportion,inherited,http://purl.obolibrary.org/obo/HP_0030373,Abnormal memory B cell proportion,equivalentClass,characteristic of,has part some > characteristic of some,intersection_operand,False,False,http://purl.obolibrary.org/obo/CL_0000787,memory B cell,False,,,,,True
http://purl.obolibrary.org/obo/HP_0032125,Increased unswitched memory B cell proportion,direct,http://purl.obolibrary.org/obo/HP_0032125,Increased unswitched memory B cell proportion,equivalentClass,towards,has part some > towards some,restriction_filler,False,False,http://purl.obolibrary.org/obo/CL_0000000,cell,False,,,,,True
http://purl.obolibrary.org/obo/HP_0032125,Increased unswitched memory B cell proportion,direct,http://purl.obolibrary.org/obo/HP_0032125,Increased unswitched memory B cell proportion,equivalentClass,characteristic of,has part some > characteristic of some,intersection_operand,False,False,http://purl.obolibrary.org/obo/CL_0000970,unswitched memory B cell,False,,,,,True
http://purl.obolibrary.org/obo/HP_0032125,Increased unswitched memory B cell proportion,inherited,http://purl.obolibrary.org/obo/HP_0002846,Abnormal B cell morphology,equivalentClass,characteristic of,has part some > characteristic of some,restriction_filler,False,False,http://purl.obolibrary.org/obo/CL_0000236,B cell,False,,,,,True
http://purl.obolibrary.org/obo/HP_0032125,Increased unswitched memory B cell proportion,inherited,http://purl.obolibrary.org/obo/HP_0030373,Abnormal memory B cell proportion,equivalentClass,towards,has part some > towards some,restriction_filler,False,False,http://purl.obolibrary.org/obo/CL_0000236,B cell,False,,,,,True
http://purl.obolibrary.org/obo/HP_0032125,Increased unswitched memory B cell proportion,inherited,http://purl.obolibrary.org/obo/HP_0004332,Abnormal lymphocyte morphology,equivalentClass,characteristic of part of,has part some > characteristic of part of some,restriction_filler,False,False,http://purl.obolibrary.org/obo/CL_0000542,lymphocyte,False,,,,,True
http://purl.obolibrary.org/obo/HP_0032125,Increased unswitched memory B cell proportion,inherited,http://purl.obolibrary.org/obo/HP_0001881,Abnormal leukocyte morphology,equivalentClass,characteristic of part of,has part some > characteristic of part of some,restriction_filler,False,False,http://purl.obolibrary.org/obo/CL_0000738,leukocyte,False,,,,,True
http://purl.obolibrary.org/obo/HP_0032125,Increased unswitched memory B cell proportion,inherited,http://purl.obolibrary.org/obo/HP_0030373,Abnormal memory B cell proportion,equivalentClass,characteristic of,has part some > characteristic of some,intersection_operand,False,False,http://purl.obolibrary.org/obo/CL_0000787,memory B cell,False,,,,,True
http://purl.obolibrary.org/obo/HP_0032126,Decreased unswitched memory B cell proportion,direct,http://purl.obolibrary.org/obo/HP_0032126,Decreased unswitched memory B cell proportion,equivalentClass,towards,has part some > towards some,restriction_filler,False,False,http://purl.obolibrary.org/obo/CL_0000236,B cell,False,,,,,True
http://purl.obolibrary.org/obo/HP_0032126,Decreased unswitched memory B cell proportion,direct,http://purl.obolibrary.org/obo/HP_0032126,Decreased unswitched memory B cell proportion,equivalentClass,characteristic of,has part some > characteristic of some,intersection_operand,False,False,http://purl.obolibrary.org/obo/CL_0000970,unswitched memory B cell,False,,,,,True
http://purl.obolibrary.org/obo/HP_0032126,Decreased unswitched memory B cell proportion,inherited,http://purl.obolibrary.org/obo/HP_0002846,Abnormal B cell morphology,equivalentClass,characteristic of,has part some > characteristic of some,restriction_filler,False,False,http://purl.obolibrary.org/obo/CL_0000236,B cell,False,,,,,True
http://purl.obolibrary.org/obo/HP_0032126,Decreased unswitched memory B cell proportion,inherited,http://purl.obolibrary.org/obo/HP_0004332,Abnormal lymphocyte morphology,equivalentClass,characteristic of part of,has part some > characteristic of part of some,restriction_filler,False,False,http://purl.obolibrary.org/obo/CL_0000542,lymphocyte,False,,,,,True
http://purl.obolibrary.org/obo/HP_0032126,Decreased unswitched memory B cell proportion,inherited,http://purl.obolibrary.org/obo/HP_0001881,Abnormal leukocyte morphology,equivalentClass,characteristic of part of,has part some > characteristic of part of some,restriction_filler,False,False,http://purl.obolibrary.org/obo/CL_0000738,leukocyte,False,,,,,True
http://purl.obolibrary.org/obo/HP_0032126,Decreased unswitched memory B cell proportion,inherited,http://purl.obolibrary.org/obo/HP_0030373,Abnormal memory B cell proportion,equivalentClass,characteristic of,has part some > characteristic of some,intersection_operand,False,False,http://purl.obolibrary.org/obo/CL_0000787,memory B cell,False,,,,,True
http://purl.obolibrary.org/obo/HP_0032127,Abnormal plasmablast proportion,direct,http://purl.obolibrary.org/obo/HP_0032127,Abnormal plasmablast proportion,equivalentClass,towards,has part some > towards some,restriction_filler,False,False,http://purl.obolibrary.org/obo/CL_0000236,B cell,False,,,,,True
http://purl.obolibrary.org/obo/HP_0032127,Abnormal plasmablast proportion,direct,http://purl.obolibrary.org/obo/HP_0032127,Abnormal plasmablast proportion,equivalentClass,characteristic of,has part some > characteristic of some,intersection_operand,False,False,http://purl.obolibrary.org/obo/CL_0000980,plasmablast,False,,,,,True
http://purl.obolibrary.org/obo/HP_0032127,Abnormal plasmablast proportion,inherited,http://purl.obolibrary.org/obo/HP_0002846,Abnormal B cell morphology,equivalentClass,characteristic of,has part some > characteristic of some,restriction_filler,False,False,http://purl.obolibrary.org/obo/CL_0000236,B cell,False,,,,,True
http://purl.obolibrary.org/obo/HP_0032127,Abnormal plasmablast proportion,inherited,http://purl.obolibrary.org/obo/HP_0004332,Abnormal lymphocyte morphology,equivalentClass,characteristic of part of,has part some > characteristic of part of some,restriction_filler,False,False,http://purl.obolibrary.org/obo/CL_0000542,lymphocyte,False,,,,,True
http://purl.obolibrary.org/obo/HP_0032127,Abnormal plasmablast proportion,inherited,http://purl.obolibrary.org/obo/HP_0001881,Abnormal leukocyte morphology,equivalentClass,characteristic of part of,has part some > characteristic of part of some,restriction_filler,False,False,http://purl.obolibrary.org/obo/CL_0000738,leukocyte,False,,,,,True
http://purl.obolibrary.org/obo/HP_0032128,Increased plasmablast proportion,direct,http://purl.obolibrary.org/obo/HP_0032128,Increased plasmablast proportion,equivalentClass,towards,has part some > towards some,restriction_filler,False,False,http://purl.obolibrary.org/obo/CL_0000236,B cell,False,,,,,True
http://purl.obolibrary.org/obo/HP_0032128,Increased plasmablast proportion,direct,http://purl.obolibrary.org/obo/HP_0032128,Increased plasmablast proportion,equivalentClass,characteristic of,has part some > characteristic of some,intersection_operand,False,False,http://purl.obolibrary.org/obo/CL_0000980,plasmablast,False,,,,,True
http://purl.obolibrary.org/obo/HP_0032128,Increased plasmablast proportion,inherited,http://purl.obolibrary.org/obo/HP_0002846,Abnormal B cell morphology,equivalentClass,characteristic of,has part some > characteristic of some,restriction_filler,False,False,http://purl.obolibrary.org/obo/CL_0000236,B cell,False,,,,,True
http://purl.obolibrary.org/obo/HP_0032128,Increased plasmablast proportion,inherited,http://purl.obolibrary.org/obo/HP_0004332,Abnormal lymphocyte morphology,equivalentClass,characteristic of part of,has part some > characteristic of part of some,restriction_filler,False,False,http://purl.obolibrary.org/obo/CL_0000542,lymphocyte,False,,,,,True
http://purl.obolibrary.org/obo/HP_0032128,Increased plasmablast proportion,inherited,http://purl.obolibrary.org/obo/HP_0001881,Abnormal leukocyte morphology,equivalentClass,characteristic of part of,has part some > characteristic of part of some,restriction_filler,False,False,http://purl.obolibrary.org/obo/CL_0000738,leukocyte,False,,,,,True
http://purl.obolibrary.org/obo/HP_0032129,Decreased plasmablast proportion,direct,http://purl.obolibrary.org/obo/HP_0032129,Decreased plasmablast proportion,equivalentClass,towards,has part some > towards some,restriction_filler,False,False,http://purl.obolibrary.org/obo/CL_0000236,B cell,False,,,,,True
http://purl.obolibrary.org/obo/HP_0032129,Decreased plasmablast proportion,direct,http://purl.obolibrary.org/obo/HP_0032129,Decreased plasmablast proportion,equivalentClass,characteristic of,has part some > characteristic of some,intersection_operand,False,False,http://purl.obolibrary.org/obo/CL_0000980,plasmablast,False,,,,,True
http://purl.obolibrary.org/obo/HP_0032129,Decreased plasmablast proportion,inherited,http://purl.obolibrary.org/obo/HP_0002846,Abnormal B cell morphology,equivalentClass,characteristic of,has part some > characteristic of some,restriction_filler,False,False,http://purl.obolibrary.org/obo/CL_0000236,B cell,False,,,,,True
http://purl.obolibrary.org/obo/HP_0032129,Decreased plasmablast proportion,inherited,http://purl.obolibrary.org/obo/HP_0004332,Abnormal lymphocyte morphology,equivalentClass,characteristic of part of,has part some > characteristic of part of some,restriction_filler,False,False,http://purl.obolibrary.org/obo/CL_0000542,lymphocyte,False,,,,,True
http://purl.obolibrary.org/obo/HP_0032129,Decreased plasmablast proportion,inherited,http://purl.obolibrary.org/obo/HP_0001881,Abnormal leukocyte morphology,equivalentClass,characteristic of part of,has part some > characteristic of part of some,restriction_filler,False,False,http://purl.obolibrary.org/obo/CL_0000738,leukocyte,False,,,,,True
http://purl.obolibrary.org/obo/HP_0032132,Decreased circulating total IgG concentration,inherited,http://purl.obolibrary.org/obo/HP_0025354,Abnormal cellular phenotype,equivalentClass,characteristic of part of,has part some > characteristic of part of some,restriction_filler,False,False,http://purl.obolibrary.org/obo/CL_0000000,cell,False,,,,,True
http://purl.obolibrary.org/obo/HP_0032132,Decreased circulating total IgG concentration,inherited,http://purl.obolibrary.org/obo/HP_0011017,Abnormal cellular physiology,equivalentClass,characteristic of,has part some > characteristic of some,restriction_filler,False,False,http://purl.obolibrary.org/obo/CL_0000000,cell,False,,,,,True
http://purl.obolibrary.org/obo/HP_0032132,Decreased circulating total IgG concentration,inherited,http://purl.obolibrary.org/obo/HP_0005372,Abnormal B cell physiology,equivalentClass,characteristic of,has part some > characteristic of some,restriction_filler,False,False,http://purl.obolibrary.org/obo/CL_0000236,B cell,False,,,,,True
http://purl.obolibrary.org/obo/HP_0032133,Transient decreased circulating total IgG concentration,inherited,http://purl.obolibrary.org/obo/HP_0025354,Abnormal cellular phenotype,equivalentClass,characteristic of part of,has part some > characteristic of part of some,restriction_filler,False,False,http://purl.obolibrary.org/obo/CL_0000000,cell,False,,,,,True
http://purl.obolibrary.org/obo/HP_0032133,Transient decreased circulating total IgG concentration,inherited,http://purl.obolibrary.org/obo/HP_0011017,Abnormal cellular physiology,equivalentClass,characteristic of,has part some > characteristic of some,restriction_filler,False,False,http://purl.obolibrary.org/obo/CL_0000000,cell,False,,,,,True
http://purl.obolibrary.org/obo/HP_0032133,Transient decreased circulating total IgG concentration,inherited,http://purl.obolibrary.org/obo/HP_0005372,Abnormal B cell physiology,equivalentClass,characteristic of,has part some > characteristic of some,restriction_filler,False,False,http://purl.obolibrary.org/obo/CL_0000236,B cell,False,,,,,True
http://purl.obolibrary.org/obo/HP_0032134,Chronic decreased circulating total IgG concentration,inherited,http://purl.obolibrary.org/obo/HP_0025354,Abnormal cellular phenotype,equivalentClass,characteristic of part of,has part some > characteristic of part of some,restriction_filler,False,False,http://purl.obolibrary.org/obo/CL_0000000,cell,False,,,,,True
http://purl.obolibrary.org/obo/HP_0032134,Chronic decreased circulating total IgG concentration,inherited,http://purl.obolibrary.org/obo/HP_0011017,Abnormal cellular physiology,equivalentClass,characteristic of,has part some > characteristic of some,restriction_filler,False,False,http://purl.obolibrary.org/obo/CL_0000000,cell,False,,,,,True
http://purl.obolibrary.org/obo/HP_0032134,Chronic decreased circulating total IgG concentration,inherited,http://purl.obolibrary.org/obo/HP_0005372,Abnormal B cell physiology,equivalentClass,characteristic of,has part some > characteristic of some,restriction_filler,False,False,http://purl.obolibrary.org/obo/CL_0000236,B cell,False,,,,,True
http://purl.obolibrary.org/obo/HP_0032135,Decreased circulating IgG subclass concentration,inherited,http://purl.obolibrary.org/obo/HP_0025354,Abnormal cellular phenotype,equivalentClass,characteristic of part of,has part some > characteristic of part of some,restriction_filler,False,False,http://purl.obolibrary.org/obo/CL_0000000,cell,False,,,,,True
http://purl.obolibrary.org/obo/HP_0032135,Decreased circulating IgG subclass concentration,inherited,http://purl.obolibrary.org/obo/HP_0011017,Abnormal cellular physiology,equivalentClass,characteristic of,has part some > characteristic of some,restriction_filler,False,False,http://purl.obolibrary.org/obo/CL_0000000,cell,False,,,,,True
http://purl.obolibrary.org/obo/HP_0032135,Decreased circulating IgG subclass concentration,inherited,http://purl.obolibrary.org/obo/HP_0005372,Abnormal B cell physiology,equivalentClass,characteristic of,has part some > characteristic of some,restriction_filler,False,False,http://purl.obolibrary.org/obo/CL_0000236,B cell,False,,,,,True
http://purl.obolibrary.org/obo/HP_0032136,Decreased circulating IgG1 concentration,inherited,http://purl.obolibrary.org/obo/HP_0025354,Abnormal cellular phenotype,equivalentClass,characteristic of part of,has part some > characteristic of part of some,restriction_filler,False,False,http://purl.obolibrary.org/obo/CL_0000000,cell,False,,,,,True
http://purl.obolibrary.org/obo/HP_0032136,Decreased circulating IgG1 concentration,inherited,http://purl.obolibrary.org/obo/HP_0011017,Abnormal cellular physiology,equivalentClass,characteristic of,has part some > characteristic of some,restriction_filler,False,False,http://purl.obolibrary.org/obo/CL_0000000,cell,False,,,,,True
http://purl.obolibrary.org/obo/HP_0032136,Decreased circulating IgG1 concentration,inherited,http://purl.obolibrary.org/obo/HP_0005372,Abnormal B cell physiology,equivalentClass,characteristic of,has part some > characteristic of some,restriction_filler,False,False,http://purl.obolibrary.org/obo/CL_0000236,B cell,False,,,,,True
http://purl.obolibrary.org/obo/HP_0032137,Decreased circulating IgG3 concentration,inherited,http://purl.obolibrary.org/obo/HP_0025354,Abnormal cellular phenotype,equivalentClass,characteristic of part of,has part some > characteristic of part of some,restriction_filler,False,False,http://purl.obolibrary.org/obo/CL_0000000,cell,False,,,,,True
http://purl.obolibrary.org/obo/HP_0032137,Decreased circulating IgG3 concentration,inherited,http://purl.obolibrary.org/obo/HP_0011017,Abnormal cellular physiology,equivalentClass,characteristic of,has part some > characteristic of some,restriction_filler,False,False,http://purl.obolibrary.org/obo/CL_0000000,cell,False,,,,,True
http://purl.obolibrary.org/obo/HP_0032137,Decreased circulating IgG3 concentration,inherited,http://purl.obolibrary.org/obo/HP_0005372,Abnormal B cell physiology,equivalentClass,characteristic of,has part some > characteristic of some,restriction_filler,False,False,http://purl.obolibrary.org/obo/CL_0000236,B cell,False,,,,,True
http://purl.obolibrary.org/obo/HP_0032138,Decreased circulating IgG4 concentration,inherited,http://purl.obolibrary.org/obo/HP_0025354,Abnormal cellular phenotype,equivalentClass,characteristic of part of,has part some > characteristic of part of some,restriction_filler,False,False,http://purl.obolibrary.org/obo/CL_0000000,cell,False,,,,,True
http://purl.obolibrary.org/obo/HP_0032138,Decreased circulating IgG4 concentration,inherited,http://purl.obolibrary.org/obo/HP_0011017,Abnormal cellular physiology,equivalentClass,characteristic of,has part some > characteristic of some,restriction_filler,False,False,http://purl.obolibrary.org/obo/CL_0000000,cell,False,,,,,True
http://purl.obolibrary.org/obo/HP_0032138,Decreased circulating IgG4 concentration,inherited,http://purl.obolibrary.org/obo/HP_0005372,Abnormal B cell physiology,equivalentClass,characteristic of,has part some > characteristic of some,restriction_filler,False,False,http://purl.obolibrary.org/obo/CL_0000236,B cell,False,,,,,True
http://purl.obolibrary.org/obo/HP_0032146,HbC hemoglobin,inherited,http://purl.obolibrary.org/obo/HP_0001877,Abnormal erythrocyte morphology,equivalentClass,characteristic of part of,has part some > characteristic of part of some,restriction_filler,False,False,http://purl.obolibrary.org/obo/CL_0000232,erythrocyte,False,,,,,True
http://purl.obolibrary.org/obo/HP_0032151,Episodic eosinophilia,inherited,http://purl.obolibrary.org/obo/HP_0001911,Abnormal granulocyte morphology,equivalentClass,characteristic of part of,has part some > characteristic of part of some,restriction_filler,False,False,http://purl.obolibrary.org/obo/CL_0000094,granulocyte,False,,,,,True
http://purl.obolibrary.org/obo/HP_0032151,Episodic eosinophilia,inherited,http://purl.obolibrary.org/obo/HP_0001881,Abnormal leukocyte morphology,equivalentClass,characteristic of part of,has part some > characteristic of part of some,restriction_filler,False,False,http://purl.obolibrary.org/obo/CL_0000738,leukocyte,False,,,,,True
http://purl.obolibrary.org/obo/HP_0032151,Episodic eosinophilia,inherited,http://purl.obolibrary.org/obo/HP_0011893,Abnormal leukocyte count,equivalentClass,characteristic of,has part some > characteristic of some,restriction_filler,False,False,http://purl.obolibrary.org/obo/CL_0000738,leukocyte,False,,,,,True
http://purl.obolibrary.org/obo/HP_0032151,Episodic eosinophilia,inherited,http://purl.obolibrary.org/obo/HP_0010974,Abnormal myeloid leukocyte morphology,equivalentClass,characteristic of,has part some > characteristic of some,restriction_filler,False,False,http://purl.obolibrary.org/obo/CL_0000766,myeloid leukocyte,False,,,,,True
http://purl.obolibrary.org/obo/HP_0032151,Episodic eosinophilia,inherited,http://purl.obolibrary.org/obo/HP_0001879,Abnormal eosinophil morphology,equivalentClass,characteristic of part of,has part some > characteristic of part of some,restriction_filler,False,False,http://purl.obolibrary.org/obo/CL_0000771,eosinophil,False,,,,,True
http://purl.obolibrary.org/obo/HP_0032151,Episodic eosinophilia,inherited,http://purl.obolibrary.org/obo/HP_0001880,Increased total eosinophil count,equivalentClass,characteristic of,has part some > characteristic of some,intersection_operand,False,False,http://purl.obolibrary.org/obo/CL_0000771,eosinophil,False,,,,,True
http://purl.obolibrary.org/obo/HP_0032182,Abnormal memory T cell proportion,direct,http://purl.obolibrary.org/obo/HP_0032182,Abnormal memory T cell proportion,equivalentClass,towards,has part some > towards some,restriction_filler,False,False,http://purl.obolibrary.org/obo/CL_0000084,T cell,False,,,,,True
http://purl.obolibrary.org/obo/HP_0032182,Abnormal memory T cell proportion,direct,http://purl.obolibrary.org/obo/HP_0032182,Abnormal memory T cell proportion,equivalentClass,characteristic of,has part some > characteristic of some,intersection_operand,False,False,http://purl.obolibrary.org/obo/CL_0000813,memory T cell,False,,,,,True
http://purl.obolibrary.org/obo/HP_0032182,Abnormal memory T cell proportion,inherited,http://purl.obolibrary.org/obo/HP_0002843,Abnormal T cell morphology,equivalentClass,characteristic of,has part some > characteristic of some,restriction_filler,False,False,http://purl.obolibrary.org/obo/CL_0000084,T cell,False,,,,,True
http://purl.obolibrary.org/obo/HP_0032182,Abnormal memory T cell proportion,inherited,http://purl.obolibrary.org/obo/HP_0004332,Abnormal lymphocyte morphology,equivalentClass,characteristic of part of,has part some > characteristic of part of some,restriction_filler,False,False,http://purl.obolibrary.org/obo/CL_0000542,lymphocyte,False,,,,,True
http://purl.obolibrary.org/obo/HP_0032182,Abnormal memory T cell proportion,inherited,http://purl.obolibrary.org/obo/HP_0001881,Abnormal leukocyte morphology,equivalentClass,characteristic of part of,has part some > characteristic of part of some,restriction_filler,False,False,http://purl.obolibrary.org/obo/CL_0000738,leukocyte,False,,,,,True
http://purl.obolibrary.org/obo/HP_0032183,Decreased memory T cell proportion,direct,http://purl.obolibrary.org/obo/HP_0032183,Decreased memory T cell proportion,equivalentClass,towards,has part some > towards some,restriction_filler,False,False,http://purl.obolibrary.org/obo/CL_0000084,T cell,False,,,,,True
http://purl.obolibrary.org/obo/HP_0032183,Decreased memory T cell proportion,direct,http://purl.obolibrary.org/obo/HP_0032183,Decreased memory T cell proportion,equivalentClass,characteristic of,has part some > characteristic of some,intersection_operand,False,False,http://purl.obolibrary.org/obo/CL_0000813,memory T cell,False,,,,,True
http://purl.obolibrary.org/obo/HP_0032183,Decreased memory T cell proportion,inherited,http://purl.obolibrary.org/obo/HP_0002843,Abnormal T cell morphology,equivalentClass,characteristic of,has part some > characteristic of some,restriction_filler,False,False,http://purl.obolibrary.org/obo/CL_0000084,T cell,False,,,,,True
http://purl.obolibrary.org/obo/HP_0032183,Decreased memory T cell proportion,inherited,http://purl.obolibrary.org/obo/HP_0004332,Abnormal lymphocyte morphology,equivalentClass,characteristic of part of,has part some > characteristic of part of some,restriction_filler,False,False,http://purl.obolibrary.org/obo/CL_0000542,lymphocyte,False,,,,,True
http://purl.obolibrary.org/obo/HP_0032183,Decreased memory T cell proportion,inherited,http://purl.obolibrary.org/obo/HP_0001881,Abnormal leukocyte morphology,equivalentClass,characteristic of part of,has part some > characteristic of part of some,restriction_filler,False,False,http://purl.obolibrary.org/obo/CL_0000738,leukocyte,False,,,,,True
http://purl.obolibrary.org/obo/HP_0032184,Increased memory T cell proportion,direct,http://purl.obolibrary.org/obo/HP_0032184,Increased memory T cell proportion,equivalentClass,towards,has part some > towards some,restriction_filler,False,False,http://purl.obolibrary.org/obo/CL_0000236,B cell,False,,,,,True
http://purl.obolibrary.org/obo/HP_0032184,Increased memory T cell proportion,direct,http://purl.obolibrary.org/obo/HP_0032184,Increased memory T cell proportion,equivalentClass,characteristic of,has part some > characteristic of some,intersection_operand,False,False,http://purl.obolibrary.org/obo/CL_0000813,memory T cell,False,,,,,True
http://purl.obolibrary.org/obo/HP_0032184,Increased memory T cell proportion,inherited,http://purl.obolibrary.org/obo/HP_0002843,Abnormal T cell morphology,equivalentClass,characteristic of,has part some > characteristic of some,restriction_filler,False,False,http://purl.obolibrary.org/obo/CL_0000084,T cell,False,,,,,True
http://purl.obolibrary.org/obo/HP_0032184,Increased memory T cell proportion,inherited,http://purl.obolibrary.org/obo/HP_0032182,Abnormal memory T cell proportion,equivalentClass,towards,has part some > towards some,restriction_filler,False,False,http://purl.obolibrary.org/obo/CL_0000084,T cell,False,,,,,True
http://purl.obolibrary.org/obo/HP_0032184,Increased memory T cell proportion,inherited,http://purl.obolibrary.org/obo/HP_0004332,Abnormal lymphocyte morphology,equivalentClass,characteristic of part of,has part some > characteristic of part of some,restriction_filler,False,False,http://purl.obolibrary.org/obo/CL_0000542,lymphocyte,False,,,,,True
http://purl.obolibrary.org/obo/HP_0032184,Increased memory T cell proportion,inherited,http://purl.obolibrary.org/obo/HP_0001881,Abnormal leukocyte morphology,equivalentClass,characteristic of part of,has part some > characteristic of part of some,restriction_filler,False,False,http://purl.obolibrary.org/obo/CL_0000738,leukocyte,False,,,,,True
http://purl.obolibrary.org/obo/HP_0032188,Cellular hypersensitivity to mitomycin C,inherited,http://purl.obolibrary.org/obo/HP_0025354,Abnormal cellular phenotype,equivalentClass,characteristic of part of,has part some > characteristic of part of some,restriction_filler,False,False,http://purl.obolibrary.org/obo/CL_0000000,cell,False,,,,,True
http://purl.obolibrary.org/obo/HP_0032188,Cellular hypersensitivity to mitomycin C,inherited,http://purl.obolibrary.org/obo/HP_0011017,Abnormal cellular physiology,equivalentClass,characteristic of,has part some > characteristic of some,restriction_filler,False,False,http://purl.obolibrary.org/obo/CL_0000000,cell,False,,,,,True
http://purl.obolibrary.org/obo/HP_0032189,Cellular hypersensitivity to diepoxybutane,inherited,http://purl.obolibrary.org/obo/HP_0025354,Abnormal cellular phenotype,equivalentClass,characteristic of part of,has part some > characteristic of part of some,restriction_filler,False,False,http://purl.obolibrary.org/obo/CL_0000000,cell,False,,,,,True
http://purl.obolibrary.org/obo/HP_0032189,Cellular hypersensitivity to diepoxybutane,inherited,http://purl.obolibrary.org/obo/HP_0011017,Abnormal cellular physiology,equivalentClass,characteristic of,has part some > characteristic of some,restriction_filler,False,False,http://purl.obolibrary.org/obo/CL_0000000,cell,False,,,,,True
http://purl.obolibrary.org/obo/HP_0032218,Decreased total CD4+ T cell proportion,direct,http://purl.obolibrary.org/obo/HP_0032218,Decreased total CD4+ T cell proportion,equivalentClass,towards,has part some > towards some,restriction_filler,False,False,http://purl.obolibrary.org/obo/CL_0000084,T cell,False,,,,,True
http://purl.obolibrary.org/obo/HP_0032218,Decreased total CD4+ T cell proportion,direct,http://purl.obolibrary.org/obo/HP_0032218,Decreased total CD4+ T cell proportion,equivalentClass,characteristic of,has part some > characteristic of some,intersection_operand,False,False,http://purl.obolibrary.org/obo/CL_0000624,"CD4-positive, alpha-beta T cell",False,,,,,True
http://purl.obolibrary.org/obo/HP_0032218,Decreased total CD4+ T cell proportion,inherited,http://purl.obolibrary.org/obo/HP_0002843,Abnormal T cell morphology,equivalentClass,characteristic of,has part some > characteristic of some,restriction_filler,False,False,http://purl.obolibrary.org/obo/CL_0000084,T cell,False,,,,,True
http://purl.obolibrary.org/obo/HP_0032218,Decreased total CD4+ T cell proportion,inherited,http://purl.obolibrary.org/obo/HP_0004332,Abnormal lymphocyte morphology,equivalentClass,characteristic of part of,has part some > characteristic of part of some,restriction_filler,False,False,http://purl.obolibrary.org/obo/CL_0000542,lymphocyte,False,,,,,True
http://purl.obolibrary.org/obo/HP_0032218,Decreased total CD4+ T cell proportion,inherited,http://purl.obolibrary.org/obo/HP_0001881,Abnormal leukocyte morphology,equivalentClass,characteristic of part of,has part some > characteristic of part of some,restriction_filler,False,False,http://purl.obolibrary.org/obo/CL_0000738,leukocyte,False,,,,,True
http://purl.obolibrary.org/obo/HP_0032219,Increased total CD4+ T cell proportion,direct,http://purl.obolibrary.org/obo/HP_0032219,Increased total CD4+ T cell proportion,equivalentClass,towards,has part some > towards some,restriction_filler,False,False,http://purl.obolibrary.org/obo/CL_0000084,T cell,False,,,,,True
http://purl.obolibrary.org/obo/HP_0032219,Increased total CD4+ T cell proportion,direct,http://purl.obolibrary.org/obo/HP_0032219,Increased total CD4+ T cell proportion,equivalentClass,characteristic of,has part some > characteristic of some,intersection_operand,False,False,http://purl.obolibrary.org/obo/CL_0000492,CD4-positive helper T cell,False,,,,,True
http://purl.obolibrary.org/obo/HP_0032219,Increased total CD4+ T cell proportion,inherited,http://purl.obolibrary.org/obo/HP_0002843,Abnormal T cell morphology,equivalentClass,characteristic of,has part some > characteristic of some,restriction_filler,False,False,http://purl.obolibrary.org/obo/CL_0000084,T cell,False,,,,,True
http://purl.obolibrary.org/obo/HP_0032219,Increased total CD4+ T cell proportion,inherited,http://purl.obolibrary.org/obo/HP_0004332,Abnormal lymphocyte morphology,equivalentClass,characteristic of part of,has part some > characteristic of part of some,restriction_filler,False,False,http://purl.obolibrary.org/obo/CL_0000542,lymphocyte,False,,,,,True
http://purl.obolibrary.org/obo/HP_0032219,Increased total CD4+ T cell proportion,inherited,http://purl.obolibrary.org/obo/HP_0001881,Abnormal leukocyte morphology,equivalentClass,characteristic of part of,has part some > characteristic of part of some,restriction_filler,False,False,http://purl.obolibrary.org/obo/CL_0000738,leukocyte,False,,,,,True
http://purl.obolibrary.org/obo/HP_0032231,Hypochromia,inherited,http://purl.obolibrary.org/obo/HP_0001877,Abnormal erythrocyte morphology,equivalentClass,characteristic of part of,has part some > characteristic of part of some,restriction_filler,False,False,http://purl.obolibrary.org/obo/CL_0000232,erythrocyte,False,,,,,True
http://purl.obolibrary.org/obo/HP_0032231,Hypochromia,inherited,http://purl.obolibrary.org/obo/HP_0001903,Anemia,equivalentClass,characteristic of,has part some > characteristic of some,restriction_filler,True,False,http://purl.obolibrary.org/obo/CL_0000232,erythrocyte,False,,,,,True
http://purl.obolibrary.org/obo/HP_0032236,Increased circulating immature neutrophil count,inherited,http://purl.obolibrary.org/obo/HP_0001911,Abnormal granulocyte morphology,equivalentClass,characteristic of part of,has part some > characteristic of part of some,restriction_filler,False,False,http://purl.obolibrary.org/obo/CL_0000094,granulocyte,False,,,,,True
http://purl.obolibrary.org/obo/HP_0032236,Increased circulating immature neutrophil count,inherited,http://purl.obolibrary.org/obo/HP_0001881,Abnormal leukocyte morphology,equivalentClass,characteristic of part of,has part some > characteristic of part of some,restriction_filler,False,False,http://purl.obolibrary.org/obo/CL_0000738,leukocyte,False,,,,,True
http://purl.obolibrary.org/obo/HP_0032236,Increased circulating immature neutrophil count,inherited,http://purl.obolibrary.org/obo/HP_0011893,Abnormal leukocyte count,equivalentClass,characteristic of,has part some > characteristic of some,restriction_filler,False,False,http://purl.obolibrary.org/obo/CL_0000738,leukocyte,False,,,,,True
http://purl.obolibrary.org/obo/HP_0032236,Increased circulating immature neutrophil count,inherited,http://purl.obolibrary.org/obo/HP_0010974,Abnormal myeloid leukocyte morphology,equivalentClass,characteristic of,has part some > characteristic of some,restriction_filler,False,False,http://purl.obolibrary.org/obo/CL_0000766,myeloid leukocyte,False,,,,,True
http://purl.obolibrary.org/obo/HP_0032237,Increased circulating myelocyte count,inherited,http://purl.obolibrary.org/obo/HP_0001911,Abnormal granulocyte morphology,equivalentClass,characteristic of part of,has part some > characteristic of part of some,restriction_filler,False,False,http://purl.obolibrary.org/obo/CL_0000094,granulocyte,False,,,,,True
http://purl.obolibrary.org/obo/HP_0032237,Increased circulating myelocyte count,inherited,http://purl.obolibrary.org/obo/HP_0001881,Abnormal leukocyte morphology,equivalentClass,characteristic of part of,has part some > characteristic of part of some,restriction_filler,False,False,http://purl.obolibrary.org/obo/CL_0000738,leukocyte,False,,,,,True
http://purl.obolibrary.org/obo/HP_0032237,Increased circulating myelocyte count,inherited,http://purl.obolibrary.org/obo/HP_0011893,Abnormal leukocyte count,equivalentClass,characteristic of,has part some > characteristic of some,restriction_filler,False,False,http://purl.obolibrary.org/obo/CL_0000738,leukocyte,False,,,,,True
http://purl.obolibrary.org/obo/HP_0032237,Increased circulating myelocyte count,inherited,http://purl.obolibrary.org/obo/HP_0010974,Abnormal myeloid leukocyte morphology,equivalentClass,characteristic of,has part some > characteristic of some,restriction_filler,False,False,http://purl.obolibrary.org/obo/CL_0000766,myeloid leukocyte,False,,,,,True
http://purl.obolibrary.org/obo/HP_0032238,Increased circulating metamyelocyte count,inherited,http://purl.obolibrary.org/obo/HP_0001911,Abnormal granulocyte morphology,equivalentClass,characteristic of part of,has part some > characteristic of part of some,restriction_filler,False,False,http://purl.obolibrary.org/obo/CL_0000094,granulocyte,False,,,,,True
http://purl.obolibrary.org/obo/HP_0032238,Increased circulating metamyelocyte count,inherited,http://purl.obolibrary.org/obo/HP_0001881,Abnormal leukocyte morphology,equivalentClass,characteristic of part of,has part some > characteristic of part of some,restriction_filler,False,False,http://purl.obolibrary.org/obo/CL_0000738,leukocyte,False,,,,,True
http://purl.obolibrary.org/obo/HP_0032238,Increased circulating metamyelocyte count,inherited,http://purl.obolibrary.org/obo/HP_0011893,Abnormal leukocyte count,equivalentClass,characteristic of,has part some > characteristic of some,restriction_filler,False,False,http://purl.obolibrary.org/obo/CL_0000738,leukocyte,False,,,,,True
http://purl.obolibrary.org/obo/HP_0032238,Increased circulating metamyelocyte count,inherited,http://purl.obolibrary.org/obo/HP_0010974,Abnormal myeloid leukocyte morphology,equivalentClass,characteristic of,has part some > characteristic of some,restriction_filler,False,False,http://purl.obolibrary.org/obo/CL_0000766,myeloid leukocyte,False,,,,,True
http://purl.obolibrary.org/obo/HP_0032239,Increased circulating band cell count,inherited,http://purl.obolibrary.org/obo/HP_0001911,Abnormal granulocyte morphology,equivalentClass,characteristic of part of,has part some > characteristic of part of some,restriction_filler,False,False,http://purl.obolibrary.org/obo/CL_0000094,granulocyte,False,,,,,True
http://purl.obolibrary.org/obo/HP_0032239,Increased circulating band cell count,inherited,http://purl.obolibrary.org/obo/HP_0001881,Abnormal leukocyte morphology,equivalentClass,characteristic of part of,has part some > characteristic of part of some,restriction_filler,False,False,http://purl.obolibrary.org/obo/CL_0000738,leukocyte,False,,,,,True
http://purl.obolibrary.org/obo/HP_0032239,Increased circulating band cell count,inherited,http://purl.obolibrary.org/obo/HP_0011893,Abnormal leukocyte count,equivalentClass,characteristic of,has part some > characteristic of some,restriction_filler,False,False,http://purl.obolibrary.org/obo/CL_0000738,leukocyte,False,,,,,True
http://purl.obolibrary.org/obo/HP_0032239,Increased circulating band cell count,inherited,http://purl.obolibrary.org/obo/HP_0010974,Abnormal myeloid leukocyte morphology,equivalentClass,characteristic of,has part some > characteristic of some,restriction_filler,False,False,http://purl.obolibrary.org/obo/CL_0000766,myeloid leukocyte,False,,,,,True
http://purl.obolibrary.org/obo/HP_0032253,Eosinophilic granuloma,inherited,http://purl.obolibrary.org/obo/HP_0004311,Abnormal macrophage morphology,equivalentClass,characteristic of part of,has part some > characteristic of part of some,restriction_filler,False,False,http://purl.obolibrary.org/obo/CL_0000235,macrophage,False,,,,,True
http://purl.obolibrary.org/obo/HP_0032253,Eosinophilic granuloma,inherited,http://purl.obolibrary.org/obo/HP_0001881,Abnormal leukocyte morphology,equivalentClass,characteristic of part of,has part some > characteristic of part of some,restriction_filler,False,False,http://purl.obolibrary.org/obo/CL_0000738,leukocyte,False,,,,,True
http://purl.obolibrary.org/obo/HP_0032253,Eosinophilic granuloma,inherited,http://purl.obolibrary.org/obo/HP_0010974,Abnormal myeloid leukocyte morphology,equivalentClass,characteristic of,has part some > characteristic of some,restriction_filler,False,False,http://purl.obolibrary.org/obo/CL_0000766,myeloid leukocyte,False,,,,,True
http://purl.obolibrary.org/obo/HP_0032288,Polyclonal elevation of circulating IgG concentration,inherited,http://purl.obolibrary.org/obo/HP_0025354,Abnormal cellular phenotype,equivalentClass,characteristic of part of,has part some > characteristic of part of some,restriction_filler,False,False,http://purl.obolibrary.org/obo/CL_0000000,cell,False,,,,,True
http://purl.obolibrary.org/obo/HP_0032288,Polyclonal elevation of circulating IgG concentration,inherited,http://purl.obolibrary.org/obo/HP_0011017,Abnormal cellular physiology,equivalentClass,characteristic of,has part some > characteristic of some,restriction_filler,False,False,http://purl.obolibrary.org/obo/CL_0000000,cell,False,,,,,True
http://purl.obolibrary.org/obo/HP_0032288,Polyclonal elevation of circulating IgG concentration,inherited,http://purl.obolibrary.org/obo/HP_0005372,Abnormal B cell physiology,equivalentClass,characteristic of,has part some > characteristic of some,restriction_filler,False,False,http://purl.obolibrary.org/obo/CL_0000236,B cell,False,,,,,True
http://purl.obolibrary.org/obo/HP_0032289,Oligoclonal elevation of circulating IgG concentration,inherited,http://purl.obolibrary.org/obo/HP_0025354,Abnormal cellular phenotype,equivalentClass,characteristic of part of,has part some > characteristic of part of some,restriction_filler,False,False,http://purl.obolibrary.org/obo/CL_0000000,cell,False,,,,,True
http://purl.obolibrary.org/obo/HP_0032289,Oligoclonal elevation of circulating IgG concentration,inherited,http://purl.obolibrary.org/obo/HP_0011017,Abnormal cellular physiology,equivalentClass,characteristic of,has part some > characteristic of some,restriction_filler,False,False,http://purl.obolibrary.org/obo/CL_0000000,cell,False,,,,,True
http://purl.obolibrary.org/obo/HP_0032289,Oligoclonal elevation of circulating IgG concentration,inherited,http://purl.obolibrary.org/obo/HP_0005372,Abnormal B cell physiology,equivalentClass,characteristic of,has part some > characteristic of some,restriction_filler,False,False,http://purl.obolibrary.org/obo/CL_0000236,B cell,False,,,,,True
http://purl.obolibrary.org/obo/HP_0032290,Monoclonal elevation of circulating IgG concentration,inherited,http://purl.obolibrary.org/obo/HP_0025354,Abnormal cellular phenotype,equivalentClass,characteristic of part of,has part some > characteristic of part of some,restriction_filler,False,False,http://purl.obolibrary.org/obo/CL_0000000,cell,False,,,,,True
http://purl.obolibrary.org/obo/HP_0032290,Monoclonal elevation of circulating IgG concentration,inherited,http://purl.obolibrary.org/obo/HP_0011017,Abnormal cellular physiology,equivalentClass,characteristic of,has part some > characteristic of some,restriction_filler,False,False,http://purl.obolibrary.org/obo/CL_0000000,cell,False,,,,,True
http://purl.obolibrary.org/obo/HP_0032290,Monoclonal elevation of circulating IgG concentration,inherited,http://purl.obolibrary.org/obo/HP_0005372,Abnormal B cell physiology,equivalentClass,characteristic of,has part some > characteristic of some,restriction_filler,False,False,http://purl.obolibrary.org/obo/CL_0000236,B cell,False,,,,,True
http://purl.obolibrary.org/obo/HP_0032291,Monoclonal elevation of circulating intact IgG concentration,inherited,http://purl.obolibrary.org/obo/HP_0025354,Abnormal cellular phenotype,equivalentClass,characteristic of part of,has part some > characteristic of part of some,restriction_filler,False,False,http://purl.obolibrary.org/obo/CL_0000000,cell,False,,,,,True
http://purl.obolibrary.org/obo/HP_0032291,Monoclonal elevation of circulating intact IgG concentration,inherited,http://purl.obolibrary.org/obo/HP_0011017,Abnormal cellular physiology,equivalentClass,characteristic of,has part some > characteristic of some,restriction_filler,False,False,http://purl.obolibrary.org/obo/CL_0000000,cell,False,,,,,True
http://purl.obolibrary.org/obo/HP_0032291,Monoclonal elevation of circulating intact IgG concentration,inherited,http://purl.obolibrary.org/obo/HP_0005372,Abnormal B cell physiology,equivalentClass,characteristic of,has part some > characteristic of some,restriction_filler,False,False,http://purl.obolibrary.org/obo/CL_0000236,B cell,False,,,,,True
http://purl.obolibrary.org/obo/HP_0032292,Monoclonal elevation of circulating IgG light chain concentration,inherited,http://purl.obolibrary.org/obo/HP_0025354,Abnormal cellular phenotype,equivalentClass,characteristic of part of,has part some > characteristic of part of some,restriction_filler,False,False,http://purl.obolibrary.org/obo/CL_0000000,cell,False,,,,,True
http://purl.obolibrary.org/obo/HP_0032292,Monoclonal elevation of circulating IgG light chain concentration,inherited,http://purl.obolibrary.org/obo/HP_0011017,Abnormal cellular physiology,equivalentClass,characteristic of,has part some > characteristic of some,restriction_filler,False,False,http://purl.obolibrary.org/obo/CL_0000000,cell,False,,,,,True
http://purl.obolibrary.org/obo/HP_0032292,Monoclonal elevation of circulating IgG light chain concentration,inherited,http://purl.obolibrary.org/obo/HP_0005372,Abnormal B cell physiology,equivalentClass,characteristic of,has part some > characteristic of some,restriction_filler,False,False,http://purl.obolibrary.org/obo/CL_0000236,B cell,False,,,,,True
http://purl.obolibrary.org/obo/HP_0032293,Monoclonal elevation of circulating IgG heavy chain concentration,inherited,http://purl.obolibrary.org/obo/HP_0025354,Abnormal cellular phenotype,equivalentClass,characteristic of part of,has part some > characteristic of part of some,restriction_filler,False,False,http://purl.obolibrary.org/obo/CL_0000000,cell,False,,,,,True
http://purl.obolibrary.org/obo/HP_0032293,Monoclonal elevation of circulating IgG heavy chain concentration,inherited,http://purl.obolibrary.org/obo/HP_0011017,Abnormal cellular physiology,equivalentClass,characteristic of,has part some > characteristic of some,restriction_filler,False,False,http://purl.obolibrary.org/obo/CL_0000000,cell,False,,,,,True
http://purl.obolibrary.org/obo/HP_0032293,Monoclonal elevation of circulating IgG heavy chain concentration,inherited,http://purl.obolibrary.org/obo/HP_0005372,Abnormal B cell physiology,equivalentClass,characteristic of,has part some > characteristic of some,restriction_filler,False,False,http://purl.obolibrary.org/obo/CL_0000236,B cell,False,,,,,True
http://purl.obolibrary.org/obo/HP_0032294,Monoclonal elevation of IgG kappa chain,inherited,http://purl.obolibrary.org/obo/HP_0025354,Abnormal cellular phenotype,equivalentClass,characteristic of part of,has part some > characteristic of part of some,restriction_filler,False,False,http://purl.obolibrary.org/obo/CL_0000000,cell,False,,,,,True
http://purl.obolibrary.org/obo/HP_0032294,Monoclonal elevation of IgG kappa chain,inherited,http://purl.obolibrary.org/obo/HP_0011017,Abnormal cellular physiology,equivalentClass,characteristic of,has part some > characteristic of some,restriction_filler,False,False,http://purl.obolibrary.org/obo/CL_0000000,cell,False,,,,,True
http://purl.obolibrary.org/obo/HP_0032294,Monoclonal elevation of IgG kappa chain,inherited,http://purl.obolibrary.org/obo/HP_0005372,Abnormal B cell physiology,equivalentClass,characteristic of,has part some > characteristic of some,restriction_filler,False,False,http://purl.obolibrary.org/obo/CL_0000236,B cell,False,,,,,True
http://purl.obolibrary.org/obo/HP_0032295,Monoclonal elevation of IgG lambda chain,inherited,http://purl.obolibrary.org/obo/HP_0025354,Abnormal cellular phenotype,equivalentClass,characteristic of part of,has part some > characteristic of part of some,restriction_filler,False,False,http://purl.obolibrary.org/obo/CL_0000000,cell,False,,,,,True
http://purl.obolibrary.org/obo/HP_0032295,Monoclonal elevation of IgG lambda chain,inherited,http://purl.obolibrary.org/obo/HP_0011017,Abnormal cellular physiology,equivalentClass,characteristic of,has part some > characteristic of some,restriction_filler,False,False,http://purl.obolibrary.org/obo/CL_0000000,cell,False,,,,,True
http://purl.obolibrary.org/obo/HP_0032295,Monoclonal elevation of IgG lambda chain,inherited,http://purl.obolibrary.org/obo/HP_0005372,Abnormal B cell physiology,equivalentClass,characteristic of,has part some > characteristic of some,restriction_filler,False,False,http://purl.obolibrary.org/obo/CL_0000236,B cell,False,,,,,True
http://purl.obolibrary.org/obo/HP_0032296,Increased circulating IgG subclass concentration,inherited,http://purl.obolibrary.org/obo/HP_0025354,Abnormal cellular phenotype,equivalentClass,characteristic of part of,has part some > characteristic of part of some,restriction_filler,False,False,http://purl.obolibrary.org/obo/CL_0000000,cell,False,,,,,True
http://purl.obolibrary.org/obo/HP_0032296,Increased circulating IgG subclass concentration,inherited,http://purl.obolibrary.org/obo/HP_0011017,Abnormal cellular physiology,equivalentClass,characteristic of,has part some > characteristic of some,restriction_filler,False,False,http://purl.obolibrary.org/obo/CL_0000000,cell,False,,,,,True
http://purl.obolibrary.org/obo/HP_0032296,Increased circulating IgG subclass concentration,inherited,http://purl.obolibrary.org/obo/HP_0005372,Abnormal B cell physiology,equivalentClass,characteristic of,has part some > characteristic of some,restriction_filler,False,False,http://purl.obolibrary.org/obo/CL_0000236,B cell,False,,,,,True
http://purl.obolibrary.org/obo/HP_0032297,Increased circulating IgG3 concentration,inherited,http://purl.obolibrary.org/obo/HP_0025354,Abnormal cellular phenotype,equivalentClass,characteristic of part of,has part some > characteristic of part of some,restriction_filler,False,False,http://purl.obolibrary.org/obo/CL_0000000,cell,False,,,,,True
http://purl.obolibrary.org/obo/HP_0032297,Increased circulating IgG3 concentration,inherited,http://purl.obolibrary.org/obo/HP_0011017,Abnormal cellular physiology,equivalentClass,characteristic of,has part some > characteristic of some,restriction_filler,False,False,http://purl.obolibrary.org/obo/CL_0000000,cell,False,,,,,True
http://purl.obolibrary.org/obo/HP_0032297,Increased circulating IgG3 concentration,inherited,http://purl.obolibrary.org/obo/HP_0005372,Abnormal B cell physiology,equivalentClass,characteristic of,has part some > characteristic of some,restriction_filler,False,False,http://purl.obolibrary.org/obo/CL_0000236,B cell,False,,,,,True
http://purl.obolibrary.org/obo/HP_0032298,Increased circulating IgG1 concentration,inherited,http://purl.obolibrary.org/obo/HP_0025354,Abnormal cellular phenotype,equivalentClass,characteristic of part of,has part some > characteristic of part of some,restriction_filler,False,False,http://purl.obolibrary.org/obo/CL_0000000,cell,False,,,,,True
http://purl.obolibrary.org/obo/HP_0032298,Increased circulating IgG1 concentration,inherited,http://purl.obolibrary.org/obo/HP_0011017,Abnormal cellular physiology,equivalentClass,characteristic of,has part some > characteristic of some,restriction_filler,False,False,http://purl.obolibrary.org/obo/CL_0000000,cell,False,,,,,True
http://purl.obolibrary.org/obo/HP_0032298,Increased circulating IgG1 concentration,inherited,http://purl.obolibrary.org/obo/HP_0005372,Abnormal B cell physiology,equivalentClass,characteristic of,has part some > characteristic of some,restriction_filler,False,False,http://purl.obolibrary.org/obo/CL_0000236,B cell,False,,,,,True
http://purl.obolibrary.org/obo/HP_0032299,Increased circulating IgG2 concentration,inherited,http://purl.obolibrary.org/obo/HP_0025354,Abnormal cellular phenotype,equivalentClass,characteristic of part of,has part some > characteristic of part of some,restriction_filler,False,False,http://purl.obolibrary.org/obo/CL_0000000,cell,False,,,,,True
http://purl.obolibrary.org/obo/HP_0032299,Increased circulating IgG2 concentration,inherited,http://purl.obolibrary.org/obo/HP_0011017,Abnormal cellular physiology,equivalentClass,characteristic of,has part some > characteristic of some,restriction_filler,False,False,http://purl.obolibrary.org/obo/CL_0000000,cell,False,,,,,True
http://purl.obolibrary.org/obo/HP_0032299,Increased circulating IgG2 concentration,inherited,http://purl.obolibrary.org/obo/HP_0005372,Abnormal B cell physiology,equivalentClass,characteristic of,has part some > characteristic of some,restriction_filler,False,False,http://purl.obolibrary.org/obo/CL_0000236,B cell,False,,,,,True
http://purl.obolibrary.org/obo/HP_0032300,Increased circulating IgG4 concentration,inherited,http://purl.obolibrary.org/obo/HP_0025354,Abnormal cellular phenotype,equivalentClass,characteristic of part of,has part some > characteristic of part of some,restriction_filler,False,False,http://purl.obolibrary.org/obo/CL_0000000,cell,False,,,,,True
http://purl.obolibrary.org/obo/HP_0032300,Increased circulating IgG4 concentration,inherited,http://purl.obolibrary.org/obo/HP_0011017,Abnormal cellular physiology,equivalentClass,characteristic of,has part some > characteristic of some,restriction_filler,False,False,http://purl.obolibrary.org/obo/CL_0000000,cell,False,,,,,True
http://purl.obolibrary.org/obo/HP_0032300,Increased circulating IgG4 concentration,inherited,http://purl.obolibrary.org/obo/HP_0005372,Abnormal B cell physiology,equivalentClass,characteristic of,has part some > characteristic of some,restriction_filler,False,False,http://purl.obolibrary.org/obo/CL_0000236,B cell,False,,,,,True
http://purl.obolibrary.org/obo/HP_0032309,Abnormal granulocyte count,inherited,http://purl.obolibrary.org/obo/HP_0001911,Abnormal granulocyte morphology,equivalentClass,characteristic of part of,has part some > characteristic of part of some,restriction_filler,False,False,http://purl.obolibrary.org/obo/CL_0000094,granulocyte,False,,,,,True
http://purl.obolibrary.org/obo/HP_0032309,Abnormal granulocyte count,inherited,http://purl.obolibrary.org/obo/HP_0001881,Abnormal leukocyte morphology,equivalentClass,characteristic of part of,has part some > characteristic of part of some,restriction_filler,False,False,http://purl.obolibrary.org/obo/CL_0000738,leukocyte,False,,,,,True
http://purl.obolibrary.org/obo/HP_0032309,Abnormal granulocyte count,inherited,http://purl.obolibrary.org/obo/HP_0011893,Abnormal leukocyte count,equivalentClass,characteristic of,has part some > characteristic of some,restriction_filler,False,False,http://purl.obolibrary.org/obo/CL_0000738,leukocyte,False,,,,,True
http://purl.obolibrary.org/obo/HP_0032309,Abnormal granulocyte count,inherited,http://purl.obolibrary.org/obo/HP_0010974,Abnormal myeloid leukocyte morphology,equivalentClass,characteristic of,has part some > characteristic of some,restriction_filler,False,False,http://purl.obolibrary.org/obo/CL_0000766,myeloid leukocyte,False,,,,,True
http://purl.obolibrary.org/obo/HP_0032310,Increased total granulocyte count,inherited,http://purl.obolibrary.org/obo/HP_0001911,Abnormal granulocyte morphology,equivalentClass,characteristic of part of,has part some > characteristic of part of some,restriction_filler,False,False,http://purl.obolibrary.org/obo/CL_0000094,granulocyte,False,,,,,True
http://purl.obolibrary.org/obo/HP_0032310,Increased total granulocyte count,inherited,http://purl.obolibrary.org/obo/HP_0001881,Abnormal leukocyte morphology,equivalentClass,characteristic of part of,has part some > characteristic of part of some,restriction_filler,False,False,http://purl.obolibrary.org/obo/CL_0000738,leukocyte,False,,,,,True
http://purl.obolibrary.org/obo/HP_0032310,Increased total granulocyte count,inherited,http://purl.obolibrary.org/obo/HP_0011893,Abnormal leukocyte count,equivalentClass,characteristic of,has part some > characteristic of some,restriction_filler,False,False,http://purl.obolibrary.org/obo/CL_0000738,leukocyte,False,,,,,True
http://purl.obolibrary.org/obo/HP_0032310,Increased total granulocyte count,inherited,http://purl.obolibrary.org/obo/HP_0010974,Abnormal myeloid leukocyte morphology,equivalentClass,characteristic of,has part some > characteristic of some,restriction_filler,False,False,http://purl.obolibrary.org/obo/CL_0000766,myeloid leukocyte,False,,,,,True
http://purl.obolibrary.org/obo/HP_0032332,Oligoclonal elevation of circulating IgM concentration,inherited,http://purl.obolibrary.org/obo/HP_0025354,Abnormal cellular phenotype,equivalentClass,characteristic of part of,has part some > characteristic of part of some,restriction_filler,False,False,http://purl.obolibrary.org/obo/CL_0000000,cell,False,,,,,True
http://purl.obolibrary.org/obo/HP_0032332,Oligoclonal elevation of circulating IgM concentration,inherited,http://purl.obolibrary.org/obo/HP_0011017,Abnormal cellular physiology,equivalentClass,characteristic of,has part some > characteristic of some,restriction_filler,False,False,http://purl.obolibrary.org/obo/CL_0000000,cell,False,,,,,True
http://purl.obolibrary.org/obo/HP_0032332,Oligoclonal elevation of circulating IgM concentration,inherited,http://purl.obolibrary.org/obo/HP_0005372,Abnormal B cell physiology,equivalentClass,characteristic of,has part some > characteristic of some,restriction_filler,False,False,http://purl.obolibrary.org/obo/CL_0000236,B cell,False,,,,,True
http://purl.obolibrary.org/obo/HP_0032333,Polyclonal elevation of circulating IgA,inherited,http://purl.obolibrary.org/obo/HP_0025354,Abnormal cellular phenotype,equivalentClass,characteristic of part of,has part some > characteristic of part of some,restriction_filler,False,False,http://purl.obolibrary.org/obo/CL_0000000,cell,False,,,,,True
http://purl.obolibrary.org/obo/HP_0032333,Polyclonal elevation of circulating IgA,inherited,http://purl.obolibrary.org/obo/HP_0011017,Abnormal cellular physiology,equivalentClass,characteristic of,has part some > characteristic of some,restriction_filler,False,False,http://purl.obolibrary.org/obo/CL_0000000,cell,False,,,,,True
http://purl.obolibrary.org/obo/HP_0032333,Polyclonal elevation of circulating IgA,inherited,http://purl.obolibrary.org/obo/HP_0005372,Abnormal B cell physiology,equivalentClass,characteristic of,has part some > characteristic of some,restriction_filler,False,False,http://purl.obolibrary.org/obo/CL_0000236,B cell,False,,,,,True
http://purl.obolibrary.org/obo/HP_0032334,Oligoclonal elevation of circulating IgA,inherited,http://purl.obolibrary.org/obo/HP_0025354,Abnormal cellular phenotype,equivalentClass,characteristic of part of,has part some > characteristic of part of some,restriction_filler,False,False,http://purl.obolibrary.org/obo/CL_0000000,cell,False,,,,,True
http://purl.obolibrary.org/obo/HP_0032334,Oligoclonal elevation of circulating IgA,inherited,http://purl.obolibrary.org/obo/HP_0011017,Abnormal cellular physiology,equivalentClass,characteristic of,has part some > characteristic of some,restriction_filler,False,False,http://purl.obolibrary.org/obo/CL_0000000,cell,False,,,,,True
http://purl.obolibrary.org/obo/HP_0032334,Oligoclonal elevation of circulating IgA,inherited,http://purl.obolibrary.org/obo/HP_0005372,Abnormal B cell physiology,equivalentClass,characteristic of,has part some > characteristic of some,restriction_filler,False,False,http://purl.obolibrary.org/obo/CL_0000236,B cell,False,,,,,True
http://purl.obolibrary.org/obo/HP_0032335,Monoclonal elevation of circulating IgA,inherited,http://purl.obolibrary.org/obo/HP_0025354,Abnormal cellular phenotype,equivalentClass,characteristic of part of,has part some > characteristic of part of some,restriction_filler,False,False,http://purl.obolibrary.org/obo/CL_0000000,cell,False,,,,,True
http://purl.obolibrary.org/obo/HP_0032335,Monoclonal elevation of circulating IgA,inherited,http://purl.obolibrary.org/obo/HP_0011017,Abnormal cellular physiology,equivalentClass,characteristic of,has part some > characteristic of some,restriction_filler,False,False,http://purl.obolibrary.org/obo/CL_0000000,cell,False,,,,,True
http://purl.obolibrary.org/obo/HP_0032335,Monoclonal elevation of circulating IgA,inherited,http://purl.obolibrary.org/obo/HP_0005372,Abnormal B cell physiology,equivalentClass,characteristic of,has part some > characteristic of some,restriction_filler,False,False,http://purl.obolibrary.org/obo/CL_0000236,B cell,False,,,,,True
http://purl.obolibrary.org/obo/HP_0032336,Increased circulating specific IgE antibody concentration,inherited,http://purl.obolibrary.org/obo/HP_0025354,Abnormal cellular phenotype,equivalentClass,characteristic of part of,has part some > characteristic of part of some,restriction_filler,False,False,http://purl.obolibrary.org/obo/CL_0000000,cell,False,,,,,True
http://purl.obolibrary.org/obo/HP_0032336,Increased circulating specific IgE antibody concentration,inherited,http://purl.obolibrary.org/obo/HP_0011017,Abnormal cellular physiology,equivalentClass,characteristic of,has part some > characteristic of some,restriction_filler,False,False,http://purl.obolibrary.org/obo/CL_0000000,cell,False,,,,,True
http://purl.obolibrary.org/obo/HP_0032336,Increased circulating specific IgE antibody concentration,inherited,http://purl.obolibrary.org/obo/HP_0005372,Abnormal B cell physiology,equivalentClass,characteristic of,has part some > characteristic of some,restriction_filler,False,False,http://purl.obolibrary.org/obo/CL_0000236,B cell,False,,,,,True
http://purl.obolibrary.org/obo/HP_0032337,Monoclonal elevated circulating IgE concentration,inherited,http://purl.obolibrary.org/obo/HP_0025354,Abnormal cellular phenotype,equivalentClass,characteristic of part of,has part some > characteristic of part of some,restriction_filler,False,False,http://purl.obolibrary.org/obo/CL_0000000,cell,False,,,,,True
http://purl.obolibrary.org/obo/HP_0032337,Monoclonal elevated circulating IgE concentration,inherited,http://purl.obolibrary.org/obo/HP_0011017,Abnormal cellular physiology,equivalentClass,characteristic of,has part some > characteristic of some,restriction_filler,False,False,http://purl.obolibrary.org/obo/CL_0000000,cell,False,,,,,True
http://purl.obolibrary.org/obo/HP_0032337,Monoclonal elevated circulating IgE concentration,inherited,http://purl.obolibrary.org/obo/HP_0005372,Abnormal B cell physiology,equivalentClass,characteristic of,has part some > characteristic of some,restriction_filler,False,False,http://purl.obolibrary.org/obo/CL_0000236,B cell,False,,,,,True
http://purl.obolibrary.org/obo/HP_0032338,Oligoclonal elevated circulating IgE concentration,inherited,http://purl.obolibrary.org/obo/HP_0025354,Abnormal cellular phenotype,equivalentClass,characteristic of part of,has part some > characteristic of part of some,restriction_filler,False,False,http://purl.obolibrary.org/obo/CL_0000000,cell,False,,,,,True
http://purl.obolibrary.org/obo/HP_0032338,Oligoclonal elevated circulating IgE concentration,inherited,http://purl.obolibrary.org/obo/HP_0011017,Abnormal cellular physiology,equivalentClass,characteristic of,has part some > characteristic of some,restriction_filler,False,False,http://purl.obolibrary.org/obo/CL_0000000,cell,False,,,,,True
http://purl.obolibrary.org/obo/HP_0032338,Oligoclonal elevated circulating IgE concentration,inherited,http://purl.obolibrary.org/obo/HP_0005372,Abnormal B cell physiology,equivalentClass,characteristic of,has part some > characteristic of some,restriction_filler,False,False,http://purl.obolibrary.org/obo/CL_0000236,B cell,False,,,,,True
http://purl.obolibrary.org/obo/HP_0032339,Polyclonal elevated circulating IgE concentration,inherited,http://purl.obolibrary.org/obo/HP_0025354,Abnormal cellular phenotype,equivalentClass,characteristic of part of,has part some > characteristic of part of some,restriction_filler,False,False,http://purl.obolibrary.org/obo/CL_0000000,cell,False,,,,,True
http://purl.obolibrary.org/obo/HP_0032339,Polyclonal elevated circulating IgE concentration,inherited,http://purl.obolibrary.org/obo/HP_0011017,Abnormal cellular physiology,equivalentClass,characteristic of,has part some > characteristic of some,restriction_filler,False,False,http://purl.obolibrary.org/obo/CL_0000000,cell,False,,,,,True
http://purl.obolibrary.org/obo/HP_0032339,Polyclonal elevated circulating IgE concentration,inherited,http://purl.obolibrary.org/obo/HP_0005372,Abnormal B cell physiology,equivalentClass,characteristic of,has part some > characteristic of some,restriction_filler,False,False,http://purl.obolibrary.org/obo/CL_0000236,B cell,False,,,,,True
http://purl.obolibrary.org/obo/HP_0032372,Increased peripheral blast count,inherited,http://purl.obolibrary.org/obo/HP_0001881,Abnormal leukocyte morphology,equivalentClass,characteristic of part of,has part some > characteristic of part of some,restriction_filler,False,False,http://purl.obolibrary.org/obo/CL_0000738,leukocyte,False,,,,,True
http://purl.obolibrary.org/obo/HP_0032372,Increased peripheral blast count,inherited,http://purl.obolibrary.org/obo/HP_0011893,Abnormal leukocyte count,equivalentClass,characteristic of,has part some > characteristic of some,restriction_filler,False,False,http://purl.obolibrary.org/obo/CL_0000738,leukocyte,False,,,,,True
http://purl.obolibrary.org/obo/HP_0032388,Periventricular nodular heterotopia,inherited,http://purl.obolibrary.org/obo/HP_0002282,Gray matter heterotopia,equivalentClass,characteristic of,has part some > characteristic of some,restriction_filler,False,False,http://purl.obolibrary.org/obo/CL_0002319,neural cell,False,,,,,True
http://purl.obolibrary.org/obo/HP_0032389,Periventricular laminar heterotopia,inherited,http://purl.obolibrary.org/obo/HP_0002282,Gray matter heterotopia,equivalentClass,characteristic of,has part some > characteristic of some,restriction_filler,False,False,http://purl.obolibrary.org/obo/CL_0002319,neural cell,False,,,,,True
http://purl.obolibrary.org/obo/HP_0032390,Periventricular ribbonlike heterotopia,inherited,http://purl.obolibrary.org/obo/HP_0002282,Gray matter heterotopia,equivalentClass,characteristic of,has part some > characteristic of some,restriction_filler,False,False,http://purl.obolibrary.org/obo/CL_0002319,neural cell,False,,,,,True
http://purl.obolibrary.org/obo/HP_0032391,Subcortical heterotopia,inherited,http://purl.obolibrary.org/obo/HP_0002282,Gray matter heterotopia,equivalentClass,characteristic of,has part some > characteristic of some,restriction_filler,False,False,http://purl.obolibrary.org/obo/CL_0002319,neural cell,False,,,,,True
http://purl.obolibrary.org/obo/HP_0032392,Nodular subcortical heterotopia in peritrigonal regions,inherited,http://purl.obolibrary.org/obo/HP_0002282,Gray matter heterotopia,equivalentClass,characteristic of,has part some > characteristic of some,restriction_filler,False,False,http://purl.obolibrary.org/obo/CL_0002319,neural cell,False,,,,,True
http://purl.obolibrary.org/obo/HP_0032393,Diffuse ribbon-like subcortical heterotopia,inherited,http://purl.obolibrary.org/obo/HP_0002282,Gray matter heterotopia,equivalentClass,characteristic of,has part some > characteristic of some,restriction_filler,False,False,http://purl.obolibrary.org/obo/CL_0002319,neural cell,False,,,,,True
http://purl.obolibrary.org/obo/HP_0032394,Mesial parasagittal subcortical heterotopia,inherited,http://purl.obolibrary.org/obo/HP_0002282,Gray matter heterotopia,equivalentClass,characteristic of,has part some > characteristic of some,restriction_filler,False,False,http://purl.obolibrary.org/obo/CL_0002319,neural cell,False,,,,,True
http://purl.obolibrary.org/obo/HP_0032395,Curvilinear subcortical heterotopia,inherited,http://purl.obolibrary.org/obo/HP_0002282,Gray matter heterotopia,equivalentClass,characteristic of,has part some > characteristic of some,restriction_filler,False,False,http://purl.obolibrary.org/obo/CL_0002319,neural cell,False,,,,,True
http://purl.obolibrary.org/obo/HP_0032396,Transmantle columnar heterotopia,inherited,http://purl.obolibrary.org/obo/HP_0002282,Gray matter heterotopia,equivalentClass,characteristic of,has part some > characteristic of some,restriction_filler,False,False,http://purl.obolibrary.org/obo/CL_0002319,neural cell,False,,,,,True
http://purl.obolibrary.org/obo/HP_0032409,Subcortical band heterotopia,inherited,http://purl.obolibrary.org/obo/HP_0002282,Gray matter heterotopia,equivalentClass,characteristic of,has part some > characteristic of some,restriction_filler,False,False,http://purl.obolibrary.org/obo/CL_0002319,neural cell,False,,,,,True
http://purl.obolibrary.org/obo/HP_0032411,Posterior predominant subcortical band heterotopia,inherited,http://purl.obolibrary.org/obo/HP_0002282,Gray matter heterotopia,equivalentClass,characteristic of,has part some > characteristic of some,restriction_filler,False,False,http://purl.obolibrary.org/obo/CL_0002319,neural cell,False,,,,,True
http://purl.obolibrary.org/obo/HP_0032412,Anterior predominant subcortical band heterotopia,inherited,http://purl.obolibrary.org/obo/HP_0002282,Gray matter heterotopia,equivalentClass,characteristic of,has part some > characteristic of some,restriction_filler,False,False,http://purl.obolibrary.org/obo/CL_0002319,neural cell,False,,,,,True
http://purl.obolibrary.org/obo/HP_0032413,Diffuse subcortical band heterotopia,inherited,http://purl.obolibrary.org/obo/HP_0002282,Gray matter heterotopia,equivalentClass,characteristic of,has part some > characteristic of some,restriction_filler,False,False,http://purl.obolibrary.org/obo/CL_0002319,neural cell,False,,,,,True
http://purl.obolibrary.org/obo/HP_0032438,Platelet anisocytosis,inherited,http://purl.obolibrary.org/obo/HP_0001872,Abnormality of thrombocytes,equivalentClass,characteristic of part of,has part some > characteristic of part of some,restriction_filler,False,False,http://purl.obolibrary.org/obo/CL_0000233,platelet,False,,,,,True
http://purl.obolibrary.org/obo/HP_0032438,Platelet anisocytosis,inherited,http://purl.obolibrary.org/obo/HP_0011875,Abnormal platelet morphology,equivalentClass,characteristic of,has part some > characteristic of some,restriction_filler,False,False,http://purl.obolibrary.org/obo/CL_0000233,platelet,False,,,,,True
http://purl.obolibrary.org/obo/HP_0032455,Reduced granulocyte CD18 level,inherited,http://purl.obolibrary.org/obo/HP_0025354,Abnormal cellular phenotype,equivalentClass,characteristic of part of,has part some > characteristic of part of some,restriction_filler,False,False,http://purl.obolibrary.org/obo/CL_0000000,cell,False,,,,,True
http://purl.obolibrary.org/obo/HP_0032499,Giant neutrophil granules,inherited,http://purl.obolibrary.org/obo/HP_0001911,Abnormal granulocyte morphology,equivalentClass,characteristic of part of,has part some > characteristic of part of some,restriction_filler,False,False,http://purl.obolibrary.org/obo/CL_0000094,granulocyte,False,,,,,True
http://purl.obolibrary.org/obo/HP_0032499,Giant neutrophil granules,inherited,http://purl.obolibrary.org/obo/HP_0001881,Abnormal leukocyte morphology,equivalentClass,characteristic of part of,has part some > characteristic of part of some,restriction_filler,False,False,http://purl.obolibrary.org/obo/CL_0000738,leukocyte,False,,,,,True
http://purl.obolibrary.org/obo/HP_0032499,Giant neutrophil granules,inherited,http://purl.obolibrary.org/obo/HP_0010974,Abnormal myeloid leukocyte morphology,equivalentClass,characteristic of,has part some > characteristic of some,restriction_filler,False,False,http://purl.obolibrary.org/obo/CL_0000766,myeloid leukocyte,False,,,,,True
http://purl.obolibrary.org/obo/HP_0032499,Giant neutrophil granules,inherited,http://purl.obolibrary.org/obo/HP_0001874,Abnormality of neutrophils,equivalentClass,characteristic of part of,has part some > characteristic of part of some,restriction_filler,False,False,http://purl.obolibrary.org/obo/CL_0000775,neutrophil,False,,,,,True
http://purl.obolibrary.org/obo/HP_0032519,Increased Burr cell count,inherited,http://purl.obolibrary.org/obo/HP_0001877,Abnormal erythrocyte morphology,equivalentClass,characteristic of part of,has part some > characteristic of part of some,restriction_filler,False,False,http://purl.obolibrary.org/obo/CL_0000232,erythrocyte,False,,,,,True
http://purl.obolibrary.org/obo/HP_0032550,Howell-Jolly bodies,inherited,http://purl.obolibrary.org/obo/HP_0001877,Abnormal erythrocyte morphology,equivalentClass,characteristic of part of,has part some > characteristic of part of some,restriction_filler,False,False,http://purl.obolibrary.org/obo/CL_0000232,erythrocyte,False,,,,,True
http://purl.obolibrary.org/obo/HP_0032558,Absent sperm flagella,inherited,http://purl.obolibrary.org/obo/HP_0012863,Abnormal male germ cell morphology,equivalentClass,characteristic of,has part some > characteristic of some,restriction_filler,False,False,http://purl.obolibrary.org/obo/CL_0000015,male germ cell,False,,,,,True
http://purl.obolibrary.org/obo/HP_0032558,Absent sperm flagella,inherited,http://purl.obolibrary.org/obo/HP_0012864,Abnormal sperm morphology,equivalentClass,characteristic of,has part some > characteristic of some,restriction_filler,False,False,http://purl.obolibrary.org/obo/CL_0000019,sperm,False,,,,,True
http://purl.obolibrary.org/obo/HP_0032558,Absent sperm flagella,inherited,http://purl.obolibrary.org/obo/HP_0012862,Abnormal germ cell morphology,equivalentClass,characteristic of,has part some > characteristic of some,restriction_filler,False,False,http://purl.obolibrary.org/obo/CL_0000586,germ cell,False,,,,,True
http://purl.obolibrary.org/obo/HP_0032559,Short sperm flagella,inherited,http://purl.obolibrary.org/obo/HP_0012863,Abnormal male germ cell morphology,equivalentClass,characteristic of,has part some > characteristic of some,restriction_filler,False,False,http://purl.obolibrary.org/obo/CL_0000015,male germ cell,False,,,,,True
http://purl.obolibrary.org/obo/HP_0032559,Short sperm flagella,inherited,http://purl.obolibrary.org/obo/HP_0012864,Abnormal sperm morphology,equivalentClass,characteristic of,has part some > characteristic of some,restriction_filler,False,False,http://purl.obolibrary.org/obo/CL_0000019,sperm,False,,,,,True
http://purl.obolibrary.org/obo/HP_0032559,Short sperm flagella,inherited,http://purl.obolibrary.org/obo/HP_0012862,Abnormal germ cell morphology,equivalentClass,characteristic of,has part some > characteristic of some,restriction_filler,False,False,http://purl.obolibrary.org/obo/CL_0000586,germ cell,False,,,,,True
http://purl.obolibrary.org/obo/HP_0032560,Coiled sperm flagella,inherited,http://purl.obolibrary.org/obo/HP_0012863,Abnormal male germ cell morphology,equivalentClass,characteristic of,has part some > characteristic of some,restriction_filler,False,False,http://purl.obolibrary.org/obo/CL_0000015,male germ cell,False,,,,,True
http://purl.obolibrary.org/obo/HP_0032560,Coiled sperm flagella,inherited,http://purl.obolibrary.org/obo/HP_0012864,Abnormal sperm morphology,equivalentClass,characteristic of,has part some > characteristic of some,restriction_filler,False,False,http://purl.obolibrary.org/obo/CL_0000019,sperm,False,,,,,True
http://purl.obolibrary.org/obo/HP_0032560,Coiled sperm flagella,inherited,http://purl.obolibrary.org/obo/HP_0012862,Abnormal germ cell morphology,equivalentClass,characteristic of,has part some > characteristic of some,restriction_filler,False,False,http://purl.obolibrary.org/obo/CL_0000586,germ cell,False,,,,,True
http://purl.obolibrary.org/obo/HP_0032561,Microcephalic sperm head,inherited,http://purl.obolibrary.org/obo/HP_0012863,Abnormal male germ cell morphology,equivalentClass,characteristic of,has part some > characteristic of some,restriction_filler,False,False,http://purl.obolibrary.org/obo/CL_0000015,male germ cell,False,,,,,True
http://purl.obolibrary.org/obo/HP_0032561,Microcephalic sperm head,inherited,http://purl.obolibrary.org/obo/HP_0012864,Abnormal sperm morphology,equivalentClass,characteristic of,has part some > characteristic of some,restriction_filler,False,False,http://purl.obolibrary.org/obo/CL_0000019,sperm,False,,,,,True
http://purl.obolibrary.org/obo/HP_0032561,Microcephalic sperm head,inherited,http://purl.obolibrary.org/obo/HP_0012862,Abnormal germ cell morphology,equivalentClass,characteristic of,has part some > characteristic of some,restriction_filler,False,False,http://purl.obolibrary.org/obo/CL_0000586,germ cell,False,,,,,True
http://purl.obolibrary.org/obo/HP_0032562,Tapered sperm head,inherited,http://purl.obolibrary.org/obo/HP_0012863,Abnormal male germ cell morphology,equivalentClass,characteristic of,has part some > characteristic of some,restriction_filler,False,False,http://purl.obolibrary.org/obo/CL_0000015,male germ cell,False,,,,,True
http://purl.obolibrary.org/obo/HP_0032562,Tapered sperm head,inherited,http://purl.obolibrary.org/obo/HP_0012864,Abnormal sperm morphology,equivalentClass,characteristic of,has part some > characteristic of some,restriction_filler,False,False,http://purl.obolibrary.org/obo/CL_0000019,sperm,False,,,,,True
http://purl.obolibrary.org/obo/HP_0032562,Tapered sperm head,inherited,http://purl.obolibrary.org/obo/HP_0012862,Abnormal germ cell morphology,equivalentClass,characteristic of,has part some > characteristic of some,restriction_filler,False,False,http://purl.obolibrary.org/obo/CL_0000586,germ cell,False,,,,,True
http://purl.obolibrary.org/obo/HP_0032563,Dacryocytosis,inherited,http://purl.obolibrary.org/obo/HP_0001877,Abnormal erythrocyte morphology,equivalentClass,characteristic of part of,has part some > characteristic of part of some,restriction_filler,False,False,http://purl.obolibrary.org/obo/CL_0000232,erythrocyte,False,,,,,True
http://purl.obolibrary.org/obo/HP_0032563,Dacryocytosis,inherited,http://purl.obolibrary.org/obo/HP_0004447,Poikilocytosis,equivalentClass,characteristic of,has part some > characteristic of some,restriction_filler,False,False,http://purl.obolibrary.org/obo/CL_0000232,erythrocyte,False,,,,,True
http://purl.obolibrary.org/obo/HP_0032566,Oval macrocytosis,inherited,http://purl.obolibrary.org/obo/HP_0001877,Abnormal erythrocyte morphology,equivalentClass,characteristic of part of,has part some > characteristic of part of some,restriction_filler,False,False,http://purl.obolibrary.org/obo/CL_0000232,erythrocyte,False,,,,,True
http://purl.obolibrary.org/obo/HP_0032566,Oval macrocytosis,inherited,http://purl.obolibrary.org/obo/HP_0004447,Poikilocytosis,equivalentClass,characteristic of,has part some > characteristic of some,restriction_filler,False,False,http://purl.obolibrary.org/obo/CL_0000232,erythrocyte,False,,,,,True
http://purl.obolibrary.org/obo/HP_0032571,Increased oocyte death,inherited,http://purl.obolibrary.org/obo/HP_0025354,Abnormal cellular phenotype,equivalentClass,characteristic of part of,has part some > characteristic of part of some,restriction_filler,False,False,http://purl.obolibrary.org/obo/CL_0000000,cell,False,,,,,True
http://purl.obolibrary.org/obo/HP_0032571,Increased oocyte death,inherited,http://purl.obolibrary.org/obo/HP_0011017,Abnormal cellular physiology,equivalentClass,characteristic of,has part some > characteristic of some,restriction_filler,False,False,http://purl.obolibrary.org/obo/CL_0000000,cell,False,,,,,True
http://purl.obolibrary.org/obo/HP_0032576,Intracellular accumulation of Dol-PP-GlcNAc2Man5,inherited,http://purl.obolibrary.org/obo/HP_0025354,Abnormal cellular phenotype,equivalentClass,characteristic of part of,has part some > characteristic of part of some,restriction_filler,False,False,http://purl.obolibrary.org/obo/CL_0000000,cell,False,,,,,True
http://purl.obolibrary.org/obo/HP_0032576,Intracellular accumulation of Dol-PP-GlcNAc2Man5,inherited,http://purl.obolibrary.org/obo/HP_0011017,Abnormal cellular physiology,equivalentClass,characteristic of,has part some > characteristic of some,restriction_filler,False,False,http://purl.obolibrary.org/obo/CL_0000000,cell,False,,,,,True
http://purl.obolibrary.org/obo/HP_0032577,Clonal T cell receptor rearrangement,inherited,http://purl.obolibrary.org/obo/HP_0002843,Abnormal T cell morphology,equivalentClass,characteristic of,has part some > characteristic of some,restriction_filler,False,False,http://purl.obolibrary.org/obo/CL_0000084,T cell,False,,,,,True
http://purl.obolibrary.org/obo/HP_0032577,Clonal T cell receptor rearrangement,inherited,http://purl.obolibrary.org/obo/HP_0004332,Abnormal lymphocyte morphology,equivalentClass,characteristic of part of,has part some > characteristic of part of some,restriction_filler,False,False,http://purl.obolibrary.org/obo/CL_0000542,lymphocyte,False,,,,,True
http://purl.obolibrary.org/obo/HP_0032577,Clonal T cell receptor rearrangement,inherited,http://purl.obolibrary.org/obo/HP_0001881,Abnormal leukocyte morphology,equivalentClass,characteristic of part of,has part some > characteristic of part of some,restriction_filler,False,False,http://purl.obolibrary.org/obo/CL_0000738,leukocyte,False,,,,,True
http://purl.obolibrary.org/obo/HP_0032582,Renal interstitial foam cells,inherited,http://purl.obolibrary.org/obo/HP_0003651,Foam cells,equivalentClass,characteristic of,has part some > characteristic of some,restriction_filler,False,False,http://purl.obolibrary.org/obo/CL_0000891,foam cell,False,,,,,True
http://purl.obolibrary.org/obo/HP_0032583,Renal glomerular foam cells,inherited,http://purl.obolibrary.org/obo/HP_0003651,Foam cells,equivalentClass,characteristic of,has part some > characteristic of some,restriction_filler,False,False,http://purl.obolibrary.org/obo/CL_0000891,foam cell,False,,,,,True
http://purl.obolibrary.org/obo/HP_0032595,Renal tubular epithelial cell detachment,inherited,http://purl.obolibrary.org/obo/HP_0032599,Abnormal renal tubular epithelial morphology,equivalentClass,characteristic of,has part some > characteristic of some,intersection_operand,False,False,http://purl.obolibrary.org/obo/CL_0000066,epithelial cell,False,,,,,True
http://purl.obolibrary.org/obo/HP_0032596,Renal tubular epithelial cell cytoplasmic vacuolization,inherited,http://purl.obolibrary.org/obo/HP_0032599,Abnormal renal tubular epithelial morphology,equivalentClass,characteristic of,has part some > characteristic of some,intersection_operand,False,False,http://purl.obolibrary.org/obo/CL_0000066,epithelial cell,False,,,,,True
http://purl.obolibrary.org/obo/HP_0032597,Renal tubular epithelial cell sloughing,inherited,http://purl.obolibrary.org/obo/HP_0032599,Abnormal renal tubular epithelial morphology,equivalentClass,characteristic of,has part some > characteristic of some,intersection_operand,False,False,http://purl.obolibrary.org/obo/CL_0000066,epithelial cell,False,,,,,True
http://purl.obolibrary.org/obo/HP_0032598,Blebbing of apical cytoplasm of renal tubular epithelial cells,inherited,http://purl.obolibrary.org/obo/HP_0032599,Abnormal renal tubular epithelial morphology,equivalentClass,characteristic of,has part some > characteristic of some,intersection_operand,False,False,http://purl.obolibrary.org/obo/CL_0000066,epithelial cell,False,,,,,True
http://purl.obolibrary.org/obo/HP_0032599,Abnormal renal tubular epithelial morphology,direct,http://purl.obolibrary.org/obo/HP_0032599,Abnormal renal tubular epithelial morphology,equivalentClass,characteristic of,has part some > characteristic of some,intersection_operand,False,False,http://purl.obolibrary.org/obo/CL_0000066,epithelial cell,False,,,,,True
http://purl.obolibrary.org/obo/HP_0032600,Renal tubular epithelial cell hyaline droplets,inherited,http://purl.obolibrary.org/obo/HP_0032599,Abnormal renal tubular epithelial morphology,equivalentClass,characteristic of,has part some > characteristic of some,intersection_operand,False,False,http://purl.obolibrary.org/obo/CL_0000066,epithelial cell,False,,,,,True
http://purl.obolibrary.org/obo/HP_0032601,Multinucleation of renal tubular epithelial cells,inherited,http://purl.obolibrary.org/obo/HP_0032599,Abnormal renal tubular epithelial morphology,equivalentClass,characteristic of,has part some > characteristic of some,intersection_operand,False,False,http://purl.obolibrary.org/obo/CL_0000066,epithelial cell,False,,,,,True
http://purl.obolibrary.org/obo/HP_0032602,Prominent nucleoli of renal tubular epithelial cells,inherited,http://purl.obolibrary.org/obo/HP_0032599,Abnormal renal tubular epithelial morphology,equivalentClass,characteristic of,has part some > characteristic of some,intersection_operand,False,False,http://purl.obolibrary.org/obo/CL_0000066,epithelial cell,False,,,,,True
http://purl.obolibrary.org/obo/HP_0032603,Renal tubular epithelial cell simplification,inherited,http://purl.obolibrary.org/obo/HP_0032599,Abnormal renal tubular epithelial morphology,equivalentClass,characteristic of,has part some > characteristic of some,intersection_operand,False,False,http://purl.obolibrary.org/obo/CL_0000066,epithelial cell,False,,,,,True
http://purl.obolibrary.org/obo/HP_0032604,Renal tubular epithelial cell mitosis,inherited,http://purl.obolibrary.org/obo/HP_0032599,Abnormal renal tubular epithelial morphology,equivalentClass,characteristic of,has part some > characteristic of some,intersection_operand,False,False,http://purl.obolibrary.org/obo/CL_0000066,epithelial cell,False,,,,,True
http://purl.obolibrary.org/obo/HP_0032605,High renal tubular epithelial cell N/C ratio,inherited,http://purl.obolibrary.org/obo/HP_0032599,Abnormal renal tubular epithelial morphology,equivalentClass,characteristic of,has part some > characteristic of some,intersection_operand,False,False,http://purl.obolibrary.org/obo/CL_0000066,epithelial cell,False,,,,,True
http://purl.obolibrary.org/obo/HP_0032606,Renal tubular epithelial lipofuscin,inherited,http://purl.obolibrary.org/obo/HP_0032599,Abnormal renal tubular epithelial morphology,equivalentClass,characteristic of,has part some > characteristic of some,intersection_operand,False,False,http://purl.obolibrary.org/obo/CL_0000066,epithelial cell,False,,,,,True
http://purl.obolibrary.org/obo/HP_0032607,Renal tubular epithelial cell swelling,inherited,http://purl.obolibrary.org/obo/HP_0032599,Abnormal renal tubular epithelial morphology,equivalentClass,characteristic of,has part some > characteristic of some,intersection_operand,False,False,http://purl.obolibrary.org/obo/CL_0000066,epithelial cell,False,,,,,True
http://purl.obolibrary.org/obo/HP_0032608,Thyroidization-type tubular atrophy,inherited,http://purl.obolibrary.org/obo/HP_0032599,Abnormal renal tubular epithelial morphology,equivalentClass,characteristic of,has part some > characteristic of some,intersection_operand,False,False,http://purl.obolibrary.org/obo/CL_0000066,epithelial cell,False,,,,,True
http://purl.obolibrary.org/obo/HP_0032609,Endocrine-type tubular atrophy,inherited,http://purl.obolibrary.org/obo/HP_0032599,Abnormal renal tubular epithelial morphology,equivalentClass,characteristic of,has part some > characteristic of some,intersection_operand,False,False,http://purl.obolibrary.org/obo/CL_0000066,epithelial cell,False,,,,,True
http://purl.obolibrary.org/obo/HP_0032611,Renal tubular epithelial cell hemosiderin,inherited,http://purl.obolibrary.org/obo/HP_0032599,Abnormal renal tubular epithelial morphology,equivalentClass,characteristic of,has part some > characteristic of some,intersection_operand,False,False,http://purl.obolibrary.org/obo/CL_0000066,epithelial cell,False,,,,,True
http://purl.obolibrary.org/obo/HP_0032621,Hyperchromasia of renal tubular epithelial cells,inherited,http://purl.obolibrary.org/obo/HP_0032599,Abnormal renal tubular epithelial morphology,equivalentClass,characteristic of,has part some > characteristic of some,intersection_operand,False,False,http://purl.obolibrary.org/obo/CL_0000066,epithelial cell,False,,,,,True
http://purl.obolibrary.org/obo/HP_0032639,Elevated leukocyte cystine,inherited,http://purl.obolibrary.org/obo/HP_0025354,Abnormal cellular phenotype,equivalentClass,characteristic of part of,has part some > characteristic of part of some,restriction_filler,False,False,http://purl.obolibrary.org/obo/CL_0000000,cell,False,,,,,True
http://purl.obolibrary.org/obo/HP_0032639,Elevated leukocyte cystine,inherited,http://purl.obolibrary.org/obo/HP_0011017,Abnormal cellular physiology,equivalentClass,characteristic of,has part some > characteristic of some,restriction_filler,False,False,http://purl.obolibrary.org/obo/CL_0000000,cell,False,,,,,True
http://purl.obolibrary.org/obo/HP_0032639,Elevated leukocyte cystine,inherited,http://purl.obolibrary.org/obo/HP_0003358,Elevated intracellular cystine,equivalentClass,part of,has part some > characteristic of some > part of some,restriction_filler,False,False,http://purl.obolibrary.org/obo/CL_0000000,cell,False,,,,,True
http://purl.obolibrary.org/obo/HP_0032647,Renal tubular epithelial cell apoptosis,inherited,http://purl.obolibrary.org/obo/HP_0032599,Abnormal renal tubular epithelial morphology,equivalentClass,characteristic of,has part some > characteristic of some,intersection_operand,False,False,http://purl.obolibrary.org/obo/CL_0000066,epithelial cell,False,,,,,True
http://purl.obolibrary.org/obo/HP_0032952,Usual-type tubular atrophy,inherited,http://purl.obolibrary.org/obo/HP_0032599,Abnormal renal tubular epithelial morphology,equivalentClass,characteristic of,has part some > characteristic of some,intersection_operand,False,False,http://purl.obolibrary.org/obo/CL_0000066,epithelial cell,False,,,,,True
http://purl.obolibrary.org/obo/HP_0033008,Increased Z-disc width,inherited,http://purl.obolibrary.org/obo/HP_0004303,Abnormal muscle fiber morphology,equivalentClass,characteristic of part of,has part some > characteristic of part of some,restriction_filler,False,False,http://purl.obolibrary.org/obo/CL_0000188,cell of skeletal muscle,False,,,,,True
http://purl.obolibrary.org/obo/HP_0033016,Chronic decreased circulating IgD concentration,inherited,http://purl.obolibrary.org/obo/HP_0025354,Abnormal cellular phenotype,equivalentClass,characteristic of part of,has part some > characteristic of part of some,restriction_filler,False,False,http://purl.obolibrary.org/obo/CL_0000000,cell,False,,,,,True
http://purl.obolibrary.org/obo/HP_0033016,Chronic decreased circulating IgD concentration,inherited,http://purl.obolibrary.org/obo/HP_0011017,Abnormal cellular physiology,equivalentClass,characteristic of,has part some > characteristic of some,restriction_filler,False,False,http://purl.obolibrary.org/obo/CL_0000000,cell,False,,,,,True
http://purl.obolibrary.org/obo/HP_0033016,Chronic decreased circulating IgD concentration,inherited,http://purl.obolibrary.org/obo/HP_0005372,Abnormal B cell physiology,equivalentClass,characteristic of,has part some > characteristic of some,restriction_filler,False,False,http://purl.obolibrary.org/obo/CL_0000236,B cell,False,,,,,True
http://purl.obolibrary.org/obo/HP_0033017,Transient decreased circulating IgD concentration,inherited,http://purl.obolibrary.org/obo/HP_0025354,Abnormal cellular phenotype,equivalentClass,characteristic of part of,has part some > characteristic of part of some,restriction_filler,False,False,http://purl.obolibrary.org/obo/CL_0000000,cell,False,,,,,True
http://purl.obolibrary.org/obo/HP_0033017,Transient decreased circulating IgD concentration,inherited,http://purl.obolibrary.org/obo/HP_0011017,Abnormal cellular physiology,equivalentClass,characteristic of,has part some > characteristic of some,restriction_filler,False,False,http://purl.obolibrary.org/obo/CL_0000000,cell,False,,,,,True
http://purl.obolibrary.org/obo/HP_0033017,Transient decreased circulating IgD concentration,inherited,http://purl.obolibrary.org/obo/HP_0005372,Abnormal B cell physiology,equivalentClass,characteristic of,has part some > characteristic of some,restriction_filler,False,False,http://purl.obolibrary.org/obo/CL_0000236,B cell,False,,,,,True
http://purl.obolibrary.org/obo/HP_0033018,Chronic absent circulating IgD,inherited,http://purl.obolibrary.org/obo/HP_0025354,Abnormal cellular phenotype,equivalentClass,characteristic of part of,has part some > characteristic of part of some,restriction_filler,False,False,http://purl.obolibrary.org/obo/CL_0000000,cell,False,,,,,True
http://purl.obolibrary.org/obo/HP_0033018,Chronic absent circulating IgD,inherited,http://purl.obolibrary.org/obo/HP_0011017,Abnormal cellular physiology,equivalentClass,characteristic of,has part some > characteristic of some,restriction_filler,False,False,http://purl.obolibrary.org/obo/CL_0000000,cell,False,,,,,True
http://purl.obolibrary.org/obo/HP_0033018,Chronic absent circulating IgD,inherited,http://purl.obolibrary.org/obo/HP_0005372,Abnormal B cell physiology,equivalentClass,characteristic of,has part some > characteristic of some,restriction_filler,False,False,http://purl.obolibrary.org/obo/CL_0000236,B cell,False,,,,,True
http://purl.obolibrary.org/obo/HP_0033021,Transient decreased circulating IgE concentration,inherited,http://purl.obolibrary.org/obo/HP_0025354,Abnormal cellular phenotype,equivalentClass,characteristic of part of,has part some > characteristic of part of some,restriction_filler,False,False,http://purl.obolibrary.org/obo/CL_0000000,cell,False,,,,,True
http://purl.obolibrary.org/obo/HP_0033021,Transient decreased circulating IgE concentration,inherited,http://purl.obolibrary.org/obo/HP_0011017,Abnormal cellular physiology,equivalentClass,characteristic of,has part some > characteristic of some,restriction_filler,False,False,http://purl.obolibrary.org/obo/CL_0000000,cell,False,,,,,True
http://purl.obolibrary.org/obo/HP_0033021,Transient decreased circulating IgE concentration,inherited,http://purl.obolibrary.org/obo/HP_0005372,Abnormal B cell physiology,equivalentClass,characteristic of,has part some > characteristic of some,restriction_filler,False,False,http://purl.obolibrary.org/obo/CL_0000236,B cell,False,,,,,True
http://purl.obolibrary.org/obo/HP_0033022,Chronic decreased circulating IgE concentration,inherited,http://purl.obolibrary.org/obo/HP_0025354,Abnormal cellular phenotype,equivalentClass,characteristic of part of,has part some > characteristic of part of some,restriction_filler,False,False,http://purl.obolibrary.org/obo/CL_0000000,cell,False,,,,,True
http://purl.obolibrary.org/obo/HP_0033022,Chronic decreased circulating IgE concentration,inherited,http://purl.obolibrary.org/obo/HP_0011017,Abnormal cellular physiology,equivalentClass,characteristic of,has part some > characteristic of some,restriction_filler,False,False,http://purl.obolibrary.org/obo/CL_0000000,cell,False,,,,,True
http://purl.obolibrary.org/obo/HP_0033022,Chronic decreased circulating IgE concentration,inherited,http://purl.obolibrary.org/obo/HP_0005372,Abnormal B cell physiology,equivalentClass,characteristic of,has part some > characteristic of some,restriction_filler,False,False,http://purl.obolibrary.org/obo/CL_0000236,B cell,False,,,,,True
http://purl.obolibrary.org/obo/HP_0033023,Chronic absent circulating IgE,inherited,http://purl.obolibrary.org/obo/HP_0025354,Abnormal cellular phenotype,equivalentClass,characteristic of part of,has part some > characteristic of part of some,restriction_filler,False,False,http://purl.obolibrary.org/obo/CL_0000000,cell,False,,,,,True
http://purl.obolibrary.org/obo/HP_0033023,Chronic absent circulating IgE,inherited,http://purl.obolibrary.org/obo/HP_0011017,Abnormal cellular physiology,equivalentClass,characteristic of,has part some > characteristic of some,restriction_filler,False,False,http://purl.obolibrary.org/obo/CL_0000000,cell,False,,,,,True
http://purl.obolibrary.org/obo/HP_0033023,Chronic absent circulating IgE,inherited,http://purl.obolibrary.org/obo/HP_0005372,Abnormal B cell physiology,equivalentClass,characteristic of,has part some > characteristic of some,restriction_filler,False,False,http://purl.obolibrary.org/obo/CL_0000236,B cell,False,,,,,True
http://purl.obolibrary.org/obo/HP_0033024,Transient decreased circulating IgA concentration,inherited,http://purl.obolibrary.org/obo/HP_0025354,Abnormal cellular phenotype,equivalentClass,characteristic of part of,has part some > characteristic of part of some,restriction_filler,False,False,http://purl.obolibrary.org/obo/CL_0000000,cell,False,,,,,True
http://purl.obolibrary.org/obo/HP_0033024,Transient decreased circulating IgA concentration,inherited,http://purl.obolibrary.org/obo/HP_0011017,Abnormal cellular physiology,equivalentClass,characteristic of,has part some > characteristic of some,restriction_filler,False,False,http://purl.obolibrary.org/obo/CL_0000000,cell,False,,,,,True
http://purl.obolibrary.org/obo/HP_0033024,Transient decreased circulating IgA concentration,inherited,http://purl.obolibrary.org/obo/HP_0005372,Abnormal B cell physiology,equivalentClass,characteristic of,has part some > characteristic of some,restriction_filler,False,False,http://purl.obolibrary.org/obo/CL_0000236,B cell,False,,,,,True
http://purl.obolibrary.org/obo/HP_0033025,Chronic absent circulating total IgG,inherited,http://purl.obolibrary.org/obo/HP_0025354,Abnormal cellular phenotype,equivalentClass,characteristic of part of,has part some > characteristic of part of some,restriction_filler,False,False,http://purl.obolibrary.org/obo/CL_0000000,cell,False,,,,,True
http://purl.obolibrary.org/obo/HP_0033025,Chronic absent circulating total IgG,inherited,http://purl.obolibrary.org/obo/HP_0011017,Abnormal cellular physiology,equivalentClass,characteristic of,has part some > characteristic of some,restriction_filler,False,False,http://purl.obolibrary.org/obo/CL_0000000,cell,False,,,,,True
http://purl.obolibrary.org/obo/HP_0033025,Chronic absent circulating total IgG,inherited,http://purl.obolibrary.org/obo/HP_0005372,Abnormal B cell physiology,equivalentClass,characteristic of,has part some > characteristic of some,restriction_filler,False,False,http://purl.obolibrary.org/obo/CL_0000236,B cell,False,,,,,True
http://purl.obolibrary.org/obo/HP_0033035,Abnormal Schwann cell morphology,inherited,http://purl.obolibrary.org/obo/HP_0100705,Abnormal glial cell morphology,equivalentClass,characteristic of part of,has part some > characteristic of part of some,restriction_filler,False,False,http://purl.obolibrary.org/obo/CL_0000125,glial cell,False,,,,,True
http://purl.obolibrary.org/obo/HP_0033046,Michaelis-Gutmann bodies,inherited,http://purl.obolibrary.org/obo/HP_0004311,Abnormal macrophage morphology,equivalentClass,characteristic of part of,has part some > characteristic of part of some,restriction_filler,False,False,http://purl.obolibrary.org/obo/CL_0000235,macrophage,False,,,,,True
http://purl.obolibrary.org/obo/HP_0033046,Michaelis-Gutmann bodies,inherited,http://purl.obolibrary.org/obo/HP_0001881,Abnormal leukocyte morphology,equivalentClass,characteristic of part of,has part some > characteristic of part of some,restriction_filler,False,False,http://purl.obolibrary.org/obo/CL_0000738,leukocyte,False,,,,,True
http://purl.obolibrary.org/obo/HP_0033046,Michaelis-Gutmann bodies,inherited,http://purl.obolibrary.org/obo/HP_0010974,Abnormal myeloid leukocyte morphology,equivalentClass,characteristic of,has part some > characteristic of some,restriction_filler,False,False,http://purl.obolibrary.org/obo/CL_0000766,myeloid leukocyte,False,,,,,True
http://purl.obolibrary.org/obo/HP_0033074,Steroid-responsive anemia,inherited,http://purl.obolibrary.org/obo/HP_0001877,Abnormal erythrocyte morphology,equivalentClass,characteristic of part of,has part some > characteristic of part of some,restriction_filler,False,False,http://purl.obolibrary.org/obo/CL_0000232,erythrocyte,False,,,,,True
http://purl.obolibrary.org/obo/HP_0033074,Steroid-responsive anemia,inherited,http://purl.obolibrary.org/obo/HP_0001903,Anemia,equivalentClass,characteristic of,has part some > characteristic of some,restriction_filler,True,False,http://purl.obolibrary.org/obo/CL_0000232,erythrocyte,False,,,,,True
http://purl.obolibrary.org/obo/HP_0033158,Reduced respiratory ciliary beating frequency,inherited,http://purl.obolibrary.org/obo/HP_0012261,Abnormal respiratory motile cilium physiology,equivalentClass,characteristic of,has part some > characteristic of some,restriction_filler,False,False,http://purl.obolibrary.org/obo/CL_0002368,respiratory tract epithelial cell,False,,,,,True
http://purl.obolibrary.org/obo/HP_0033207,Increased CD21low B cell proportion,inherited,http://purl.obolibrary.org/obo/HP_0002846,Abnormal B cell morphology,equivalentClass,characteristic of,has part some > characteristic of some,restriction_filler,False,False,http://purl.obolibrary.org/obo/CL_0000236,B cell,False,,,,,True
http://purl.obolibrary.org/obo/HP_0033207,Increased CD21low B cell proportion,inherited,http://purl.obolibrary.org/obo/HP_0004332,Abnormal lymphocyte morphology,equivalentClass,characteristic of part of,has part some > characteristic of part of some,restriction_filler,False,False,http://purl.obolibrary.org/obo/CL_0000542,lymphocyte,False,,,,,True
http://purl.obolibrary.org/obo/HP_0033207,Increased CD21low B cell proportion,inherited,http://purl.obolibrary.org/obo/HP_0001881,Abnormal leukocyte morphology,equivalentClass,characteristic of part of,has part some > characteristic of part of some,restriction_filler,False,False,http://purl.obolibrary.org/obo/CL_0000738,leukocyte,False,,,,,True
http://purl.obolibrary.org/obo/HP_0033221,Increased CD4:CD8 ratio,inherited,http://purl.obolibrary.org/obo/HP_0002843,Abnormal T cell morphology,equivalentClass,characteristic of,has part some > characteristic of some,restriction_filler,False,False,http://purl.obolibrary.org/obo/CL_0000084,T cell,False,,,,,True
http://purl.obolibrary.org/obo/HP_0033221,Increased CD4:CD8 ratio,inherited,http://purl.obolibrary.org/obo/HP_0004332,Abnormal lymphocyte morphology,equivalentClass,characteristic of part of,has part some > characteristic of part of some,restriction_filler,False,False,http://purl.obolibrary.org/obo/CL_0000542,lymphocyte,False,,,,,True
http://purl.obolibrary.org/obo/HP_0033221,Increased CD4:CD8 ratio,inherited,http://purl.obolibrary.org/obo/HP_0001881,Abnormal leukocyte morphology,equivalentClass,characteristic of part of,has part some > characteristic of part of some,restriction_filler,False,False,http://purl.obolibrary.org/obo/CL_0000738,leukocyte,False,,,,,True
http://purl.obolibrary.org/obo/HP_0033222,Inverted CD4:CD8 ratio,inherited,http://purl.obolibrary.org/obo/HP_0002843,Abnormal T cell morphology,equivalentClass,characteristic of,has part some > characteristic of some,restriction_filler,False,False,http://purl.obolibrary.org/obo/CL_0000084,T cell,False,,,,,True
http://purl.obolibrary.org/obo/HP_0033222,Inverted CD4:CD8 ratio,inherited,http://purl.obolibrary.org/obo/HP_0004332,Abnormal lymphocyte morphology,equivalentClass,characteristic of part of,has part some > characteristic of part of some,restriction_filler,False,False,http://purl.obolibrary.org/obo/CL_0000542,lymphocyte,False,,,,,True
http://purl.obolibrary.org/obo/HP_0033222,Inverted CD4:CD8 ratio,inherited,http://purl.obolibrary.org/obo/HP_0001881,Abnormal leukocyte morphology,equivalentClass,characteristic of part of,has part some > characteristic of part of some,restriction_filler,False,False,http://purl.obolibrary.org/obo/CL_0000738,leukocyte,False,,,,,True
http://purl.obolibrary.org/obo/HP_0033263,Absent platelet dense granules,inherited,http://purl.obolibrary.org/obo/HP_0001872,Abnormality of thrombocytes,equivalentClass,characteristic of part of,has part some > characteristic of part of some,restriction_filler,False,False,http://purl.obolibrary.org/obo/CL_0000233,platelet,False,,,,,True
http://purl.obolibrary.org/obo/HP_0033263,Absent platelet dense granules,inherited,http://purl.obolibrary.org/obo/HP_0011875,Abnormal platelet morphology,equivalentClass,characteristic of,has part some > characteristic of some,restriction_filler,False,False,http://purl.obolibrary.org/obo/CL_0000233,platelet,False,,,,,True
http://purl.obolibrary.org/obo/HP_0033264,Enlarged platelet dense granules,inherited,http://purl.obolibrary.org/obo/HP_0001872,Abnormality of thrombocytes,equivalentClass,characteristic of part of,has part some > characteristic of part of some,restriction_filler,False,False,http://purl.obolibrary.org/obo/CL_0000233,platelet,False,,,,,True
http://purl.obolibrary.org/obo/HP_0033264,Enlarged platelet dense granules,inherited,http://purl.obolibrary.org/obo/HP_0011875,Abnormal platelet morphology,equivalentClass,characteristic of,has part some > characteristic of some,restriction_filler,False,False,http://purl.obolibrary.org/obo/CL_0000233,platelet,False,,,,,True
http://purl.obolibrary.org/obo/HP_0033278,Reduced CD95-induced lymphocyte apoptosis,inherited,http://purl.obolibrary.org/obo/HP_0025354,Abnormal cellular phenotype,equivalentClass,characteristic of part of,has part some > characteristic of part of some,restriction_filler,False,False,http://purl.obolibrary.org/obo/CL_0000000,cell,False,,,,,True
http://purl.obolibrary.org/obo/HP_0033278,Reduced CD95-induced lymphocyte apoptosis,inherited,http://purl.obolibrary.org/obo/HP_0011017,Abnormal cellular physiology,equivalentClass,characteristic of,has part some > characteristic of some,restriction_filler,False,False,http://purl.obolibrary.org/obo/CL_0000000,cell,False,,,,,True
http://purl.obolibrary.org/obo/HP_0033278,Reduced CD95-induced lymphocyte apoptosis,inherited,http://purl.obolibrary.org/obo/HP_0011840,Abnormal T cell physiology,equivalentClass,characteristic of,has part some > characteristic of some,restriction_filler,False,False,http://purl.obolibrary.org/obo/CL_0000084,T cell,False,,,,,True
http://purl.obolibrary.org/obo/HP_0033281,Circulating nucleated red blood cells,inherited,http://purl.obolibrary.org/obo/HP_0001877,Abnormal erythrocyte morphology,equivalentClass,characteristic of part of,has part some > characteristic of part of some,restriction_filler,False,False,http://purl.obolibrary.org/obo/CL_0000232,erythrocyte,False,,,,,True
http://purl.obolibrary.org/obo/HP_0033383,Decreased compound muscle action potential amplitude,inherited,http://purl.obolibrary.org/obo/HP_0003134,Abnormality of peripheral nerve conduction,equivalentClass,characteristic of,has part some > characteristic of some,restriction_filler,False,False,http://purl.obolibrary.org/obo/CL_2000032,peripheral nervous system neuron,False,,,,,True
http://purl.obolibrary.org/obo/HP_0033393,Irregularly shaped sperm tail,inherited,http://purl.obolibrary.org/obo/HP_0012863,Abnormal male germ cell morphology,equivalentClass,characteristic of,has part some > characteristic of some,restriction_filler,False,False,http://purl.obolibrary.org/obo/CL_0000015,male germ cell,False,,,,,True
http://purl.obolibrary.org/obo/HP_0033393,Irregularly shaped sperm tail,inherited,http://purl.obolibrary.org/obo/HP_0012864,Abnormal sperm morphology,equivalentClass,characteristic of,has part some > characteristic of some,restriction_filler,False,False,http://purl.obolibrary.org/obo/CL_0000019,sperm,False,,,,,True
http://purl.obolibrary.org/obo/HP_0033393,Irregularly shaped sperm tail,inherited,http://purl.obolibrary.org/obo/HP_0012862,Abnormal germ cell morphology,equivalentClass,characteristic of,has part some > characteristic of some,restriction_filler,False,False,http://purl.obolibrary.org/obo/CL_0000586,germ cell,False,,,,,True
http://purl.obolibrary.org/obo/HP_0033523,Abnormal sperm principal piece morphology,inherited,http://purl.obolibrary.org/obo/HP_0012863,Abnormal male germ cell morphology,equivalentClass,characteristic of,has part some > characteristic of some,restriction_filler,False,False,http://purl.obolibrary.org/obo/CL_0000015,male germ cell,False,,,,,True
http://purl.obolibrary.org/obo/HP_0033523,Abnormal sperm principal piece morphology,inherited,http://purl.obolibrary.org/obo/HP_0012864,Abnormal sperm morphology,equivalentClass,characteristic of,has part some > characteristic of some,restriction_filler,False,False,http://purl.obolibrary.org/obo/CL_0000019,sperm,False,,,,,True
http://purl.obolibrary.org/obo/HP_0033523,Abnormal sperm principal piece morphology,inherited,http://purl.obolibrary.org/obo/HP_0012862,Abnormal germ cell morphology,equivalentClass,characteristic of,has part some > characteristic of some,restriction_filler,False,False,http://purl.obolibrary.org/obo/CL_0000586,germ cell,False,,,,,True
http://purl.obolibrary.org/obo/HP_0033524,Abnormal sperm axoneme morphology,inherited,http://purl.obolibrary.org/obo/HP_0012863,Abnormal male germ cell morphology,equivalentClass,characteristic of,has part some > characteristic of some,restriction_filler,False,False,http://purl.obolibrary.org/obo/CL_0000015,male germ cell,False,,,,,True
http://purl.obolibrary.org/obo/HP_0033524,Abnormal sperm axoneme morphology,inherited,http://purl.obolibrary.org/obo/HP_0012864,Abnormal sperm morphology,equivalentClass,characteristic of,has part some > characteristic of some,restriction_filler,False,False,http://purl.obolibrary.org/obo/CL_0000019,sperm,False,,,,,True
http://purl.obolibrary.org/obo/HP_0033524,Abnormal sperm axoneme morphology,inherited,http://purl.obolibrary.org/obo/HP_0012862,Abnormal germ cell morphology,equivalentClass,characteristic of,has part some > characteristic of some,restriction_filler,False,False,http://purl.obolibrary.org/obo/CL_0000586,germ cell,False,,,,,True
http://purl.obolibrary.org/obo/HP_0033525,Absent sperm axoneme central pair complex,inherited,http://purl.obolibrary.org/obo/HP_0012863,Abnormal male germ cell morphology,equivalentClass,characteristic of,has part some > characteristic of some,restriction_filler,False,False,http://purl.obolibrary.org/obo/CL_0000015,male germ cell,False,,,,,True
http://purl.obolibrary.org/obo/HP_0033525,Absent sperm axoneme central pair complex,inherited,http://purl.obolibrary.org/obo/HP_0012864,Abnormal sperm morphology,equivalentClass,characteristic of,has part some > characteristic of some,restriction_filler,False,False,http://purl.obolibrary.org/obo/CL_0000019,sperm,False,,,,,True
http://purl.obolibrary.org/obo/HP_0033525,Absent sperm axoneme central pair complex,inherited,http://purl.obolibrary.org/obo/HP_0012862,Abnormal germ cell morphology,equivalentClass,characteristic of,has part some > characteristic of some,restriction_filler,False,False,http://purl.obolibrary.org/obo/CL_0000586,germ cell,False,,,,,True
http://purl.obolibrary.org/obo/HP_0033535,Reduced platelet dense granules,inherited,http://purl.obolibrary.org/obo/HP_0001872,Abnormality of thrombocytes,equivalentClass,characteristic of part of,has part some > characteristic of part of some,restriction_filler,False,False,http://purl.obolibrary.org/obo/CL_0000233,platelet,False,,,,,True
http://purl.obolibrary.org/obo/HP_0033535,Reduced platelet dense granules,inherited,http://purl.obolibrary.org/obo/HP_0011875,Abnormal platelet morphology,equivalentClass,characteristic of,has part some > characteristic of some,restriction_filler,False,False,http://purl.obolibrary.org/obo/CL_0000233,platelet,False,,,,,True
http://purl.obolibrary.org/obo/HP_0033536,Reduced platelet alpha granules,inherited,http://purl.obolibrary.org/obo/HP_0001872,Abnormality of thrombocytes,equivalentClass,characteristic of part of,has part some > characteristic of part of some,restriction_filler,False,False,http://purl.obolibrary.org/obo/CL_0000233,platelet,False,,,,,True
http://purl.obolibrary.org/obo/HP_0033536,Reduced platelet alpha granules,inherited,http://purl.obolibrary.org/obo/HP_0011875,Abnormal platelet morphology,equivalentClass,characteristic of,has part some > characteristic of some,restriction_filler,False,False,http://purl.obolibrary.org/obo/CL_0000233,platelet,False,,,,,True
http://purl.obolibrary.org/obo/HP_0033550,Necrotizing pulmonary granulomatosis,inherited,http://purl.obolibrary.org/obo/HP_0004311,Abnormal macrophage morphology,equivalentClass,characteristic of part of,has part some > characteristic of part of some,restriction_filler,False,False,http://purl.obolibrary.org/obo/CL_0000235,macrophage,False,,,,,True
http://purl.obolibrary.org/obo/HP_0033550,Necrotizing pulmonary granulomatosis,inherited,http://purl.obolibrary.org/obo/HP_0001881,Abnormal leukocyte morphology,equivalentClass,characteristic of part of,has part some > characteristic of part of some,restriction_filler,False,False,http://purl.obolibrary.org/obo/CL_0000738,leukocyte,False,,,,,True
http://purl.obolibrary.org/obo/HP_0033550,Necrotizing pulmonary granulomatosis,inherited,http://purl.obolibrary.org/obo/HP_0010974,Abnormal myeloid leukocyte morphology,equivalentClass,characteristic of,has part some > characteristic of some,restriction_filler,False,False,http://purl.obolibrary.org/obo/CL_0000766,myeloid leukocyte,False,,,,,True
http://purl.obolibrary.org/obo/HP_0033551,Non-necrotizing pulmonary granulomatosis,inherited,http://purl.obolibrary.org/obo/HP_0004311,Abnormal macrophage morphology,equivalentClass,characteristic of part of,has part some > characteristic of part of some,restriction_filler,False,False,http://purl.obolibrary.org/obo/CL_0000235,macrophage,False,,,,,True
http://purl.obolibrary.org/obo/HP_0033551,Non-necrotizing pulmonary granulomatosis,inherited,http://purl.obolibrary.org/obo/HP_0001881,Abnormal leukocyte morphology,equivalentClass,characteristic of part of,has part some > characteristic of part of some,restriction_filler,False,False,http://purl.obolibrary.org/obo/CL_0000738,leukocyte,False,,,,,True
http://purl.obolibrary.org/obo/HP_0033551,Non-necrotizing pulmonary granulomatosis,inherited,http://purl.obolibrary.org/obo/HP_0010974,Abnormal myeloid leukocyte morphology,equivalentClass,characteristic of,has part some > characteristic of some,restriction_filler,False,False,http://purl.obolibrary.org/obo/CL_0000766,myeloid leukocyte,False,,,,,True
http://purl.obolibrary.org/obo/HP_0033580,Compound motor action potential abnormality,inherited,http://purl.obolibrary.org/obo/HP_0003134,Abnormality of peripheral nerve conduction,equivalentClass,characteristic of,has part some > characteristic of some,restriction_filler,False,False,http://purl.obolibrary.org/obo/CL_2000032,peripheral nervous system neuron,False,,,,,True
http://purl.obolibrary.org/obo/HP_0033606,Bone marrow maturation arrest,inherited,http://purl.obolibrary.org/obo/HP_0005561,Abnormal bone marrow cell morphology,equivalentClass,characteristic of,has part some > characteristic of some,restriction_filler,False,False,http://purl.obolibrary.org/obo/CL_0002092,bone marrow cell,False,,,,,True
http://purl.obolibrary.org/obo/HP_0033607,Bone marrow arrest at the promyelocytic stage,inherited,http://purl.obolibrary.org/obo/HP_0005561,Abnormal bone marrow cell morphology,equivalentClass,characteristic of,has part some > characteristic of some,restriction_filler,False,False,http://purl.obolibrary.org/obo/CL_0002092,bone marrow cell,False,,,,,True
http://purl.obolibrary.org/obo/HP_0033680,Pilocytic astrocytoma,inherited,http://purl.obolibrary.org/obo/HP_0100705,Abnormal glial cell morphology,equivalentClass,characteristic of part of,has part some > characteristic of part of some,restriction_filler,False,False,http://purl.obolibrary.org/obo/CL_0000125,glial cell,False,,,,,True
http://purl.obolibrary.org/obo/HP_0033680,Pilocytic astrocytoma,inherited,http://purl.obolibrary.org/obo/HP_0100707,Abnormal astrocyte morphology,equivalentClass,characteristic of part of,has part some > characteristic of part of some,restriction_filler,False,False,http://purl.obolibrary.org/obo/CL_0000127,astrocyte,False,,,,,True
http://purl.obolibrary.org/obo/HP_0033681,Oligodendroglioma,inherited,http://purl.obolibrary.org/obo/HP_0100705,Abnormal glial cell morphology,equivalentClass,characteristic of part of,has part some > characteristic of part of some,restriction_filler,False,False,http://purl.obolibrary.org/obo/CL_0000125,glial cell,False,,,,,True
http://purl.obolibrary.org/obo/HP_0033682,Pleomorphic xanthoastrocytoma,inherited,http://purl.obolibrary.org/obo/HP_0100705,Abnormal glial cell morphology,equivalentClass,characteristic of part of,has part some > characteristic of part of some,restriction_filler,False,False,http://purl.obolibrary.org/obo/CL_0000125,glial cell,False,,,,,True
http://purl.obolibrary.org/obo/HP_0033682,Pleomorphic xanthoastrocytoma,inherited,http://purl.obolibrary.org/obo/HP_0100707,Abnormal astrocyte morphology,equivalentClass,characteristic of part of,has part some > characteristic of part of some,restriction_filler,False,False,http://purl.obolibrary.org/obo/CL_0000127,astrocyte,False,,,,,True
http://purl.obolibrary.org/obo/HP_0033684,Abnormal muscle fiber-type distribution,inherited,http://purl.obolibrary.org/obo/HP_0004303,Abnormal muscle fiber morphology,equivalentClass,characteristic of part of,has part some > characteristic of part of some,restriction_filler,False,False,http://purl.obolibrary.org/obo/CL_0000188,cell of skeletal muscle,False,,,,,True
http://purl.obolibrary.org/obo/HP_0033685,Fiber type grouping,inherited,http://purl.obolibrary.org/obo/HP_0004303,Abnormal muscle fiber morphology,equivalentClass,characteristic of part of,has part some > characteristic of part of some,restriction_filler,False,False,http://purl.obolibrary.org/obo/CL_0000188,cell of skeletal muscle,False,,,,,True
http://purl.obolibrary.org/obo/HP_0033686,Mitochondrial hypertrophy,inherited,http://purl.obolibrary.org/obo/HP_0025354,Abnormal cellular phenotype,equivalentClass,characteristic of part of,has part some > characteristic of part of some,restriction_filler,False,False,http://purl.obolibrary.org/obo/CL_0000000,cell,False,,,,,True
http://purl.obolibrary.org/obo/HP_0033686,Mitochondrial hypertrophy,inherited,http://purl.obolibrary.org/obo/HP_0011017,Abnormal cellular physiology,equivalentClass,characteristic of,has part some > characteristic of some,restriction_filler,False,False,http://purl.obolibrary.org/obo/CL_0000000,cell,False,,,,,True
http://purl.obolibrary.org/obo/HP_0033715,Hippocampal sclerosis,inherited,http://purl.obolibrary.org/obo/HP_0100705,Abnormal glial cell morphology,equivalentClass,characteristic of part of,has part some > characteristic of part of some,restriction_filler,False,False,http://purl.obolibrary.org/obo/CL_0000125,glial cell,False,,,,,True
http://purl.obolibrary.org/obo/HP_0033997,Perinuclear cardiomyocyte vacuolization,inherited,http://purl.obolibrary.org/obo/HP_0025354,Abnormal cellular phenotype,equivalentClass,characteristic of part of,has part some > characteristic of part of some,restriction_filler,False,False,http://purl.obolibrary.org/obo/CL_0000000,cell,False,,,,,True
http://purl.obolibrary.org/obo/HP_0033997,Perinuclear cardiomyocyte vacuolization,inherited,http://purl.obolibrary.org/obo/HP_0025461,Abnormal cell morphology,equivalentClass,characteristic of,has part some > characteristic of some,restriction_filler,False,False,http://purl.obolibrary.org/obo/CL_0000000,cell,False,,,,,True
http://purl.obolibrary.org/obo/HP_0034005,Decreased dendritic spine number,inherited,http://purl.obolibrary.org/obo/HP_0012757,Abnormal neuron morphology,equivalentClass,characteristic of,has part some > characteristic of some,restriction_filler,False,False,http://purl.obolibrary.org/obo/CL_0000540,neuron,False,,,,,True
http://purl.obolibrary.org/obo/HP_0034010,Increased megakaryocyte colony forming unit count,inherited,http://purl.obolibrary.org/obo/HP_0012143,Abnormal megakaryocyte morphology,equivalentClass,characteristic of part of,has part some > characteristic of part of some,restriction_filler,False,False,http://purl.obolibrary.org/obo/CL_0000556,megakaryocyte,False,,,,,True
http://purl.obolibrary.org/obo/HP_0034010,Increased megakaryocyte colony forming unit count,inherited,http://purl.obolibrary.org/obo/HP_0005561,Abnormal bone marrow cell morphology,equivalentClass,characteristic of,has part some > characteristic of some,restriction_filler,False,False,http://purl.obolibrary.org/obo/CL_0002092,bone marrow cell,False,,,,,True
http://purl.obolibrary.org/obo/HP_0034029,Hepatic foam cells,inherited,http://purl.obolibrary.org/obo/HP_0003651,Foam cells,equivalentClass,characteristic of,has part some > characteristic of some,restriction_filler,False,False,http://purl.obolibrary.org/obo/CL_0000891,foam cell,False,,,,,True
http://purl.obolibrary.org/obo/HP_0034045,Angulated muscle fibers,inherited,http://purl.obolibrary.org/obo/HP_0004303,Abnormal muscle fiber morphology,equivalentClass,characteristic of part of,has part some > characteristic of part of some,restriction_filler,False,False,http://purl.obolibrary.org/obo/CL_0000188,cell of skeletal muscle,False,,,,,True
http://purl.obolibrary.org/obo/HP_0034183,Spastic triplegia,inherited,http://purl.obolibrary.org/obo/HP_0002493,Upper motor neuron dysfunction,equivalentClass,characteristic of,has part some > characteristic of some,intersection_operand,False,False,http://purl.obolibrary.org/obo/CL_0000540,neuron,False,,,,,True
http://purl.obolibrary.org/obo/HP_0034253,Eosinophil nuclear hypersegmentation,inherited,http://purl.obolibrary.org/obo/HP_0001911,Abnormal granulocyte morphology,equivalentClass,characteristic of part of,has part some > characteristic of part of some,restriction_filler,False,False,http://purl.obolibrary.org/obo/CL_0000094,granulocyte,False,,,,,True
http://purl.obolibrary.org/obo/HP_0034253,Eosinophil nuclear hypersegmentation,inherited,http://purl.obolibrary.org/obo/HP_0001881,Abnormal leukocyte morphology,equivalentClass,characteristic of part of,has part some > characteristic of part of some,restriction_filler,False,False,http://purl.obolibrary.org/obo/CL_0000738,leukocyte,False,,,,,True
http://purl.obolibrary.org/obo/HP_0034253,Eosinophil nuclear hypersegmentation,inherited,http://purl.obolibrary.org/obo/HP_0010974,Abnormal myeloid leukocyte morphology,equivalentClass,characteristic of,has part some > characteristic of some,restriction_filler,False,False,http://purl.obolibrary.org/obo/CL_0000766,myeloid leukocyte,False,,,,,True
http://purl.obolibrary.org/obo/HP_0034253,Eosinophil nuclear hypersegmentation,inherited,http://purl.obolibrary.org/obo/HP_0001879,Abnormal eosinophil morphology,equivalentClass,characteristic of part of,has part some > characteristic of part of some,restriction_filler,False,False,http://purl.obolibrary.org/obo/CL_0000771,eosinophil,False,,,,,True
http://purl.obolibrary.org/obo/HP_0034278,Multinucleated erythroblast,direct,http://purl.obolibrary.org/obo/HP_0034278,Multinucleated erythroblast,equivalentClass,characteristic of part of,has part some > characteristic of part of some,restriction_filler,False,False,http://purl.obolibrary.org/obo/CL_0000765,erythroblast,False,,,,,True
http://purl.obolibrary.org/obo/HP_0034278,Multinucleated erythroblast,inherited,http://purl.obolibrary.org/obo/HP_0012130,Abnormal erythroid lineage cell morphology,equivalentClass,characteristic of part of,has part some > characteristic of part of some,restriction_filler,False,False,http://purl.obolibrary.org/obo/CL_0000764,erythroid lineage cell,False,,,,,True
http://purl.obolibrary.org/obo/HP_0034278,Multinucleated erythroblast,inherited,http://purl.obolibrary.org/obo/HP_0005561,Abnormal bone marrow cell morphology,equivalentClass,characteristic of,has part some > characteristic of some,restriction_filler,False,False,http://purl.obolibrary.org/obo/CL_0002092,bone marrow cell,False,,,,,True
http://purl.obolibrary.org/obo/HP_0034280,Target cells,inherited,http://purl.obolibrary.org/obo/HP_0001877,Abnormal erythrocyte morphology,equivalentClass,characteristic of part of,has part some > characteristic of part of some,restriction_filler,False,False,http://purl.obolibrary.org/obo/CL_0000232,erythrocyte,False,,,,,True
http://purl.obolibrary.org/obo/HP_0034280,Target cells,inherited,http://purl.obolibrary.org/obo/HP_0004447,Poikilocytosis,equivalentClass,characteristic of,has part some > characteristic of some,restriction_filler,False,False,http://purl.obolibrary.org/obo/CL_0000232,erythrocyte,False,,,,,True
http://purl.obolibrary.org/obo/HP_0034309,Multiflagellar spermatozoa,inherited,http://purl.obolibrary.org/obo/HP_0012863,Abnormal male germ cell morphology,equivalentClass,characteristic of,has part some > characteristic of some,restriction_filler,False,False,http://purl.obolibrary.org/obo/CL_0000015,male germ cell,False,,,,,True
http://purl.obolibrary.org/obo/HP_0034309,Multiflagellar spermatozoa,inherited,http://purl.obolibrary.org/obo/HP_0012864,Abnormal sperm morphology,equivalentClass,characteristic of,has part some > characteristic of some,restriction_filler,False,False,http://purl.obolibrary.org/obo/CL_0000019,sperm,False,,,,,True
http://purl.obolibrary.org/obo/HP_0034309,Multiflagellar spermatozoa,inherited,http://purl.obolibrary.org/obo/HP_0012862,Abnormal germ cell morphology,equivalentClass,characteristic of,has part some > characteristic of some,restriction_filler,False,False,http://purl.obolibrary.org/obo/CL_0000586,germ cell,False,,,,,True
http://purl.obolibrary.org/obo/HP_0034320,Muscle fiber intracytoplasmic reducing inclusion bodies,inherited,http://purl.obolibrary.org/obo/HP_0025354,Abnormal cellular phenotype,equivalentClass,characteristic of part of,has part some > characteristic of part of some,restriction_filler,False,False,http://purl.obolibrary.org/obo/CL_0000000,cell,False,,,,,True
http://purl.obolibrary.org/obo/HP_0034320,Muscle fiber intracytoplasmic reducing inclusion bodies,inherited,http://purl.obolibrary.org/obo/HP_0025461,Abnormal cell morphology,equivalentClass,characteristic of,has part some > characteristic of some,restriction_filler,False,False,http://purl.obolibrary.org/obo/CL_0000000,cell,False,,,,,True
http://purl.obolibrary.org/obo/HP_0034320,Muscle fiber intracytoplasmic reducing inclusion bodies,inherited,http://purl.obolibrary.org/obo/HP_0100299,Muscle fiber inclusion bodies,equivalentClass,characteristic of part of,has part some > characteristic of some > characteristic of part of some,restriction_filler,False,False,http://purl.obolibrary.org/obo/CL_0000187,muscle cell,False,,,,,True
http://purl.obolibrary.org/obo/HP_0034320,Muscle fiber intracytoplasmic reducing inclusion bodies,inherited,http://purl.obolibrary.org/obo/HP_0004303,Abnormal muscle fiber morphology,equivalentClass,characteristic of part of,has part some > characteristic of part of some,restriction_filler,False,False,http://purl.obolibrary.org/obo/CL_0000188,cell of skeletal muscle,False,,,,,True
http://purl.obolibrary.org/obo/HP_0034353,Appendicular spasticity,inherited,http://purl.obolibrary.org/obo/HP_0002493,Upper motor neuron dysfunction,equivalentClass,characteristic of,has part some > characteristic of some,intersection_operand,False,False,http://purl.obolibrary.org/obo/CL_0000540,neuron,False,,,,,True
http://purl.obolibrary.org/obo/HP_0034483,Bone marrow vacuolated lymphocytes,inherited,http://purl.obolibrary.org/obo/HP_0005561,Abnormal bone marrow cell morphology,equivalentClass,characteristic of,has part some > characteristic of some,restriction_filler,False,False,http://purl.obolibrary.org/obo/CL_0002092,bone marrow cell,False,,,,,True
http://purl.obolibrary.org/obo/HP_0034499,Increased bone marrow iron,inherited,http://purl.obolibrary.org/obo/HP_0005561,Abnormal bone marrow cell morphology,equivalentClass,characteristic of,has part some > characteristic of some,restriction_filler,False,False,http://purl.obolibrary.org/obo/CL_0002092,bone marrow cell,False,,,,,True
http://purl.obolibrary.org/obo/HP_0034508,Fingerprint bodies,inherited,http://purl.obolibrary.org/obo/HP_0004303,Abnormal muscle fiber morphology,equivalentClass,characteristic of part of,has part some > characteristic of part of some,restriction_filler,False,False,http://purl.obolibrary.org/obo/CL_0000188,cell of skeletal muscle,False,,,,,True
http://purl.obolibrary.org/obo/HP_0034509,Spheroid bodies,inherited,http://purl.obolibrary.org/obo/HP_0004303,Abnormal muscle fiber morphology,equivalentClass,characteristic of part of,has part some > characteristic of part of some,restriction_filler,False,False,http://purl.obolibrary.org/obo/CL_0000188,cell of skeletal muscle,False,,,,,True
http://purl.obolibrary.org/obo/HP_0034519,Muscle fiber fuchsinophilic inclusion bodies,inherited,http://purl.obolibrary.org/obo/HP_0025354,Abnormal cellular phenotype,equivalentClass,characteristic of part of,has part some > characteristic of part of some,restriction_filler,False,False,http://purl.obolibrary.org/obo/CL_0000000,cell,False,,,,,True
http://purl.obolibrary.org/obo/HP_0034519,Muscle fiber fuchsinophilic inclusion bodies,inherited,http://purl.obolibrary.org/obo/HP_0025461,Abnormal cell morphology,equivalentClass,characteristic of,has part some > characteristic of some,restriction_filler,False,False,http://purl.obolibrary.org/obo/CL_0000000,cell,False,,,,,True
http://purl.obolibrary.org/obo/HP_0034519,Muscle fiber fuchsinophilic inclusion bodies,inherited,http://purl.obolibrary.org/obo/HP_0100299,Muscle fiber inclusion bodies,equivalentClass,characteristic of part of,has part some > characteristic of some > characteristic of part of some,restriction_filler,False,False,http://purl.obolibrary.org/obo/CL_0000187,muscle cell,False,,,,,True
http://purl.obolibrary.org/obo/HP_0034519,Muscle fiber fuchsinophilic inclusion bodies,inherited,http://purl.obolibrary.org/obo/HP_0004303,Abnormal muscle fiber morphology,equivalentClass,characteristic of part of,has part some > characteristic of part of some,restriction_filler,False,False,http://purl.obolibrary.org/obo/CL_0000188,cell of skeletal muscle,False,,,,,True
http://purl.obolibrary.org/obo/HP_0034528,Reduced fibroblast type III procollagen synthesis,inherited,http://purl.obolibrary.org/obo/HP_0025354,Abnormal cellular phenotype,equivalentClass,characteristic of part of,has part some > characteristic of part of some,restriction_filler,False,False,http://purl.obolibrary.org/obo/CL_0000000,cell,False,,,,,True
http://purl.obolibrary.org/obo/HP_0034528,Reduced fibroblast type III procollagen synthesis,inherited,http://purl.obolibrary.org/obo/HP_0011017,Abnormal cellular physiology,equivalentClass,characteristic of,has part some > characteristic of some,restriction_filler,False,False,http://purl.obolibrary.org/obo/CL_0000000,cell,False,,,,,True
http://purl.obolibrary.org/obo/HP_0034541,Reduced bone-marrow megakaryocyte size,inherited,http://purl.obolibrary.org/obo/HP_0012143,Abnormal megakaryocyte morphology,equivalentClass,characteristic of part of,has part some > characteristic of part of some,restriction_filler,False,False,http://purl.obolibrary.org/obo/CL_0000556,megakaryocyte,False,,,,,True
http://purl.obolibrary.org/obo/HP_0034541,Reduced bone-marrow megakaryocyte size,inherited,http://purl.obolibrary.org/obo/HP_0005561,Abnormal bone marrow cell morphology,equivalentClass,characteristic of,has part some > characteristic of some,restriction_filler,False,False,http://purl.obolibrary.org/obo/CL_0002092,bone marrow cell,False,,,,,True
http://purl.obolibrary.org/obo/HP_0034552,Abnormal peroxisomal morphology,inherited,http://purl.obolibrary.org/obo/HP_0025354,Abnormal cellular phenotype,equivalentClass,characteristic of part of,has part some > characteristic of part of some,restriction_filler,False,False,http://purl.obolibrary.org/obo/CL_0000000,cell,False,,,,,True
http://purl.obolibrary.org/obo/HP_0034552,Abnormal peroxisomal morphology,inherited,http://purl.obolibrary.org/obo/HP_0025461,Abnormal cell morphology,equivalentClass,characteristic of,has part some > characteristic of some,restriction_filler,False,False,http://purl.obolibrary.org/obo/CL_0000000,cell,False,,,,,True
http://purl.obolibrary.org/obo/HP_0034553,Absence of peroxisomes,inherited,http://purl.obolibrary.org/obo/HP_0025354,Abnormal cellular phenotype,equivalentClass,characteristic of part of,has part some > characteristic of part of some,restriction_filler,False,False,http://purl.obolibrary.org/obo/CL_0000000,cell,False,,,,,True
http://purl.obolibrary.org/obo/HP_0034553,Absence of peroxisomes,inherited,http://purl.obolibrary.org/obo/HP_0025461,Abnormal cell morphology,equivalentClass,characteristic of,has part some > characteristic of some,restriction_filler,False,False,http://purl.obolibrary.org/obo/CL_0000000,cell,False,,,,,True
http://purl.obolibrary.org/obo/HP_0034554,Paucity of peroxisomes,inherited,http://purl.obolibrary.org/obo/HP_0025354,Abnormal cellular phenotype,equivalentClass,characteristic of part of,has part some > characteristic of part of some,restriction_filler,False,False,http://purl.obolibrary.org/obo/CL_0000000,cell,False,,,,,True
http://purl.obolibrary.org/obo/HP_0034554,Paucity of peroxisomes,inherited,http://purl.obolibrary.org/obo/HP_0025461,Abnormal cell morphology,equivalentClass,characteristic of,has part some > characteristic of some,restriction_filler,False,False,http://purl.obolibrary.org/obo/CL_0000000,cell,False,,,,,True
http://purl.obolibrary.org/obo/HP_0034609,Polychromasia,inherited,http://purl.obolibrary.org/obo/HP_0001877,Abnormal erythrocyte morphology,equivalentClass,characteristic of part of,has part some > characteristic of part of some,restriction_filler,False,False,http://purl.obolibrary.org/obo/CL_0000232,erythrocyte,False,,,,,True
http://purl.obolibrary.org/obo/HP_0034609,Polychromasia,inherited,http://purl.obolibrary.org/obo/HP_0004312,Abnormal reticulocyte morphology,equivalentClass,characteristic of part of,has part some > characteristic of part of some,restriction_filler,False,False,http://purl.obolibrary.org/obo/CL_0002422,enucleated reticulocyte,False,,,,,True
http://purl.obolibrary.org/obo/HP_0034627,Bone marrow xanthomatosis,inherited,http://purl.obolibrary.org/obo/HP_0005561,Abnormal bone marrow cell morphology,equivalentClass,characteristic of,has part some > characteristic of some,restriction_filler,False,False,http://purl.obolibrary.org/obo/CL_0002092,bone marrow cell,False,,,,,True
http://purl.obolibrary.org/obo/HP_0034635,Muscle fiber granulofilamentous inclusion bodies,inherited,http://purl.obolibrary.org/obo/HP_0025354,Abnormal cellular phenotype,equivalentClass,characteristic of part of,has part some > characteristic of part of some,restriction_filler,False,False,http://purl.obolibrary.org/obo/CL_0000000,cell,False,,,,,True
http://purl.obolibrary.org/obo/HP_0034635,Muscle fiber granulofilamentous inclusion bodies,inherited,http://purl.obolibrary.org/obo/HP_0025461,Abnormal cell morphology,equivalentClass,characteristic of,has part some > characteristic of some,restriction_filler,False,False,http://purl.obolibrary.org/obo/CL_0000000,cell,False,,,,,True
http://purl.obolibrary.org/obo/HP_0034635,Muscle fiber granulofilamentous inclusion bodies,inherited,http://purl.obolibrary.org/obo/HP_0100299,Muscle fiber inclusion bodies,equivalentClass,characteristic of part of,has part some > characteristic of some > characteristic of part of some,restriction_filler,False,False,http://purl.obolibrary.org/obo/CL_0000187,muscle cell,False,,,,,True
http://purl.obolibrary.org/obo/HP_0034635,Muscle fiber granulofilamentous inclusion bodies,inherited,http://purl.obolibrary.org/obo/HP_0004303,Abnormal muscle fiber morphology,equivalentClass,characteristic of part of,has part some > characteristic of part of some,restriction_filler,False,False,http://purl.obolibrary.org/obo/CL_0000188,cell of skeletal muscle,False,,,,,True
http://purl.obolibrary.org/obo/HP_0034636,Bone marrow myeloid vacuolization,inherited,http://purl.obolibrary.org/obo/HP_0012130,Abnormal erythroid lineage cell morphology,equivalentClass,characteristic of part of,has part some > characteristic of part of some,restriction_filler,False,False,http://purl.obolibrary.org/obo/CL_0000764,erythroid lineage cell,False,,,,,True
http://purl.obolibrary.org/obo/HP_0034636,Bone marrow myeloid vacuolization,inherited,http://purl.obolibrary.org/obo/HP_0005561,Abnormal bone marrow cell morphology,equivalentClass,characteristic of,has part some > characteristic of some,restriction_filler,False,False,http://purl.obolibrary.org/obo/CL_0002092,bone marrow cell,False,,,,,True
http://purl.obolibrary.org/obo/HP_0034645,Hepatic polyglucosan accumulation,inherited,http://purl.obolibrary.org/obo/HP_0031137,Storage in hepatocytes,equivalentClass,part of,has part some > characteristic of some > part of some,restriction_filler,False,False,http://purl.obolibrary.org/obo/CL_0000182,hepatocyte,False,,,,,True
http://purl.obolibrary.org/obo/HP_0034683,Reduced muscle telethonin level,inherited,http://purl.obolibrary.org/obo/HP_0004303,Abnormal muscle fiber morphology,equivalentClass,characteristic of part of,has part some > characteristic of part of some,restriction_filler,False,False,http://purl.obolibrary.org/obo/CL_0000188,cell of skeletal muscle,False,,,,,True
http://purl.obolibrary.org/obo/HP_0034683,Reduced muscle telethonin level,inherited,http://purl.obolibrary.org/obo/HP_0030089,Abnormal muscle fiber protein expression,equivalentClass,part of,has part some > characteristic of some > part of some,restriction_filler,False,False,http://purl.obolibrary.org/obo/CL_0008002,skeletal muscle fiber,False,,,,,True
http://purl.obolibrary.org/obo/HP_0034687,Impaired cerebroside sulfate hydrolysis,inherited,http://purl.obolibrary.org/obo/HP_0025354,Abnormal cellular phenotype,equivalentClass,characteristic of part of,has part some > characteristic of part of some,restriction_filler,False,False,http://purl.obolibrary.org/obo/CL_0000000,cell,False,,,,,True
http://purl.obolibrary.org/obo/HP_0034687,Impaired cerebroside sulfate hydrolysis,inherited,http://purl.obolibrary.org/obo/HP_0011017,Abnormal cellular physiology,equivalentClass,characteristic of,has part some > characteristic of some,restriction_filler,False,False,http://purl.obolibrary.org/obo/CL_0000000,cell,False,,,,,True
http://purl.obolibrary.org/obo/HP_0034692,Elongated mitochondria,inherited,http://purl.obolibrary.org/obo/HP_0025354,Abnormal cellular phenotype,equivalentClass,characteristic of part of,has part some > characteristic of part of some,restriction_filler,False,False,http://purl.obolibrary.org/obo/CL_0000000,cell,False,,,,,True
http://purl.obolibrary.org/obo/HP_0034692,Elongated mitochondria,inherited,http://purl.obolibrary.org/obo/HP_0011017,Abnormal cellular physiology,equivalentClass,characteristic of,has part some > characteristic of some,restriction_filler,False,False,http://purl.obolibrary.org/obo/CL_0000000,cell,False,,,,,True
http://purl.obolibrary.org/obo/HP_0034707,Lymph-node hemophagocytosis,inherited,http://purl.obolibrary.org/obo/HP_0004311,Abnormal macrophage morphology,equivalentClass,characteristic of part of,has part some > characteristic of part of some,restriction_filler,False,False,http://purl.obolibrary.org/obo/CL_0000235,macrophage,False,,,,,True
http://purl.obolibrary.org/obo/HP_0034707,Lymph-node hemophagocytosis,inherited,http://purl.obolibrary.org/obo/HP_0001881,Abnormal leukocyte morphology,equivalentClass,characteristic of part of,has part some > characteristic of part of some,restriction_filler,False,False,http://purl.obolibrary.org/obo/CL_0000738,leukocyte,False,,,,,True
http://purl.obolibrary.org/obo/HP_0034707,Lymph-node hemophagocytosis,inherited,http://purl.obolibrary.org/obo/HP_0010974,Abnormal myeloid leukocyte morphology,equivalentClass,characteristic of,has part some > characteristic of some,restriction_filler,False,False,http://purl.obolibrary.org/obo/CL_0000766,myeloid leukocyte,False,,,,,True
http://purl.obolibrary.org/obo/HP_0034722,Sarcoplasmic bodies,inherited,http://purl.obolibrary.org/obo/HP_0025354,Abnormal cellular phenotype,equivalentClass,characteristic of part of,has part some > characteristic of part of some,restriction_filler,False,False,http://purl.obolibrary.org/obo/CL_0000000,cell,False,,,,,True
http://purl.obolibrary.org/obo/HP_0034722,Sarcoplasmic bodies,inherited,http://purl.obolibrary.org/obo/HP_0025461,Abnormal cell morphology,equivalentClass,characteristic of,has part some > characteristic of some,restriction_filler,False,False,http://purl.obolibrary.org/obo/CL_0000000,cell,False,,,,,True
http://purl.obolibrary.org/obo/HP_0034722,Sarcoplasmic bodies,inherited,http://purl.obolibrary.org/obo/HP_0100299,Muscle fiber inclusion bodies,equivalentClass,characteristic of part of,has part some > characteristic of some > characteristic of part of some,restriction_filler,False,False,http://purl.obolibrary.org/obo/CL_0000187,muscle cell,False,,,,,True
http://purl.obolibrary.org/obo/HP_0034722,Sarcoplasmic bodies,inherited,http://purl.obolibrary.org/obo/HP_0004303,Abnormal muscle fiber morphology,equivalentClass,characteristic of part of,has part some > characteristic of part of some,restriction_filler,False,False,http://purl.obolibrary.org/obo/CL_0000188,cell of skeletal muscle,False,,,,,True
http://purl.obolibrary.org/obo/HP_0034737,Abnormal erythrocyte metabolite concentration,inherited,http://purl.obolibrary.org/obo/HP_0001877,Abnormal erythrocyte morphology,equivalentClass,characteristic of part of,has part some > characteristic of part of some,restriction_filler,False,False,http://purl.obolibrary.org/obo/CL_0000232,erythrocyte,False,,,,,True
http://purl.obolibrary.org/obo/HP_0034738,Reduced erythrocyte glutathione concentration,inherited,http://purl.obolibrary.org/obo/HP_0001877,Abnormal erythrocyte morphology,equivalentClass,characteristic of part of,has part some > characteristic of part of some,restriction_filler,False,False,http://purl.obolibrary.org/obo/CL_0000232,erythrocyte,False,,,,,True
http://purl.obolibrary.org/obo/HP_0034766,Muscle fiber polyglucosan inclusion bodies,inherited,http://purl.obolibrary.org/obo/HP_0025354,Abnormal cellular phenotype,equivalentClass,characteristic of part of,has part some > characteristic of part of some,restriction_filler,False,False,http://purl.obolibrary.org/obo/CL_0000000,cell,False,,,,,True
http://purl.obolibrary.org/obo/HP_0034766,Muscle fiber polyglucosan inclusion bodies,inherited,http://purl.obolibrary.org/obo/HP_0025461,Abnormal cell morphology,equivalentClass,characteristic of,has part some > characteristic of some,restriction_filler,False,False,http://purl.obolibrary.org/obo/CL_0000000,cell,False,,,,,True
http://purl.obolibrary.org/obo/HP_0034766,Muscle fiber polyglucosan inclusion bodies,inherited,http://purl.obolibrary.org/obo/HP_0100299,Muscle fiber inclusion bodies,equivalentClass,characteristic of part of,has part some > characteristic of some > characteristic of part of some,restriction_filler,False,False,http://purl.obolibrary.org/obo/CL_0000187,muscle cell,False,,,,,True
http://purl.obolibrary.org/obo/HP_0034766,Muscle fiber polyglucosan inclusion bodies,inherited,http://purl.obolibrary.org/obo/HP_0004303,Abnormal muscle fiber morphology,equivalentClass,characteristic of part of,has part some > characteristic of part of some,restriction_filler,False,False,http://purl.obolibrary.org/obo/CL_0000188,cell of skeletal muscle,False,,,,,True
http://purl.obolibrary.org/obo/HP_0034794,Pyriform sperm head,inherited,http://purl.obolibrary.org/obo/HP_0012863,Abnormal male germ cell morphology,equivalentClass,characteristic of,has part some > characteristic of some,restriction_filler,False,False,http://purl.obolibrary.org/obo/CL_0000015,male germ cell,False,,,,,True
http://purl.obolibrary.org/obo/HP_0034794,Pyriform sperm head,inherited,http://purl.obolibrary.org/obo/HP_0012864,Abnormal sperm morphology,equivalentClass,characteristic of,has part some > characteristic of some,restriction_filler,False,False,http://purl.obolibrary.org/obo/CL_0000019,sperm,False,,,,,True
http://purl.obolibrary.org/obo/HP_0034794,Pyriform sperm head,inherited,http://purl.obolibrary.org/obo/HP_0012862,Abnormal germ cell morphology,equivalentClass,characteristic of,has part some > characteristic of some,restriction_filler,False,False,http://purl.obolibrary.org/obo/CL_0000586,germ cell,False,,,,,True
http://purl.obolibrary.org/obo/HP_0034795,Excess residual spermatozoal cytoplasm,inherited,http://purl.obolibrary.org/obo/HP_0012863,Abnormal male germ cell morphology,equivalentClass,characteristic of,has part some > characteristic of some,restriction_filler,False,False,http://purl.obolibrary.org/obo/CL_0000015,male germ cell,False,,,,,True
http://purl.obolibrary.org/obo/HP_0034795,Excess residual spermatozoal cytoplasm,inherited,http://purl.obolibrary.org/obo/HP_0012864,Abnormal sperm morphology,equivalentClass,characteristic of,has part some > characteristic of some,restriction_filler,False,False,http://purl.obolibrary.org/obo/CL_0000019,sperm,False,,,,,True
http://purl.obolibrary.org/obo/HP_0034795,Excess residual spermatozoal cytoplasm,inherited,http://purl.obolibrary.org/obo/HP_0012862,Abnormal germ cell morphology,equivalentClass,characteristic of,has part some > characteristic of some,restriction_filler,False,False,http://purl.obolibrary.org/obo/CL_0000586,germ cell,False,,,,,True
http://purl.obolibrary.org/obo/HP_0034796,Cardiomyocyte hyaline bodies,inherited,http://purl.obolibrary.org/obo/HP_0025354,Abnormal cellular phenotype,equivalentClass,characteristic of part of,has part some > characteristic of part of some,restriction_filler,False,False,http://purl.obolibrary.org/obo/CL_0000000,cell,False,,,,,True
http://purl.obolibrary.org/obo/HP_0034796,Cardiomyocyte hyaline bodies,inherited,http://purl.obolibrary.org/obo/HP_0025461,Abnormal cell morphology,equivalentClass,characteristic of,has part some > characteristic of some,restriction_filler,False,False,http://purl.obolibrary.org/obo/CL_0000000,cell,False,,,,,True
http://purl.obolibrary.org/obo/HP_0034797,Hepatic hemophagocytosis,inherited,http://purl.obolibrary.org/obo/HP_0004311,Abnormal macrophage morphology,equivalentClass,characteristic of part of,has part some > characteristic of part of some,restriction_filler,False,False,http://purl.obolibrary.org/obo/CL_0000235,macrophage,False,,,,,True
http://purl.obolibrary.org/obo/HP_0034797,Hepatic hemophagocytosis,inherited,http://purl.obolibrary.org/obo/HP_0001881,Abnormal leukocyte morphology,equivalentClass,characteristic of part of,has part some > characteristic of part of some,restriction_filler,False,False,http://purl.obolibrary.org/obo/CL_0000738,leukocyte,False,,,,,True
http://purl.obolibrary.org/obo/HP_0034797,Hepatic hemophagocytosis,inherited,http://purl.obolibrary.org/obo/HP_0010974,Abnormal myeloid leukocyte morphology,equivalentClass,characteristic of,has part some > characteristic of some,restriction_filler,False,False,http://purl.obolibrary.org/obo/CL_0000766,myeloid leukocyte,False,,,,,True
http://purl.obolibrary.org/obo/HP_0034798,CSF hemophagocytosis,inherited,http://purl.obolibrary.org/obo/HP_0004311,Abnormal macrophage morphology,equivalentClass,characteristic of part of,has part some > characteristic of part of some,restriction_filler,False,False,http://purl.obolibrary.org/obo/CL_0000235,macrophage,False,,,,,True
http://purl.obolibrary.org/obo/HP_0034798,CSF hemophagocytosis,inherited,http://purl.obolibrary.org/obo/HP_0001881,Abnormal leukocyte morphology,equivalentClass,characteristic of part of,has part some > characteristic of part of some,restriction_filler,False,False,http://purl.obolibrary.org/obo/CL_0000738,leukocyte,False,,,,,True
http://purl.obolibrary.org/obo/HP_0034798,CSF hemophagocytosis,inherited,http://purl.obolibrary.org/obo/HP_0010974,Abnormal myeloid leukocyte morphology,equivalentClass,characteristic of,has part some > characteristic of some,restriction_filler,False,False,http://purl.obolibrary.org/obo/CL_0000766,myeloid leukocyte,False,,,,,True
http://purl.obolibrary.org/obo/HP_0034799,Splenic hemophagocytosis,inherited,http://purl.obolibrary.org/obo/HP_0004311,Abnormal macrophage morphology,equivalentClass,characteristic of part of,has part some > characteristic of part of some,restriction_filler,False,False,http://purl.obolibrary.org/obo/CL_0000235,macrophage,False,,,,,True
http://purl.obolibrary.org/obo/HP_0034799,Splenic hemophagocytosis,inherited,http://purl.obolibrary.org/obo/HP_0001881,Abnormal leukocyte morphology,equivalentClass,characteristic of part of,has part some > characteristic of part of some,restriction_filler,False,False,http://purl.obolibrary.org/obo/CL_0000738,leukocyte,False,,,,,True
http://purl.obolibrary.org/obo/HP_0034799,Splenic hemophagocytosis,inherited,http://purl.obolibrary.org/obo/HP_0010974,Abnormal myeloid leukocyte morphology,equivalentClass,characteristic of,has part some > characteristic of some,restriction_filler,False,False,http://purl.obolibrary.org/obo/CL_0000766,myeloid leukocyte,False,,,,,True
http://purl.obolibrary.org/obo/HP_0034800,Urinary bladder granulomatosis,inherited,http://purl.obolibrary.org/obo/HP_0004311,Abnormal macrophage morphology,equivalentClass,characteristic of part of,has part some > characteristic of part of some,restriction_filler,False,False,http://purl.obolibrary.org/obo/CL_0000235,macrophage,False,,,,,True
http://purl.obolibrary.org/obo/HP_0034800,Urinary bladder granulomatosis,inherited,http://purl.obolibrary.org/obo/HP_0001881,Abnormal leukocyte morphology,equivalentClass,characteristic of part of,has part some > characteristic of part of some,restriction_filler,False,False,http://purl.obolibrary.org/obo/CL_0000738,leukocyte,False,,,,,True
http://purl.obolibrary.org/obo/HP_0034800,Urinary bladder granulomatosis,inherited,http://purl.obolibrary.org/obo/HP_0010974,Abnormal myeloid leukocyte morphology,equivalentClass,characteristic of,has part some > characteristic of some,restriction_filler,False,False,http://purl.obolibrary.org/obo/CL_0000766,myeloid leukocyte,False,,,,,True
http://purl.obolibrary.org/obo/HP_0034810,Small acrosomal area,inherited,http://purl.obolibrary.org/obo/HP_0012863,Abnormal male germ cell morphology,equivalentClass,characteristic of,has part some > characteristic of some,restriction_filler,False,False,http://purl.obolibrary.org/obo/CL_0000015,male germ cell,False,,,,,True
http://purl.obolibrary.org/obo/HP_0034810,Small acrosomal area,inherited,http://purl.obolibrary.org/obo/HP_0012864,Abnormal sperm morphology,equivalentClass,characteristic of,has part some > characteristic of some,restriction_filler,False,False,http://purl.obolibrary.org/obo/CL_0000019,sperm,False,,,,,True
http://purl.obolibrary.org/obo/HP_0034810,Small acrosomal area,inherited,http://purl.obolibrary.org/obo/HP_0012862,Abnormal germ cell morphology,equivalentClass,characteristic of,has part some > characteristic of some,restriction_filler,False,False,http://purl.obolibrary.org/obo/CL_0000586,germ cell,False,,,,,True
http://purl.obolibrary.org/obo/HP_0034811,Bent sperm flagella,inherited,http://purl.obolibrary.org/obo/HP_0012863,Abnormal male germ cell morphology,equivalentClass,characteristic of,has part some > characteristic of some,restriction_filler,False,False,http://purl.obolibrary.org/obo/CL_0000015,male germ cell,False,,,,,True
http://purl.obolibrary.org/obo/HP_0034811,Bent sperm flagella,inherited,http://purl.obolibrary.org/obo/HP_0012864,Abnormal sperm morphology,equivalentClass,characteristic of,has part some > characteristic of some,restriction_filler,False,False,http://purl.obolibrary.org/obo/CL_0000019,sperm,False,,,,,True
http://purl.obolibrary.org/obo/HP_0034811,Bent sperm flagella,inherited,http://purl.obolibrary.org/obo/HP_0012862,Abnormal germ cell morphology,equivalentClass,characteristic of,has part some > characteristic of some,restriction_filler,False,False,http://purl.obolibrary.org/obo/CL_0000586,germ cell,False,,,,,True
http://purl.obolibrary.org/obo/HP_0034812,Spermiation failure,inherited,http://purl.obolibrary.org/obo/HP_0000027,Azoospermia,equivalentClass,characteristic of,has part some > characteristic of some,intersection_operand,False,False,http://purl.obolibrary.org/obo/CL_0000019,sperm,False,,,,,True
http://purl.obolibrary.org/obo/HP_0034839,Lymphoid hyperplasia,inherited,http://purl.obolibrary.org/obo/HP_0005561,Abnormal bone marrow cell morphology,equivalentClass,characteristic of,has part some > characteristic of some,restriction_filler,False,False,http://purl.obolibrary.org/obo/CL_0002092,bone marrow cell,False,,,,,True
http://purl.obolibrary.org/obo/HP_0034841,Gastrointestinal granulomatosis,inherited,http://purl.obolibrary.org/obo/HP_0004311,Abnormal macrophage morphology,equivalentClass,characteristic of part of,has part some > characteristic of part of some,restriction_filler,False,False,http://purl.obolibrary.org/obo/CL_0000235,macrophage,False,,,,,True
http://purl.obolibrary.org/obo/HP_0034841,Gastrointestinal granulomatosis,inherited,http://purl.obolibrary.org/obo/HP_0001881,Abnormal leukocyte morphology,equivalentClass,characteristic of part of,has part some > characteristic of part of some,restriction_filler,False,False,http://purl.obolibrary.org/obo/CL_0000738,leukocyte,False,,,,,True
http://purl.obolibrary.org/obo/HP_0034841,Gastrointestinal granulomatosis,inherited,http://purl.obolibrary.org/obo/HP_0010974,Abnormal myeloid leukocyte morphology,equivalentClass,characteristic of,has part some > characteristic of some,restriction_filler,False,False,http://purl.obolibrary.org/obo/CL_0000766,myeloid leukocyte,False,,,,,True
http://purl.obolibrary.org/obo/HP_0034842,Enlarged sperm head vacuole,inherited,http://purl.obolibrary.org/obo/HP_0012863,Abnormal male germ cell morphology,equivalentClass,characteristic of,has part some > characteristic of some,restriction_filler,False,False,http://purl.obolibrary.org/obo/CL_0000015,male germ cell,False,,,,,True
http://purl.obolibrary.org/obo/HP_0034842,Enlarged sperm head vacuole,inherited,http://purl.obolibrary.org/obo/HP_0012864,Abnormal sperm morphology,equivalentClass,characteristic of,has part some > characteristic of some,restriction_filler,False,False,http://purl.obolibrary.org/obo/CL_0000019,sperm,False,,,,,True
http://purl.obolibrary.org/obo/HP_0034842,Enlarged sperm head vacuole,inherited,http://purl.obolibrary.org/obo/HP_0012862,Abnormal germ cell morphology,equivalentClass,characteristic of,has part some > characteristic of some,restriction_filler,False,False,http://purl.obolibrary.org/obo/CL_0000586,germ cell,False,,,,,True
http://purl.obolibrary.org/obo/HP_0034913,Acrosomal hypoplasia,inherited,http://purl.obolibrary.org/obo/HP_0012863,Abnormal male germ cell morphology,equivalentClass,characteristic of,has part some > characteristic of some,restriction_filler,False,False,http://purl.obolibrary.org/obo/CL_0000015,male germ cell,False,,,,,True
http://purl.obolibrary.org/obo/HP_0034913,Acrosomal hypoplasia,inherited,http://purl.obolibrary.org/obo/HP_0012864,Abnormal sperm morphology,equivalentClass,characteristic of,has part some > characteristic of some,restriction_filler,False,False,http://purl.obolibrary.org/obo/CL_0000019,sperm,False,,,,,True
http://purl.obolibrary.org/obo/HP_0034913,Acrosomal hypoplasia,inherited,http://purl.obolibrary.org/obo/HP_0012862,Abnormal germ cell morphology,equivalentClass,characteristic of,has part some > characteristic of some,restriction_filler,False,False,http://purl.obolibrary.org/obo/CL_0000586,germ cell,False,,,,,True
http://purl.obolibrary.org/obo/HP_0034940,Muscle fiber calsequestrin 1-containing inclusion bodies,inherited,http://purl.obolibrary.org/obo/HP_0025354,Abnormal cellular phenotype,equivalentClass,characteristic of part of,has part some > characteristic of part of some,restriction_filler,False,False,http://purl.obolibrary.org/obo/CL_0000000,cell,False,,,,,True
http://purl.obolibrary.org/obo/HP_0034940,Muscle fiber calsequestrin 1-containing inclusion bodies,inherited,http://purl.obolibrary.org/obo/HP_0025461,Abnormal cell morphology,equivalentClass,characteristic of,has part some > characteristic of some,restriction_filler,False,False,http://purl.obolibrary.org/obo/CL_0000000,cell,False,,,,,True
http://purl.obolibrary.org/obo/HP_0034940,Muscle fiber calsequestrin 1-containing inclusion bodies,inherited,http://purl.obolibrary.org/obo/HP_0100299,Muscle fiber inclusion bodies,equivalentClass,characteristic of part of,has part some > characteristic of some > characteristic of part of some,restriction_filler,False,False,http://purl.obolibrary.org/obo/CL_0000187,muscle cell,False,,,,,True
http://purl.obolibrary.org/obo/HP_0034940,Muscle fiber calsequestrin 1-containing inclusion bodies,inherited,http://purl.obolibrary.org/obo/HP_0004303,Abnormal muscle fiber morphology,equivalentClass,characteristic of part of,has part some > characteristic of part of some,restriction_filler,False,False,http://purl.obolibrary.org/obo/CL_0000188,cell of skeletal muscle,False,,,,,True
http://purl.obolibrary.org/obo/HP_0034947,Altered location of the longitudinal column in the fibrous sheath,inherited,http://purl.obolibrary.org/obo/HP_0012863,Abnormal male germ cell morphology,equivalentClass,characteristic of,has part some > characteristic of some,restriction_filler,False,False,http://purl.obolibrary.org/obo/CL_0000015,male germ cell,False,,,,,True
http://purl.obolibrary.org/obo/HP_0034947,Altered location of the longitudinal column in the fibrous sheath,inherited,http://purl.obolibrary.org/obo/HP_0012864,Abnormal sperm morphology,equivalentClass,characteristic of,has part some > characteristic of some,restriction_filler,False,False,http://purl.obolibrary.org/obo/CL_0000019,sperm,False,,,,,True
http://purl.obolibrary.org/obo/HP_0034947,Altered location of the longitudinal column in the fibrous sheath,inherited,http://purl.obolibrary.org/obo/HP_0012862,Abnormal germ cell morphology,equivalentClass,characteristic of,has part some > characteristic of some,restriction_filler,False,False,http://purl.obolibrary.org/obo/CL_0000586,germ cell,False,,,,,True
http://purl.obolibrary.org/obo/HP_0034955,Bone marrow eosinophilia,inherited,http://purl.obolibrary.org/obo/HP_0005561,Abnormal bone marrow cell morphology,equivalentClass,characteristic of,has part some > characteristic of some,restriction_filler,False,False,http://purl.obolibrary.org/obo/CL_0002092,bone marrow cell,False,,,,,True
http://purl.obolibrary.org/obo/HP_0034955,Bone marrow eosinophilia,inherited,http://purl.obolibrary.org/obo/HP_0012135,Abnormal granulocytopoietic cell morphology,equivalentClass,characteristic of part of,has part some > characteristic of part of some,restriction_filler,False,False,http://purl.obolibrary.org/obo/CL_0002191,granulocytopoietic cell,False,,,,,True
http://purl.obolibrary.org/obo/HP_0034958,Asymmetrical insertion of the midpiece into the head,inherited,http://purl.obolibrary.org/obo/HP_0012863,Abnormal male germ cell morphology,equivalentClass,characteristic of,has part some > characteristic of some,restriction_filler,False,False,http://purl.obolibrary.org/obo/CL_0000015,male germ cell,False,,,,,True
http://purl.obolibrary.org/obo/HP_0034958,Asymmetrical insertion of the midpiece into the head,inherited,http://purl.obolibrary.org/obo/HP_0012864,Abnormal sperm morphology,equivalentClass,characteristic of,has part some > characteristic of some,restriction_filler,False,False,http://purl.obolibrary.org/obo/CL_0000019,sperm,False,,,,,True
http://purl.obolibrary.org/obo/HP_0034958,Asymmetrical insertion of the midpiece into the head,inherited,http://purl.obolibrary.org/obo/HP_0012862,Abnormal germ cell morphology,equivalentClass,characteristic of,has part some > characteristic of some,restriction_filler,False,False,http://purl.obolibrary.org/obo/CL_0000586,germ cell,False,,,,,True
http://purl.obolibrary.org/obo/HP_0034959,Bent sperm neck,inherited,http://purl.obolibrary.org/obo/HP_0012863,Abnormal male germ cell morphology,equivalentClass,characteristic of,has part some > characteristic of some,restriction_filler,False,False,http://purl.obolibrary.org/obo/CL_0000015,male germ cell,False,,,,,True
http://purl.obolibrary.org/obo/HP_0034959,Bent sperm neck,inherited,http://purl.obolibrary.org/obo/HP_0012864,Abnormal sperm morphology,equivalentClass,characteristic of,has part some > characteristic of some,restriction_filler,False,False,http://purl.obolibrary.org/obo/CL_0000019,sperm,False,,,,,True
http://purl.obolibrary.org/obo/HP_0034959,Bent sperm neck,inherited,http://purl.obolibrary.org/obo/HP_0012862,Abnormal germ cell morphology,equivalentClass,characteristic of,has part some > characteristic of some,restriction_filler,False,False,http://purl.obolibrary.org/obo/CL_0000586,germ cell,False,,,,,True
http://purl.obolibrary.org/obo/HP_0034985,Reduced cellular cobalamin uptake,inherited,http://purl.obolibrary.org/obo/HP_0025354,Abnormal cellular phenotype,equivalentClass,characteristic of part of,has part some > characteristic of part of some,restriction_filler,False,False,http://purl.obolibrary.org/obo/CL_0000000,cell,False,,,,,True
http://purl.obolibrary.org/obo/HP_0034985,Reduced cellular cobalamin uptake,inherited,http://purl.obolibrary.org/obo/HP_0011017,Abnormal cellular physiology,equivalentClass,characteristic of,has part some > characteristic of some,restriction_filler,False,False,http://purl.obolibrary.org/obo/CL_0000000,cell,False,,,,,True
http://purl.obolibrary.org/obo/HP_0035007,Thin spermatozoon midpiece,inherited,http://purl.obolibrary.org/obo/HP_0012863,Abnormal male germ cell morphology,equivalentClass,characteristic of,has part some > characteristic of some,restriction_filler,False,False,http://purl.obolibrary.org/obo/CL_0000015,male germ cell,False,,,,,True
http://purl.obolibrary.org/obo/HP_0035007,Thin spermatozoon midpiece,inherited,http://purl.obolibrary.org/obo/HP_0012864,Abnormal sperm morphology,equivalentClass,characteristic of,has part some > characteristic of some,restriction_filler,False,False,http://purl.obolibrary.org/obo/CL_0000019,sperm,False,,,,,True
http://purl.obolibrary.org/obo/HP_0035007,Thin spermatozoon midpiece,inherited,http://purl.obolibrary.org/obo/HP_0012862,Abnormal germ cell morphology,equivalentClass,characteristic of,has part some > characteristic of some,restriction_filler,False,False,http://purl.obolibrary.org/obo/CL_0000586,germ cell,False,,,,,True
http://purl.obolibrary.org/obo/HP_0035008,Thick spermatozoon midpiece insertion,inherited,http://purl.obolibrary.org/obo/HP_0012863,Abnormal male germ cell morphology,equivalentClass,characteristic of,has part some > characteristic of some,restriction_filler,False,False,http://purl.obolibrary.org/obo/CL_0000015,male germ cell,False,,,,,True
http://purl.obolibrary.org/obo/HP_0035008,Thick spermatozoon midpiece insertion,inherited,http://purl.obolibrary.org/obo/HP_0012864,Abnormal sperm morphology,equivalentClass,characteristic of,has part some > characteristic of some,restriction_filler,False,False,http://purl.obolibrary.org/obo/CL_0000019,sperm,False,,,,,True
http://purl.obolibrary.org/obo/HP_0035008,Thick spermatozoon midpiece insertion,inherited,http://purl.obolibrary.org/obo/HP_0012862,Abnormal germ cell morphology,equivalentClass,characteristic of,has part some > characteristic of some,restriction_filler,False,False,http://purl.obolibrary.org/obo/CL_0000586,germ cell,False,,,,,True
http://purl.obolibrary.org/obo/HP_0040012,Chromosome breakage,inherited,http://purl.obolibrary.org/obo/HP_0025354,Abnormal cellular phenotype,equivalentClass,characteristic of part of,has part some > characteristic of part of some,restriction_filler,False,False,http://purl.obolibrary.org/obo/CL_0000000,cell,False,,,,,True
http://purl.obolibrary.org/obo/HP_0040012,Chromosome breakage,inherited,http://purl.obolibrary.org/obo/HP_0011017,Abnormal cellular physiology,equivalentClass,characteristic of,has part some > characteristic of some,restriction_filler,False,False,http://purl.obolibrary.org/obo/CL_0000000,cell,False,,,,,True
http://purl.obolibrary.org/obo/HP_0040013,Decreased mitochondrial number,inherited,http://purl.obolibrary.org/obo/HP_0025354,Abnormal cellular phenotype,equivalentClass,characteristic of part of,has part some > characteristic of part of some,restriction_filler,False,False,http://purl.obolibrary.org/obo/CL_0000000,cell,False,,,,,True
http://purl.obolibrary.org/obo/HP_0040013,Decreased mitochondrial number,inherited,http://purl.obolibrary.org/obo/HP_0011017,Abnormal cellular physiology,equivalentClass,characteristic of,has part some > characteristic of some,restriction_filler,False,False,http://purl.obolibrary.org/obo/CL_0000000,cell,False,,,,,True
http://purl.obolibrary.org/obo/HP_0040014,Increased mitochondrial number,inherited,http://purl.obolibrary.org/obo/HP_0025354,Abnormal cellular phenotype,equivalentClass,characteristic of part of,has part some > characteristic of part of some,restriction_filler,False,False,http://purl.obolibrary.org/obo/CL_0000000,cell,False,,,,,True
http://purl.obolibrary.org/obo/HP_0040014,Increased mitochondrial number,inherited,http://purl.obolibrary.org/obo/HP_0011017,Abnormal cellular physiology,equivalentClass,characteristic of,has part some > characteristic of some,restriction_filler,False,False,http://purl.obolibrary.org/obo/CL_0000000,cell,False,,,,,True
http://purl.obolibrary.org/obo/HP_0040015,Increased activity of mitochondrial respiratory chain,inherited,http://purl.obolibrary.org/obo/HP_0025354,Abnormal cellular phenotype,equivalentClass,characteristic of part of,has part some > characteristic of part of some,restriction_filler,False,False,http://purl.obolibrary.org/obo/CL_0000000,cell,False,,,,,True
http://purl.obolibrary.org/obo/HP_0040015,Increased activity of mitochondrial respiratory chain,inherited,http://purl.obolibrary.org/obo/HP_0011017,Abnormal cellular physiology,equivalentClass,characteristic of,has part some > characteristic of some,restriction_filler,False,False,http://purl.obolibrary.org/obo/CL_0000000,cell,False,,,,,True
http://purl.obolibrary.org/obo/HP_0040088,Abnormal lymphocyte count,direct,http://purl.obolibrary.org/obo/HP_0040088,Abnormal lymphocyte count,equivalentClass,characteristic of,has part some > characteristic of some,restriction_filler,False,False,http://purl.obolibrary.org/obo/CL_0000542,lymphocyte,False,,,,,True
http://purl.obolibrary.org/obo/HP_0040088,Abnormal lymphocyte count,inherited,http://purl.obolibrary.org/obo/HP_0004332,Abnormal lymphocyte morphology,equivalentClass,characteristic of part of,has part some > characteristic of part of some,restriction_filler,False,False,http://purl.obolibrary.org/obo/CL_0000542,lymphocyte,False,,,,,True
http://purl.obolibrary.org/obo/HP_0040088,Abnormal lymphocyte count,inherited,http://purl.obolibrary.org/obo/HP_0001881,Abnormal leukocyte morphology,equivalentClass,characteristic of part of,has part some > characteristic of part of some,restriction_filler,False,False,http://purl.obolibrary.org/obo/CL_0000738,leukocyte,False,,,,,True
http://purl.obolibrary.org/obo/HP_0040088,Abnormal lymphocyte count,inherited,http://purl.obolibrary.org/obo/HP_0011893,Abnormal leukocyte count,equivalentClass,characteristic of,has part some > characteristic of some,restriction_filler,False,False,http://purl.obolibrary.org/obo/CL_0000738,leukocyte,False,,,,,True
http://purl.obolibrary.org/obo/HP_0040089,Abnormal total natural killer cell count,direct,http://purl.obolibrary.org/obo/HP_0040089,Abnormal total natural killer cell count,equivalentClass,characteristic of,has part some > characteristic of some,restriction_filler,False,False,http://purl.obolibrary.org/obo/CL_0000623,natural killer cell,False,,,,,True
http://purl.obolibrary.org/obo/HP_0040089,Abnormal total natural killer cell count,inherited,http://purl.obolibrary.org/obo/HP_0004332,Abnormal lymphocyte morphology,equivalentClass,characteristic of part of,has part some > characteristic of part of some,restriction_filler,False,False,http://purl.obolibrary.org/obo/CL_0000542,lymphocyte,False,,,,,True
http://purl.obolibrary.org/obo/HP_0040089,Abnormal total natural killer cell count,inherited,http://purl.obolibrary.org/obo/HP_0001881,Abnormal leukocyte morphology,equivalentClass,characteristic of part of,has part some > characteristic of part of some,restriction_filler,False,False,http://purl.obolibrary.org/obo/CL_0000738,leukocyte,False,,,,,True
http://purl.obolibrary.org/obo/HP_0040129,Abnormal nerve conduction velocity,inherited,http://purl.obolibrary.org/obo/HP_0003134,Abnormality of peripheral nerve conduction,equivalentClass,characteristic of,has part some > characteristic of some,restriction_filler,False,False,http://purl.obolibrary.org/obo/CL_2000032,peripheral nervous system neuron,False,,,,,True
http://purl.obolibrary.org/obo/HP_0040131,Abnormal motor nerve conduction velocity,inherited,http://purl.obolibrary.org/obo/HP_0003134,Abnormality of peripheral nerve conduction,equivalentClass,characteristic of,has part some > characteristic of some,restriction_filler,False,False,http://purl.obolibrary.org/obo/CL_2000032,peripheral nervous system neuron,False,,,,,True
http://purl.obolibrary.org/obo/HP_0040132,Abnormal sensory nerve conduction velocity,inherited,http://purl.obolibrary.org/obo/HP_0003134,Abnormality of peripheral nerve conduction,equivalentClass,characteristic of,has part some > characteristic of some,restriction_filler,False,False,http://purl.obolibrary.org/obo/CL_2000032,peripheral nervous system neuron,False,,,,,True
http://purl.obolibrary.org/obo/HP_0040138,Mucinous histiocytosis,inherited,http://purl.obolibrary.org/obo/HP_0004311,Abnormal macrophage morphology,equivalentClass,characteristic of part of,has part some > characteristic of part of some,restriction_filler,False,False,http://purl.obolibrary.org/obo/CL_0000235,macrophage,False,,,,,True
http://purl.obolibrary.org/obo/HP_0040138,Mucinous histiocytosis,inherited,http://purl.obolibrary.org/obo/HP_0001881,Abnormal leukocyte morphology,equivalentClass,characteristic of part of,has part some > characteristic of part of some,restriction_filler,False,False,http://purl.obolibrary.org/obo/CL_0000738,leukocyte,False,,,,,True
http://purl.obolibrary.org/obo/HP_0040138,Mucinous histiocytosis,inherited,http://purl.obolibrary.org/obo/HP_0010974,Abnormal myeloid leukocyte morphology,equivalentClass,characteristic of,has part some > characteristic of some,restriction_filler,False,False,http://purl.obolibrary.org/obo/CL_0000766,myeloid leukocyte,False,,,,,True
http://purl.obolibrary.org/obo/HP_0040139,Lipogranulomatosis,inherited,http://purl.obolibrary.org/obo/HP_0025354,Abnormal cellular phenotype,equivalentClass,characteristic of part of,has part some > characteristic of part of some,restriction_filler,False,False,http://purl.obolibrary.org/obo/CL_0000000,cell,False,,,,,True
http://purl.obolibrary.org/obo/HP_0040139,Lipogranulomatosis,inherited,http://purl.obolibrary.org/obo/HP_0011017,Abnormal cellular physiology,equivalentClass,characteristic of,has part some > characteristic of some,restriction_filler,False,False,http://purl.obolibrary.org/obo/CL_0000000,cell,False,,,,,True
http://purl.obolibrary.org/obo/HP_0040139,Lipogranulomatosis,inherited,http://purl.obolibrary.org/obo/HP_0004311,Abnormal macrophage morphology,equivalentClass,characteristic of part of,has part some > characteristic of part of some,restriction_filler,False,False,http://purl.obolibrary.org/obo/CL_0000235,macrophage,False,,,,,True
http://purl.obolibrary.org/obo/HP_0040139,Lipogranulomatosis,inherited,http://purl.obolibrary.org/obo/HP_0001881,Abnormal leukocyte morphology,equivalentClass,characteristic of part of,has part some > characteristic of part of some,restriction_filler,False,False,http://purl.obolibrary.org/obo/CL_0000738,leukocyte,False,,,,,True
http://purl.obolibrary.org/obo/HP_0040139,Lipogranulomatosis,inherited,http://purl.obolibrary.org/obo/HP_0010974,Abnormal myeloid leukocyte morphology,equivalentClass,characteristic of,has part some > characteristic of some,restriction_filler,False,False,http://purl.obolibrary.org/obo/CL_0000766,myeloid leukocyte,False,,,,,True
http://purl.obolibrary.org/obo/HP_0040185,Macrothrombocytopenia,inherited,http://purl.obolibrary.org/obo/HP_0001872,Abnormality of thrombocytes,equivalentClass,characteristic of part of,has part some > characteristic of part of some,restriction_filler,False,False,http://purl.obolibrary.org/obo/CL_0000233,platelet,False,,,,,True
http://purl.obolibrary.org/obo/HP_0040185,Macrothrombocytopenia,inherited,http://purl.obolibrary.org/obo/HP_0001873,Thrombocytopenia,equivalentClass,characteristic of,has part some > characteristic of some,restriction_filler,False,False,http://purl.obolibrary.org/obo/CL_0000233,platelet,False,,,,,True
http://purl.obolibrary.org/obo/HP_0040217,Elevated hemoglobin A1c,inherited,http://purl.obolibrary.org/obo/HP_0001877,Abnormal erythrocyte morphology,equivalentClass,characteristic of part of,has part some > characteristic of part of some,restriction_filler,False,False,http://purl.obolibrary.org/obo/CL_0000232,erythrocyte,False,,,,,True
http://purl.obolibrary.org/obo/HP_0040218,Reduced total natural killer cell count,direct,http://purl.obolibrary.org/obo/HP_0040218,Reduced total natural killer cell count,equivalentClass,characteristic of,has part some > characteristic of some,restriction_filler,False,False,http://purl.obolibrary.org/obo/CL_0000623,natural killer cell,False,,,,,True
http://purl.obolibrary.org/obo/HP_0040218,Reduced total natural killer cell count,inherited,http://purl.obolibrary.org/obo/HP_0004332,Abnormal lymphocyte morphology,equivalentClass,characteristic of part of,has part some > characteristic of part of some,restriction_filler,False,False,http://purl.obolibrary.org/obo/CL_0000542,lymphocyte,False,,,,,True
http://purl.obolibrary.org/obo/HP_0040218,Reduced total natural killer cell count,inherited,http://purl.obolibrary.org/obo/HP_0001881,Abnormal leukocyte morphology,equivalentClass,characteristic of part of,has part some > characteristic of part of some,restriction_filler,False,False,http://purl.obolibrary.org/obo/CL_0000738,leukocyte,False,,,,,True
http://purl.obolibrary.org/obo/HP_0040219,Absent natural killer cells,direct,http://purl.obolibrary.org/obo/HP_0040219,Absent natural killer cells,equivalentClass,characteristic of,has part some > characteristic of some,restriction_filler,False,False,http://purl.obolibrary.org/obo/CL_0000623,natural killer cell,False,,,,,True
http://purl.obolibrary.org/obo/HP_0040219,Absent natural killer cells,inherited,http://purl.obolibrary.org/obo/HP_0004332,Abnormal lymphocyte morphology,equivalentClass,characteristic of part of,has part some > characteristic of part of some,restriction_filler,False,False,http://purl.obolibrary.org/obo/CL_0000542,lymphocyte,False,,,,,True
http://purl.obolibrary.org/obo/HP_0040219,Absent natural killer cells,inherited,http://purl.obolibrary.org/obo/HP_0001881,Abnormal leukocyte morphology,equivalentClass,characteristic of part of,has part some > characteristic of part of some,restriction_filler,False,False,http://purl.obolibrary.org/obo/CL_0000738,leukocyte,False,,,,,True
http://purl.obolibrary.org/obo/HP_0040235,Leukocyte inclusion bodies,inherited,http://purl.obolibrary.org/obo/HP_0001911,Abnormal granulocyte morphology,equivalentClass,characteristic of part of,has part some > characteristic of part of some,restriction_filler,False,False,http://purl.obolibrary.org/obo/CL_0000094,granulocyte,False,,,,,True
http://purl.obolibrary.org/obo/HP_0040235,Leukocyte inclusion bodies,inherited,http://purl.obolibrary.org/obo/HP_0001881,Abnormal leukocyte morphology,equivalentClass,characteristic of part of,has part some > characteristic of part of some,restriction_filler,False,False,http://purl.obolibrary.org/obo/CL_0000738,leukocyte,False,,,,,True
http://purl.obolibrary.org/obo/HP_0040235,Leukocyte inclusion bodies,inherited,http://purl.obolibrary.org/obo/HP_0010974,Abnormal myeloid leukocyte morphology,equivalentClass,characteristic of,has part some > characteristic of some,restriction_filler,False,False,http://purl.obolibrary.org/obo/CL_0000766,myeloid leukocyte,False,,,,,True
http://purl.obolibrary.org/obo/HP_0040235,Leukocyte inclusion bodies,inherited,http://purl.obolibrary.org/obo/HP_0001874,Abnormality of neutrophils,equivalentClass,characteristic of part of,has part some > characteristic of part of some,restriction_filler,False,False,http://purl.obolibrary.org/obo/CL_0000775,neutrophil,False,,,,,True
http://purl.obolibrary.org/obo/HP_0040238,Impaired neutrophil chemotaxis,inherited,http://purl.obolibrary.org/obo/HP_0001911,Abnormal granulocyte morphology,equivalentClass,characteristic of part of,has part some > characteristic of part of some,restriction_filler,False,False,http://purl.obolibrary.org/obo/CL_0000094,granulocyte,False,,,,,True
http://purl.obolibrary.org/obo/HP_0040238,Impaired neutrophil chemotaxis,inherited,http://purl.obolibrary.org/obo/HP_0001881,Abnormal leukocyte morphology,equivalentClass,characteristic of part of,has part some > characteristic of part of some,restriction_filler,False,False,http://purl.obolibrary.org/obo/CL_0000738,leukocyte,False,,,,,True
http://purl.obolibrary.org/obo/HP_0040238,Impaired neutrophil chemotaxis,inherited,http://purl.obolibrary.org/obo/HP_0010974,Abnormal myeloid leukocyte morphology,equivalentClass,characteristic of,has part some > characteristic of some,restriction_filler,False,False,http://purl.obolibrary.org/obo/CL_0000766,myeloid leukocyte,False,,,,,True
http://purl.obolibrary.org/obo/HP_0040238,Impaired neutrophil chemotaxis,inherited,http://purl.obolibrary.org/obo/HP_0001874,Abnormality of neutrophils,equivalentClass,characteristic of part of,has part some > characteristic of part of some,restriction_filler,False,False,http://purl.obolibrary.org/obo/CL_0000775,neutrophil,False,,,,,True
http://purl.obolibrary.org/obo/HP_0040238,Impaired neutrophil chemotaxis,inherited,http://purl.obolibrary.org/obo/HP_0005400,Reduction of neutrophil motility,equivalentClass,characteristic of,has part some > characteristic of some,restriction_filler,False,False,http://purl.obolibrary.org/obo/CL_0000775,neutrophil,False,,,,,True
http://purl.obolibrary.org/obo/HP_0040241,Increased RIPA,inherited,http://purl.obolibrary.org/obo/HP_0001872,Abnormality of thrombocytes,equivalentClass,characteristic of part of,has part some > characteristic of part of some,restriction_filler,False,False,http://purl.obolibrary.org/obo/CL_0000233,platelet,False,,,,,True
http://purl.obolibrary.org/obo/HP_0040241,Increased RIPA,inherited,http://purl.obolibrary.org/obo/HP_0011869,Abnormal platelet function,equivalentClass,characteristic of,has part some > characteristic of some,restriction_filler,False,False,http://purl.obolibrary.org/obo/CL_0000233,platelet,False,,,,,True
http://purl.obolibrary.org/obo/HP_0040270,Impaired glucose tolerance,inherited,http://purl.obolibrary.org/obo/HP_0001952,Glucose intolerance,equivalentClass,characteristic of,has part some > characteristic of some,restriction_filler,False,False,http://purl.obolibrary.org/obo/CL_0000000,cell,False,,,,,True
http://purl.obolibrary.org/obo/HP_0040289,Cyclically decreased total neutrophil count,inherited,http://purl.obolibrary.org/obo/HP_0001911,Abnormal granulocyte morphology,equivalentClass,characteristic of part of,has part some > characteristic of part of some,restriction_filler,False,False,http://purl.obolibrary.org/obo/CL_0000094,granulocyte,False,,,,,True
http://purl.obolibrary.org/obo/HP_0040289,Cyclically decreased total neutrophil count,inherited,http://purl.obolibrary.org/obo/HP_0001881,Abnormal leukocyte morphology,equivalentClass,characteristic of part of,has part some > characteristic of part of some,restriction_filler,False,False,http://purl.obolibrary.org/obo/CL_0000738,leukocyte,False,,,,,True
http://purl.obolibrary.org/obo/HP_0040289,Cyclically decreased total neutrophil count,inherited,http://purl.obolibrary.org/obo/HP_0011893,Abnormal leukocyte count,equivalentClass,characteristic of,has part some > characteristic of some,restriction_filler,False,False,http://purl.obolibrary.org/obo/CL_0000738,leukocyte,False,,,,,True
http://purl.obolibrary.org/obo/HP_0040289,Cyclically decreased total neutrophil count,inherited,http://purl.obolibrary.org/obo/HP_0010974,Abnormal myeloid leukocyte morphology,equivalentClass,characteristic of,has part some > characteristic of some,restriction_filler,False,False,http://purl.obolibrary.org/obo/CL_0000766,myeloid leukocyte,False,,,,,True
http://purl.obolibrary.org/obo/HP_0040289,Cyclically decreased total neutrophil count,inherited,http://purl.obolibrary.org/obo/HP_0001874,Abnormality of neutrophils,equivalentClass,characteristic of part of,has part some > characteristic of part of some,restriction_filler,False,False,http://purl.obolibrary.org/obo/CL_0000775,neutrophil,False,,,,,True
http://purl.obolibrary.org/obo/HP_0040289,Cyclically decreased total neutrophil count,inherited,http://purl.obolibrary.org/obo/HP_0001875,Decreased total neutrophil count,equivalentClass,characteristic of,has part some > characteristic of some,restriction_filler,False,False,http://purl.obolibrary.org/obo/CL_0000775,neutrophil,False,,,,,True
http://purl.obolibrary.org/obo/HP_0040292,Left hemiplegia,inherited,http://purl.obolibrary.org/obo/HP_0002493,Upper motor neuron dysfunction,equivalentClass,characteristic of,has part some > characteristic of some,intersection_operand,False,False,http://purl.obolibrary.org/obo/CL_0000540,neuron,False,,,,,True
http://purl.obolibrary.org/obo/HP_0040293,Right hemiplegia,inherited,http://purl.obolibrary.org/obo/HP_0002493,Upper motor neuron dysfunction,equivalentClass,characteristic of,has part some > characteristic of some,intersection_operand,False,False,http://purl.obolibrary.org/obo/CL_0000540,neuron,False,,,,,True
http://purl.obolibrary.org/obo/HP_0041042,Absent neutrophil lactoferrin,inherited,http://purl.obolibrary.org/obo/HP_0001911,Abnormal granulocyte morphology,equivalentClass,characteristic of part of,has part some > characteristic of part of some,restriction_filler,False,False,http://purl.obolibrary.org/obo/CL_0000094,granulocyte,False,,,,,True
http://purl.obolibrary.org/obo/HP_0041042,Absent neutrophil lactoferrin,inherited,http://purl.obolibrary.org/obo/HP_0001881,Abnormal leukocyte morphology,equivalentClass,characteristic of part of,has part some > characteristic of part of some,restriction_filler,False,False,http://purl.obolibrary.org/obo/CL_0000738,leukocyte,False,,,,,True
http://purl.obolibrary.org/obo/HP_0041042,Absent neutrophil lactoferrin,inherited,http://purl.obolibrary.org/obo/HP_0010974,Abnormal myeloid leukocyte morphology,equivalentClass,characteristic of,has part some > characteristic of some,restriction_filler,False,False,http://purl.obolibrary.org/obo/CL_0000766,myeloid leukocyte,False,,,,,True
http://purl.obolibrary.org/obo/HP_0041042,Absent neutrophil lactoferrin,inherited,http://purl.obolibrary.org/obo/HP_0001874,Abnormality of neutrophils,equivalentClass,characteristic of part of,has part some > characteristic of part of some,restriction_filler,False,False,http://purl.obolibrary.org/obo/CL_0000775,neutrophil,False,,,,,True
http://purl.obolibrary.org/obo/HP_0041043,Neutrophil nuclear clefts,inherited,http://purl.obolibrary.org/obo/HP_0410310,Abnormality of neutrophil morphology in CSF,equivalentClass,characteristic of part of,has part some > characteristic of part of some,intersection_operand,False,False,http://purl.obolibrary.org/obo/CL_0000775,neutrophil,False,,,,,True
http://purl.obolibrary.org/obo/HP_0041044,Low neutrophil alkaline phosphatase,direct,http://purl.obolibrary.org/obo/HP_0041044,Low neutrophil alkaline phosphatase,equivalentClass,part of,has part some > characteristic of some > part of some,restriction_filler,False,False,http://purl.obolibrary.org/obo/CL_0000775,neutrophil,False,,,,,True
http://purl.obolibrary.org/obo/HP_0041045,Increased neutrophil mitochondria,inherited,http://purl.obolibrary.org/obo/HP_0001911,Abnormal granulocyte morphology,equivalentClass,characteristic of part of,has part some > characteristic of part of some,restriction_filler,False,False,http://purl.obolibrary.org/obo/CL_0000094,granulocyte,False,,,,,True
http://purl.obolibrary.org/obo/HP_0041045,Increased neutrophil mitochondria,inherited,http://purl.obolibrary.org/obo/HP_0001881,Abnormal leukocyte morphology,equivalentClass,characteristic of part of,has part some > characteristic of part of some,restriction_filler,False,False,http://purl.obolibrary.org/obo/CL_0000738,leukocyte,False,,,,,True
http://purl.obolibrary.org/obo/HP_0041045,Increased neutrophil mitochondria,inherited,http://purl.obolibrary.org/obo/HP_0010974,Abnormal myeloid leukocyte morphology,equivalentClass,characteristic of,has part some > characteristic of some,restriction_filler,False,False,http://purl.obolibrary.org/obo/CL_0000766,myeloid leukocyte,False,,,,,True
http://purl.obolibrary.org/obo/HP_0041045,Increased neutrophil mitochondria,inherited,http://purl.obolibrary.org/obo/HP_0001874,Abnormality of neutrophils,equivalentClass,characteristic of part of,has part some > characteristic of part of some,restriction_filler,False,False,http://purl.obolibrary.org/obo/CL_0000775,neutrophil,False,,,,,True
http://purl.obolibrary.org/obo/HP_0041046,Increased neutrophil ribosomes,inherited,http://purl.obolibrary.org/obo/HP_0001911,Abnormal granulocyte morphology,equivalentClass,characteristic of part of,has part some > characteristic of part of some,restriction_filler,False,False,http://purl.obolibrary.org/obo/CL_0000094,granulocyte,False,,,,,True
http://purl.obolibrary.org/obo/HP_0041046,Increased neutrophil ribosomes,inherited,http://purl.obolibrary.org/obo/HP_0001881,Abnormal leukocyte morphology,equivalentClass,characteristic of part of,has part some > characteristic of part of some,restriction_filler,False,False,http://purl.obolibrary.org/obo/CL_0000738,leukocyte,False,,,,,True
http://purl.obolibrary.org/obo/HP_0041046,Increased neutrophil ribosomes,inherited,http://purl.obolibrary.org/obo/HP_0010974,Abnormal myeloid leukocyte morphology,equivalentClass,characteristic of,has part some > characteristic of some,restriction_filler,False,False,http://purl.obolibrary.org/obo/CL_0000766,myeloid leukocyte,False,,,,,True
http://purl.obolibrary.org/obo/HP_0041046,Increased neutrophil ribosomes,inherited,http://purl.obolibrary.org/obo/HP_0001874,Abnormality of neutrophils,equivalentClass,characteristic of part of,has part some > characteristic of part of some,restriction_filler,False,False,http://purl.obolibrary.org/obo/CL_0000775,neutrophil,False,,,,,True
http://purl.obolibrary.org/obo/HP_0041048,Decreased expression of GPI-anchored proteins on the cell surface,inherited,http://purl.obolibrary.org/obo/HP_0025354,Abnormal cellular phenotype,equivalentClass,characteristic of part of,has part some > characteristic of part of some,restriction_filler,False,False,http://purl.obolibrary.org/obo/CL_0000000,cell,False,,,,,True
http://purl.obolibrary.org/obo/HP_0041057,Transient decreased circulating IgG4 concentration,inherited,http://purl.obolibrary.org/obo/HP_0025354,Abnormal cellular phenotype,equivalentClass,characteristic of part of,has part some > characteristic of part of some,restriction_filler,False,False,http://purl.obolibrary.org/obo/CL_0000000,cell,False,,,,,True
http://purl.obolibrary.org/obo/HP_0041057,Transient decreased circulating IgG4 concentration,inherited,http://purl.obolibrary.org/obo/HP_0011017,Abnormal cellular physiology,equivalentClass,characteristic of,has part some > characteristic of some,restriction_filler,False,False,http://purl.obolibrary.org/obo/CL_0000000,cell,False,,,,,True
http://purl.obolibrary.org/obo/HP_0041057,Transient decreased circulating IgG4 concentration,inherited,http://purl.obolibrary.org/obo/HP_0005372,Abnormal B cell physiology,equivalentClass,characteristic of,has part some > characteristic of some,restriction_filler,False,False,http://purl.obolibrary.org/obo/CL_0000236,B cell,False,,,,,True
http://purl.obolibrary.org/obo/HP_0041058,Chronic decreased circulating IgG4 concentration,inherited,http://purl.obolibrary.org/obo/HP_0025354,Abnormal cellular phenotype,equivalentClass,characteristic of part of,has part some > characteristic of part of some,restriction_filler,False,False,http://purl.obolibrary.org/obo/CL_0000000,cell,False,,,,,True
http://purl.obolibrary.org/obo/HP_0041058,Chronic decreased circulating IgG4 concentration,inherited,http://purl.obolibrary.org/obo/HP_0011017,Abnormal cellular physiology,equivalentClass,characteristic of,has part some > characteristic of some,restriction_filler,False,False,http://purl.obolibrary.org/obo/CL_0000000,cell,False,,,,,True
http://purl.obolibrary.org/obo/HP_0041058,Chronic decreased circulating IgG4 concentration,inherited,http://purl.obolibrary.org/obo/HP_0005372,Abnormal B cell physiology,equivalentClass,characteristic of,has part some > characteristic of some,restriction_filler,False,False,http://purl.obolibrary.org/obo/CL_0000236,B cell,False,,,,,True
http://purl.obolibrary.org/obo/HP_0041059,Chronic absent circulating IgG4,inherited,http://purl.obolibrary.org/obo/HP_0025354,Abnormal cellular phenotype,equivalentClass,characteristic of part of,has part some > characteristic of part of some,restriction_filler,False,False,http://purl.obolibrary.org/obo/CL_0000000,cell,False,,,,,True
http://purl.obolibrary.org/obo/HP_0041059,Chronic absent circulating IgG4,inherited,http://purl.obolibrary.org/obo/HP_0011017,Abnormal cellular physiology,equivalentClass,characteristic of,has part some > characteristic of some,restriction_filler,False,False,http://purl.obolibrary.org/obo/CL_0000000,cell,False,,,,,True
http://purl.obolibrary.org/obo/HP_0041059,Chronic absent circulating IgG4,inherited,http://purl.obolibrary.org/obo/HP_0005372,Abnormal B cell physiology,equivalentClass,characteristic of,has part some > characteristic of some,restriction_filler,False,False,http://purl.obolibrary.org/obo/CL_0000236,B cell,False,,,,,True
http://purl.obolibrary.org/obo/HP_0041062,Transient decreased circulating IgG2 concentration,inherited,http://purl.obolibrary.org/obo/HP_0025354,Abnormal cellular phenotype,equivalentClass,characteristic of part of,has part some > characteristic of part of some,restriction_filler,False,False,http://purl.obolibrary.org/obo/CL_0000000,cell,False,,,,,True
http://purl.obolibrary.org/obo/HP_0041062,Transient decreased circulating IgG2 concentration,inherited,http://purl.obolibrary.org/obo/HP_0011017,Abnormal cellular physiology,equivalentClass,characteristic of,has part some > characteristic of some,restriction_filler,False,False,http://purl.obolibrary.org/obo/CL_0000000,cell,False,,,,,True
http://purl.obolibrary.org/obo/HP_0041062,Transient decreased circulating IgG2 concentration,inherited,http://purl.obolibrary.org/obo/HP_0005372,Abnormal B cell physiology,equivalentClass,characteristic of,has part some > characteristic of some,restriction_filler,False,False,http://purl.obolibrary.org/obo/CL_0000236,B cell,False,,,,,True
http://purl.obolibrary.org/obo/HP_0041063,Chronic decreased circulating IgG2 concentration,inherited,http://purl.obolibrary.org/obo/HP_0025354,Abnormal cellular phenotype,equivalentClass,characteristic of part of,has part some > characteristic of part of some,restriction_filler,False,False,http://purl.obolibrary.org/obo/CL_0000000,cell,False,,,,,True
http://purl.obolibrary.org/obo/HP_0041063,Chronic decreased circulating IgG2 concentration,inherited,http://purl.obolibrary.org/obo/HP_0011017,Abnormal cellular physiology,equivalentClass,characteristic of,has part some > characteristic of some,restriction_filler,False,False,http://purl.obolibrary.org/obo/CL_0000000,cell,False,,,,,True
http://purl.obolibrary.org/obo/HP_0041063,Chronic decreased circulating IgG2 concentration,inherited,http://purl.obolibrary.org/obo/HP_0005372,Abnormal B cell physiology,equivalentClass,characteristic of,has part some > characteristic of some,restriction_filler,False,False,http://purl.obolibrary.org/obo/CL_0000236,B cell,False,,,,,True
http://purl.obolibrary.org/obo/HP_0041065,Chronic absent circulating IgG2,inherited,http://purl.obolibrary.org/obo/HP_0025354,Abnormal cellular phenotype,equivalentClass,characteristic of part of,has part some > characteristic of part of some,restriction_filler,False,False,http://purl.obolibrary.org/obo/CL_0000000,cell,False,,,,,True
http://purl.obolibrary.org/obo/HP_0041065,Chronic absent circulating IgG2,inherited,http://purl.obolibrary.org/obo/HP_0011017,Abnormal cellular physiology,equivalentClass,characteristic of,has part some > characteristic of some,restriction_filler,False,False,http://purl.obolibrary.org/obo/CL_0000000,cell,False,,,,,True
http://purl.obolibrary.org/obo/HP_0041065,Chronic absent circulating IgG2,inherited,http://purl.obolibrary.org/obo/HP_0005372,Abnormal B cell physiology,equivalentClass,characteristic of,has part some > characteristic of some,restriction_filler,False,False,http://purl.obolibrary.org/obo/CL_0000236,B cell,False,,,,,True
http://purl.obolibrary.org/obo/HP_0041067,Transient decreased circulating IgG1 concentration,inherited,http://purl.obolibrary.org/obo/HP_0025354,Abnormal cellular phenotype,equivalentClass,characteristic of part of,has part some > characteristic of part of some,restriction_filler,False,False,http://purl.obolibrary.org/obo/CL_0000000,cell,False,,,,,True
http://purl.obolibrary.org/obo/HP_0041067,Transient decreased circulating IgG1 concentration,inherited,http://purl.obolibrary.org/obo/HP_0011017,Abnormal cellular physiology,equivalentClass,characteristic of,has part some > characteristic of some,restriction_filler,False,False,http://purl.obolibrary.org/obo/CL_0000000,cell,False,,,,,True
http://purl.obolibrary.org/obo/HP_0041067,Transient decreased circulating IgG1 concentration,inherited,http://purl.obolibrary.org/obo/HP_0005372,Abnormal B cell physiology,equivalentClass,characteristic of,has part some > characteristic of some,restriction_filler,False,False,http://purl.obolibrary.org/obo/CL_0000236,B cell,False,,,,,True
http://purl.obolibrary.org/obo/HP_0041068,Chronic decreased circulating IgG1 concentration,inherited,http://purl.obolibrary.org/obo/HP_0025354,Abnormal cellular phenotype,equivalentClass,characteristic of part of,has part some > characteristic of part of some,restriction_filler,False,False,http://purl.obolibrary.org/obo/CL_0000000,cell,False,,,,,True
http://purl.obolibrary.org/obo/HP_0041068,Chronic decreased circulating IgG1 concentration,inherited,http://purl.obolibrary.org/obo/HP_0011017,Abnormal cellular physiology,equivalentClass,characteristic of,has part some > characteristic of some,restriction_filler,False,False,http://purl.obolibrary.org/obo/CL_0000000,cell,False,,,,,True
http://purl.obolibrary.org/obo/HP_0041068,Chronic decreased circulating IgG1 concentration,inherited,http://purl.obolibrary.org/obo/HP_0005372,Abnormal B cell physiology,equivalentClass,characteristic of,has part some > characteristic of some,restriction_filler,False,False,http://purl.obolibrary.org/obo/CL_0000236,B cell,False,,,,,True
http://purl.obolibrary.org/obo/HP_0041069,Chronic absent circulating IgG1,inherited,http://purl.obolibrary.org/obo/HP_0025354,Abnormal cellular phenotype,equivalentClass,characteristic of part of,has part some > characteristic of part of some,restriction_filler,False,False,http://purl.obolibrary.org/obo/CL_0000000,cell,False,,,,,True
http://purl.obolibrary.org/obo/HP_0041069,Chronic absent circulating IgG1,inherited,http://purl.obolibrary.org/obo/HP_0011017,Abnormal cellular physiology,equivalentClass,characteristic of,has part some > characteristic of some,restriction_filler,False,False,http://purl.obolibrary.org/obo/CL_0000000,cell,False,,,,,True
http://purl.obolibrary.org/obo/HP_0041069,Chronic absent circulating IgG1,inherited,http://purl.obolibrary.org/obo/HP_0005372,Abnormal B cell physiology,equivalentClass,characteristic of,has part some > characteristic of some,restriction_filler,False,False,http://purl.obolibrary.org/obo/CL_0000236,B cell,False,,,,,True
http://purl.obolibrary.org/obo/HP_0041071,Transient decreased circulating IgG3 concentration,inherited,http://purl.obolibrary.org/obo/HP_0025354,Abnormal cellular phenotype,equivalentClass,characteristic of part of,has part some > characteristic of part of some,restriction_filler,False,False,http://purl.obolibrary.org/obo/CL_0000000,cell,False,,,,,True
http://purl.obolibrary.org/obo/HP_0041071,Transient decreased circulating IgG3 concentration,inherited,http://purl.obolibrary.org/obo/HP_0011017,Abnormal cellular physiology,equivalentClass,characteristic of,has part some > characteristic of some,restriction_filler,False,False,http://purl.obolibrary.org/obo/CL_0000000,cell,False,,,,,True
http://purl.obolibrary.org/obo/HP_0041071,Transient decreased circulating IgG3 concentration,inherited,http://purl.obolibrary.org/obo/HP_0005372,Abnormal B cell physiology,equivalentClass,characteristic of,has part some > characteristic of some,restriction_filler,False,False,http://purl.obolibrary.org/obo/CL_0000236,B cell,False,,,,,True
http://purl.obolibrary.org/obo/HP_0041072,Chronic decreased circulating IgG3 concentration,inherited,http://purl.obolibrary.org/obo/HP_0025354,Abnormal cellular phenotype,equivalentClass,characteristic of part of,has part some > characteristic of part of some,restriction_filler,False,False,http://purl.obolibrary.org/obo/CL_0000000,cell,False,,,,,True
http://purl.obolibrary.org/obo/HP_0041072,Chronic decreased circulating IgG3 concentration,inherited,http://purl.obolibrary.org/obo/HP_0011017,Abnormal cellular physiology,equivalentClass,characteristic of,has part some > characteristic of some,restriction_filler,False,False,http://purl.obolibrary.org/obo/CL_0000000,cell,False,,,,,True
http://purl.obolibrary.org/obo/HP_0041072,Chronic decreased circulating IgG3 concentration,inherited,http://purl.obolibrary.org/obo/HP_0005372,Abnormal B cell physiology,equivalentClass,characteristic of,has part some > characteristic of some,restriction_filler,False,False,http://purl.obolibrary.org/obo/CL_0000236,B cell,False,,,,,True
http://purl.obolibrary.org/obo/HP_0041074,Chronic absent circulating IgG3,inherited,http://purl.obolibrary.org/obo/HP_0025354,Abnormal cellular phenotype,equivalentClass,characteristic of part of,has part some > characteristic of part of some,restriction_filler,False,False,http://purl.obolibrary.org/obo/CL_0000000,cell,False,,,,,True
http://purl.obolibrary.org/obo/HP_0041074,Chronic absent circulating IgG3,inherited,http://purl.obolibrary.org/obo/HP_0011017,Abnormal cellular physiology,equivalentClass,characteristic of,has part some > characteristic of some,restriction_filler,False,False,http://purl.obolibrary.org/obo/CL_0000000,cell,False,,,,,True
http://purl.obolibrary.org/obo/HP_0041074,Chronic absent circulating IgG3,inherited,http://purl.obolibrary.org/obo/HP_0005372,Abnormal B cell physiology,equivalentClass,characteristic of,has part some > characteristic of some,restriction_filler,False,False,http://purl.obolibrary.org/obo/CL_0000236,B cell,False,,,,,True
http://purl.obolibrary.org/obo/HP_0041076,Abnormal immunoglobulin level in body fluid,inherited,http://purl.obolibrary.org/obo/HP_0025354,Abnormal cellular phenotype,equivalentClass,characteristic of part of,has part some > characteristic of part of some,restriction_filler,False,False,http://purl.obolibrary.org/obo/CL_0000000,cell,False,,,,,True
http://purl.obolibrary.org/obo/HP_0041076,Abnormal immunoglobulin level in body fluid,inherited,http://purl.obolibrary.org/obo/HP_0011017,Abnormal cellular physiology,equivalentClass,characteristic of,has part some > characteristic of some,restriction_filler,False,False,http://purl.obolibrary.org/obo/CL_0000000,cell,False,,,,,True
http://purl.obolibrary.org/obo/HP_0041076,Abnormal immunoglobulin level in body fluid,inherited,http://purl.obolibrary.org/obo/HP_0005372,Abnormal B cell physiology,equivalentClass,characteristic of,has part some > characteristic of some,restriction_filler,False,False,http://purl.obolibrary.org/obo/CL_0000236,B cell,False,,,,,True
http://purl.obolibrary.org/obo/HP_0041077,Increased immunoglobulin level in body fluid,inherited,http://purl.obolibrary.org/obo/HP_0025354,Abnormal cellular phenotype,equivalentClass,characteristic of part of,has part some > characteristic of part of some,restriction_filler,False,False,http://purl.obolibrary.org/obo/CL_0000000,cell,False,,,,,True
http://purl.obolibrary.org/obo/HP_0041077,Increased immunoglobulin level in body fluid,inherited,http://purl.obolibrary.org/obo/HP_0011017,Abnormal cellular physiology,equivalentClass,characteristic of,has part some > characteristic of some,restriction_filler,False,False,http://purl.obolibrary.org/obo/CL_0000000,cell,False,,,,,True
http://purl.obolibrary.org/obo/HP_0041077,Increased immunoglobulin level in body fluid,inherited,http://purl.obolibrary.org/obo/HP_0005372,Abnormal B cell physiology,equivalentClass,characteristic of,has part some > characteristic of some,restriction_filler,False,False,http://purl.obolibrary.org/obo/CL_0000236,B cell,False,,,,,True
http://purl.obolibrary.org/obo/HP_0041078,Decreased immunoglobulin level in body fluid,inherited,http://purl.obolibrary.org/obo/HP_0025354,Abnormal cellular phenotype,equivalentClass,characteristic of part of,has part some > characteristic of part of some,restriction_filler,False,False,http://purl.obolibrary.org/obo/CL_0000000,cell,False,,,,,True
http://purl.obolibrary.org/obo/HP_0041078,Decreased immunoglobulin level in body fluid,inherited,http://purl.obolibrary.org/obo/HP_0011017,Abnormal cellular physiology,equivalentClass,characteristic of,has part some > characteristic of some,restriction_filler,False,False,http://purl.obolibrary.org/obo/CL_0000000,cell,False,,,,,True
http://purl.obolibrary.org/obo/HP_0041078,Decreased immunoglobulin level in body fluid,inherited,http://purl.obolibrary.org/obo/HP_0005372,Abnormal B cell physiology,equivalentClass,characteristic of,has part some > characteristic of some,restriction_filler,False,False,http://purl.obolibrary.org/obo/CL_0000236,B cell,False,,,,,True
http://purl.obolibrary.org/obo/HP_0041080,Abnormal exhausted T cell proportion,direct,http://purl.obolibrary.org/obo/HP_0041080,Abnormal exhausted T cell proportion,equivalentClass,towards,has part some > towards some,restriction_filler,False,False,http://purl.obolibrary.org/obo/CL_0000084,T cell,False,,,,,True
http://purl.obolibrary.org/obo/HP_0041080,Abnormal exhausted T cell proportion,direct,http://purl.obolibrary.org/obo/HP_0041080,Abnormal exhausted T cell proportion,equivalentClass,characteristic of,has part some > characteristic of some,intersection_operand,False,False,http://purl.obolibrary.org/obo/CL_0011025,exhausted T cell,False,,,,,True
http://purl.obolibrary.org/obo/HP_0041080,Abnormal exhausted T cell proportion,inherited,http://purl.obolibrary.org/obo/HP_0002843,Abnormal T cell morphology,equivalentClass,characteristic of,has part some > characteristic of some,restriction_filler,False,False,http://purl.obolibrary.org/obo/CL_0000084,T cell,False,,,,,True
http://purl.obolibrary.org/obo/HP_0041080,Abnormal exhausted T cell proportion,inherited,http://purl.obolibrary.org/obo/HP_0004332,Abnormal lymphocyte morphology,equivalentClass,characteristic of part of,has part some > characteristic of part of some,restriction_filler,False,False,http://purl.obolibrary.org/obo/CL_0000542,lymphocyte,False,,,,,True
http://purl.obolibrary.org/obo/HP_0041080,Abnormal exhausted T cell proportion,inherited,http://purl.obolibrary.org/obo/HP_0001881,Abnormal leukocyte morphology,equivalentClass,characteristic of part of,has part some > characteristic of part of some,restriction_filler,False,False,http://purl.obolibrary.org/obo/CL_0000738,leukocyte,False,,,,,True
http://purl.obolibrary.org/obo/HP_0045047,HbS hemoglobin,inherited,http://purl.obolibrary.org/obo/HP_0001877,Abnormal erythrocyte morphology,equivalentClass,characteristic of part of,has part some > characteristic of part of some,restriction_filler,False,False,http://purl.obolibrary.org/obo/CL_0000232,erythrocyte,False,,,,,True
http://purl.obolibrary.org/obo/HP_0045048,Increased HbA2 hemoglobin,inherited,http://purl.obolibrary.org/obo/HP_0001877,Abnormal erythrocyte morphology,equivalentClass,characteristic of part of,has part some > characteristic of part of some,restriction_filler,False,False,http://purl.obolibrary.org/obo/CL_0000232,erythrocyte,False,,,,,True
http://purl.obolibrary.org/obo/HP_0100293,Hypertrophied muscle fibers,direct,http://purl.obolibrary.org/obo/HP_0100293,Hypertrophied muscle fibers,equivalentClass,characteristic of part of,has part some > characteristic of part of some,restriction_filler,False,False,http://purl.obolibrary.org/obo/CL_0000188,cell of skeletal muscle,False,,,,,True
http://purl.obolibrary.org/obo/HP_0100295,Muscle fiber atrophy,direct,http://purl.obolibrary.org/obo/HP_0100295,Muscle fiber atrophy,equivalentClass,characteristic of part of,has part some > characteristic of part of some,restriction_filler,False,False,http://purl.obolibrary.org/obo/CL_0000188,cell of skeletal muscle,False,,,,,True
http://purl.obolibrary.org/obo/HP_0100296,Perifascicular muscle fiber atrophy,inherited,http://purl.obolibrary.org/obo/HP_0004303,Abnormal muscle fiber morphology,equivalentClass,characteristic of part of,has part some > characteristic of part of some,restriction_filler,False,False,http://purl.obolibrary.org/obo/CL_0000188,cell of skeletal muscle,False,,,,,True
http://purl.obolibrary.org/obo/HP_0100297,Increased endomysial connective tissue,inherited,http://purl.obolibrary.org/obo/HP_0004303,Abnormal muscle fiber morphology,equivalentClass,characteristic of part of,has part some > characteristic of part of some,restriction_filler,False,False,http://purl.obolibrary.org/obo/CL_0000188,cell of skeletal muscle,False,,,,,True
http://purl.obolibrary.org/obo/HP_0100298,Motheaten muscle fibers,inherited,http://purl.obolibrary.org/obo/HP_0004303,Abnormal muscle fiber morphology,equivalentClass,characteristic of part of,has part some > characteristic of part of some,restriction_filler,False,False,http://purl.obolibrary.org/obo/CL_0000188,cell of skeletal muscle,False,,,,,True
http://purl.obolibrary.org/obo/HP_0100299,Muscle fiber inclusion bodies,direct,http://purl.obolibrary.org/obo/HP_0100299,Muscle fiber inclusion bodies,equivalentClass,characteristic of part of,has part some > characteristic of some > characteristic of part of some,restriction_filler,False,False,http://purl.obolibrary.org/obo/CL_0000187,muscle cell,False,,,,,True
http://purl.obolibrary.org/obo/HP_0100299,Muscle fiber inclusion bodies,inherited,http://purl.obolibrary.org/obo/HP_0025354,Abnormal cellular phenotype,equivalentClass,characteristic of part of,has part some > characteristic of part of some,restriction_filler,False,False,http://purl.obolibrary.org/obo/CL_0000000,cell,False,,,,,True
http://purl.obolibrary.org/obo/HP_0100299,Muscle fiber inclusion bodies,inherited,http://purl.obolibrary.org/obo/HP_0025461,Abnormal cell morphology,equivalentClass,characteristic of,has part some > characteristic of some,restriction_filler,False,False,http://purl.obolibrary.org/obo/CL_0000000,cell,False,,,,,True
http://purl.obolibrary.org/obo/HP_0100299,Muscle fiber inclusion bodies,inherited,http://purl.obolibrary.org/obo/HP_0004303,Abnormal muscle fiber morphology,equivalentClass,characteristic of part of,has part some > characteristic of part of some,restriction_filler,False,False,http://purl.obolibrary.org/obo/CL_0000188,cell of skeletal muscle,False,,,,,True
http://purl.obolibrary.org/obo/HP_0100300,Desmin bodies,inherited,http://purl.obolibrary.org/obo/HP_0025354,Abnormal cellular phenotype,equivalentClass,characteristic of part of,has part some > characteristic of part of some,restriction_filler,False,False,http://purl.obolibrary.org/obo/CL_0000000,cell,False,,,,,True
http://purl.obolibrary.org/obo/HP_0100300,Desmin bodies,inherited,http://purl.obolibrary.org/obo/HP_0025461,Abnormal cell morphology,equivalentClass,characteristic of,has part some > characteristic of some,restriction_filler,False,False,http://purl.obolibrary.org/obo/CL_0000000,cell,False,,,,,True
http://purl.obolibrary.org/obo/HP_0100300,Desmin bodies,inherited,http://purl.obolibrary.org/obo/HP_0100299,Muscle fiber inclusion bodies,equivalentClass,characteristic of part of,has part some > characteristic of some > characteristic of part of some,restriction_filler,False,False,http://purl.obolibrary.org/obo/CL_0000187,muscle cell,False,,,,,True
http://purl.obolibrary.org/obo/HP_0100300,Desmin bodies,inherited,http://purl.obolibrary.org/obo/HP_0004303,Abnormal muscle fiber morphology,equivalentClass,characteristic of part of,has part some > characteristic of part of some,restriction_filler,False,False,http://purl.obolibrary.org/obo/CL_0000188,cell of skeletal muscle,False,,,,,True
http://purl.obolibrary.org/obo/HP_0100301,Muscle fiber tubular inclusions,inherited,http://purl.obolibrary.org/obo/HP_0025354,Abnormal cellular phenotype,equivalentClass,characteristic of part of,has part some > characteristic of part of some,restriction_filler,False,False,http://purl.obolibrary.org/obo/CL_0000000,cell,False,,,,,True
http://purl.obolibrary.org/obo/HP_0100301,Muscle fiber tubular inclusions,inherited,http://purl.obolibrary.org/obo/HP_0025461,Abnormal cell morphology,equivalentClass,characteristic of,has part some > characteristic of some,restriction_filler,False,False,http://purl.obolibrary.org/obo/CL_0000000,cell,False,,,,,True
http://purl.obolibrary.org/obo/HP_0100301,Muscle fiber tubular inclusions,inherited,http://purl.obolibrary.org/obo/HP_0100299,Muscle fiber inclusion bodies,equivalentClass,characteristic of part of,has part some > characteristic of some > characteristic of part of some,restriction_filler,False,False,http://purl.obolibrary.org/obo/CL_0000187,muscle cell,False,,,,,True
http://purl.obolibrary.org/obo/HP_0100301,Muscle fiber tubular inclusions,inherited,http://purl.obolibrary.org/obo/HP_0004303,Abnormal muscle fiber morphology,equivalentClass,characteristic of part of,has part some > characteristic of part of some,restriction_filler,False,False,http://purl.obolibrary.org/obo/CL_0000188,cell of skeletal muscle,False,,,,,True
http://purl.obolibrary.org/obo/HP_0100302,Muscle fiber tubuloreticular inclusions,inherited,http://purl.obolibrary.org/obo/HP_0025354,Abnormal cellular phenotype,equivalentClass,characteristic of part of,has part some > characteristic of part of some,restriction_filler,False,False,http://purl.obolibrary.org/obo/CL_0000000,cell,False,,,,,True
http://purl.obolibrary.org/obo/HP_0100302,Muscle fiber tubuloreticular inclusions,inherited,http://purl.obolibrary.org/obo/HP_0025461,Abnormal cell morphology,equivalentClass,characteristic of,has part some > characteristic of some,restriction_filler,False,False,http://purl.obolibrary.org/obo/CL_0000000,cell,False,,,,,True
http://purl.obolibrary.org/obo/HP_0100302,Muscle fiber tubuloreticular inclusions,inherited,http://purl.obolibrary.org/obo/HP_0100299,Muscle fiber inclusion bodies,equivalentClass,characteristic of part of,has part some > characteristic of some > characteristic of part of some,restriction_filler,False,False,http://purl.obolibrary.org/obo/CL_0000187,muscle cell,False,,,,,True
http://purl.obolibrary.org/obo/HP_0100302,Muscle fiber tubuloreticular inclusions,inherited,http://purl.obolibrary.org/obo/HP_0004303,Abnormal muscle fiber morphology,equivalentClass,characteristic of part of,has part some > characteristic of part of some,restriction_filler,False,False,http://purl.obolibrary.org/obo/CL_0000188,cell of skeletal muscle,False,,,,,True
http://purl.obolibrary.org/obo/HP_0100303,Muscle fiber cytoplasmatic inclusion bodies,inherited,http://purl.obolibrary.org/obo/HP_0025354,Abnormal cellular phenotype,equivalentClass,characteristic of part of,has part some > characteristic of part of some,restriction_filler,False,False,http://purl.obolibrary.org/obo/CL_0000000,cell,False,,,,,True
http://purl.obolibrary.org/obo/HP_0100303,Muscle fiber cytoplasmatic inclusion bodies,inherited,http://purl.obolibrary.org/obo/HP_0025461,Abnormal cell morphology,equivalentClass,characteristic of,has part some > characteristic of some,restriction_filler,False,False,http://purl.obolibrary.org/obo/CL_0000000,cell,False,,,,,True
http://purl.obolibrary.org/obo/HP_0100303,Muscle fiber cytoplasmatic inclusion bodies,inherited,http://purl.obolibrary.org/obo/HP_0100299,Muscle fiber inclusion bodies,equivalentClass,characteristic of part of,has part some > characteristic of some > characteristic of part of some,restriction_filler,False,False,http://purl.obolibrary.org/obo/CL_0000187,muscle cell,False,,,,,True
http://purl.obolibrary.org/obo/HP_0100303,Muscle fiber cytoplasmatic inclusion bodies,inherited,http://purl.obolibrary.org/obo/HP_0004303,Abnormal muscle fiber morphology,equivalentClass,characteristic of part of,has part some > characteristic of part of some,restriction_filler,False,False,http://purl.obolibrary.org/obo/CL_0000188,cell of skeletal muscle,False,,,,,True
http://purl.obolibrary.org/obo/HP_0100304,Muscle fiber intranuclear inclusion bodies,inherited,http://purl.obolibrary.org/obo/HP_0025354,Abnormal cellular phenotype,equivalentClass,characteristic of part of,has part some > characteristic of part of some,restriction_filler,False,False,http://purl.obolibrary.org/obo/CL_0000000,cell,False,,,,,True
http://purl.obolibrary.org/obo/HP_0100304,Muscle fiber intranuclear inclusion bodies,inherited,http://purl.obolibrary.org/obo/HP_0025461,Abnormal cell morphology,equivalentClass,characteristic of,has part some > characteristic of some,restriction_filler,False,False,http://purl.obolibrary.org/obo/CL_0000000,cell,False,,,,,True
http://purl.obolibrary.org/obo/HP_0100304,Muscle fiber intranuclear inclusion bodies,inherited,http://purl.obolibrary.org/obo/HP_0100299,Muscle fiber inclusion bodies,equivalentClass,characteristic of part of,has part some > characteristic of some > characteristic of part of some,restriction_filler,False,False,http://purl.obolibrary.org/obo/CL_0000187,muscle cell,False,,,,,True
http://purl.obolibrary.org/obo/HP_0100304,Muscle fiber intranuclear inclusion bodies,inherited,http://purl.obolibrary.org/obo/HP_0004303,Abnormal muscle fiber morphology,equivalentClass,characteristic of part of,has part some > characteristic of part of some,restriction_filler,False,False,http://purl.obolibrary.org/obo/CL_0000188,cell of skeletal muscle,False,,,,,True
http://purl.obolibrary.org/obo/HP_0100305,Ring fibers,inherited,http://purl.obolibrary.org/obo/HP_0004303,Abnormal muscle fiber morphology,equivalentClass,characteristic of part of,has part some > characteristic of part of some,restriction_filler,False,False,http://purl.obolibrary.org/obo/CL_0000188,cell of skeletal muscle,False,,,,,True
http://purl.obolibrary.org/obo/HP_0100306,Muscle fiber hyaline bodies,inherited,http://purl.obolibrary.org/obo/HP_0025354,Abnormal cellular phenotype,equivalentClass,characteristic of part of,has part some > characteristic of part of some,restriction_filler,False,False,http://purl.obolibrary.org/obo/CL_0000000,cell,False,,,,,True
http://purl.obolibrary.org/obo/HP_0100306,Muscle fiber hyaline bodies,inherited,http://purl.obolibrary.org/obo/HP_0025461,Abnormal cell morphology,equivalentClass,characteristic of,has part some > characteristic of some,restriction_filler,False,False,http://purl.obolibrary.org/obo/CL_0000000,cell,False,,,,,True
http://purl.obolibrary.org/obo/HP_0100306,Muscle fiber hyaline bodies,inherited,http://purl.obolibrary.org/obo/HP_0100299,Muscle fiber inclusion bodies,equivalentClass,characteristic of part of,has part some > characteristic of some > characteristic of part of some,restriction_filler,False,False,http://purl.obolibrary.org/obo/CL_0000187,muscle cell,False,,,,,True
http://purl.obolibrary.org/obo/HP_0100306,Muscle fiber hyaline bodies,inherited,http://purl.obolibrary.org/obo/HP_0004303,Abnormal muscle fiber morphology,equivalentClass,characteristic of part of,has part some > characteristic of part of some,restriction_filler,False,False,http://purl.obolibrary.org/obo/CL_0000188,cell of skeletal muscle,False,,,,,True
http://purl.obolibrary.org/obo/HP_0100313,Cerebral granulomatosis,inherited,http://purl.obolibrary.org/obo/HP_0004311,Abnormal macrophage morphology,equivalentClass,characteristic of part of,has part some > characteristic of part of some,restriction_filler,False,False,http://purl.obolibrary.org/obo/CL_0000235,macrophage,False,,,,,True
http://purl.obolibrary.org/obo/HP_0100313,Cerebral granulomatosis,inherited,http://purl.obolibrary.org/obo/HP_0001881,Abnormal leukocyte morphology,equivalentClass,characteristic of part of,has part some > characteristic of part of some,restriction_filler,False,False,http://purl.obolibrary.org/obo/CL_0000738,leukocyte,False,,,,,True
http://purl.obolibrary.org/obo/HP_0100313,Cerebral granulomatosis,inherited,http://purl.obolibrary.org/obo/HP_0010974,Abnormal myeloid leukocyte morphology,equivalentClass,characteristic of,has part some > characteristic of some,restriction_filler,False,False,http://purl.obolibrary.org/obo/CL_0000766,myeloid leukocyte,False,,,,,True
http://purl.obolibrary.org/obo/HP_0100494,Abnormal mast cell morphology,direct,http://purl.obolibrary.org/obo/HP_0100494,Abnormal mast cell morphology,equivalentClass,characteristic of,has part some > characteristic of some,restriction_filler,False,False,http://purl.obolibrary.org/obo/CL_0000097,mast cell,False,,,,,True
http://purl.obolibrary.org/obo/HP_0100494,Abnormal mast cell morphology,inherited,http://purl.obolibrary.org/obo/HP_0001911,Abnormal granulocyte morphology,equivalentClass,characteristic of part of,has part some > characteristic of part of some,restriction_filler,False,False,http://purl.obolibrary.org/obo/CL_0000094,granulocyte,False,,,,,True
http://purl.obolibrary.org/obo/HP_0100494,Abnormal mast cell morphology,inherited,http://purl.obolibrary.org/obo/HP_0001881,Abnormal leukocyte morphology,equivalentClass,characteristic of part of,has part some > characteristic of part of some,restriction_filler,False,False,http://purl.obolibrary.org/obo/CL_0000738,leukocyte,False,,,,,True
http://purl.obolibrary.org/obo/HP_0100494,Abnormal mast cell morphology,inherited,http://purl.obolibrary.org/obo/HP_0010974,Abnormal myeloid leukocyte morphology,equivalentClass,characteristic of,has part some > characteristic of some,restriction_filler,False,False,http://purl.obolibrary.org/obo/CL_0000766,myeloid leukocyte,False,,,,,True
http://purl.obolibrary.org/obo/HP_0100495,Mastocytosis,direct,http://purl.obolibrary.org/obo/HP_0100495,Mastocytosis,equivalentClass,characteristic of,has part some > characteristic of some,restriction_filler,False,False,http://purl.obolibrary.org/obo/CL_0000097,mast cell,False,,,,,True
http://purl.obolibrary.org/obo/HP_0100495,Mastocytosis,inherited,http://purl.obolibrary.org/obo/HP_0001911,Abnormal granulocyte morphology,equivalentClass,characteristic of part of,has part some > characteristic of part of some,restriction_filler,False,False,http://purl.obolibrary.org/obo/CL_0000094,granulocyte,False,,,,,True
http://purl.obolibrary.org/obo/HP_0100495,Mastocytosis,inherited,http://purl.obolibrary.org/obo/HP_0001881,Abnormal leukocyte morphology,equivalentClass,characteristic of part of,has part some > characteristic of part of some,restriction_filler,False,False,http://purl.obolibrary.org/obo/CL_0000738,leukocyte,False,,,,,True
http://purl.obolibrary.org/obo/HP_0100495,Mastocytosis,inherited,http://purl.obolibrary.org/obo/HP_0010974,Abnormal myeloid leukocyte morphology,equivalentClass,characteristic of,has part some > characteristic of some,restriction_filler,False,False,http://purl.obolibrary.org/obo/CL_0000766,myeloid leukocyte,False,,,,,True
http://purl.obolibrary.org/obo/HP_0100586,Sterile pyuria,inherited,http://purl.obolibrary.org/obo/HP_0012085,Pyuria,equivalentClass,characteristic of,has part some > characteristic of some,intersection_operand,False,False,http://purl.obolibrary.org/obo/CL_0000775,neutrophil,False,,,,,True
http://purl.obolibrary.org/obo/HP_0100618,Leydig cell neoplasia,inherited,http://purl.obolibrary.org/obo/HP_0010789,Abnormality of the Leydig cells,equivalentClass,characteristic of part of,has part some > characteristic of part of some,restriction_filler,False,False,http://purl.obolibrary.org/obo/CL_0000178,Leydig cell,False,,,,,True
http://purl.obolibrary.org/obo/HP_0100651,Type I diabetes mellitus,inherited,http://purl.obolibrary.org/obo/HP_0001952,Glucose intolerance,equivalentClass,characteristic of,has part some > characteristic of some,restriction_filler,False,False,http://purl.obolibrary.org/obo/CL_0000000,cell,False,,,,,True
http://purl.obolibrary.org/obo/HP_0100705,Abnormal glial cell morphology,direct,http://purl.obolibrary.org/obo/HP_0100705,Abnormal glial cell morphology,equivalentClass,characteristic of part of,has part some > characteristic of part of some,restriction_filler,False,False,http://purl.obolibrary.org/obo/CL_0000125,glial cell,False,,,,,True
http://purl.obolibrary.org/obo/HP_0100706,Abnormal oligodendroglia morphology,direct,http://purl.obolibrary.org/obo/HP_0100706,Abnormal oligodendroglia morphology,equivalentClass,characteristic of part of,has part some > characteristic of part of some,restriction_filler,False,False,http://purl.obolibrary.org/obo/CL_0000128,oligodendrocyte,False,,,,,True
http://purl.obolibrary.org/obo/HP_0100706,Abnormal oligodendroglia morphology,inherited,http://purl.obolibrary.org/obo/HP_0100705,Abnormal glial cell morphology,equivalentClass,characteristic of part of,has part some > characteristic of part of some,restriction_filler,False,False,http://purl.obolibrary.org/obo/CL_0000125,glial cell,False,,,,,True
http://purl.obolibrary.org/obo/HP_0100707,Abnormal astrocyte morphology,direct,http://purl.obolibrary.org/obo/HP_0100707,Abnormal astrocyte morphology,equivalentClass,characteristic of part of,has part some > characteristic of part of some,restriction_filler,False,False,http://purl.obolibrary.org/obo/CL_0000127,astrocyte,False,,,,,True
http://purl.obolibrary.org/obo/HP_0100707,Abnormal astrocyte morphology,inherited,http://purl.obolibrary.org/obo/HP_0100705,Abnormal glial cell morphology,equivalentClass,characteristic of part of,has part some > characteristic of part of some,restriction_filler,False,False,http://purl.obolibrary.org/obo/CL_0000125,glial cell,False,,,,,True
http://purl.obolibrary.org/obo/HP_0100708,Abnormal microglia morphology,direct,http://purl.obolibrary.org/obo/HP_0100708,Abnormal microglia morphology,equivalentClass,characteristic of part of,has part some > characteristic of part of some,restriction_filler,False,False,http://purl.obolibrary.org/obo/CL_0000129,microglial cell,False,,,,,True
http://purl.obolibrary.org/obo/HP_0100708,Abnormal microglia morphology,inherited,http://purl.obolibrary.org/obo/HP_0100705,Abnormal glial cell morphology,equivalentClass,characteristic of part of,has part some > characteristic of part of some,restriction_filler,False,False,http://purl.obolibrary.org/obo/CL_0000125,glial cell,False,,,,,True
http://purl.obolibrary.org/obo/HP_0100709,Reduction of oligodendroglia,direct,http://purl.obolibrary.org/obo/HP_0100709,Reduction of oligodendroglia,equivalentClass,characteristic of,has part some > characteristic of some,restriction_filler,False,False,http://purl.obolibrary.org/obo/CL_0000128,oligodendrocyte,False,,,,,True
http://purl.obolibrary.org/obo/HP_0100709,Reduction of oligodendroglia,inherited,http://purl.obolibrary.org/obo/HP_0100705,Abnormal glial cell morphology,equivalentClass,characteristic of part of,has part some > characteristic of part of some,restriction_filler,False,False,http://purl.obolibrary.org/obo/CL_0000125,glial cell,False,,,,,True
http://purl.obolibrary.org/obo/HP_0100709,Reduction of oligodendroglia,inherited,http://purl.obolibrary.org/obo/HP_0100706,Abnormal oligodendroglia morphology,equivalentClass,characteristic of part of,has part some > characteristic of part of some,restriction_filler,False,False,http://purl.obolibrary.org/obo/CL_0000128,oligodendrocyte,False,,,,,True
http://purl.obolibrary.org/obo/HP_0100727,Histiocytosis,inherited,http://purl.obolibrary.org/obo/HP_0004311,Abnormal macrophage morphology,equivalentClass,characteristic of part of,has part some > characteristic of part of some,restriction_filler,False,False,http://purl.obolibrary.org/obo/CL_0000235,macrophage,False,,,,,True
http://purl.obolibrary.org/obo/HP_0100727,Histiocytosis,inherited,http://purl.obolibrary.org/obo/HP_0001881,Abnormal leukocyte morphology,equivalentClass,characteristic of part of,has part some > characteristic of part of some,restriction_filler,False,False,http://purl.obolibrary.org/obo/CL_0000738,leukocyte,False,,,,,True
http://purl.obolibrary.org/obo/HP_0100727,Histiocytosis,inherited,http://purl.obolibrary.org/obo/HP_0010974,Abnormal myeloid leukocyte morphology,equivalentClass,characteristic of,has part some > characteristic of some,restriction_filler,False,False,http://purl.obolibrary.org/obo/CL_0000766,myeloid leukocyte,False,,,,,True
http://purl.obolibrary.org/obo/HP_0100827,Increased total lymphocyte count,direct,http://purl.obolibrary.org/obo/HP_0100827,Increased total lymphocyte count,equivalentClass,characteristic of,has part some > characteristic of some,intersection_operand,False,False,http://purl.obolibrary.org/obo/CL_0000542,lymphocyte,False,,,,,True
http://purl.obolibrary.org/obo/HP_0100827,Increased total lymphocyte count,inherited,http://purl.obolibrary.org/obo/HP_0004332,Abnormal lymphocyte morphology,equivalentClass,characteristic of part of,has part some > characteristic of part of some,restriction_filler,False,False,http://purl.obolibrary.org/obo/CL_0000542,lymphocyte,False,,,,,True
http://purl.obolibrary.org/obo/HP_0100827,Increased total lymphocyte count,inherited,http://purl.obolibrary.org/obo/HP_0001881,Abnormal leukocyte morphology,equivalentClass,characteristic of part of,has part some > characteristic of part of some,restriction_filler,False,False,http://purl.obolibrary.org/obo/CL_0000738,leukocyte,False,,,,,True
http://purl.obolibrary.org/obo/HP_0100827,Increased total lymphocyte count,inherited,http://purl.obolibrary.org/obo/HP_0011893,Abnormal leukocyte count,equivalentClass,characteristic of,has part some > characteristic of some,restriction_filler,False,False,http://purl.obolibrary.org/obo/CL_0000738,leukocyte,False,,,,,True
http://purl.obolibrary.org/obo/HP_0100828,Increased total T cell count,direct,http://purl.obolibrary.org/obo/HP_0100828,Increased total T cell count,equivalentClass,characteristic of,has part some > characteristic of some,restriction_filler,False,False,http://purl.obolibrary.org/obo/CL_0000084,T cell,False,,,,,True
http://purl.obolibrary.org/obo/HP_0100828,Increased total T cell count,inherited,http://purl.obolibrary.org/obo/HP_0004332,Abnormal lymphocyte morphology,equivalentClass,characteristic of part of,has part some > characteristic of part of some,restriction_filler,False,False,http://purl.obolibrary.org/obo/CL_0000542,lymphocyte,False,,,,,True
http://purl.obolibrary.org/obo/HP_0100828,Increased total T cell count,inherited,http://purl.obolibrary.org/obo/HP_0040088,Abnormal lymphocyte count,equivalentClass,characteristic of,has part some > characteristic of some,restriction_filler,False,False,http://purl.obolibrary.org/obo/CL_0000542,lymphocyte,False,,,,,True
http://purl.obolibrary.org/obo/HP_0100828,Increased total T cell count,inherited,http://purl.obolibrary.org/obo/HP_0001881,Abnormal leukocyte morphology,equivalentClass,characteristic of part of,has part some > characteristic of part of some,restriction_filler,False,False,http://purl.obolibrary.org/obo/CL_0000738,leukocyte,False,,,,,True
http://purl.obolibrary.org/obo/HP_0100828,Increased total T cell count,inherited,http://purl.obolibrary.org/obo/HP_0011893,Abnormal leukocyte count,equivalentClass,characteristic of,has part some > characteristic of some,restriction_filler,False,False,http://purl.obolibrary.org/obo/CL_0000738,leukocyte,False,,,,,True
http://purl.obolibrary.org/obo/HP_0100950,Decreased 3-hydroxyacyl-CoA dehydrogenase level,inherited,http://purl.obolibrary.org/obo/HP_0025354,Abnormal cellular phenotype,equivalentClass,characteristic of part of,has part some > characteristic of part of some,restriction_filler,False,False,http://purl.obolibrary.org/obo/CL_0000000,cell,False,,,,,True
http://purl.obolibrary.org/obo/HP_0100950,Decreased 3-hydroxyacyl-CoA dehydrogenase level,inherited,http://purl.obolibrary.org/obo/HP_0011017,Abnormal cellular physiology,equivalentClass,characteristic of,has part some > characteristic of some,restriction_filler,False,False,http://purl.obolibrary.org/obo/CL_0000000,cell,False,,,,,True
http://purl.obolibrary.org/obo/HP_0200024,Premature chromatid separation,inherited,http://purl.obolibrary.org/obo/HP_0025354,Abnormal cellular phenotype,equivalentClass,characteristic of part of,has part some > characteristic of part of some,restriction_filler,False,False,http://purl.obolibrary.org/obo/CL_0000000,cell,False,,,,,True
http://purl.obolibrary.org/obo/HP_0200024,Premature chromatid separation,inherited,http://purl.obolibrary.org/obo/HP_0011017,Abnormal cellular physiology,equivalentClass,characteristic of,has part some > characteristic of some,restriction_filler,False,False,http://purl.obolibrary.org/obo/CL_0000000,cell,False,,,,,True
http://purl.obolibrary.org/obo/HP_0200072,Episodic quadriplegia,inherited,http://purl.obolibrary.org/obo/HP_0002493,Upper motor neuron dysfunction,equivalentClass,characteristic of,has part some > characteristic of some,intersection_operand,False,False,http://purl.obolibrary.org/obo/CL_0000540,neuron,False,,,,,True
http://purl.obolibrary.org/obo/HP_0200073,Respiratory insufficiency due to defective ciliary clearance,inherited,http://purl.obolibrary.org/obo/HP_0012261,Abnormal respiratory motile cilium physiology,equivalentClass,characteristic of,has part some > characteristic of some,restriction_filler,False,False,http://purl.obolibrary.org/obo/CL_0002368,respiratory tract epithelial cell,False,,,,,True
http://purl.obolibrary.org/obo/HP_0200125,Mitochondrial respiratory chain defects,inherited,http://purl.obolibrary.org/obo/HP_0025354,Abnormal cellular phenotype,equivalentClass,characteristic of part of,has part some > characteristic of part of some,restriction_filler,False,False,http://purl.obolibrary.org/obo/CL_0000000,cell,False,,,,,True
http://purl.obolibrary.org/obo/HP_0200125,Mitochondrial respiratory chain defects,inherited,http://purl.obolibrary.org/obo/HP_0011017,Abnormal cellular physiology,equivalentClass,characteristic of,has part some > characteristic of some,restriction_filler,False,False,http://purl.obolibrary.org/obo/CL_0000000,cell,False,,,,,True
http://purl.obolibrary.org/obo/HP_0200143,Megaloblastic erythroid hyperplasia,inherited,http://purl.obolibrary.org/obo/HP_0012131,Abnormal number of erythroid precursors,equivalentClass,characteristic of,has part some > characteristic of some,restriction_filler,False,False,http://purl.obolibrary.org/obo/CL_0000038,erythroid progenitor cell,False,,,,,True
http://purl.obolibrary.org/obo/HP_0200143,Megaloblastic erythroid hyperplasia,inherited,http://purl.obolibrary.org/obo/HP_0001877,Abnormal erythrocyte morphology,equivalentClass,characteristic of part of,has part some > characteristic of part of some,restriction_filler,False,False,http://purl.obolibrary.org/obo/CL_0000232,erythrocyte,False,,,,,True
http://purl.obolibrary.org/obo/HP_0200147,Neuronal loss in basal ganglia,direct,http://purl.obolibrary.org/obo/HP_0200147,Neuronal loss in basal ganglia,equivalentClass,characteristic of,has part some > characteristic of some,intersection_operand,False,False,http://purl.obolibrary.org/obo/CL_0000540,neuron,False,,,,,True
http://purl.obolibrary.org/obo/HP_0200151,Cutaneous mastocytosis,inherited,http://purl.obolibrary.org/obo/HP_0001911,Abnormal granulocyte morphology,equivalentClass,characteristic of part of,has part some > characteristic of part of some,restriction_filler,False,False,http://purl.obolibrary.org/obo/CL_0000094,granulocyte,False,,,,,True
http://purl.obolibrary.org/obo/HP_0200151,Cutaneous mastocytosis,inherited,http://purl.obolibrary.org/obo/HP_0100494,Abnormal mast cell morphology,equivalentClass,characteristic of,has part some > characteristic of some,restriction_filler,False,False,http://purl.obolibrary.org/obo/CL_0000097,mast cell,False,,,,,True
http://purl.obolibrary.org/obo/HP_0200151,Cutaneous mastocytosis,inherited,http://purl.obolibrary.org/obo/HP_0001881,Abnormal leukocyte morphology,equivalentClass,characteristic of part of,has part some > characteristic of part of some,restriction_filler,False,False,http://purl.obolibrary.org/obo/CL_0000738,leukocyte,False,,,,,True
http://purl.obolibrary.org/obo/HP_0200151,Cutaneous mastocytosis,inherited,http://purl.obolibrary.org/obo/HP_0010974,Abnormal myeloid leukocyte morphology,equivalentClass,characteristic of,has part some > characteristic of some,restriction_filler,False,False,http://purl.obolibrary.org/obo/CL_0000766,myeloid leukocyte,False,,,,,True
http://purl.obolibrary.org/obo/HP_0410023,Abnormal distribution of cell junction proteins in buccal mucosal cells,inherited,http://purl.obolibrary.org/obo/HP_0025354,Abnormal cellular phenotype,equivalentClass,characteristic of part of,has part some > characteristic of part of some,restriction_filler,False,False,http://purl.obolibrary.org/obo/CL_0000000,cell,False,,,,,True
http://purl.obolibrary.org/obo/HP_0410023,Abnormal distribution of cell junction proteins in buccal mucosal cells,inherited,http://purl.obolibrary.org/obo/HP_0025461,Abnormal cell morphology,equivalentClass,characteristic of,has part some > characteristic of some,restriction_filler,False,False,http://purl.obolibrary.org/obo/CL_0000000,cell,False,,,,,True
http://purl.obolibrary.org/obo/HP_0410035,Abnormal T cell activation,inherited,http://purl.obolibrary.org/obo/HP_0025354,Abnormal cellular phenotype,equivalentClass,characteristic of part of,has part some > characteristic of part of some,restriction_filler,False,False,http://purl.obolibrary.org/obo/CL_0000000,cell,False,,,,,True
http://purl.obolibrary.org/obo/HP_0410035,Abnormal T cell activation,inherited,http://purl.obolibrary.org/obo/HP_0011017,Abnormal cellular physiology,equivalentClass,characteristic of,has part some > characteristic of some,restriction_filler,False,False,http://purl.obolibrary.org/obo/CL_0000000,cell,False,,,,,True
http://purl.obolibrary.org/obo/HP_0410035,Abnormal T cell activation,inherited,http://purl.obolibrary.org/obo/HP_0011840,Abnormal T cell physiology,equivalentClass,characteristic of,has part some > characteristic of some,restriction_filler,False,False,http://purl.obolibrary.org/obo/CL_0000084,T cell,False,,,,,True
http://purl.obolibrary.org/obo/HP_0410063,Increased level of galactonate in red blood cells,direct,http://purl.obolibrary.org/obo/HP_0410063,Increased level of galactonate in red blood cells,equivalentClass,part of,has part some > characteristic of some > part of some,restriction_filler,False,False,http://purl.obolibrary.org/obo/CL_0000232,erythrocyte,False,,,,,True
http://purl.obolibrary.org/obo/HP_0410064,Increased level of galactitol in red blood cells,direct,http://purl.obolibrary.org/obo/HP_0410064,Increased level of galactitol in red blood cells,equivalentClass,part of,has part some > characteristic of some > part of some,restriction_filler,False,False,http://purl.obolibrary.org/obo/CL_0000232,erythrocyte,False,,,,,True
http://purl.obolibrary.org/obo/HP_0410157,Increased level of N-acetylneuraminic acid in fibroblasts,direct,http://purl.obolibrary.org/obo/HP_0410157,Increased level of N-acetylneuraminic acid in fibroblasts,equivalentClass,part of,has part some > characteristic of some > part of some,restriction_filler,False,False,http://purl.obolibrary.org/obo/CL_0000057,fibroblast,False,,,,,True
http://purl.obolibrary.org/obo/HP_0410166,Defective interstrand cross-link repair,inherited,http://purl.obolibrary.org/obo/HP_0025354,Abnormal cellular phenotype,equivalentClass,characteristic of part of,has part some > characteristic of part of some,restriction_filler,False,False,http://purl.obolibrary.org/obo/CL_0000000,cell,False,,,,,True
http://purl.obolibrary.org/obo/HP_0410166,Defective interstrand cross-link repair,inherited,http://purl.obolibrary.org/obo/HP_0011017,Abnormal cellular physiology,equivalentClass,characteristic of,has part some > characteristic of some,restriction_filler,False,False,http://purl.obolibrary.org/obo/CL_0000000,cell,False,,,,,True
http://purl.obolibrary.org/obo/HP_0410183,Abnormal glucose-6-phosphate dehydrogenase level in leukocytes,direct,http://purl.obolibrary.org/obo/HP_0410183,Abnormal glucose-6-phosphate dehydrogenase level in leukocytes,equivalentClass,part of,has part some > characteristic of some > part of some,restriction_filler,False,False,http://purl.obolibrary.org/obo/CL_0000738,leukocyte,False,,,,,True
http://purl.obolibrary.org/obo/HP_0410184,Abnormal erythrocyte glucose-6-phosphate dehydrogenase concentration,direct,http://purl.obolibrary.org/obo/HP_0410184,Abnormal erythrocyte glucose-6-phosphate dehydrogenase concentration,equivalentClass,part of,has part some > characteristic of some > part of some,restriction_filler,False,False,http://purl.obolibrary.org/obo/CL_0000232,erythrocyte,False,,,,,True
http://purl.obolibrary.org/obo/HP_0410184,Abnormal erythrocyte glucose-6-phosphate dehydrogenase concentration,inherited,http://purl.obolibrary.org/obo/HP_0001877,Abnormal erythrocyte morphology,equivalentClass,characteristic of part of,has part some > characteristic of part of some,restriction_filler,False,False,http://purl.obolibrary.org/obo/CL_0000232,erythrocyte,False,,,,,True
http://purl.obolibrary.org/obo/HP_0410188,Decreased erythrocyte glucose-6-phosphate dehydrogenase concentration,direct,http://purl.obolibrary.org/obo/HP_0410188,Decreased erythrocyte glucose-6-phosphate dehydrogenase concentration,equivalentClass,part of,has part some > characteristic of some > part of some,restriction_filler,False,False,http://purl.obolibrary.org/obo/CL_0000232,erythrocyte,False,,,,,True
http://purl.obolibrary.org/obo/HP_0410188,Decreased erythrocyte glucose-6-phosphate dehydrogenase concentration,inherited,http://purl.obolibrary.org/obo/HP_0001877,Abnormal erythrocyte morphology,equivalentClass,characteristic of part of,has part some > characteristic of part of some,restriction_filler,False,False,http://purl.obolibrary.org/obo/CL_0000232,erythrocyte,False,,,,,True
http://purl.obolibrary.org/obo/HP_0410189,Increased erythrocyte glucose-6-phosphate dehydrogenase concentration,direct,http://purl.obolibrary.org/obo/HP_0410189,Increased erythrocyte glucose-6-phosphate dehydrogenase concentration,equivalentClass,part of,has part some > characteristic of some > part of some,restriction_filler,False,False,http://purl.obolibrary.org/obo/CL_0000232,erythrocyte,False,,,,,True
http://purl.obolibrary.org/obo/HP_0410189,Increased erythrocyte glucose-6-phosphate dehydrogenase concentration,inherited,http://purl.obolibrary.org/obo/HP_0001877,Abnormal erythrocyte morphology,equivalentClass,characteristic of part of,has part some > characteristic of part of some,restriction_filler,False,False,http://purl.obolibrary.org/obo/CL_0000232,erythrocyte,False,,,,,True
http://purl.obolibrary.org/obo/HP_0410190,Decreased glucose-6-phosphate dehydrogenase level in leukocytes,direct,http://purl.obolibrary.org/obo/HP_0410190,Decreased glucose-6-phosphate dehydrogenase level in leukocytes,equivalentClass,part of,has part some > characteristic of some > part of some,restriction_filler,False,False,http://purl.obolibrary.org/obo/CL_0000738,leukocyte,False,,,,,True
http://purl.obolibrary.org/obo/HP_0410191,Increased glucose-6-phosphate dehydrogenase level in leukocytes,direct,http://purl.obolibrary.org/obo/HP_0410191,Increased glucose-6-phosphate dehydrogenase level in leukocytes,equivalentClass,part of,has part some > characteristic of some > part of some,restriction_filler,False,False,http://purl.obolibrary.org/obo/CL_0000738,leukocyte,False,,,,,True
http://purl.obolibrary.org/obo/HP_0410196,Abnormal erythrocyte UDP glucose-4-epimerase concentration,direct,http://purl.obolibrary.org/obo/HP_0410196,Abnormal erythrocyte UDP glucose-4-epimerase concentration,equivalentClass,part of,has part some > characteristic of some > part of some,restriction_filler,False,False,http://purl.obolibrary.org/obo/CL_0000232,erythrocyte,False,,,,,True
http://purl.obolibrary.org/obo/HP_0410196,Abnormal erythrocyte UDP glucose-4-epimerase concentration,inherited,http://purl.obolibrary.org/obo/HP_0001877,Abnormal erythrocyte morphology,equivalentClass,characteristic of part of,has part some > characteristic of part of some,restriction_filler,False,False,http://purl.obolibrary.org/obo/CL_0000232,erythrocyte,False,,,,,True
http://purl.obolibrary.org/obo/HP_0410197,Increased erythrocyte UDP glucose-4-epimerase concentration,direct,http://purl.obolibrary.org/obo/HP_0410197,Increased erythrocyte UDP glucose-4-epimerase concentration,equivalentClass,part of,has part some > characteristic of some > part of some,restriction_filler,False,False,http://purl.obolibrary.org/obo/CL_0000232,erythrocyte,False,,,,,True
http://purl.obolibrary.org/obo/HP_0410197,Increased erythrocyte UDP glucose-4-epimerase concentration,inherited,http://purl.obolibrary.org/obo/HP_0001877,Abnormal erythrocyte morphology,equivalentClass,characteristic of part of,has part some > characteristic of part of some,restriction_filler,False,False,http://purl.obolibrary.org/obo/CL_0000232,erythrocyte,False,,,,,True
http://purl.obolibrary.org/obo/HP_0410198,Decreased erythrocyte UDP glucose-4-epimerase concentration,direct,http://purl.obolibrary.org/obo/HP_0410198,Decreased erythrocyte UDP glucose-4-epimerase concentration,equivalentClass,part of,has part some > characteristic of some > part of some,restriction_filler,False,False,http://purl.obolibrary.org/obo/CL_0000232,erythrocyte,False,,,,,True
http://purl.obolibrary.org/obo/HP_0410198,Decreased erythrocyte UDP glucose-4-epimerase concentration,inherited,http://purl.obolibrary.org/obo/HP_0001877,Abnormal erythrocyte morphology,equivalentClass,characteristic of part of,has part some > characteristic of part of some,restriction_filler,False,False,http://purl.obolibrary.org/obo/CL_0000232,erythrocyte,False,,,,,True
http://purl.obolibrary.org/obo/HP_0410220,Increased anti-dairy protein IgE antibody level,inherited,http://purl.obolibrary.org/obo/HP_0025354,Abnormal cellular phenotype,equivalentClass,characteristic of part of,has part some > characteristic of part of some,restriction_filler,False,False,http://purl.obolibrary.org/obo/CL_0000000,cell,False,,,,,True
http://purl.obolibrary.org/obo/HP_0410220,Increased anti-dairy protein IgE antibody level,inherited,http://purl.obolibrary.org/obo/HP_0011017,Abnormal cellular physiology,equivalentClass,characteristic of,has part some > characteristic of some,restriction_filler,False,False,http://purl.obolibrary.org/obo/CL_0000000,cell,False,,,,,True
http://purl.obolibrary.org/obo/HP_0410220,Increased anti-dairy protein IgE antibody level,inherited,http://purl.obolibrary.org/obo/HP_0005372,Abnormal B cell physiology,equivalentClass,characteristic of,has part some > characteristic of some,restriction_filler,False,False,http://purl.obolibrary.org/obo/CL_0000236,B cell,False,,,,,True
http://purl.obolibrary.org/obo/HP_0410221,Increased anti-animal protein IgE antibody level,inherited,http://purl.obolibrary.org/obo/HP_0025354,Abnormal cellular phenotype,equivalentClass,characteristic of part of,has part some > characteristic of part of some,restriction_filler,False,False,http://purl.obolibrary.org/obo/CL_0000000,cell,False,,,,,True
http://purl.obolibrary.org/obo/HP_0410221,Increased anti-animal protein IgE antibody level,inherited,http://purl.obolibrary.org/obo/HP_0011017,Abnormal cellular physiology,equivalentClass,characteristic of,has part some > characteristic of some,restriction_filler,False,False,http://purl.obolibrary.org/obo/CL_0000000,cell,False,,,,,True
http://purl.obolibrary.org/obo/HP_0410221,Increased anti-animal protein IgE antibody level,inherited,http://purl.obolibrary.org/obo/HP_0005372,Abnormal B cell physiology,equivalentClass,characteristic of,has part some > characteristic of some,restriction_filler,False,False,http://purl.obolibrary.org/obo/CL_0000236,B cell,False,,,,,True
http://purl.obolibrary.org/obo/HP_0410222,Increased anti-seafood IgE antibody level,inherited,http://purl.obolibrary.org/obo/HP_0025354,Abnormal cellular phenotype,equivalentClass,characteristic of part of,has part some > characteristic of part of some,restriction_filler,False,False,http://purl.obolibrary.org/obo/CL_0000000,cell,False,,,,,True
http://purl.obolibrary.org/obo/HP_0410222,Increased anti-seafood IgE antibody level,inherited,http://purl.obolibrary.org/obo/HP_0011017,Abnormal cellular physiology,equivalentClass,characteristic of,has part some > characteristic of some,restriction_filler,False,False,http://purl.obolibrary.org/obo/CL_0000000,cell,False,,,,,True
http://purl.obolibrary.org/obo/HP_0410222,Increased anti-seafood IgE antibody level,inherited,http://purl.obolibrary.org/obo/HP_0005372,Abnormal B cell physiology,equivalentClass,characteristic of,has part some > characteristic of some,restriction_filler,False,False,http://purl.obolibrary.org/obo/CL_0000236,B cell,False,,,,,True
http://purl.obolibrary.org/obo/HP_0410223,Increased anti-dust mite IgE antibody level,inherited,http://purl.obolibrary.org/obo/HP_0025354,Abnormal cellular phenotype,equivalentClass,characteristic of part of,has part some > characteristic of part of some,restriction_filler,False,False,http://purl.obolibrary.org/obo/CL_0000000,cell,False,,,,,True
http://purl.obolibrary.org/obo/HP_0410223,Increased anti-dust mite IgE antibody level,inherited,http://purl.obolibrary.org/obo/HP_0011017,Abnormal cellular physiology,equivalentClass,characteristic of,has part some > characteristic of some,restriction_filler,False,False,http://purl.obolibrary.org/obo/CL_0000000,cell,False,,,,,True
http://purl.obolibrary.org/obo/HP_0410223,Increased anti-dust mite IgE antibody level,inherited,http://purl.obolibrary.org/obo/HP_0005372,Abnormal B cell physiology,equivalentClass,characteristic of,has part some > characteristic of some,restriction_filler,False,False,http://purl.obolibrary.org/obo/CL_0000236,B cell,False,,,,,True
http://purl.obolibrary.org/obo/HP_0410224,Increased anti-bacteria IgE antibody level,inherited,http://purl.obolibrary.org/obo/HP_0025354,Abnormal cellular phenotype,equivalentClass,characteristic of part of,has part some > characteristic of part of some,restriction_filler,False,False,http://purl.obolibrary.org/obo/CL_0000000,cell,False,,,,,True
http://purl.obolibrary.org/obo/HP_0410224,Increased anti-bacteria IgE antibody level,inherited,http://purl.obolibrary.org/obo/HP_0011017,Abnormal cellular physiology,equivalentClass,characteristic of,has part some > characteristic of some,restriction_filler,False,False,http://purl.obolibrary.org/obo/CL_0000000,cell,False,,,,,True
http://purl.obolibrary.org/obo/HP_0410224,Increased anti-bacteria IgE antibody level,inherited,http://purl.obolibrary.org/obo/HP_0005372,Abnormal B cell physiology,equivalentClass,characteristic of,has part some > characteristic of some,restriction_filler,False,False,http://purl.obolibrary.org/obo/CL_0000236,B cell,False,,,,,True
http://purl.obolibrary.org/obo/HP_0410225,Increased anti-drug IgE antibody level,inherited,http://purl.obolibrary.org/obo/HP_0025354,Abnormal cellular phenotype,equivalentClass,characteristic of part of,has part some > characteristic of part of some,restriction_filler,False,False,http://purl.obolibrary.org/obo/CL_0000000,cell,False,,,,,True
http://purl.obolibrary.org/obo/HP_0410225,Increased anti-drug IgE antibody level,inherited,http://purl.obolibrary.org/obo/HP_0011017,Abnormal cellular physiology,equivalentClass,characteristic of,has part some > characteristic of some,restriction_filler,False,False,http://purl.obolibrary.org/obo/CL_0000000,cell,False,,,,,True
http://purl.obolibrary.org/obo/HP_0410225,Increased anti-drug IgE antibody level,inherited,http://purl.obolibrary.org/obo/HP_0005372,Abnormal B cell physiology,equivalentClass,characteristic of,has part some > characteristic of some,restriction_filler,False,False,http://purl.obolibrary.org/obo/CL_0000236,B cell,False,,,,,True
http://purl.obolibrary.org/obo/HP_0410226,Increased anti-feather IgE antibody level,inherited,http://purl.obolibrary.org/obo/HP_0025354,Abnormal cellular phenotype,equivalentClass,characteristic of part of,has part some > characteristic of part of some,restriction_filler,False,False,http://purl.obolibrary.org/obo/CL_0000000,cell,False,,,,,True
http://purl.obolibrary.org/obo/HP_0410226,Increased anti-feather IgE antibody level,inherited,http://purl.obolibrary.org/obo/HP_0011017,Abnormal cellular physiology,equivalentClass,characteristic of,has part some > characteristic of some,restriction_filler,False,False,http://purl.obolibrary.org/obo/CL_0000000,cell,False,,,,,True
http://purl.obolibrary.org/obo/HP_0410226,Increased anti-feather IgE antibody level,inherited,http://purl.obolibrary.org/obo/HP_0005372,Abnormal B cell physiology,equivalentClass,characteristic of,has part some > characteristic of some,restriction_filler,False,False,http://purl.obolibrary.org/obo/CL_0000236,B cell,False,,,,,True
http://purl.obolibrary.org/obo/HP_0410227,Increased anti-food allergen IgE antibody level,inherited,http://purl.obolibrary.org/obo/HP_0025354,Abnormal cellular phenotype,equivalentClass,characteristic of part of,has part some > characteristic of part of some,restriction_filler,False,False,http://purl.obolibrary.org/obo/CL_0000000,cell,False,,,,,True
http://purl.obolibrary.org/obo/HP_0410227,Increased anti-food allergen IgE antibody level,inherited,http://purl.obolibrary.org/obo/HP_0011017,Abnormal cellular physiology,equivalentClass,characteristic of,has part some > characteristic of some,restriction_filler,False,False,http://purl.obolibrary.org/obo/CL_0000000,cell,False,,,,,True
http://purl.obolibrary.org/obo/HP_0410227,Increased anti-food allergen IgE antibody level,inherited,http://purl.obolibrary.org/obo/HP_0005372,Abnormal B cell physiology,equivalentClass,characteristic of,has part some > characteristic of some,restriction_filler,False,False,http://purl.obolibrary.org/obo/CL_0000236,B cell,False,,,,,True
http://purl.obolibrary.org/obo/HP_0410228,Increased anti-plant based food allergen IgE antibody level,inherited,http://purl.obolibrary.org/obo/HP_0025354,Abnormal cellular phenotype,equivalentClass,characteristic of part of,has part some > characteristic of part of some,restriction_filler,False,False,http://purl.obolibrary.org/obo/CL_0000000,cell,False,,,,,True
http://purl.obolibrary.org/obo/HP_0410228,Increased anti-plant based food allergen IgE antibody level,inherited,http://purl.obolibrary.org/obo/HP_0011017,Abnormal cellular physiology,equivalentClass,characteristic of,has part some > characteristic of some,restriction_filler,False,False,http://purl.obolibrary.org/obo/CL_0000000,cell,False,,,,,True
http://purl.obolibrary.org/obo/HP_0410228,Increased anti-plant based food allergen IgE antibody level,inherited,http://purl.obolibrary.org/obo/HP_0005372,Abnormal B cell physiology,equivalentClass,characteristic of,has part some > characteristic of some,restriction_filler,False,False,http://purl.obolibrary.org/obo/CL_0000236,B cell,False,,,,,True
http://purl.obolibrary.org/obo/HP_0410229,Increased anti-gluten IgE antibody level,inherited,http://purl.obolibrary.org/obo/HP_0025354,Abnormal cellular phenotype,equivalentClass,characteristic of part of,has part some > characteristic of part of some,restriction_filler,False,False,http://purl.obolibrary.org/obo/CL_0000000,cell,False,,,,,True
http://purl.obolibrary.org/obo/HP_0410229,Increased anti-gluten IgE antibody level,inherited,http://purl.obolibrary.org/obo/HP_0011017,Abnormal cellular physiology,equivalentClass,characteristic of,has part some > characteristic of some,restriction_filler,False,False,http://purl.obolibrary.org/obo/CL_0000000,cell,False,,,,,True
http://purl.obolibrary.org/obo/HP_0410229,Increased anti-gluten IgE antibody level,inherited,http://purl.obolibrary.org/obo/HP_0005372,Abnormal B cell physiology,equivalentClass,characteristic of,has part some > characteristic of some,restriction_filler,False,False,http://purl.obolibrary.org/obo/CL_0000236,B cell,False,,,,,True
http://purl.obolibrary.org/obo/HP_0410230,Increased anti-nut food product IgE antibody level,inherited,http://purl.obolibrary.org/obo/HP_0025354,Abnormal cellular phenotype,equivalentClass,characteristic of part of,has part some > characteristic of part of some,restriction_filler,False,False,http://purl.obolibrary.org/obo/CL_0000000,cell,False,,,,,True
http://purl.obolibrary.org/obo/HP_0410230,Increased anti-nut food product IgE antibody level,inherited,http://purl.obolibrary.org/obo/HP_0011017,Abnormal cellular physiology,equivalentClass,characteristic of,has part some > characteristic of some,restriction_filler,False,False,http://purl.obolibrary.org/obo/CL_0000000,cell,False,,,,,True
http://purl.obolibrary.org/obo/HP_0410230,Increased anti-nut food product IgE antibody level,inherited,http://purl.obolibrary.org/obo/HP_0005372,Abnormal B cell physiology,equivalentClass,characteristic of,has part some > characteristic of some,restriction_filler,False,False,http://purl.obolibrary.org/obo/CL_0000236,B cell,False,,,,,True
http://purl.obolibrary.org/obo/HP_0410231,Increased anti-egg IgE antibody level,inherited,http://purl.obolibrary.org/obo/HP_0025354,Abnormal cellular phenotype,equivalentClass,characteristic of part of,has part some > characteristic of part of some,restriction_filler,False,False,http://purl.obolibrary.org/obo/CL_0000000,cell,False,,,,,True
http://purl.obolibrary.org/obo/HP_0410231,Increased anti-egg IgE antibody level,inherited,http://purl.obolibrary.org/obo/HP_0011017,Abnormal cellular physiology,equivalentClass,characteristic of,has part some > characteristic of some,restriction_filler,False,False,http://purl.obolibrary.org/obo/CL_0000000,cell,False,,,,,True
http://purl.obolibrary.org/obo/HP_0410231,Increased anti-egg IgE antibody level,inherited,http://purl.obolibrary.org/obo/HP_0005372,Abnormal B cell physiology,equivalentClass,characteristic of,has part some > characteristic of some,restriction_filler,False,False,http://purl.obolibrary.org/obo/CL_0000236,B cell,False,,,,,True
http://purl.obolibrary.org/obo/HP_0410232,Increased anti-fungi IgE antibody level,inherited,http://purl.obolibrary.org/obo/HP_0025354,Abnormal cellular phenotype,equivalentClass,characteristic of part of,has part some > characteristic of part of some,restriction_filler,False,False,http://purl.obolibrary.org/obo/CL_0000000,cell,False,,,,,True
http://purl.obolibrary.org/obo/HP_0410232,Increased anti-fungi IgE antibody level,inherited,http://purl.obolibrary.org/obo/HP_0011017,Abnormal cellular physiology,equivalentClass,characteristic of,has part some > characteristic of some,restriction_filler,False,False,http://purl.obolibrary.org/obo/CL_0000000,cell,False,,,,,True
http://purl.obolibrary.org/obo/HP_0410232,Increased anti-fungi IgE antibody level,inherited,http://purl.obolibrary.org/obo/HP_0005372,Abnormal B cell physiology,equivalentClass,characteristic of,has part some > characteristic of some,restriction_filler,False,False,http://purl.obolibrary.org/obo/CL_0000236,B cell,False,,,,,True
http://purl.obolibrary.org/obo/HP_0410233,Increased anti-meat allergen IgE antibody level,inherited,http://purl.obolibrary.org/obo/HP_0025354,Abnormal cellular phenotype,equivalentClass,characteristic of part of,has part some > characteristic of part of some,restriction_filler,False,False,http://purl.obolibrary.org/obo/CL_0000000,cell,False,,,,,True
http://purl.obolibrary.org/obo/HP_0410233,Increased anti-meat allergen IgE antibody level,inherited,http://purl.obolibrary.org/obo/HP_0011017,Abnormal cellular physiology,equivalentClass,characteristic of,has part some > characteristic of some,restriction_filler,False,False,http://purl.obolibrary.org/obo/CL_0000000,cell,False,,,,,True
http://purl.obolibrary.org/obo/HP_0410233,Increased anti-meat allergen IgE antibody level,inherited,http://purl.obolibrary.org/obo/HP_0005372,Abnormal B cell physiology,equivalentClass,characteristic of,has part some > characteristic of some,restriction_filler,False,False,http://purl.obolibrary.org/obo/CL_0000236,B cell,False,,,,,True
http://purl.obolibrary.org/obo/HP_0410234,Increased anti-parasite IgE antibody level,inherited,http://purl.obolibrary.org/obo/HP_0025354,Abnormal cellular phenotype,equivalentClass,characteristic of part of,has part some > characteristic of part of some,restriction_filler,False,False,http://purl.obolibrary.org/obo/CL_0000000,cell,False,,,,,True
http://purl.obolibrary.org/obo/HP_0410234,Increased anti-parasite IgE antibody level,inherited,http://purl.obolibrary.org/obo/HP_0011017,Abnormal cellular physiology,equivalentClass,characteristic of,has part some > characteristic of some,restriction_filler,False,False,http://purl.obolibrary.org/obo/CL_0000000,cell,False,,,,,True
http://purl.obolibrary.org/obo/HP_0410234,Increased anti-parasite IgE antibody level,inherited,http://purl.obolibrary.org/obo/HP_0005372,Abnormal B cell physiology,equivalentClass,characteristic of,has part some > characteristic of some,restriction_filler,False,False,http://purl.obolibrary.org/obo/CL_0000236,B cell,False,,,,,True
http://purl.obolibrary.org/obo/HP_0410235,Increased anti-insect IgE antibody level,inherited,http://purl.obolibrary.org/obo/HP_0025354,Abnormal cellular phenotype,equivalentClass,characteristic of part of,has part some > characteristic of part of some,restriction_filler,False,False,http://purl.obolibrary.org/obo/CL_0000000,cell,False,,,,,True
http://purl.obolibrary.org/obo/HP_0410235,Increased anti-insect IgE antibody level,inherited,http://purl.obolibrary.org/obo/HP_0011017,Abnormal cellular physiology,equivalentClass,characteristic of,has part some > characteristic of some,restriction_filler,False,False,http://purl.obolibrary.org/obo/CL_0000000,cell,False,,,,,True
http://purl.obolibrary.org/obo/HP_0410235,Increased anti-insect IgE antibody level,inherited,http://purl.obolibrary.org/obo/HP_0005372,Abnormal B cell physiology,equivalentClass,characteristic of,has part some > characteristic of some,restriction_filler,False,False,http://purl.obolibrary.org/obo/CL_0000236,B cell,False,,,,,True
http://purl.obolibrary.org/obo/HP_0410236,Increased anti-venom IgE antibody level,inherited,http://purl.obolibrary.org/obo/HP_0025354,Abnormal cellular phenotype,equivalentClass,characteristic of part of,has part some > characteristic of part of some,restriction_filler,False,False,http://purl.obolibrary.org/obo/CL_0000000,cell,False,,,,,True
http://purl.obolibrary.org/obo/HP_0410236,Increased anti-venom IgE antibody level,inherited,http://purl.obolibrary.org/obo/HP_0011017,Abnormal cellular physiology,equivalentClass,characteristic of,has part some > characteristic of some,restriction_filler,False,False,http://purl.obolibrary.org/obo/CL_0000000,cell,False,,,,,True
http://purl.obolibrary.org/obo/HP_0410236,Increased anti-venom IgE antibody level,inherited,http://purl.obolibrary.org/obo/HP_0005372,Abnormal B cell physiology,equivalentClass,characteristic of,has part some > characteristic of some,restriction_filler,False,False,http://purl.obolibrary.org/obo/CL_0000236,B cell,False,,,,,True
http://purl.obolibrary.org/obo/HP_0410238,Increased anti-plant product IgE antibody level,inherited,http://purl.obolibrary.org/obo/HP_0025354,Abnormal cellular phenotype,equivalentClass,characteristic of part of,has part some > characteristic of part of some,restriction_filler,False,False,http://purl.obolibrary.org/obo/CL_0000000,cell,False,,,,,True
http://purl.obolibrary.org/obo/HP_0410238,Increased anti-plant product IgE antibody level,inherited,http://purl.obolibrary.org/obo/HP_0011017,Abnormal cellular physiology,equivalentClass,characteristic of,has part some > characteristic of some,restriction_filler,False,False,http://purl.obolibrary.org/obo/CL_0000000,cell,False,,,,,True
http://purl.obolibrary.org/obo/HP_0410238,Increased anti-plant product IgE antibody level,inherited,http://purl.obolibrary.org/obo/HP_0005372,Abnormal B cell physiology,equivalentClass,characteristic of,has part some > characteristic of some,restriction_filler,False,False,http://purl.obolibrary.org/obo/CL_0000236,B cell,False,,,,,True
http://purl.obolibrary.org/obo/HP_0410240,Abnormal circulating IgA concentration,inherited,http://purl.obolibrary.org/obo/HP_0025354,Abnormal cellular phenotype,equivalentClass,characteristic of part of,has part some > characteristic of part of some,restriction_filler,False,False,http://purl.obolibrary.org/obo/CL_0000000,cell,False,,,,,True
http://purl.obolibrary.org/obo/HP_0410240,Abnormal circulating IgA concentration,inherited,http://purl.obolibrary.org/obo/HP_0011017,Abnormal cellular physiology,equivalentClass,characteristic of,has part some > characteristic of some,restriction_filler,False,False,http://purl.obolibrary.org/obo/CL_0000000,cell,False,,,,,True
http://purl.obolibrary.org/obo/HP_0410240,Abnormal circulating IgA concentration,inherited,http://purl.obolibrary.org/obo/HP_0005372,Abnormal B cell physiology,equivalentClass,characteristic of,has part some > characteristic of some,restriction_filler,False,False,http://purl.obolibrary.org/obo/CL_0000236,B cell,False,,,,,True
http://purl.obolibrary.org/obo/HP_0410241,Abnormal circulating IgE concentration,inherited,http://purl.obolibrary.org/obo/HP_0025354,Abnormal cellular phenotype,equivalentClass,characteristic of part of,has part some > characteristic of part of some,restriction_filler,False,False,http://purl.obolibrary.org/obo/CL_0000000,cell,False,,,,,True
http://purl.obolibrary.org/obo/HP_0410241,Abnormal circulating IgE concentration,inherited,http://purl.obolibrary.org/obo/HP_0011017,Abnormal cellular physiology,equivalentClass,characteristic of,has part some > characteristic of some,restriction_filler,False,False,http://purl.obolibrary.org/obo/CL_0000000,cell,False,,,,,True
http://purl.obolibrary.org/obo/HP_0410241,Abnormal circulating IgE concentration,inherited,http://purl.obolibrary.org/obo/HP_0005372,Abnormal B cell physiology,equivalentClass,characteristic of,has part some > characteristic of some,restriction_filler,False,False,http://purl.obolibrary.org/obo/CL_0000236,B cell,False,,,,,True
http://purl.obolibrary.org/obo/HP_0410242,Abnormal circulating IgG concentration,inherited,http://purl.obolibrary.org/obo/HP_0025354,Abnormal cellular phenotype,equivalentClass,characteristic of part of,has part some > characteristic of part of some,restriction_filler,False,False,http://purl.obolibrary.org/obo/CL_0000000,cell,False,,,,,True
http://purl.obolibrary.org/obo/HP_0410242,Abnormal circulating IgG concentration,inherited,http://purl.obolibrary.org/obo/HP_0011017,Abnormal cellular physiology,equivalentClass,characteristic of,has part some > characteristic of some,restriction_filler,False,False,http://purl.obolibrary.org/obo/CL_0000000,cell,False,,,,,True
http://purl.obolibrary.org/obo/HP_0410242,Abnormal circulating IgG concentration,inherited,http://purl.obolibrary.org/obo/HP_0005372,Abnormal B cell physiology,equivalentClass,characteristic of,has part some > characteristic of some,restriction_filler,False,False,http://purl.obolibrary.org/obo/CL_0000236,B cell,False,,,,,True
http://purl.obolibrary.org/obo/HP_0410243,Abnormal circulating IgM concentration,inherited,http://purl.obolibrary.org/obo/HP_0025354,Abnormal cellular phenotype,equivalentClass,characteristic of part of,has part some > characteristic of part of some,restriction_filler,False,False,http://purl.obolibrary.org/obo/CL_0000000,cell,False,,,,,True
http://purl.obolibrary.org/obo/HP_0410243,Abnormal circulating IgM concentration,inherited,http://purl.obolibrary.org/obo/HP_0011017,Abnormal cellular physiology,equivalentClass,characteristic of,has part some > characteristic of some,restriction_filler,False,False,http://purl.obolibrary.org/obo/CL_0000000,cell,False,,,,,True
http://purl.obolibrary.org/obo/HP_0410243,Abnormal circulating IgM concentration,inherited,http://purl.obolibrary.org/obo/HP_0005372,Abnormal B cell physiology,equivalentClass,characteristic of,has part some > characteristic of some,restriction_filler,False,False,http://purl.obolibrary.org/obo/CL_0000236,B cell,False,,,,,True
http://purl.obolibrary.org/obo/HP_0410244,Abnormal circulating IgD concentration,inherited,http://purl.obolibrary.org/obo/HP_0025354,Abnormal cellular phenotype,equivalentClass,characteristic of part of,has part some > characteristic of part of some,restriction_filler,False,False,http://purl.obolibrary.org/obo/CL_0000000,cell,False,,,,,True
http://purl.obolibrary.org/obo/HP_0410244,Abnormal circulating IgD concentration,inherited,http://purl.obolibrary.org/obo/HP_0011017,Abnormal cellular physiology,equivalentClass,characteristic of,has part some > characteristic of some,restriction_filler,False,False,http://purl.obolibrary.org/obo/CL_0000000,cell,False,,,,,True
http://purl.obolibrary.org/obo/HP_0410244,Abnormal circulating IgD concentration,inherited,http://purl.obolibrary.org/obo/HP_0005372,Abnormal B cell physiology,equivalentClass,characteristic of,has part some > characteristic of some,restriction_filler,False,False,http://purl.obolibrary.org/obo/CL_0000236,B cell,False,,,,,True
http://purl.obolibrary.org/obo/HP_0410245,Decreased circulating IgD concentration,inherited,http://purl.obolibrary.org/obo/HP_0025354,Abnormal cellular phenotype,equivalentClass,characteristic of part of,has part some > characteristic of part of some,restriction_filler,False,False,http://purl.obolibrary.org/obo/CL_0000000,cell,False,,,,,True
http://purl.obolibrary.org/obo/HP_0410245,Decreased circulating IgD concentration,inherited,http://purl.obolibrary.org/obo/HP_0011017,Abnormal cellular physiology,equivalentClass,characteristic of,has part some > characteristic of some,restriction_filler,False,False,http://purl.obolibrary.org/obo/CL_0000000,cell,False,,,,,True
http://purl.obolibrary.org/obo/HP_0410245,Decreased circulating IgD concentration,inherited,http://purl.obolibrary.org/obo/HP_0005372,Abnormal B cell physiology,equivalentClass,characteristic of,has part some > characteristic of some,restriction_filler,False,False,http://purl.obolibrary.org/obo/CL_0000236,B cell,False,,,,,True
http://purl.obolibrary.org/obo/HP_0410246,Increased circulating IgD concentration,inherited,http://purl.obolibrary.org/obo/HP_0025354,Abnormal cellular phenotype,equivalentClass,characteristic of part of,has part some > characteristic of part of some,restriction_filler,False,False,http://purl.obolibrary.org/obo/CL_0000000,cell,False,,,,,True
http://purl.obolibrary.org/obo/HP_0410246,Increased circulating IgD concentration,inherited,http://purl.obolibrary.org/obo/HP_0011017,Abnormal cellular physiology,equivalentClass,characteristic of,has part some > characteristic of some,restriction_filler,False,False,http://purl.obolibrary.org/obo/CL_0000000,cell,False,,,,,True
http://purl.obolibrary.org/obo/HP_0410246,Increased circulating IgD concentration,inherited,http://purl.obolibrary.org/obo/HP_0005372,Abnormal B cell physiology,equivalentClass,characteristic of,has part some > characteristic of some,restriction_filler,False,False,http://purl.obolibrary.org/obo/CL_0000236,B cell,False,,,,,True
http://purl.obolibrary.org/obo/HP_0410247,Increased anti-animal dander IgE antibody level,inherited,http://purl.obolibrary.org/obo/HP_0025354,Abnormal cellular phenotype,equivalentClass,characteristic of part of,has part some > characteristic of part of some,restriction_filler,False,False,http://purl.obolibrary.org/obo/CL_0000000,cell,False,,,,,True
http://purl.obolibrary.org/obo/HP_0410247,Increased anti-animal dander IgE antibody level,inherited,http://purl.obolibrary.org/obo/HP_0011017,Abnormal cellular physiology,equivalentClass,characteristic of,has part some > characteristic of some,restriction_filler,False,False,http://purl.obolibrary.org/obo/CL_0000000,cell,False,,,,,True
http://purl.obolibrary.org/obo/HP_0410247,Increased anti-animal dander IgE antibody level,inherited,http://purl.obolibrary.org/obo/HP_0005372,Abnormal B cell physiology,equivalentClass,characteristic of,has part some > characteristic of some,restriction_filler,False,False,http://purl.obolibrary.org/obo/CL_0000236,B cell,False,,,,,True
http://purl.obolibrary.org/obo/HP_0410248,Increased anti-house dust mite IgE antibody level,inherited,http://purl.obolibrary.org/obo/HP_0025354,Abnormal cellular phenotype,equivalentClass,characteristic of part of,has part some > characteristic of part of some,restriction_filler,False,False,http://purl.obolibrary.org/obo/CL_0000000,cell,False,,,,,True
http://purl.obolibrary.org/obo/HP_0410248,Increased anti-house dust mite IgE antibody level,inherited,http://purl.obolibrary.org/obo/HP_0011017,Abnormal cellular physiology,equivalentClass,characteristic of,has part some > characteristic of some,restriction_filler,False,False,http://purl.obolibrary.org/obo/CL_0000000,cell,False,,,,,True
http://purl.obolibrary.org/obo/HP_0410248,Increased anti-house dust mite IgE antibody level,inherited,http://purl.obolibrary.org/obo/HP_0005372,Abnormal B cell physiology,equivalentClass,characteristic of,has part some > characteristic of some,restriction_filler,False,False,http://purl.obolibrary.org/obo/CL_0000236,B cell,False,,,,,True
http://purl.obolibrary.org/obo/HP_0410249,Increased anti-alpha-gal IgE antibody level,inherited,http://purl.obolibrary.org/obo/HP_0025354,Abnormal cellular phenotype,equivalentClass,characteristic of part of,has part some > characteristic of part of some,restriction_filler,False,False,http://purl.obolibrary.org/obo/CL_0000000,cell,False,,,,,True
http://purl.obolibrary.org/obo/HP_0410249,Increased anti-alpha-gal IgE antibody level,inherited,http://purl.obolibrary.org/obo/HP_0011017,Abnormal cellular physiology,equivalentClass,characteristic of,has part some > characteristic of some,restriction_filler,False,False,http://purl.obolibrary.org/obo/CL_0000000,cell,False,,,,,True
http://purl.obolibrary.org/obo/HP_0410249,Increased anti-alpha-gal IgE antibody level,inherited,http://purl.obolibrary.org/obo/HP_0005372,Abnormal B cell physiology,equivalentClass,characteristic of,has part some > characteristic of some,restriction_filler,False,False,http://purl.obolibrary.org/obo/CL_0000236,B cell,False,,,,,True
http://purl.obolibrary.org/obo/HP_0410251,Decreased neutrophil toll-like receptor signalling,inherited,http://purl.obolibrary.org/obo/HP_0001911,Abnormal granulocyte morphology,equivalentClass,characteristic of part of,has part some > characteristic of part of some,restriction_filler,False,False,http://purl.obolibrary.org/obo/CL_0000094,granulocyte,False,,,,,True
http://purl.obolibrary.org/obo/HP_0410251,Decreased neutrophil toll-like receptor signalling,inherited,http://purl.obolibrary.org/obo/HP_0001881,Abnormal leukocyte morphology,equivalentClass,characteristic of part of,has part some > characteristic of part of some,restriction_filler,False,False,http://purl.obolibrary.org/obo/CL_0000738,leukocyte,False,,,,,True
http://purl.obolibrary.org/obo/HP_0410251,Decreased neutrophil toll-like receptor signalling,inherited,http://purl.obolibrary.org/obo/HP_0010974,Abnormal myeloid leukocyte morphology,equivalentClass,characteristic of,has part some > characteristic of some,restriction_filler,False,False,http://purl.obolibrary.org/obo/CL_0000766,myeloid leukocyte,False,,,,,True
http://purl.obolibrary.org/obo/HP_0410251,Decreased neutrophil toll-like receptor signalling,inherited,http://purl.obolibrary.org/obo/HP_0001874,Abnormality of neutrophils,equivalentClass,characteristic of part of,has part some > characteristic of part of some,restriction_filler,False,False,http://purl.obolibrary.org/obo/CL_0000775,neutrophil,False,,,,,True
http://purl.obolibrary.org/obo/HP_0410251,Decreased neutrophil toll-like receptor signalling,inherited,http://purl.obolibrary.org/obo/HP_0011990,Abnormal neutrophil physiology,equivalentClass,characteristic of,has part some > characteristic of some,restriction_filler,False,False,http://purl.obolibrary.org/obo/CL_0000775,neutrophil,False,,,,,True
http://purl.obolibrary.org/obo/HP_0410252,Persistently decreased total neutrophil count,inherited,http://purl.obolibrary.org/obo/HP_0001911,Abnormal granulocyte morphology,equivalentClass,characteristic of part of,has part some > characteristic of part of some,restriction_filler,False,False,http://purl.obolibrary.org/obo/CL_0000094,granulocyte,False,,,,,True
http://purl.obolibrary.org/obo/HP_0410252,Persistently decreased total neutrophil count,inherited,http://purl.obolibrary.org/obo/HP_0001881,Abnormal leukocyte morphology,equivalentClass,characteristic of part of,has part some > characteristic of part of some,restriction_filler,False,False,http://purl.obolibrary.org/obo/CL_0000738,leukocyte,False,,,,,True
http://purl.obolibrary.org/obo/HP_0410252,Persistently decreased total neutrophil count,inherited,http://purl.obolibrary.org/obo/HP_0011893,Abnormal leukocyte count,equivalentClass,characteristic of,has part some > characteristic of some,restriction_filler,False,False,http://purl.obolibrary.org/obo/CL_0000738,leukocyte,False,,,,,True
http://purl.obolibrary.org/obo/HP_0410252,Persistently decreased total neutrophil count,inherited,http://purl.obolibrary.org/obo/HP_0010974,Abnormal myeloid leukocyte morphology,equivalentClass,characteristic of,has part some > characteristic of some,restriction_filler,False,False,http://purl.obolibrary.org/obo/CL_0000766,myeloid leukocyte,False,,,,,True
http://purl.obolibrary.org/obo/HP_0410252,Persistently decreased total neutrophil count,inherited,http://purl.obolibrary.org/obo/HP_0001874,Abnormality of neutrophils,equivalentClass,characteristic of part of,has part some > characteristic of part of some,restriction_filler,False,False,http://purl.obolibrary.org/obo/CL_0000775,neutrophil,False,,,,,True
http://purl.obolibrary.org/obo/HP_0410252,Persistently decreased total neutrophil count,inherited,http://purl.obolibrary.org/obo/HP_0001875,Decreased total neutrophil count,equivalentClass,characteristic of,has part some > characteristic of some,restriction_filler,False,False,http://purl.obolibrary.org/obo/CL_0000775,neutrophil,False,,,,,True
http://purl.obolibrary.org/obo/HP_0410253,Myeloid maturation arrest,inherited,http://purl.obolibrary.org/obo/HP_0005561,Abnormal bone marrow cell morphology,equivalentClass,characteristic of,has part some > characteristic of some,restriction_filler,False,False,http://purl.obolibrary.org/obo/CL_0002092,bone marrow cell,False,,,,,True
http://purl.obolibrary.org/obo/HP_0410254,Cyclic neutropenia in myeloid maturation arrest in bone marrow,inherited,http://purl.obolibrary.org/obo/HP_0001911,Abnormal granulocyte morphology,equivalentClass,characteristic of part of,has part some > characteristic of part of some,restriction_filler,False,False,http://purl.obolibrary.org/obo/CL_0000094,granulocyte,False,,,,,True
http://purl.obolibrary.org/obo/HP_0410254,Cyclic neutropenia in myeloid maturation arrest in bone marrow,inherited,http://purl.obolibrary.org/obo/HP_0001881,Abnormal leukocyte morphology,equivalentClass,characteristic of part of,has part some > characteristic of part of some,restriction_filler,False,False,http://purl.obolibrary.org/obo/CL_0000738,leukocyte,False,,,,,True
http://purl.obolibrary.org/obo/HP_0410254,Cyclic neutropenia in myeloid maturation arrest in bone marrow,inherited,http://purl.obolibrary.org/obo/HP_0011893,Abnormal leukocyte count,equivalentClass,characteristic of,has part some > characteristic of some,restriction_filler,False,False,http://purl.obolibrary.org/obo/CL_0000738,leukocyte,False,,,,,True
http://purl.obolibrary.org/obo/HP_0410254,Cyclic neutropenia in myeloid maturation arrest in bone marrow,inherited,http://purl.obolibrary.org/obo/HP_0010974,Abnormal myeloid leukocyte morphology,equivalentClass,characteristic of,has part some > characteristic of some,restriction_filler,False,False,http://purl.obolibrary.org/obo/CL_0000766,myeloid leukocyte,False,,,,,True
http://purl.obolibrary.org/obo/HP_0410254,Cyclic neutropenia in myeloid maturation arrest in bone marrow,inherited,http://purl.obolibrary.org/obo/HP_0001874,Abnormality of neutrophils,equivalentClass,characteristic of part of,has part some > characteristic of part of some,restriction_filler,False,False,http://purl.obolibrary.org/obo/CL_0000775,neutrophil,False,,,,,True
http://purl.obolibrary.org/obo/HP_0410254,Cyclic neutropenia in myeloid maturation arrest in bone marrow,inherited,http://purl.obolibrary.org/obo/HP_0001875,Decreased total neutrophil count,equivalentClass,characteristic of,has part some > characteristic of some,restriction_filler,False,False,http://purl.obolibrary.org/obo/CL_0000775,neutrophil,False,,,,,True
http://purl.obolibrary.org/obo/HP_0410255,Transiently decreased total neutrophil count,inherited,http://purl.obolibrary.org/obo/HP_0001911,Abnormal granulocyte morphology,equivalentClass,characteristic of part of,has part some > characteristic of part of some,restriction_filler,False,False,http://purl.obolibrary.org/obo/CL_0000094,granulocyte,False,,,,,True
http://purl.obolibrary.org/obo/HP_0410255,Transiently decreased total neutrophil count,inherited,http://purl.obolibrary.org/obo/HP_0001881,Abnormal leukocyte morphology,equivalentClass,characteristic of part of,has part some > characteristic of part of some,restriction_filler,False,False,http://purl.obolibrary.org/obo/CL_0000738,leukocyte,False,,,,,True
http://purl.obolibrary.org/obo/HP_0410255,Transiently decreased total neutrophil count,inherited,http://purl.obolibrary.org/obo/HP_0011893,Abnormal leukocyte count,equivalentClass,characteristic of,has part some > characteristic of some,restriction_filler,False,False,http://purl.obolibrary.org/obo/CL_0000738,leukocyte,False,,,,,True
http://purl.obolibrary.org/obo/HP_0410255,Transiently decreased total neutrophil count,inherited,http://purl.obolibrary.org/obo/HP_0010974,Abnormal myeloid leukocyte morphology,equivalentClass,characteristic of,has part some > characteristic of some,restriction_filler,False,False,http://purl.obolibrary.org/obo/CL_0000766,myeloid leukocyte,False,,,,,True
http://purl.obolibrary.org/obo/HP_0410255,Transiently decreased total neutrophil count,inherited,http://purl.obolibrary.org/obo/HP_0001874,Abnormality of neutrophils,equivalentClass,characteristic of part of,has part some > characteristic of part of some,restriction_filler,False,False,http://purl.obolibrary.org/obo/CL_0000775,neutrophil,False,,,,,True
http://purl.obolibrary.org/obo/HP_0410255,Transiently decreased total neutrophil count,inherited,http://purl.obolibrary.org/obo/HP_0001875,Decreased total neutrophil count,equivalentClass,characteristic of,has part some > characteristic of some,restriction_filler,False,False,http://purl.obolibrary.org/obo/CL_0000775,neutrophil,False,,,,,True
http://purl.obolibrary.org/obo/HP_0410256,Infection associated neutropenia,inherited,http://purl.obolibrary.org/obo/HP_0001911,Abnormal granulocyte morphology,equivalentClass,characteristic of part of,has part some > characteristic of part of some,restriction_filler,False,False,http://purl.obolibrary.org/obo/CL_0000094,granulocyte,False,,,,,True
http://purl.obolibrary.org/obo/HP_0410256,Infection associated neutropenia,inherited,http://purl.obolibrary.org/obo/HP_0001881,Abnormal leukocyte morphology,equivalentClass,characteristic of part of,has part some > characteristic of part of some,restriction_filler,False,False,http://purl.obolibrary.org/obo/CL_0000738,leukocyte,False,,,,,True
http://purl.obolibrary.org/obo/HP_0410256,Infection associated neutropenia,inherited,http://purl.obolibrary.org/obo/HP_0011893,Abnormal leukocyte count,equivalentClass,characteristic of,has part some > characteristic of some,restriction_filler,False,False,http://purl.obolibrary.org/obo/CL_0000738,leukocyte,False,,,,,True
http://purl.obolibrary.org/obo/HP_0410256,Infection associated neutropenia,inherited,http://purl.obolibrary.org/obo/HP_0010974,Abnormal myeloid leukocyte morphology,equivalentClass,characteristic of,has part some > characteristic of some,restriction_filler,False,False,http://purl.obolibrary.org/obo/CL_0000766,myeloid leukocyte,False,,,,,True
http://purl.obolibrary.org/obo/HP_0410256,Infection associated neutropenia,inherited,http://purl.obolibrary.org/obo/HP_0001874,Abnormality of neutrophils,equivalentClass,characteristic of part of,has part some > characteristic of part of some,restriction_filler,False,False,http://purl.obolibrary.org/obo/CL_0000775,neutrophil,False,,,,,True
http://purl.obolibrary.org/obo/HP_0410256,Infection associated neutropenia,inherited,http://purl.obolibrary.org/obo/HP_0001875,Decreased total neutrophil count,equivalentClass,characteristic of,has part some > characteristic of some,restriction_filler,False,False,http://purl.obolibrary.org/obo/CL_0000775,neutrophil,False,,,,,True
http://purl.obolibrary.org/obo/HP_0410257,Neutrophilia in presence of infection,inherited,http://purl.obolibrary.org/obo/HP_0001911,Abnormal granulocyte morphology,equivalentClass,characteristic of part of,has part some > characteristic of part of some,restriction_filler,False,False,http://purl.obolibrary.org/obo/CL_0000094,granulocyte,False,,,,,True
http://purl.obolibrary.org/obo/HP_0410257,Neutrophilia in presence of infection,inherited,http://purl.obolibrary.org/obo/HP_0001881,Abnormal leukocyte morphology,equivalentClass,characteristic of part of,has part some > characteristic of part of some,restriction_filler,False,False,http://purl.obolibrary.org/obo/CL_0000738,leukocyte,False,,,,,True
http://purl.obolibrary.org/obo/HP_0410257,Neutrophilia in presence of infection,inherited,http://purl.obolibrary.org/obo/HP_0011893,Abnormal leukocyte count,equivalentClass,characteristic of,has part some > characteristic of some,restriction_filler,False,False,http://purl.obolibrary.org/obo/CL_0000738,leukocyte,False,,,,,True
http://purl.obolibrary.org/obo/HP_0410257,Neutrophilia in presence of infection,inherited,http://purl.obolibrary.org/obo/HP_0010974,Abnormal myeloid leukocyte morphology,equivalentClass,characteristic of,has part some > characteristic of some,restriction_filler,False,False,http://purl.obolibrary.org/obo/CL_0000766,myeloid leukocyte,False,,,,,True
http://purl.obolibrary.org/obo/HP_0410257,Neutrophilia in presence of infection,inherited,http://purl.obolibrary.org/obo/HP_0001874,Abnormality of neutrophils,equivalentClass,characteristic of part of,has part some > characteristic of part of some,restriction_filler,False,False,http://purl.obolibrary.org/obo/CL_0000775,neutrophil,False,,,,,True
http://purl.obolibrary.org/obo/HP_0410257,Neutrophilia in presence of infection,inherited,http://purl.obolibrary.org/obo/HP_0011991,Abnormal total neutrophil count,equivalentClass,characteristic of,has part some > characteristic of some,restriction_filler,False,False,http://purl.obolibrary.org/obo/CL_0000775,neutrophil,False,,,,,True
http://purl.obolibrary.org/obo/HP_0410258,Neutrophilia in absence of infection,inherited,http://purl.obolibrary.org/obo/HP_0001911,Abnormal granulocyte morphology,equivalentClass,characteristic of part of,has part some > characteristic of part of some,restriction_filler,False,False,http://purl.obolibrary.org/obo/CL_0000094,granulocyte,False,,,,,True
http://purl.obolibrary.org/obo/HP_0410258,Neutrophilia in absence of infection,inherited,http://purl.obolibrary.org/obo/HP_0001881,Abnormal leukocyte morphology,equivalentClass,characteristic of part of,has part some > characteristic of part of some,restriction_filler,False,False,http://purl.obolibrary.org/obo/CL_0000738,leukocyte,False,,,,,True
http://purl.obolibrary.org/obo/HP_0410258,Neutrophilia in absence of infection,inherited,http://purl.obolibrary.org/obo/HP_0011893,Abnormal leukocyte count,equivalentClass,characteristic of,has part some > characteristic of some,restriction_filler,False,False,http://purl.obolibrary.org/obo/CL_0000738,leukocyte,False,,,,,True
http://purl.obolibrary.org/obo/HP_0410258,Neutrophilia in absence of infection,inherited,http://purl.obolibrary.org/obo/HP_0010974,Abnormal myeloid leukocyte morphology,equivalentClass,characteristic of,has part some > characteristic of some,restriction_filler,False,False,http://purl.obolibrary.org/obo/CL_0000766,myeloid leukocyte,False,,,,,True
http://purl.obolibrary.org/obo/HP_0410258,Neutrophilia in absence of infection,inherited,http://purl.obolibrary.org/obo/HP_0001874,Abnormality of neutrophils,equivalentClass,characteristic of part of,has part some > characteristic of part of some,restriction_filler,False,False,http://purl.obolibrary.org/obo/CL_0000775,neutrophil,False,,,,,True
http://purl.obolibrary.org/obo/HP_0410258,Neutrophilia in absence of infection,inherited,http://purl.obolibrary.org/obo/HP_0011991,Abnormal total neutrophil count,equivalentClass,characteristic of,has part some > characteristic of some,restriction_filler,False,False,http://purl.obolibrary.org/obo/CL_0000775,neutrophil,False,,,,,True
http://purl.obolibrary.org/obo/HP_0410310,Abnormality of neutrophil morphology in CSF,direct,http://purl.obolibrary.org/obo/HP_0410310,Abnormality of neutrophil morphology in CSF,equivalentClass,characteristic of part of,has part some > characteristic of part of some,intersection_operand,False,False,http://purl.obolibrary.org/obo/CL_0000775,neutrophil,False,,,,,True
http://purl.obolibrary.org/obo/HP_0410311,Hyposegmentation of neutrophil nuclei in CSF,inherited,http://purl.obolibrary.org/obo/HP_0410310,Abnormality of neutrophil morphology in CSF,equivalentClass,characteristic of part of,has part some > characteristic of part of some,intersection_operand,False,False,http://purl.obolibrary.org/obo/CL_0000775,neutrophil,False,,,,,True
http://purl.obolibrary.org/obo/HP_0410312,Hypersegmentation of neutrophil nuclei in CSF,inherited,http://purl.obolibrary.org/obo/HP_0410310,Abnormality of neutrophil morphology in CSF,equivalentClass,characteristic of part of,has part some > characteristic of part of some,intersection_operand,False,False,http://purl.obolibrary.org/obo/CL_0000775,neutrophil,False,,,,,True
http://purl.obolibrary.org/obo/HP_0410373,Abnormal naive CD4+ T cell proportion,direct,http://purl.obolibrary.org/obo/HP_0410373,Abnormal naive CD4+ T cell proportion,equivalentClass,towards,has part some > towards some,restriction_filler,False,False,http://purl.obolibrary.org/obo/CL_0000084,T cell,False,,,,,True
http://purl.obolibrary.org/obo/HP_0410373,Abnormal naive CD4+ T cell proportion,direct,http://purl.obolibrary.org/obo/HP_0410373,Abnormal naive CD4+ T cell proportion,equivalentClass,characteristic of,has part some > characteristic of some,intersection_operand,False,False,http://purl.obolibrary.org/obo/CL_0000895,"naive thymus-derived CD4-positive, alpha-beta T cell",False,,,,,True
http://purl.obolibrary.org/obo/HP_0410373,Abnormal naive CD4+ T cell proportion,inherited,http://purl.obolibrary.org/obo/HP_0002843,Abnormal T cell morphology,equivalentClass,characteristic of,has part some > characteristic of some,restriction_filler,False,False,http://purl.obolibrary.org/obo/CL_0000084,T cell,False,,,,,True
http://purl.obolibrary.org/obo/HP_0410373,Abnormal naive CD4+ T cell proportion,inherited,http://purl.obolibrary.org/obo/HP_0004332,Abnormal lymphocyte morphology,equivalentClass,characteristic of part of,has part some > characteristic of part of some,restriction_filler,False,False,http://purl.obolibrary.org/obo/CL_0000542,lymphocyte,False,,,,,True
http://purl.obolibrary.org/obo/HP_0410373,Abnormal naive CD4+ T cell proportion,inherited,http://purl.obolibrary.org/obo/HP_0031392,Abnormal CD4+ T cell subset proportion,equivalentClass,characteristic of,has part some > characteristic of some,intersection_operand,False,False,http://purl.obolibrary.org/obo/CL_0000624,"CD4-positive, alpha-beta T cell",False,,,,,True
http://purl.obolibrary.org/obo/HP_0410373,Abnormal naive CD4+ T cell proportion,inherited,http://purl.obolibrary.org/obo/HP_0001881,Abnormal leukocyte morphology,equivalentClass,characteristic of part of,has part some > characteristic of part of some,restriction_filler,False,False,http://purl.obolibrary.org/obo/CL_0000738,leukocyte,False,,,,,True
http://purl.obolibrary.org/obo/HP_0410373,Abnormal naive CD4+ T cell proportion,inherited,http://purl.obolibrary.org/obo/HP_0031396,Abnormal naive T cell proportion,equivalentClass,characteristic of,has part some > characteristic of some,intersection_operand,False,False,http://purl.obolibrary.org/obo/CL_0000898,naive T cell,False,,,,,True
http://purl.obolibrary.org/obo/HP_0410374,Abnormal naive CD8+ T cell proportion,inherited,http://purl.obolibrary.org/obo/HP_0002843,Abnormal T cell morphology,equivalentClass,characteristic of,has part some > characteristic of some,restriction_filler,False,False,http://purl.obolibrary.org/obo/CL_0000084,T cell,False,,,,,True
http://purl.obolibrary.org/obo/HP_0410374,Abnormal naive CD8+ T cell proportion,inherited,http://purl.obolibrary.org/obo/HP_0031396,Abnormal naive T cell proportion,equivalentClass,towards,has part some > towards some,restriction_filler,False,False,http://purl.obolibrary.org/obo/CL_0000084,T cell,False,,,,,True
http://purl.obolibrary.org/obo/HP_0410374,Abnormal naive CD8+ T cell proportion,inherited,http://purl.obolibrary.org/obo/HP_0004332,Abnormal lymphocyte morphology,equivalentClass,characteristic of part of,has part some > characteristic of part of some,restriction_filler,False,False,http://purl.obolibrary.org/obo/CL_0000542,lymphocyte,False,,,,,True
http://purl.obolibrary.org/obo/HP_0410374,Abnormal naive CD8+ T cell proportion,inherited,http://purl.obolibrary.org/obo/HP_0001881,Abnormal leukocyte morphology,equivalentClass,characteristic of part of,has part some > characteristic of part of some,restriction_filler,False,False,http://purl.obolibrary.org/obo/CL_0000738,leukocyte,False,,,,,True
http://purl.obolibrary.org/obo/HP_0410374,Abnormal naive CD8+ T cell proportion,inherited,http://purl.obolibrary.org/obo/HP_0031396,Abnormal naive T cell proportion,equivalentClass,characteristic of,has part some > characteristic of some,intersection_operand,False,False,http://purl.obolibrary.org/obo/CL_0000898,naive T cell,False,,,,,True
http://purl.obolibrary.org/obo/HP_0410375,Increased naive CD4+ T cell proportion,direct,http://purl.obolibrary.org/obo/HP_0410375,Increased naive CD4+ T cell proportion,equivalentClass,towards,has part some > towards some,restriction_filler,False,False,http://purl.obolibrary.org/obo/CL_0000084,T cell,False,,,,,True
http://purl.obolibrary.org/obo/HP_0410375,Increased naive CD4+ T cell proportion,direct,http://purl.obolibrary.org/obo/HP_0410375,Increased naive CD4+ T cell proportion,equivalentClass,characteristic of,has part some > characteristic of some,intersection_operand,False,False,http://purl.obolibrary.org/obo/CL_0000895,"naive thymus-derived CD4-positive, alpha-beta T cell",False,,,,,True
http://purl.obolibrary.org/obo/HP_0410375,Increased naive CD4+ T cell proportion,inherited,http://purl.obolibrary.org/obo/HP_0002843,Abnormal T cell morphology,equivalentClass,characteristic of,has part some > characteristic of some,restriction_filler,False,False,http://purl.obolibrary.org/obo/CL_0000084,T cell,False,,,,,True
http://purl.obolibrary.org/obo/HP_0410375,Increased naive CD4+ T cell proportion,inherited,http://purl.obolibrary.org/obo/HP_0004332,Abnormal lymphocyte morphology,equivalentClass,characteristic of part of,has part some > characteristic of part of some,restriction_filler,False,False,http://purl.obolibrary.org/obo/CL_0000542,lymphocyte,False,,,,,True
http://purl.obolibrary.org/obo/HP_0410375,Increased naive CD4+ T cell proportion,inherited,http://purl.obolibrary.org/obo/HP_0031392,Abnormal CD4+ T cell subset proportion,equivalentClass,characteristic of,has part some > characteristic of some,intersection_operand,False,False,http://purl.obolibrary.org/obo/CL_0000624,"CD4-positive, alpha-beta T cell",False,,,,,True
http://purl.obolibrary.org/obo/HP_0410375,Increased naive CD4+ T cell proportion,inherited,http://purl.obolibrary.org/obo/HP_0001881,Abnormal leukocyte morphology,equivalentClass,characteristic of part of,has part some > characteristic of part of some,restriction_filler,False,False,http://purl.obolibrary.org/obo/CL_0000738,leukocyte,False,,,,,True
http://purl.obolibrary.org/obo/HP_0410375,Increased naive CD4+ T cell proportion,inherited,http://purl.obolibrary.org/obo/HP_0031396,Abnormal naive T cell proportion,equivalentClass,characteristic of,has part some > characteristic of some,intersection_operand,False,False,http://purl.obolibrary.org/obo/CL_0000898,naive T cell,False,,,,,True
http://purl.obolibrary.org/obo/HP_0410376,Increased naive CD8+ T cell proportion,inherited,http://purl.obolibrary.org/obo/HP_0002843,Abnormal T cell morphology,equivalentClass,characteristic of,has part some > characteristic of some,restriction_filler,False,False,http://purl.obolibrary.org/obo/CL_0000084,T cell,False,,,,,True
http://purl.obolibrary.org/obo/HP_0410376,Increased naive CD8+ T cell proportion,inherited,http://purl.obolibrary.org/obo/HP_0031396,Abnormal naive T cell proportion,equivalentClass,towards,has part some > towards some,restriction_filler,False,False,http://purl.obolibrary.org/obo/CL_0000084,T cell,False,,,,,True
http://purl.obolibrary.org/obo/HP_0410376,Increased naive CD8+ T cell proportion,inherited,http://purl.obolibrary.org/obo/HP_0004332,Abnormal lymphocyte morphology,equivalentClass,characteristic of part of,has part some > characteristic of part of some,restriction_filler,False,False,http://purl.obolibrary.org/obo/CL_0000542,lymphocyte,False,,,,,True
http://purl.obolibrary.org/obo/HP_0410376,Increased naive CD8+ T cell proportion,inherited,http://purl.obolibrary.org/obo/HP_0001881,Abnormal leukocyte morphology,equivalentClass,characteristic of part of,has part some > characteristic of part of some,restriction_filler,False,False,http://purl.obolibrary.org/obo/CL_0000738,leukocyte,False,,,,,True
http://purl.obolibrary.org/obo/HP_0410376,Increased naive CD8+ T cell proportion,inherited,http://purl.obolibrary.org/obo/HP_0031396,Abnormal naive T cell proportion,equivalentClass,characteristic of,has part some > characteristic of some,intersection_operand,False,False,http://purl.obolibrary.org/obo/CL_0000898,naive T cell,False,,,,,True
http://purl.obolibrary.org/obo/HP_0410377,Decreased naive CD8+ T cell proportion,inherited,http://purl.obolibrary.org/obo/HP_0002843,Abnormal T cell morphology,equivalentClass,characteristic of,has part some > characteristic of some,restriction_filler,False,False,http://purl.obolibrary.org/obo/CL_0000084,T cell,False,,,,,True
http://purl.obolibrary.org/obo/HP_0410377,Decreased naive CD8+ T cell proportion,inherited,http://purl.obolibrary.org/obo/HP_0031396,Abnormal naive T cell proportion,equivalentClass,towards,has part some > towards some,restriction_filler,False,False,http://purl.obolibrary.org/obo/CL_0000084,T cell,False,,,,,True
http://purl.obolibrary.org/obo/HP_0410377,Decreased naive CD8+ T cell proportion,inherited,http://purl.obolibrary.org/obo/HP_0004332,Abnormal lymphocyte morphology,equivalentClass,characteristic of part of,has part some > characteristic of part of some,restriction_filler,False,False,http://purl.obolibrary.org/obo/CL_0000542,lymphocyte,False,,,,,True
http://purl.obolibrary.org/obo/HP_0410377,Decreased naive CD8+ T cell proportion,inherited,http://purl.obolibrary.org/obo/HP_0001881,Abnormal leukocyte morphology,equivalentClass,characteristic of part of,has part some > characteristic of part of some,restriction_filler,False,False,http://purl.obolibrary.org/obo/CL_0000738,leukocyte,False,,,,,True
http://purl.obolibrary.org/obo/HP_0410377,Decreased naive CD8+ T cell proportion,inherited,http://purl.obolibrary.org/obo/HP_0031396,Abnormal naive T cell proportion,equivalentClass,characteristic of,has part some > characteristic of some,intersection_operand,False,False,http://purl.obolibrary.org/obo/CL_0000898,naive T cell,False,,,,,True
http://purl.obolibrary.org/obo/HP_0410378,Decreased naive CD4+ T cell proportion,direct,http://purl.obolibrary.org/obo/HP_0410378,Decreased naive CD4+ T cell proportion,equivalentClass,towards,has part some > towards some,restriction_filler,False,False,http://purl.obolibrary.org/obo/CL_0000084,T cell,False,,,,,True
http://purl.obolibrary.org/obo/HP_0410378,Decreased naive CD4+ T cell proportion,direct,http://purl.obolibrary.org/obo/HP_0410378,Decreased naive CD4+ T cell proportion,equivalentClass,characteristic of,has part some > characteristic of some,intersection_operand,False,False,http://purl.obolibrary.org/obo/CL_0000895,"naive thymus-derived CD4-positive, alpha-beta T cell",False,,,,,True
http://purl.obolibrary.org/obo/HP_0410378,Decreased naive CD4+ T cell proportion,inherited,http://purl.obolibrary.org/obo/HP_0002843,Abnormal T cell morphology,equivalentClass,characteristic of,has part some > characteristic of some,restriction_filler,False,False,http://purl.obolibrary.org/obo/CL_0000084,T cell,False,,,,,True
http://purl.obolibrary.org/obo/HP_0410378,Decreased naive CD4+ T cell proportion,inherited,http://purl.obolibrary.org/obo/HP_0004332,Abnormal lymphocyte morphology,equivalentClass,characteristic of part of,has part some > characteristic of part of some,restriction_filler,False,False,http://purl.obolibrary.org/obo/CL_0000542,lymphocyte,False,,,,,True
http://purl.obolibrary.org/obo/HP_0410378,Decreased naive CD4+ T cell proportion,inherited,http://purl.obolibrary.org/obo/HP_0031392,Abnormal CD4+ T cell subset proportion,equivalentClass,characteristic of,has part some > characteristic of some,intersection_operand,False,False,http://purl.obolibrary.org/obo/CL_0000624,"CD4-positive, alpha-beta T cell",False,,,,,True
http://purl.obolibrary.org/obo/HP_0410378,Decreased naive CD4+ T cell proportion,inherited,http://purl.obolibrary.org/obo/HP_0001881,Abnormal leukocyte morphology,equivalentClass,characteristic of part of,has part some > characteristic of part of some,restriction_filler,False,False,http://purl.obolibrary.org/obo/CL_0000738,leukocyte,False,,,,,True
http://purl.obolibrary.org/obo/HP_0410378,Decreased naive CD4+ T cell proportion,inherited,http://purl.obolibrary.org/obo/HP_0031396,Abnormal naive T cell proportion,equivalentClass,characteristic of,has part some > characteristic of some,intersection_operand,False,False,http://purl.obolibrary.org/obo/CL_0000898,naive T cell,False,,,,,True
http://purl.obolibrary.org/obo/HP_0410379,Abnormal memory CD4+ T cell proportion,direct,http://purl.obolibrary.org/obo/HP_0410379,Abnormal memory CD4+ T cell proportion,equivalentClass,towards,has part some > towards some,restriction_filler,False,False,http://purl.obolibrary.org/obo/CL_0000084,T cell,False,,,,,True
http://purl.obolibrary.org/obo/HP_0410379,Abnormal memory CD4+ T cell proportion,direct,http://purl.obolibrary.org/obo/HP_0410379,Abnormal memory CD4+ T cell proportion,equivalentClass,characteristic of,has part some > characteristic of some,intersection_operand,False,False,http://purl.obolibrary.org/obo/CL_0000897,"CD4-positive, alpha-beta memory T cell",False,,,,,True
http://purl.obolibrary.org/obo/HP_0410379,Abnormal memory CD4+ T cell proportion,inherited,http://purl.obolibrary.org/obo/HP_0002843,Abnormal T cell morphology,equivalentClass,characteristic of,has part some > characteristic of some,restriction_filler,False,False,http://purl.obolibrary.org/obo/CL_0000084,T cell,False,,,,,True
http://purl.obolibrary.org/obo/HP_0410379,Abnormal memory CD4+ T cell proportion,inherited,http://purl.obolibrary.org/obo/HP_0004332,Abnormal lymphocyte morphology,equivalentClass,characteristic of part of,has part some > characteristic of part of some,restriction_filler,False,False,http://purl.obolibrary.org/obo/CL_0000542,lymphocyte,False,,,,,True
http://purl.obolibrary.org/obo/HP_0410379,Abnormal memory CD4+ T cell proportion,inherited,http://purl.obolibrary.org/obo/HP_0031392,Abnormal CD4+ T cell subset proportion,equivalentClass,characteristic of,has part some > characteristic of some,intersection_operand,False,False,http://purl.obolibrary.org/obo/CL_0000624,"CD4-positive, alpha-beta T cell",False,,,,,True
http://purl.obolibrary.org/obo/HP_0410379,Abnormal memory CD4+ T cell proportion,inherited,http://purl.obolibrary.org/obo/HP_0001881,Abnormal leukocyte morphology,equivalentClass,characteristic of part of,has part some > characteristic of part of some,restriction_filler,False,False,http://purl.obolibrary.org/obo/CL_0000738,leukocyte,False,,,,,True
http://purl.obolibrary.org/obo/HP_0410379,Abnormal memory CD4+ T cell proportion,inherited,http://purl.obolibrary.org/obo/HP_0032182,Abnormal memory T cell proportion,equivalentClass,characteristic of,has part some > characteristic of some,intersection_operand,False,False,http://purl.obolibrary.org/obo/CL_0000813,memory T cell,False,,,,,True
http://purl.obolibrary.org/obo/HP_0410380,Abnormal memory CD8+ T cell proportion,direct,http://purl.obolibrary.org/obo/HP_0410380,Abnormal memory CD8+ T cell proportion,equivalentClass,towards,has part some > towards some,restriction_filler,False,False,http://purl.obolibrary.org/obo/CL_0000084,T cell,False,,,,,True
http://purl.obolibrary.org/obo/HP_0410380,Abnormal memory CD8+ T cell proportion,direct,http://purl.obolibrary.org/obo/HP_0410380,Abnormal memory CD8+ T cell proportion,equivalentClass,characteristic of,has part some > characteristic of some,intersection_operand,False,False,http://purl.obolibrary.org/obo/CL_0000909,"CD8-positive, alpha-beta memory T cell",False,,,,,True
http://purl.obolibrary.org/obo/HP_0410380,Abnormal memory CD8+ T cell proportion,inherited,http://purl.obolibrary.org/obo/HP_0002843,Abnormal T cell morphology,equivalentClass,characteristic of,has part some > characteristic of some,restriction_filler,False,False,http://purl.obolibrary.org/obo/CL_0000084,T cell,False,,,,,True
http://purl.obolibrary.org/obo/HP_0410380,Abnormal memory CD8+ T cell proportion,inherited,http://purl.obolibrary.org/obo/HP_0004332,Abnormal lymphocyte morphology,equivalentClass,characteristic of part of,has part some > characteristic of part of some,restriction_filler,False,False,http://purl.obolibrary.org/obo/CL_0000542,lymphocyte,False,,,,,True
http://purl.obolibrary.org/obo/HP_0410380,Abnormal memory CD8+ T cell proportion,inherited,http://purl.obolibrary.org/obo/HP_0001881,Abnormal leukocyte morphology,equivalentClass,characteristic of part of,has part some > characteristic of part of some,restriction_filler,False,False,http://purl.obolibrary.org/obo/CL_0000738,leukocyte,False,,,,,True
http://purl.obolibrary.org/obo/HP_0410380,Abnormal memory CD8+ T cell proportion,inherited,http://purl.obolibrary.org/obo/HP_0032182,Abnormal memory T cell proportion,equivalentClass,characteristic of,has part some > characteristic of some,intersection_operand,False,False,http://purl.obolibrary.org/obo/CL_0000813,memory T cell,False,,,,,True
http://purl.obolibrary.org/obo/HP_0410383,Abnormal effector memory CD8+ T cell proportion,direct,http://purl.obolibrary.org/obo/HP_0410383,Abnormal effector memory CD8+ T cell proportion,equivalentClass,towards,has part some > towards some,restriction_filler,False,False,http://purl.obolibrary.org/obo/CL_0000084,T cell,False,,,,,True
http://purl.obolibrary.org/obo/HP_0410383,Abnormal effector memory CD8+ T cell proportion,direct,http://purl.obolibrary.org/obo/HP_0410383,Abnormal effector memory CD8+ T cell proportion,equivalentClass,characteristic of,has part some > characteristic of some,intersection_operand,False,False,http://purl.obolibrary.org/obo/CL_0000913,"effector memory CD8-positive, alpha-beta T cell",False,,,,,True
http://purl.obolibrary.org/obo/HP_0410383,Abnormal effector memory CD8+ T cell proportion,inherited,http://purl.obolibrary.org/obo/HP_0002843,Abnormal T cell morphology,equivalentClass,characteristic of,has part some > characteristic of some,restriction_filler,False,False,http://purl.obolibrary.org/obo/CL_0000084,T cell,False,,,,,True
http://purl.obolibrary.org/obo/HP_0410383,Abnormal effector memory CD8+ T cell proportion,inherited,http://purl.obolibrary.org/obo/HP_0004332,Abnormal lymphocyte morphology,equivalentClass,characteristic of part of,has part some > characteristic of part of some,restriction_filler,False,False,http://purl.obolibrary.org/obo/CL_0000542,lymphocyte,False,,,,,True
http://purl.obolibrary.org/obo/HP_0410383,Abnormal effector memory CD8+ T cell proportion,inherited,http://purl.obolibrary.org/obo/HP_0001881,Abnormal leukocyte morphology,equivalentClass,characteristic of part of,has part some > characteristic of part of some,restriction_filler,False,False,http://purl.obolibrary.org/obo/CL_0000738,leukocyte,False,,,,,True
http://purl.obolibrary.org/obo/HP_0410383,Abnormal effector memory CD8+ T cell proportion,inherited,http://purl.obolibrary.org/obo/HP_0032182,Abnormal memory T cell proportion,equivalentClass,characteristic of,has part some > characteristic of some,intersection_operand,False,False,http://purl.obolibrary.org/obo/CL_0000813,memory T cell,False,,,,,True
http://purl.obolibrary.org/obo/HP_0410383,Abnormal effector memory CD8+ T cell proportion,inherited,http://purl.obolibrary.org/obo/HP_0410380,Abnormal memory CD8+ T cell proportion,equivalentClass,characteristic of,has part some > characteristic of some,intersection_operand,False,False,http://purl.obolibrary.org/obo/CL_0000909,"CD8-positive, alpha-beta memory T cell",False,,,,,True
http://purl.obolibrary.org/obo/HP_0410384,Abnormal central memory CD8+ T cell proportion,direct,http://purl.obolibrary.org/obo/HP_0410384,Abnormal central memory CD8+ T cell proportion,equivalentClass,towards,has part some > towards some,restriction_filler,False,False,http://purl.obolibrary.org/obo/CL_0000084,T cell,False,,,,,True
http://purl.obolibrary.org/obo/HP_0410384,Abnormal central memory CD8+ T cell proportion,direct,http://purl.obolibrary.org/obo/HP_0410384,Abnormal central memory CD8+ T cell proportion,equivalentClass,characteristic of,has part some > characteristic of some,intersection_operand,False,False,http://purl.obolibrary.org/obo/CL_0000907,"central memory CD8-positive, alpha-beta T cell",False,,,,,True
http://purl.obolibrary.org/obo/HP_0410384,Abnormal central memory CD8+ T cell proportion,inherited,http://purl.obolibrary.org/obo/HP_0002843,Abnormal T cell morphology,equivalentClass,characteristic of,has part some > characteristic of some,restriction_filler,False,False,http://purl.obolibrary.org/obo/CL_0000084,T cell,False,,,,,True
http://purl.obolibrary.org/obo/HP_0410384,Abnormal central memory CD8+ T cell proportion,inherited,http://purl.obolibrary.org/obo/HP_0004332,Abnormal lymphocyte morphology,equivalentClass,characteristic of part of,has part some > characteristic of part of some,restriction_filler,False,False,http://purl.obolibrary.org/obo/CL_0000542,lymphocyte,False,,,,,True
http://purl.obolibrary.org/obo/HP_0410384,Abnormal central memory CD8+ T cell proportion,inherited,http://purl.obolibrary.org/obo/HP_0001881,Abnormal leukocyte morphology,equivalentClass,characteristic of part of,has part some > characteristic of part of some,restriction_filler,False,False,http://purl.obolibrary.org/obo/CL_0000738,leukocyte,False,,,,,True
http://purl.obolibrary.org/obo/HP_0410384,Abnormal central memory CD8+ T cell proportion,inherited,http://purl.obolibrary.org/obo/HP_0032182,Abnormal memory T cell proportion,equivalentClass,characteristic of,has part some > characteristic of some,intersection_operand,False,False,http://purl.obolibrary.org/obo/CL_0000813,memory T cell,False,,,,,True
http://purl.obolibrary.org/obo/HP_0410384,Abnormal central memory CD8+ T cell proportion,inherited,http://purl.obolibrary.org/obo/HP_0410380,Abnormal memory CD8+ T cell proportion,equivalentClass,characteristic of,has part some > characteristic of some,intersection_operand,False,False,http://purl.obolibrary.org/obo/CL_0000909,"CD8-positive, alpha-beta memory T cell",False,,,,,True
http://purl.obolibrary.org/obo/HP_0410385,Decreased memory CD8+ T cell proportion,direct,http://purl.obolibrary.org/obo/HP_0410385,Decreased memory CD8+ T cell proportion,equivalentClass,towards,has part some > towards some,restriction_filler,False,False,http://purl.obolibrary.org/obo/CL_0000084,T cell,False,,,,,True
http://purl.obolibrary.org/obo/HP_0410385,Decreased memory CD8+ T cell proportion,direct,http://purl.obolibrary.org/obo/HP_0410385,Decreased memory CD8+ T cell proportion,equivalentClass,characteristic of,has part some > characteristic of some,intersection_operand,False,False,http://purl.obolibrary.org/obo/CL_0000909,"CD8-positive, alpha-beta memory T cell",False,,,,,True
http://purl.obolibrary.org/obo/HP_0410385,Decreased memory CD8+ T cell proportion,inherited,http://purl.obolibrary.org/obo/HP_0002843,Abnormal T cell morphology,equivalentClass,characteristic of,has part some > characteristic of some,restriction_filler,False,False,http://purl.obolibrary.org/obo/CL_0000084,T cell,False,,,,,True
http://purl.obolibrary.org/obo/HP_0410385,Decreased memory CD8+ T cell proportion,inherited,http://purl.obolibrary.org/obo/HP_0004332,Abnormal lymphocyte morphology,equivalentClass,characteristic of part of,has part some > characteristic of part of some,restriction_filler,False,False,http://purl.obolibrary.org/obo/CL_0000542,lymphocyte,False,,,,,True
http://purl.obolibrary.org/obo/HP_0410385,Decreased memory CD8+ T cell proportion,inherited,http://purl.obolibrary.org/obo/HP_0001881,Abnormal leukocyte morphology,equivalentClass,characteristic of part of,has part some > characteristic of part of some,restriction_filler,False,False,http://purl.obolibrary.org/obo/CL_0000738,leukocyte,False,,,,,True
http://purl.obolibrary.org/obo/HP_0410385,Decreased memory CD8+ T cell proportion,inherited,http://purl.obolibrary.org/obo/HP_0032182,Abnormal memory T cell proportion,equivalentClass,characteristic of,has part some > characteristic of some,intersection_operand,False,False,http://purl.obolibrary.org/obo/CL_0000813,memory T cell,False,,,,,True
http://purl.obolibrary.org/obo/HP_0410386,Decreased CD4+ memory T cell proportion,direct,http://purl.obolibrary.org/obo/HP_0410386,Decreased CD4+ memory T cell proportion,equivalentClass,towards,has part some > towards some,restriction_filler,False,False,http://purl.obolibrary.org/obo/CL_0000084,T cell,False,,,,,True
http://purl.obolibrary.org/obo/HP_0410386,Decreased CD4+ memory T cell proportion,direct,http://purl.obolibrary.org/obo/HP_0410386,Decreased CD4+ memory T cell proportion,equivalentClass,characteristic of,has part some > characteristic of some,intersection_operand,False,False,http://purl.obolibrary.org/obo/CL_0000897,"CD4-positive, alpha-beta memory T cell",False,,,,,True
http://purl.obolibrary.org/obo/HP_0410386,Decreased CD4+ memory T cell proportion,inherited,http://purl.obolibrary.org/obo/HP_0002843,Abnormal T cell morphology,equivalentClass,characteristic of,has part some > characteristic of some,restriction_filler,False,False,http://purl.obolibrary.org/obo/CL_0000084,T cell,False,,,,,True
http://purl.obolibrary.org/obo/HP_0410386,Decreased CD4+ memory T cell proportion,inherited,http://purl.obolibrary.org/obo/HP_0004332,Abnormal lymphocyte morphology,equivalentClass,characteristic of part of,has part some > characteristic of part of some,restriction_filler,False,False,http://purl.obolibrary.org/obo/CL_0000542,lymphocyte,False,,,,,True
http://purl.obolibrary.org/obo/HP_0410386,Decreased CD4+ memory T cell proportion,inherited,http://purl.obolibrary.org/obo/HP_0031392,Abnormal CD4+ T cell subset proportion,equivalentClass,characteristic of,has part some > characteristic of some,intersection_operand,False,False,http://purl.obolibrary.org/obo/CL_0000624,"CD4-positive, alpha-beta T cell",False,,,,,True
http://purl.obolibrary.org/obo/HP_0410386,Decreased CD4+ memory T cell proportion,inherited,http://purl.obolibrary.org/obo/HP_0001881,Abnormal leukocyte morphology,equivalentClass,characteristic of part of,has part some > characteristic of part of some,restriction_filler,False,False,http://purl.obolibrary.org/obo/CL_0000738,leukocyte,False,,,,,True
http://purl.obolibrary.org/obo/HP_0410386,Decreased CD4+ memory T cell proportion,inherited,http://purl.obolibrary.org/obo/HP_0032182,Abnormal memory T cell proportion,equivalentClass,characteristic of,has part some > characteristic of some,intersection_operand,False,False,http://purl.obolibrary.org/obo/CL_0000813,memory T cell,False,,,,,True
http://purl.obolibrary.org/obo/HP_0410388,Decreased central memory CD4+ T cell proportion,inherited,http://purl.obolibrary.org/obo/HP_0002843,Abnormal T cell morphology,equivalentClass,characteristic of,has part some > characteristic of some,restriction_filler,False,False,http://purl.obolibrary.org/obo/CL_0000084,T cell,False,,,,,True
http://purl.obolibrary.org/obo/HP_0410388,Decreased central memory CD4+ T cell proportion,inherited,http://purl.obolibrary.org/obo/HP_0031392,Abnormal CD4+ T cell subset proportion,equivalentClass,towards,has part some > towards some,restriction_filler,False,False,http://purl.obolibrary.org/obo/CL_0000084,T cell,False,,,,,True
http://purl.obolibrary.org/obo/HP_0410388,Decreased central memory CD4+ T cell proportion,inherited,http://purl.obolibrary.org/obo/HP_0004332,Abnormal lymphocyte morphology,equivalentClass,characteristic of part of,has part some > characteristic of part of some,restriction_filler,False,False,http://purl.obolibrary.org/obo/CL_0000542,lymphocyte,False,,,,,True
http://purl.obolibrary.org/obo/HP_0410388,Decreased central memory CD4+ T cell proportion,inherited,http://purl.obolibrary.org/obo/HP_0031392,Abnormal CD4+ T cell subset proportion,equivalentClass,characteristic of,has part some > characteristic of some,intersection_operand,False,False,http://purl.obolibrary.org/obo/CL_0000624,"CD4-positive, alpha-beta T cell",False,,,,,True
http://purl.obolibrary.org/obo/HP_0410388,Decreased central memory CD4+ T cell proportion,inherited,http://purl.obolibrary.org/obo/HP_0001881,Abnormal leukocyte morphology,equivalentClass,characteristic of part of,has part some > characteristic of part of some,restriction_filler,False,False,http://purl.obolibrary.org/obo/CL_0000738,leukocyte,False,,,,,True
http://purl.obolibrary.org/obo/HP_0410388,Decreased central memory CD4+ T cell proportion,inherited,http://purl.obolibrary.org/obo/HP_0032182,Abnormal memory T cell proportion,equivalentClass,characteristic of,has part some > characteristic of some,intersection_operand,False,False,http://purl.obolibrary.org/obo/CL_0000813,memory T cell,False,,,,,True
http://purl.obolibrary.org/obo/HP_0410388,Decreased central memory CD4+ T cell proportion,inherited,http://purl.obolibrary.org/obo/HP_0410379,Abnormal memory CD4+ T cell proportion,equivalentClass,characteristic of,has part some > characteristic of some,intersection_operand,False,False,http://purl.obolibrary.org/obo/CL_0000897,"CD4-positive, alpha-beta memory T cell",False,,,,,True
http://purl.obolibrary.org/obo/HP_0410389,Decreased central memory CD8+ T cell proportion,direct,http://purl.obolibrary.org/obo/HP_0410389,Decreased central memory CD8+ T cell proportion,equivalentClass,towards,has part some > towards some,restriction_filler,False,False,http://purl.obolibrary.org/obo/CL_0000084,T cell,False,,,,,True
http://purl.obolibrary.org/obo/HP_0410389,Decreased central memory CD8+ T cell proportion,direct,http://purl.obolibrary.org/obo/HP_0410389,Decreased central memory CD8+ T cell proportion,equivalentClass,characteristic of,has part some > characteristic of some,intersection_operand,False,False,http://purl.obolibrary.org/obo/CL_0000907,"central memory CD8-positive, alpha-beta T cell",False,,,,,True
http://purl.obolibrary.org/obo/HP_0410389,Decreased central memory CD8+ T cell proportion,inherited,http://purl.obolibrary.org/obo/HP_0002843,Abnormal T cell morphology,equivalentClass,characteristic of,has part some > characteristic of some,restriction_filler,False,False,http://purl.obolibrary.org/obo/CL_0000084,T cell,False,,,,,True
http://purl.obolibrary.org/obo/HP_0410389,Decreased central memory CD8+ T cell proportion,inherited,http://purl.obolibrary.org/obo/HP_0004332,Abnormal lymphocyte morphology,equivalentClass,characteristic of part of,has part some > characteristic of part of some,restriction_filler,False,False,http://purl.obolibrary.org/obo/CL_0000542,lymphocyte,False,,,,,True
http://purl.obolibrary.org/obo/HP_0410389,Decreased central memory CD8+ T cell proportion,inherited,http://purl.obolibrary.org/obo/HP_0001881,Abnormal leukocyte morphology,equivalentClass,characteristic of part of,has part some > characteristic of part of some,restriction_filler,False,False,http://purl.obolibrary.org/obo/CL_0000738,leukocyte,False,,,,,True
http://purl.obolibrary.org/obo/HP_0410389,Decreased central memory CD8+ T cell proportion,inherited,http://purl.obolibrary.org/obo/HP_0032182,Abnormal memory T cell proportion,equivalentClass,characteristic of,has part some > characteristic of some,intersection_operand,False,False,http://purl.obolibrary.org/obo/CL_0000813,memory T cell,False,,,,,True
http://purl.obolibrary.org/obo/HP_0410389,Decreased central memory CD8+ T cell proportion,inherited,http://purl.obolibrary.org/obo/HP_0410380,Abnormal memory CD8+ T cell proportion,equivalentClass,characteristic of,has part some > characteristic of some,intersection_operand,False,False,http://purl.obolibrary.org/obo/CL_0000909,"CD8-positive, alpha-beta memory T cell",False,,,,,True
http://purl.obolibrary.org/obo/HP_0410390,Decreased effector memory CD8+ T cell proportion,direct,http://purl.obolibrary.org/obo/HP_0410390,Decreased effector memory CD8+ T cell proportion,equivalentClass,towards,has part some > towards some,restriction_filler,False,False,http://purl.obolibrary.org/obo/CL_0000084,T cell,False,,,,,True
http://purl.obolibrary.org/obo/HP_0410390,Decreased effector memory CD8+ T cell proportion,direct,http://purl.obolibrary.org/obo/HP_0410390,Decreased effector memory CD8+ T cell proportion,equivalentClass,characteristic of,has part some > characteristic of some,intersection_operand,False,False,http://purl.obolibrary.org/obo/CL_0000913,"effector memory CD8-positive, alpha-beta T cell",False,,,,,True
http://purl.obolibrary.org/obo/HP_0410390,Decreased effector memory CD8+ T cell proportion,inherited,http://purl.obolibrary.org/obo/HP_0002843,Abnormal T cell morphology,equivalentClass,characteristic of,has part some > characteristic of some,restriction_filler,False,False,http://purl.obolibrary.org/obo/CL_0000084,T cell,False,,,,,True
http://purl.obolibrary.org/obo/HP_0410390,Decreased effector memory CD8+ T cell proportion,inherited,http://purl.obolibrary.org/obo/HP_0004332,Abnormal lymphocyte morphology,equivalentClass,characteristic of part of,has part some > characteristic of part of some,restriction_filler,False,False,http://purl.obolibrary.org/obo/CL_0000542,lymphocyte,False,,,,,True
http://purl.obolibrary.org/obo/HP_0410390,Decreased effector memory CD8+ T cell proportion,inherited,http://purl.obolibrary.org/obo/HP_0001881,Abnormal leukocyte morphology,equivalentClass,characteristic of part of,has part some > characteristic of part of some,restriction_filler,False,False,http://purl.obolibrary.org/obo/CL_0000738,leukocyte,False,,,,,True
http://purl.obolibrary.org/obo/HP_0410390,Decreased effector memory CD8+ T cell proportion,inherited,http://purl.obolibrary.org/obo/HP_0032182,Abnormal memory T cell proportion,equivalentClass,characteristic of,has part some > characteristic of some,intersection_operand,False,False,http://purl.obolibrary.org/obo/CL_0000813,memory T cell,False,,,,,True
http://purl.obolibrary.org/obo/HP_0410390,Decreased effector memory CD8+ T cell proportion,inherited,http://purl.obolibrary.org/obo/HP_0410380,Abnormal memory CD8+ T cell proportion,equivalentClass,characteristic of,has part some > characteristic of some,intersection_operand,False,False,http://purl.obolibrary.org/obo/CL_0000909,"CD8-positive, alpha-beta memory T cell",False,,,,,True
http://purl.obolibrary.org/obo/HP_0410391,Increased memory CD4+ T cell proportion,direct,http://purl.obolibrary.org/obo/HP_0410391,Increased memory CD4+ T cell proportion,equivalentClass,towards,has part some > towards some,restriction_filler,False,False,http://purl.obolibrary.org/obo/CL_0000084,T cell,False,,,,,True
http://purl.obolibrary.org/obo/HP_0410391,Increased memory CD4+ T cell proportion,direct,http://purl.obolibrary.org/obo/HP_0410391,Increased memory CD4+ T cell proportion,equivalentClass,characteristic of,has part some > characteristic of some,intersection_operand,False,False,http://purl.obolibrary.org/obo/CL_0000897,"CD4-positive, alpha-beta memory T cell",False,,,,,True
http://purl.obolibrary.org/obo/HP_0410391,Increased memory CD4+ T cell proportion,inherited,http://purl.obolibrary.org/obo/HP_0002843,Abnormal T cell morphology,equivalentClass,characteristic of,has part some > characteristic of some,restriction_filler,False,False,http://purl.obolibrary.org/obo/CL_0000084,T cell,False,,,,,True
http://purl.obolibrary.org/obo/HP_0410391,Increased memory CD4+ T cell proportion,inherited,http://purl.obolibrary.org/obo/HP_0032184,Increased memory T cell proportion,equivalentClass,towards,has part some > towards some,restriction_filler,False,False,http://purl.obolibrary.org/obo/CL_0000236,B cell,False,,,,,True
http://purl.obolibrary.org/obo/HP_0410391,Increased memory CD4+ T cell proportion,inherited,http://purl.obolibrary.org/obo/HP_0004332,Abnormal lymphocyte morphology,equivalentClass,characteristic of part of,has part some > characteristic of part of some,restriction_filler,False,False,http://purl.obolibrary.org/obo/CL_0000542,lymphocyte,False,,,,,True
http://purl.obolibrary.org/obo/HP_0410391,Increased memory CD4+ T cell proportion,inherited,http://purl.obolibrary.org/obo/HP_0031392,Abnormal CD4+ T cell subset proportion,equivalentClass,characteristic of,has part some > characteristic of some,intersection_operand,False,False,http://purl.obolibrary.org/obo/CL_0000624,"CD4-positive, alpha-beta T cell",False,,,,,True
http://purl.obolibrary.org/obo/HP_0410391,Increased memory CD4+ T cell proportion,inherited,http://purl.obolibrary.org/obo/HP_0001881,Abnormal leukocyte morphology,equivalentClass,characteristic of part of,has part some > characteristic of part of some,restriction_filler,False,False,http://purl.obolibrary.org/obo/CL_0000738,leukocyte,False,,,,,True
http://purl.obolibrary.org/obo/HP_0410391,Increased memory CD4+ T cell proportion,inherited,http://purl.obolibrary.org/obo/HP_0032182,Abnormal memory T cell proportion,equivalentClass,characteristic of,has part some > characteristic of some,intersection_operand,False,False,http://purl.obolibrary.org/obo/CL_0000813,memory T cell,False,,,,,True
http://purl.obolibrary.org/obo/HP_0410392,Increased memory CD8+ T cell proportion,direct,http://purl.obolibrary.org/obo/HP_0410392,Increased memory CD8+ T cell proportion,equivalentClass,towards,has part some > towards some,restriction_filler,False,False,http://purl.obolibrary.org/obo/CL_0000084,T cell,False,,,,,True
http://purl.obolibrary.org/obo/HP_0410392,Increased memory CD8+ T cell proportion,direct,http://purl.obolibrary.org/obo/HP_0410392,Increased memory CD8+ T cell proportion,equivalentClass,characteristic of,has part some > characteristic of some,intersection_operand,False,False,http://purl.obolibrary.org/obo/CL_0000909,"CD8-positive, alpha-beta memory T cell",False,,,,,True
http://purl.obolibrary.org/obo/HP_0410392,Increased memory CD8+ T cell proportion,inherited,http://purl.obolibrary.org/obo/HP_0002843,Abnormal T cell morphology,equivalentClass,characteristic of,has part some > characteristic of some,restriction_filler,False,False,http://purl.obolibrary.org/obo/CL_0000084,T cell,False,,,,,True
http://purl.obolibrary.org/obo/HP_0410392,Increased memory CD8+ T cell proportion,inherited,http://purl.obolibrary.org/obo/HP_0032184,Increased memory T cell proportion,equivalentClass,towards,has part some > towards some,restriction_filler,False,False,http://purl.obolibrary.org/obo/CL_0000236,B cell,False,,,,,True
http://purl.obolibrary.org/obo/HP_0410392,Increased memory CD8+ T cell proportion,inherited,http://purl.obolibrary.org/obo/HP_0004332,Abnormal lymphocyte morphology,equivalentClass,characteristic of part of,has part some > characteristic of part of some,restriction_filler,False,False,http://purl.obolibrary.org/obo/CL_0000542,lymphocyte,False,,,,,True
http://purl.obolibrary.org/obo/HP_0410392,Increased memory CD8+ T cell proportion,inherited,http://purl.obolibrary.org/obo/HP_0001881,Abnormal leukocyte morphology,equivalentClass,characteristic of part of,has part some > characteristic of part of some,restriction_filler,False,False,http://purl.obolibrary.org/obo/CL_0000738,leukocyte,False,,,,,True
http://purl.obolibrary.org/obo/HP_0410392,Increased memory CD8+ T cell proportion,inherited,http://purl.obolibrary.org/obo/HP_0032182,Abnormal memory T cell proportion,equivalentClass,characteristic of,has part some > characteristic of some,intersection_operand,False,False,http://purl.obolibrary.org/obo/CL_0000813,memory T cell,False,,,,,True
http://purl.obolibrary.org/obo/HP_0410393,Increased central memory CD4+ T cell proportion,inherited,http://purl.obolibrary.org/obo/HP_0002843,Abnormal T cell morphology,equivalentClass,characteristic of,has part some > characteristic of some,restriction_filler,False,False,http://purl.obolibrary.org/obo/CL_0000084,T cell,False,,,,,True
http://purl.obolibrary.org/obo/HP_0410393,Increased central memory CD4+ T cell proportion,inherited,http://purl.obolibrary.org/obo/HP_0031392,Abnormal CD4+ T cell subset proportion,equivalentClass,towards,has part some > towards some,restriction_filler,False,False,http://purl.obolibrary.org/obo/CL_0000084,T cell,False,,,,,True
http://purl.obolibrary.org/obo/HP_0410393,Increased central memory CD4+ T cell proportion,inherited,http://purl.obolibrary.org/obo/HP_0032184,Increased memory T cell proportion,equivalentClass,towards,has part some > towards some,restriction_filler,False,False,http://purl.obolibrary.org/obo/CL_0000236,B cell,False,,,,,True
http://purl.obolibrary.org/obo/HP_0410393,Increased central memory CD4+ T cell proportion,inherited,http://purl.obolibrary.org/obo/HP_0004332,Abnormal lymphocyte morphology,equivalentClass,characteristic of part of,has part some > characteristic of part of some,restriction_filler,False,False,http://purl.obolibrary.org/obo/CL_0000542,lymphocyte,False,,,,,True
http://purl.obolibrary.org/obo/HP_0410393,Increased central memory CD4+ T cell proportion,inherited,http://purl.obolibrary.org/obo/HP_0031392,Abnormal CD4+ T cell subset proportion,equivalentClass,characteristic of,has part some > characteristic of some,intersection_operand,False,False,http://purl.obolibrary.org/obo/CL_0000624,"CD4-positive, alpha-beta T cell",False,,,,,True
http://purl.obolibrary.org/obo/HP_0410393,Increased central memory CD4+ T cell proportion,inherited,http://purl.obolibrary.org/obo/HP_0001881,Abnormal leukocyte morphology,equivalentClass,characteristic of part of,has part some > characteristic of part of some,restriction_filler,False,False,http://purl.obolibrary.org/obo/CL_0000738,leukocyte,False,,,,,True
http://purl.obolibrary.org/obo/HP_0410393,Increased central memory CD4+ T cell proportion,inherited,http://purl.obolibrary.org/obo/HP_0032182,Abnormal memory T cell proportion,equivalentClass,characteristic of,has part some > characteristic of some,intersection_operand,False,False,http://purl.obolibrary.org/obo/CL_0000813,memory T cell,False,,,,,True
http://purl.obolibrary.org/obo/HP_0410393,Increased central memory CD4+ T cell proportion,inherited,http://purl.obolibrary.org/obo/HP_0410379,Abnormal memory CD4+ T cell proportion,equivalentClass,characteristic of,has part some > characteristic of some,intersection_operand,False,False,http://purl.obolibrary.org/obo/CL_0000897,"CD4-positive, alpha-beta memory T cell",False,,,,,True
http://purl.obolibrary.org/obo/HP_0410395,Increased effector memory CD8+ T cell proportion,direct,http://purl.obolibrary.org/obo/HP_0410395,Increased effector memory CD8+ T cell proportion,equivalentClass,towards,has part some > towards some,restriction_filler,False,False,http://purl.obolibrary.org/obo/CL_0000084,T cell,False,,,,,True
http://purl.obolibrary.org/obo/HP_0410395,Increased effector memory CD8+ T cell proportion,direct,http://purl.obolibrary.org/obo/HP_0410395,Increased effector memory CD8+ T cell proportion,equivalentClass,characteristic of,has part some > characteristic of some,intersection_operand,False,False,http://purl.obolibrary.org/obo/CL_0001050,"effector CD8-positive, alpha-beta T cell",False,,,,,True
http://purl.obolibrary.org/obo/HP_0410395,Increased effector memory CD8+ T cell proportion,inherited,http://purl.obolibrary.org/obo/HP_0002843,Abnormal T cell morphology,equivalentClass,characteristic of,has part some > characteristic of some,restriction_filler,False,False,http://purl.obolibrary.org/obo/CL_0000084,T cell,False,,,,,True
http://purl.obolibrary.org/obo/HP_0410395,Increased effector memory CD8+ T cell proportion,inherited,http://purl.obolibrary.org/obo/HP_0032184,Increased memory T cell proportion,equivalentClass,towards,has part some > towards some,restriction_filler,False,False,http://purl.obolibrary.org/obo/CL_0000236,B cell,False,,,,,True
http://purl.obolibrary.org/obo/HP_0410395,Increased effector memory CD8+ T cell proportion,inherited,http://purl.obolibrary.org/obo/HP_0004332,Abnormal lymphocyte morphology,equivalentClass,characteristic of part of,has part some > characteristic of part of some,restriction_filler,False,False,http://purl.obolibrary.org/obo/CL_0000542,lymphocyte,False,,,,,True
http://purl.obolibrary.org/obo/HP_0410395,Increased effector memory CD8+ T cell proportion,inherited,http://purl.obolibrary.org/obo/HP_0001881,Abnormal leukocyte morphology,equivalentClass,characteristic of part of,has part some > characteristic of part of some,restriction_filler,False,False,http://purl.obolibrary.org/obo/CL_0000738,leukocyte,False,,,,,True
http://purl.obolibrary.org/obo/HP_0410395,Increased effector memory CD8+ T cell proportion,inherited,http://purl.obolibrary.org/obo/HP_0032182,Abnormal memory T cell proportion,equivalentClass,characteristic of,has part some > characteristic of some,intersection_operand,False,False,http://purl.obolibrary.org/obo/CL_0000813,memory T cell,False,,,,,True
http://purl.obolibrary.org/obo/HP_0410395,Increased effector memory CD8+ T cell proportion,inherited,http://purl.obolibrary.org/obo/HP_0410380,Abnormal memory CD8+ T cell proportion,equivalentClass,characteristic of,has part some > characteristic of some,intersection_operand,False,False,http://purl.obolibrary.org/obo/CL_0000909,"CD8-positive, alpha-beta memory T cell",False,,,,,True
http://purl.obolibrary.org/obo/HP_0410395,Increased effector memory CD8+ T cell proportion,inherited,http://purl.obolibrary.org/obo/HP_0410383,Abnormal effector memory CD8+ T cell proportion,equivalentClass,characteristic of,has part some > characteristic of some,intersection_operand,False,False,http://purl.obolibrary.org/obo/CL_0000913,"effector memory CD8-positive, alpha-beta T cell",False,,,,,True
http://purl.obolibrary.org/obo/HP_0410396,Increased central memory CD8+ T cell proportion,direct,http://purl.obolibrary.org/obo/HP_0410396,Increased central memory CD8+ T cell proportion,equivalentClass,towards,has part some > towards some,restriction_filler,False,False,http://purl.obolibrary.org/obo/CL_0000084,T cell,False,,,,,True
http://purl.obolibrary.org/obo/HP_0410396,Increased central memory CD8+ T cell proportion,direct,http://purl.obolibrary.org/obo/HP_0410396,Increased central memory CD8+ T cell proportion,equivalentClass,characteristic of,has part some > characteristic of some,intersection_operand,False,False,http://purl.obolibrary.org/obo/CL_0000907,"central memory CD8-positive, alpha-beta T cell",False,,,,,True
http://purl.obolibrary.org/obo/HP_0410396,Increased central memory CD8+ T cell proportion,inherited,http://purl.obolibrary.org/obo/HP_0002843,Abnormal T cell morphology,equivalentClass,characteristic of,has part some > characteristic of some,restriction_filler,False,False,http://purl.obolibrary.org/obo/CL_0000084,T cell,False,,,,,True
http://purl.obolibrary.org/obo/HP_0410396,Increased central memory CD8+ T cell proportion,inherited,http://purl.obolibrary.org/obo/HP_0032184,Increased memory T cell proportion,equivalentClass,towards,has part some > towards some,restriction_filler,False,False,http://purl.obolibrary.org/obo/CL_0000236,B cell,False,,,,,True
http://purl.obolibrary.org/obo/HP_0410396,Increased central memory CD8+ T cell proportion,inherited,http://purl.obolibrary.org/obo/HP_0004332,Abnormal lymphocyte morphology,equivalentClass,characteristic of part of,has part some > characteristic of part of some,restriction_filler,False,False,http://purl.obolibrary.org/obo/CL_0000542,lymphocyte,False,,,,,True
http://purl.obolibrary.org/obo/HP_0410396,Increased central memory CD8+ T cell proportion,inherited,http://purl.obolibrary.org/obo/HP_0001881,Abnormal leukocyte morphology,equivalentClass,characteristic of part of,has part some > characteristic of part of some,restriction_filler,False,False,http://purl.obolibrary.org/obo/CL_0000738,leukocyte,False,,,,,True
http://purl.obolibrary.org/obo/HP_0410396,Increased central memory CD8+ T cell proportion,inherited,http://purl.obolibrary.org/obo/HP_0032182,Abnormal memory T cell proportion,equivalentClass,characteristic of,has part some > characteristic of some,intersection_operand,False,False,http://purl.obolibrary.org/obo/CL_0000813,memory T cell,False,,,,,True
http://purl.obolibrary.org/obo/HP_0410396,Increased central memory CD8+ T cell proportion,inherited,http://purl.obolibrary.org/obo/HP_0410380,Abnormal memory CD8+ T cell proportion,equivalentClass,characteristic of,has part some > characteristic of some,intersection_operand,False,False,http://purl.obolibrary.org/obo/CL_0000909,"CD8-positive, alpha-beta memory T cell",False,,,,,True
http://purl.obolibrary.org/obo/HP_0500030,Abnormal hepatic glycogen storage,inherited,http://purl.obolibrary.org/obo/HP_0031137,Storage in hepatocytes,equivalentClass,part of,has part some > characteristic of some > part of some,restriction_filler,False,False,http://purl.obolibrary.org/obo/CL_0000182,hepatocyte,False,,,,,True
http://purl.obolibrary.org/obo/HP_0500032,Abnormal neuron branching,inherited,http://purl.obolibrary.org/obo/HP_0012757,Abnormal neuron morphology,equivalentClass,characteristic of,has part some > characteristic of some,restriction_filler,False,False,http://purl.obolibrary.org/obo/CL_0000540,neuron,False,,,,,True
http://purl.obolibrary.org/obo/HP_0500033,Abnormal natural killer subset distribution,inherited,http://purl.obolibrary.org/obo/HP_0004332,Abnormal lymphocyte morphology,equivalentClass,characteristic of part of,has part some > characteristic of part of some,restriction_filler,False,False,http://purl.obolibrary.org/obo/CL_0000542,lymphocyte,False,,,,,True
http://purl.obolibrary.org/obo/HP_0500033,Abnormal natural killer subset distribution,inherited,http://purl.obolibrary.org/obo/HP_0012176,Abnormal natural killer cell morphology,equivalentClass,characteristic of,has part some > characteristic of some,restriction_filler,False,False,http://purl.obolibrary.org/obo/CL_0000623,natural killer cell,False,,,,,True
http://purl.obolibrary.org/obo/HP_0500033,Abnormal natural killer subset distribution,inherited,http://purl.obolibrary.org/obo/HP_0001881,Abnormal leukocyte morphology,equivalentClass,characteristic of part of,has part some > characteristic of part of some,restriction_filler,False,False,http://purl.obolibrary.org/obo/CL_0000738,leukocyte,False,,,,,True
http://purl.obolibrary.org/obo/HP_0500262,Atrichia,direct,http://purl.obolibrary.org/obo/HP_0500262,Atrichia,equivalentClass,characteristic of,has part some > characteristic of some,restriction_filler,False,False,http://purl.obolibrary.org/obo/CL_0002559,hair follicle cell,False,,,,,True
http://purl.obolibrary.org/obo/HP_0500265,Increased CD8+ TEMRA T cell proportion,direct,http://purl.obolibrary.org/obo/HP_0500265,Increased CD8+ TEMRA T cell proportion,equivalentClass,towards,has part some > towards some,restriction_filler,False,False,http://purl.obolibrary.org/obo/CL_0000084,T cell,False,,,,,True
http://purl.obolibrary.org/obo/HP_0500265,Increased CD8+ TEMRA T cell proportion,direct,http://purl.obolibrary.org/obo/HP_0500265,Increased CD8+ TEMRA T cell proportion,equivalentClass,characteristic of,has part some > characteristic of some,intersection_operand,False,False,http://purl.obolibrary.org/obo/CL_0001062,"effector memory CD8-positive, alpha-beta T cell, terminally differentiated",False,,,,,True
http://purl.obolibrary.org/obo/HP_0500265,Increased CD8+ TEMRA T cell proportion,inherited,http://purl.obolibrary.org/obo/HP_0002843,Abnormal T cell morphology,equivalentClass,characteristic of,has part some > characteristic of some,restriction_filler,False,False,http://purl.obolibrary.org/obo/CL_0000084,T cell,False,,,,,True
http://purl.obolibrary.org/obo/HP_0500265,Increased CD8+ TEMRA T cell proportion,inherited,http://purl.obolibrary.org/obo/HP_0032184,Increased memory T cell proportion,equivalentClass,towards,has part some > towards some,restriction_filler,False,False,http://purl.obolibrary.org/obo/CL_0000236,B cell,False,,,,,True
http://purl.obolibrary.org/obo/HP_0500265,Increased CD8+ TEMRA T cell proportion,inherited,http://purl.obolibrary.org/obo/HP_0004332,Abnormal lymphocyte morphology,equivalentClass,characteristic of part of,has part some > characteristic of part of some,restriction_filler,False,False,http://purl.obolibrary.org/obo/CL_0000542,lymphocyte,False,,,,,True
http://purl.obolibrary.org/obo/HP_0500265,Increased CD8+ TEMRA T cell proportion,inherited,http://purl.obolibrary.org/obo/HP_0001881,Abnormal leukocyte morphology,equivalentClass,characteristic of part of,has part some > characteristic of part of some,restriction_filler,False,False,http://purl.obolibrary.org/obo/CL_0000738,leukocyte,False,,,,,True
http://purl.obolibrary.org/obo/HP_0500265,Increased CD8+ TEMRA T cell proportion,inherited,http://purl.obolibrary.org/obo/HP_0032182,Abnormal memory T cell proportion,equivalentClass,characteristic of,has part some > characteristic of some,intersection_operand,False,False,http://purl.obolibrary.org/obo/CL_0000813,memory T cell,False,,,,,True
http://purl.obolibrary.org/obo/HP_0500265,Increased CD8+ TEMRA T cell proportion,inherited,http://purl.obolibrary.org/obo/HP_0410380,Abnormal memory CD8+ T cell proportion,equivalentClass,characteristic of,has part some > characteristic of some,intersection_operand,False,False,http://purl.obolibrary.org/obo/CL_0000909,"CD8-positive, alpha-beta memory T cell",False,,,,,True
http://purl.obolibrary.org/obo/HP_0500266,Decreased CD8+ TEMRA T cell proportion,direct,http://purl.obolibrary.org/obo/HP_0500266,Decreased CD8+ TEMRA T cell proportion,equivalentClass,towards,has part some > towards some,restriction_filler,False,False,http://purl.obolibrary.org/obo/CL_0000084,T cell,False,,,,,True
http://purl.obolibrary.org/obo/HP_0500266,Decreased CD8+ TEMRA T cell proportion,direct,http://purl.obolibrary.org/obo/HP_0500266,Decreased CD8+ TEMRA T cell proportion,equivalentClass,characteristic of,has part some > characteristic of some,intersection_operand,False,False,http://purl.obolibrary.org/obo/CL_0001062,"effector memory CD8-positive, alpha-beta T cell, terminally differentiated",False,,,,,True
http://purl.obolibrary.org/obo/HP_0500266,Decreased CD8+ TEMRA T cell proportion,inherited,http://purl.obolibrary.org/obo/HP_0002843,Abnormal T cell morphology,equivalentClass,characteristic of,has part some > characteristic of some,restriction_filler,False,False,http://purl.obolibrary.org/obo/CL_0000084,T cell,False,,,,,True
http://purl.obolibrary.org/obo/HP_0500266,Decreased CD8+ TEMRA T cell proportion,inherited,http://purl.obolibrary.org/obo/HP_0004332,Abnormal lymphocyte morphology,equivalentClass,characteristic of part of,has part some > characteristic of part of some,restriction_filler,False,False,http://purl.obolibrary.org/obo/CL_0000542,lymphocyte,False,,,,,True
http://purl.obolibrary.org/obo/HP_0500266,Decreased CD8+ TEMRA T cell proportion,inherited,http://purl.obolibrary.org/obo/HP_0001881,Abnormal leukocyte morphology,equivalentClass,characteristic of part of,has part some > characteristic of part of some,restriction_filler,False,False,http://purl.obolibrary.org/obo/CL_0000738,leukocyte,False,,,,,True
http://purl.obolibrary.org/obo/HP_0500266,Decreased CD8+ TEMRA T cell proportion,inherited,http://purl.obolibrary.org/obo/HP_0032182,Abnormal memory T cell proportion,equivalentClass,characteristic of,has part some > characteristic of some,intersection_operand,False,False,http://purl.obolibrary.org/obo/CL_0000813,memory T cell,False,,,,,True
http://purl.obolibrary.org/obo/HP_0500266,Decreased CD8+ TEMRA T cell proportion,inherited,http://purl.obolibrary.org/obo/HP_0410380,Abnormal memory CD8+ T cell proportion,equivalentClass,characteristic of,has part some > characteristic of some,intersection_operand,False,False,http://purl.obolibrary.org/obo/CL_0000909,"CD8-positive, alpha-beta memory T cell",False,,,,,True
http://purl.obolibrary.org/obo/HP_0500269,Abnormal gamma-delta T cell proportion,inherited,http://purl.obolibrary.org/obo/HP_0002843,Abnormal T cell morphology,equivalentClass,characteristic of,has part some > characteristic of some,restriction_filler,False,False,http://purl.obolibrary.org/obo/CL_0000084,T cell,False,,,,,True
http://purl.obolibrary.org/obo/HP_0500269,Abnormal gamma-delta T cell proportion,inherited,http://purl.obolibrary.org/obo/HP_0004332,Abnormal lymphocyte morphology,equivalentClass,characteristic of part of,has part some > characteristic of part of some,restriction_filler,False,False,http://purl.obolibrary.org/obo/CL_0000542,lymphocyte,False,,,,,True
http://purl.obolibrary.org/obo/HP_0500269,Abnormal gamma-delta T cell proportion,inherited,http://purl.obolibrary.org/obo/HP_0001881,Abnormal leukocyte morphology,equivalentClass,characteristic of part of,has part some > characteristic of part of some,restriction_filler,False,False,http://purl.obolibrary.org/obo/CL_0000738,leukocyte,False,,,,,True
http://purl.obolibrary.org/obo/HP_0500270,Increased gamma-delta T cell proportion,direct,http://purl.obolibrary.org/obo/HP_0500270,Increased gamma-delta T cell proportion,equivalentClass,towards,has part some > towards some,restriction_filler,False,False,http://purl.obolibrary.org/obo/CL_0000084,T cell,False,,,,,True
http://purl.obolibrary.org/obo/HP_0500270,Increased gamma-delta T cell proportion,direct,http://purl.obolibrary.org/obo/HP_0500270,Increased gamma-delta T cell proportion,equivalentClass,characteristic of,has part some > characteristic of some,intersection_operand,False,False,http://purl.obolibrary.org/obo/CL_0000798,gamma-delta T cell,False,,,,,True
http://purl.obolibrary.org/obo/HP_0500270,Increased gamma-delta T cell proportion,inherited,http://purl.obolibrary.org/obo/HP_0002843,Abnormal T cell morphology,equivalentClass,characteristic of,has part some > characteristic of some,restriction_filler,False,False,http://purl.obolibrary.org/obo/CL_0000084,T cell,False,,,,,True
http://purl.obolibrary.org/obo/HP_0500270,Increased gamma-delta T cell proportion,inherited,http://purl.obolibrary.org/obo/HP_0004332,Abnormal lymphocyte morphology,equivalentClass,characteristic of part of,has part some > characteristic of part of some,restriction_filler,False,False,http://purl.obolibrary.org/obo/CL_0000542,lymphocyte,False,,,,,True
http://purl.obolibrary.org/obo/HP_0500270,Increased gamma-delta T cell proportion,inherited,http://purl.obolibrary.org/obo/HP_0001881,Abnormal leukocyte morphology,equivalentClass,characteristic of part of,has part some > characteristic of part of some,restriction_filler,False,False,http://purl.obolibrary.org/obo/CL_0000738,leukocyte,False,,,,,True
http://purl.obolibrary.org/obo/HP_0500271,Decreased gamma-delta T cell proportion,direct,http://purl.obolibrary.org/obo/HP_0500271,Decreased gamma-delta T cell proportion,equivalentClass,towards,has part some > towards some,restriction_filler,False,False,http://purl.obolibrary.org/obo/CL_0000084,T cell,False,,,,,True
http://purl.obolibrary.org/obo/HP_0500271,Decreased gamma-delta T cell proportion,direct,http://purl.obolibrary.org/obo/HP_0500271,Decreased gamma-delta T cell proportion,equivalentClass,characteristic of,has part some > characteristic of some,intersection_operand,False,False,http://purl.obolibrary.org/obo/CL_0000798,gamma-delta T cell,False,,,,,True
http://purl.obolibrary.org/obo/HP_0500271,Decreased gamma-delta T cell proportion,inherited,http://purl.obolibrary.org/obo/HP_0002843,Abnormal T cell morphology,equivalentClass,characteristic of,has part some > characteristic of some,restriction_filler,False,False,http://purl.obolibrary.org/obo/CL_0000084,T cell,False,,,,,True
http://purl.obolibrary.org/obo/HP_0500271,Decreased gamma-delta T cell proportion,inherited,http://purl.obolibrary.org/obo/HP_0004332,Abnormal lymphocyte morphology,equivalentClass,characteristic of part of,has part some > characteristic of part of some,restriction_filler,False,False,http://purl.obolibrary.org/obo/CL_0000542,lymphocyte,False,,,,,True
http://purl.obolibrary.org/obo/HP_0500271,Decreased gamma-delta T cell proportion,inherited,http://purl.obolibrary.org/obo/HP_0001881,Abnormal leukocyte morphology,equivalentClass,characteristic of part of,has part some > characteristic of part of some,restriction_filler,False,False,http://purl.obolibrary.org/obo/CL_0000738,leukocyte,False,,,,,True
http://purl.obolibrary.org/obo/HP_4000034,Infection-associated lymphopenia,inherited,http://purl.obolibrary.org/obo/HP_0004332,Abnormal lymphocyte morphology,equivalentClass,characteristic of part of,has part some > characteristic of part of some,restriction_filler,False,False,http://purl.obolibrary.org/obo/CL_0000542,lymphocyte,False,,,,,True
http://purl.obolibrary.org/obo/HP_4000034,Infection-associated lymphopenia,inherited,http://purl.obolibrary.org/obo/HP_0001888,Decreased total lymphocyte count,equivalentClass,characteristic of,has part some > characteristic of some,intersection_operand,False,False,http://purl.obolibrary.org/obo/CL_0000542,lymphocyte,False,,,,,True
http://purl.obolibrary.org/obo/HP_4000034,Infection-associated lymphopenia,inherited,http://purl.obolibrary.org/obo/HP_0001881,Abnormal leukocyte morphology,equivalentClass,characteristic of part of,has part some > characteristic of part of some,restriction_filler,False,False,http://purl.obolibrary.org/obo/CL_0000738,leukocyte,False,,,,,True
http://purl.obolibrary.org/obo/HP_4000034,Infection-associated lymphopenia,inherited,http://purl.obolibrary.org/obo/HP_0011893,Abnormal leukocyte count,equivalentClass,characteristic of,has part some > characteristic of some,restriction_filler,False,False,http://purl.obolibrary.org/obo/CL_0000738,leukocyte,False,,,,,True
http://purl.obolibrary.org/obo/HP_4000039,Decreased mucosal-associated invariant T cell proportion,inherited,http://purl.obolibrary.org/obo/HP_0002843,Abnormal T cell morphology,equivalentClass,characteristic of,has part some > characteristic of some,restriction_filler,False,False,http://purl.obolibrary.org/obo/CL_0000084,T cell,False,,,,,True
http://purl.obolibrary.org/obo/HP_4000039,Decreased mucosal-associated invariant T cell proportion,inherited,http://purl.obolibrary.org/obo/HP_0004332,Abnormal lymphocyte morphology,equivalentClass,characteristic of part of,has part some > characteristic of part of some,restriction_filler,False,False,http://purl.obolibrary.org/obo/CL_0000542,lymphocyte,False,,,,,True
http://purl.obolibrary.org/obo/HP_4000039,Decreased mucosal-associated invariant T cell proportion,inherited,http://purl.obolibrary.org/obo/HP_0001881,Abnormal leukocyte morphology,equivalentClass,characteristic of part of,has part some > characteristic of part of some,restriction_filler,False,False,http://purl.obolibrary.org/obo/CL_0000738,leukocyte,False,,,,,True
http://purl.obolibrary.org/obo/HP_4000056,Abnormal apoptosis,inherited,http://purl.obolibrary.org/obo/HP_0025354,Abnormal cellular phenotype,equivalentClass,characteristic of part of,has part some > characteristic of part of some,restriction_filler,False,False,http://purl.obolibrary.org/obo/CL_0000000,cell,False,,,,,True
http://purl.obolibrary.org/obo/HP_4000056,Abnormal apoptosis,inherited,http://purl.obolibrary.org/obo/HP_0011017,Abnormal cellular physiology,equivalentClass,characteristic of,has part some > characteristic of some,restriction_filler,False,False,http://purl.obolibrary.org/obo/CL_0000000,cell,False,,,,,True
http://purl.obolibrary.org/obo/HP_4000057,Decreased FasL-mediated apoptosis,inherited,http://purl.obolibrary.org/obo/HP_0025354,Abnormal cellular phenotype,equivalentClass,characteristic of part of,has part some > characteristic of part of some,restriction_filler,False,False,http://purl.obolibrary.org/obo/CL_0000000,cell,False,,,,,True
http://purl.obolibrary.org/obo/HP_4000057,Decreased FasL-mediated apoptosis,inherited,http://purl.obolibrary.org/obo/HP_0011017,Abnormal cellular physiology,equivalentClass,characteristic of,has part some > characteristic of some,restriction_filler,False,False,http://purl.obolibrary.org/obo/CL_0000000,cell,False,,,,,True
http://purl.obolibrary.org/obo/HP_4000108,Bone marrow erythroid vacuolization,inherited,http://purl.obolibrary.org/obo/HP_0012130,Abnormal erythroid lineage cell morphology,equivalentClass,characteristic of part of,has part some > characteristic of part of some,restriction_filler,False,False,http://purl.obolibrary.org/obo/CL_0000764,erythroid lineage cell,False,,,,,True
http://purl.obolibrary.org/obo/HP_4000108,Bone marrow erythroid vacuolization,inherited,http://purl.obolibrary.org/obo/HP_0005561,Abnormal bone marrow cell morphology,equivalentClass,characteristic of,has part some > characteristic of some,restriction_filler,False,False,http://purl.obolibrary.org/obo/CL_0002092,bone marrow cell,False,,,,,True
http://purl.obolibrary.org/obo/HP_4000150,Multinucleated neuron,inherited,http://purl.obolibrary.org/obo/HP_0012757,Abnormal neuron morphology,equivalentClass,characteristic of,has part some > characteristic of some,restriction_filler,False,False,http://purl.obolibrary.org/obo/CL_0000540,neuron,False,,,,,True
http://purl.obolibrary.org/obo/HP_4000183,Abnormal erythrocyte adenosine triphosphate concentration,inherited,http://purl.obolibrary.org/obo/HP_0001877,Abnormal erythrocyte morphology,equivalentClass,characteristic of part of,has part some > characteristic of part of some,restriction_filler,False,False,http://purl.obolibrary.org/obo/CL_0000232,erythrocyte,False,,,,,True
http://purl.obolibrary.org/obo/HP_4000184,Reduced erythrocyte adenosine triphosphate concentration,inherited,http://purl.obolibrary.org/obo/HP_0001877,Abnormal erythrocyte morphology,equivalentClass,characteristic of part of,has part some > characteristic of part of some,restriction_filler,False,False,http://purl.obolibrary.org/obo/CL_0000232,erythrocyte,False,,,,,True
http://purl.obolibrary.org/obo/HP_4000186,Elevated erythrocyte adenosine triphosphate concentration,inherited,http://purl.obolibrary.org/obo/HP_0001877,Abnormal erythrocyte morphology,equivalentClass,characteristic of part of,has part some > characteristic of part of some,restriction_filler,False,False,http://purl.obolibrary.org/obo/CL_0000232,erythrocyte,False,,,,,True
http://purl.obolibrary.org/obo/HP_4000199,Reduced erythrocyte porphobilinogen deaminase activity,inherited,http://purl.obolibrary.org/obo/HP_0001877,Abnormal erythrocyte morphology,equivalentClass,characteristic of part of,has part some > characteristic of part of some,restriction_filler,False,False,http://purl.obolibrary.org/obo/CL_0000232,erythrocyte,False,,,,,True
http://purl.obolibrary.org/obo/HP_4000203,Reduced erythrocyte arginase activity,inherited,http://purl.obolibrary.org/obo/HP_0001877,Abnormal erythrocyte morphology,equivalentClass,characteristic of part of,has part some > characteristic of part of some,restriction_filler,False,False,http://purl.obolibrary.org/obo/CL_0000232,erythrocyte,False,,,,,True
http://purl.obolibrary.org/obo/HP_4000208,Reduced erythrocyte galactose-1-phosphate uridylyltransferase activity,inherited,http://purl.obolibrary.org/obo/HP_0001877,Abnormal erythrocyte morphology,equivalentClass,characteristic of part of,has part some > characteristic of part of some,restriction_filler,False,False,http://purl.obolibrary.org/obo/CL_0000232,erythrocyte,False,,,,,True
http://purl.obolibrary.org/obo/HP_4000209,Abnormal erythrocyte adenosine deaminase activity,inherited,http://purl.obolibrary.org/obo/HP_0001877,Abnormal erythrocyte morphology,equivalentClass,characteristic of part of,has part some > characteristic of part of some,restriction_filler,False,False,http://purl.obolibrary.org/obo/CL_0000232,erythrocyte,False,,,,,True
http://purl.obolibrary.org/obo/HP_5200023,Abnormal HLA-DR+ T cell proportion,inherited,http://purl.obolibrary.org/obo/HP_0002843,Abnormal T cell morphology,equivalentClass,characteristic of,has part some > characteristic of some,restriction_filler,False,False,http://purl.obolibrary.org/obo/CL_0000084,T cell,False,,,,,True
http://purl.obolibrary.org/obo/HP_5200023,Abnormal HLA-DR+ T cell proportion,inherited,http://purl.obolibrary.org/obo/HP_0004332,Abnormal lymphocyte morphology,equivalentClass,characteristic of part of,has part some > characteristic of part of some,restriction_filler,False,False,http://purl.obolibrary.org/obo/CL_0000542,lymphocyte,False,,,,,True
http://purl.obolibrary.org/obo/HP_5200023,Abnormal HLA-DR+ T cell proportion,inherited,http://purl.obolibrary.org/obo/HP_0001881,Abnormal leukocyte morphology,equivalentClass,characteristic of part of,has part some > characteristic of part of some,restriction_filler,False,False,http://purl.obolibrary.org/obo/CL_0000738,leukocyte,False,,,,,True
http://purl.obolibrary.org/obo/HP_5200033,Increased HLA-DR+ T cell proportion,inherited,http://purl.obolibrary.org/obo/HP_0002843,Abnormal T cell morphology,equivalentClass,characteristic of,has part some > characteristic of some,restriction_filler,False,False,http://purl.obolibrary.org/obo/CL_0000084,T cell,False,,,,,True
http://purl.obolibrary.org/obo/HP_5200033,Increased HLA-DR+ T cell proportion,inherited,http://purl.obolibrary.org/obo/HP_0004332,Abnormal lymphocyte morphology,equivalentClass,characteristic of part of,has part some > characteristic of part of some,restriction_filler,False,False,http://purl.obolibrary.org/obo/CL_0000542,lymphocyte,False,,,,,True
http://purl.obolibrary.org/obo/HP_5200033,Increased HLA-DR+ T cell proportion,inherited,http://purl.obolibrary.org/obo/HP_0001881,Abnormal leukocyte morphology,equivalentClass,characteristic of part of,has part some > characteristic of part of some,restriction_filler,False,False,http://purl.obolibrary.org/obo/CL_0000738,leukocyte,False,,,,,True
http://purl.obolibrary.org/obo/HP_5200034,Decreased HLA-DR+ T cell proportion,inherited,http://purl.obolibrary.org/obo/HP_0002843,Abnormal T cell morphology,equivalentClass,characteristic of,has part some > characteristic of some,restriction_filler,False,False,http://purl.obolibrary.org/obo/CL_0000084,T cell,False,,,,,True
http://purl.obolibrary.org/obo/HP_5200034,Decreased HLA-DR+ T cell proportion,inherited,http://purl.obolibrary.org/obo/HP_0004332,Abnormal lymphocyte morphology,equivalentClass,characteristic of part of,has part some > characteristic of part of some,restriction_filler,False,False,http://purl.obolibrary.org/obo/CL_0000542,lymphocyte,False,,,,,True
http://purl.obolibrary.org/obo/HP_5200034,Decreased HLA-DR+ T cell proportion,inherited,http://purl.obolibrary.org/obo/HP_0001881,Abnormal leukocyte morphology,equivalentClass,characteristic of part of,has part some > characteristic of part of some,restriction_filler,False,False,http://purl.obolibrary.org/obo/CL_0000738,leukocyte,False,,,,,True
http://purl.obolibrary.org/obo/HP_5210005,Chronic absent circulating IgA,inherited,http://purl.obolibrary.org/obo/HP_0025354,Abnormal cellular phenotype,equivalentClass,characteristic of part of,has part some > characteristic of part of some,restriction_filler,False,False,http://purl.obolibrary.org/obo/CL_0000000,cell,False,,,,,True
http://purl.obolibrary.org/obo/HP_5210005,Chronic absent circulating IgA,inherited,http://purl.obolibrary.org/obo/HP_0011017,Abnormal cellular physiology,equivalentClass,characteristic of,has part some > characteristic of some,restriction_filler,False,False,http://purl.obolibrary.org/obo/CL_0000000,cell,False,,,,,True
http://purl.obolibrary.org/obo/HP_5210005,Chronic absent circulating IgA,inherited,http://purl.obolibrary.org/obo/HP_0005372,Abnormal B cell physiology,equivalentClass,characteristic of,has part some > characteristic of some,restriction_filler,False,False,http://purl.obolibrary.org/obo/CL_0000236,B cell,False,,,,,True
http://purl.obolibrary.org/obo/HP_5210031,Chronic decreased circulating IgM concentration,inherited,http://purl.obolibrary.org/obo/HP_0025354,Abnormal cellular phenotype,equivalentClass,characteristic of part of,has part some > characteristic of part of some,restriction_filler,False,False,http://purl.obolibrary.org/obo/CL_0000000,cell,False,,,,,True
http://purl.obolibrary.org/obo/HP_5210031,Chronic decreased circulating IgM concentration,inherited,http://purl.obolibrary.org/obo/HP_0011017,Abnormal cellular physiology,equivalentClass,characteristic of,has part some > characteristic of some,restriction_filler,False,False,http://purl.obolibrary.org/obo/CL_0000000,cell,False,,,,,True
http://purl.obolibrary.org/obo/HP_5210031,Chronic decreased circulating IgM concentration,inherited,http://purl.obolibrary.org/obo/HP_0005372,Abnormal B cell physiology,equivalentClass,characteristic of,has part some > characteristic of some,restriction_filler,False,False,http://purl.obolibrary.org/obo/CL_0000236,B cell,False,,,,,True
http://purl.obolibrary.org/obo/HP_5210032,Chronic absent circulating IgM,inherited,http://purl.obolibrary.org/obo/HP_0025354,Abnormal cellular phenotype,equivalentClass,characteristic of part of,has part some > characteristic of part of some,restriction_filler,False,False,http://purl.obolibrary.org/obo/CL_0000000,cell,False,,,,,True
http://purl.obolibrary.org/obo/HP_5210032,Chronic absent circulating IgM,inherited,http://purl.obolibrary.org/obo/HP_0011017,Abnormal cellular physiology,equivalentClass,characteristic of,has part some > characteristic of some,restriction_filler,False,False,http://purl.obolibrary.org/obo/CL_0000000,cell,False,,,,,True
http://purl.obolibrary.org/obo/HP_5210032,Chronic absent circulating IgM,inherited,http://purl.obolibrary.org/obo/HP_0005372,Abnormal B cell physiology,equivalentClass,characteristic of,has part some > characteristic of some,restriction_filler,False,False,http://purl.obolibrary.org/obo/CL_0000236,B cell,False,,,,,True
http://purl.obolibrary.org/obo/HP_5210033,Transient decreased circulating IgM concentration,inherited,http://purl.obolibrary.org/obo/HP_0025354,Abnormal cellular phenotype,equivalentClass,characteristic of part of,has part some > characteristic of part of some,restriction_filler,False,False,http://purl.obolibrary.org/obo/CL_0000000,cell,False,,,,,True
http://purl.obolibrary.org/obo/HP_5210033,Transient decreased circulating IgM concentration,inherited,http://purl.obolibrary.org/obo/HP_0011017,Abnormal cellular physiology,equivalentClass,characteristic of,has part some > characteristic of some,restriction_filler,False,False,http://purl.obolibrary.org/obo/CL_0000000,cell,False,,,,,True
http://purl.obolibrary.org/obo/HP_5210033,Transient decreased circulating IgM concentration,inherited,http://purl.obolibrary.org/obo/HP_0005372,Abnormal B cell physiology,equivalentClass,characteristic of,has part some > characteristic of some,restriction_filler,False,False,http://purl.obolibrary.org/obo/CL_0000236,B cell,False,,,,,True
http://purl.obolibrary.org/obo/HP_5210337,Infectious granulomatosis,inherited,http://purl.obolibrary.org/obo/HP_0004311,Abnormal macrophage morphology,equivalentClass,characteristic of part of,has part some > characteristic of part of some,restriction_filler,False,False,http://purl.obolibrary.org/obo/CL_0000235,macrophage,False,,,,,True
http://purl.obolibrary.org/obo/HP_5210337,Infectious granulomatosis,inherited,http://purl.obolibrary.org/obo/HP_0001881,Abnormal leukocyte morphology,equivalentClass,characteristic of part of,has part some > characteristic of part of some,restriction_filler,False,False,http://purl.obolibrary.org/obo/CL_0000738,leukocyte,False,,,,,True
http://purl.obolibrary.org/obo/HP_5210337,Infectious granulomatosis,inherited,http://purl.obolibrary.org/obo/HP_0010974,Abnormal myeloid leukocyte morphology,equivalentClass,characteristic of,has part some > characteristic of some,restriction_filler,False,False,http://purl.obolibrary.org/obo/CL_0000766,myeloid leukocyte,False,,,,,True
http://purl.obolibrary.org/obo/HP_5210338,Non-infectious granulomatosis,inherited,http://purl.obolibrary.org/obo/HP_0004311,Abnormal macrophage morphology,equivalentClass,characteristic of part of,has part some > characteristic of part of some,restriction_filler,False,False,http://purl.obolibrary.org/obo/CL_0000235,macrophage,False,,,,,True
http://purl.obolibrary.org/obo/HP_5210338,Non-infectious granulomatosis,inherited,http://purl.obolibrary.org/obo/HP_0001881,Abnormal leukocyte morphology,equivalentClass,characteristic of part of,has part some > characteristic of part of some,restriction_filler,False,False,http://purl.obolibrary.org/obo/CL_0000738,leukocyte,False,,,,,True
http://purl.obolibrary.org/obo/HP_5210338,Non-infectious granulomatosis,inherited,http://purl.obolibrary.org/obo/HP_0010974,Abnormal myeloid leukocyte morphology,equivalentClass,characteristic of,has part some > characteristic of some,restriction_filler,False,False,http://purl.obolibrary.org/obo/CL_0000766,myeloid leukocyte,False,,,,,True
http://purl.obolibrary.org/obo/HP_5210339,Caseating granulomatosis,inherited,http://purl.obolibrary.org/obo/HP_0004311,Abnormal macrophage morphology,equivalentClass,characteristic of part of,has part some > characteristic of part of some,restriction_filler,False,False,http://purl.obolibrary.org/obo/CL_0000235,macrophage,False,,,,,True
http://purl.obolibrary.org/obo/HP_5210339,Caseating granulomatosis,inherited,http://purl.obolibrary.org/obo/HP_0001881,Abnormal leukocyte morphology,equivalentClass,characteristic of part of,has part some > characteristic of part of some,restriction_filler,False,False,http://purl.obolibrary.org/obo/CL_0000738,leukocyte,False,,,,,True
http://purl.obolibrary.org/obo/HP_5210339,Caseating granulomatosis,inherited,http://purl.obolibrary.org/obo/HP_0010974,Abnormal myeloid leukocyte morphology,equivalentClass,characteristic of,has part some > characteristic of some,restriction_filler,False,False,http://purl.obolibrary.org/obo/CL_0000766,myeloid leukocyte,False,,,,,True
http://purl.obolibrary.org/obo/HP_5210340,Non-caseating granulomatosis,inherited,http://purl.obolibrary.org/obo/HP_0004311,Abnormal macrophage morphology,equivalentClass,characteristic of part of,has part some > characteristic of part of some,restriction_filler,False,False,http://purl.obolibrary.org/obo/CL_0000235,macrophage,False,,,,,True
http://purl.obolibrary.org/obo/HP_5210340,Non-caseating granulomatosis,inherited,http://purl.obolibrary.org/obo/HP_0001881,Abnormal leukocyte morphology,equivalentClass,characteristic of part of,has part some > characteristic of part of some,restriction_filler,False,False,http://purl.obolibrary.org/obo/CL_0000738,leukocyte,False,,,,,True
http://purl.obolibrary.org/obo/HP_5210340,Non-caseating granulomatosis,inherited,http://purl.obolibrary.org/obo/HP_0010974,Abnormal myeloid leukocyte morphology,equivalentClass,characteristic of,has part some > characteristic of some,restriction_filler,False,False,http://purl.obolibrary.org/obo/CL_0000766,myeloid leukocyte,False,,,,,True
http://purl.obolibrary.org/obo/HP_5210341,Granulomatous lymphocytic interstitial lung disease,inherited,http://purl.obolibrary.org/obo/HP_0004311,Abnormal macrophage morphology,equivalentClass,characteristic of part of,has part some > characteristic of part of some,restriction_filler,False,False,http://purl.obolibrary.org/obo/CL_0000235,macrophage,False,,,,,True
http://purl.obolibrary.org/obo/HP_5210341,Granulomatous lymphocytic interstitial lung disease,inherited,http://purl.obolibrary.org/obo/HP_0001881,Abnormal leukocyte morphology,equivalentClass,characteristic of part of,has part some > characteristic of part of some,restriction_filler,False,False,http://purl.obolibrary.org/obo/CL_0000738,leukocyte,False,,,,,True
http://purl.obolibrary.org/obo/HP_5210341,Granulomatous lymphocytic interstitial lung disease,inherited,http://purl.obolibrary.org/obo/HP_0010974,Abnormal myeloid leukocyte morphology,equivalentClass,characteristic of,has part some > characteristic of some,restriction_filler,False,False,http://purl.obolibrary.org/obo/CL_0000766,myeloid leukocyte,False,,,,,True
http://purl.obolibrary.org/obo/HP_5210342,Granulomatous lymphadenopathy,inherited,http://purl.obolibrary.org/obo/HP_0004311,Abnormal macrophage morphology,equivalentClass,characteristic of part of,has part some > characteristic of part of some,restriction_filler,False,False,http://purl.obolibrary.org/obo/CL_0000235,macrophage,False,,,,,True
http://purl.obolibrary.org/obo/HP_5210342,Granulomatous lymphadenopathy,inherited,http://purl.obolibrary.org/obo/HP_0001881,Abnormal leukocyte morphology,equivalentClass,characteristic of part of,has part some > characteristic of part of some,restriction_filler,False,False,http://purl.obolibrary.org/obo/CL_0000738,leukocyte,False,,,,,True
http://purl.obolibrary.org/obo/HP_5210342,Granulomatous lymphadenopathy,inherited,http://purl.obolibrary.org/obo/HP_0010974,Abnormal myeloid leukocyte morphology,equivalentClass,characteristic of,has part some > characteristic of some,restriction_filler,False,False,http://purl.obolibrary.org/obo/CL_0000766,myeloid leukocyte,False,,,,,True
http://purl.obolibrary.org/obo/HP_5210343,Granuloma annulare,inherited,http://purl.obolibrary.org/obo/HP_0004311,Abnormal macrophage morphology,equivalentClass,characteristic of part of,has part some > characteristic of part of some,restriction_filler,False,False,http://purl.obolibrary.org/obo/CL_0000235,macrophage,False,,,,,True
http://purl.obolibrary.org/obo/HP_5210343,Granuloma annulare,inherited,http://purl.obolibrary.org/obo/HP_0001881,Abnormal leukocyte morphology,equivalentClass,characteristic of part of,has part some > characteristic of part of some,restriction_filler,False,False,http://purl.obolibrary.org/obo/CL_0000738,leukocyte,False,,,,,True
http://purl.obolibrary.org/obo/HP_5210343,Granuloma annulare,inherited,http://purl.obolibrary.org/obo/HP_0010974,Abnormal myeloid leukocyte morphology,equivalentClass,characteristic of,has part some > characteristic of some,restriction_filler,False,False,http://purl.obolibrary.org/obo/CL_0000766,myeloid leukocyte,False,,,,,True
http://purl.obolibrary.org/obo/HP_5210344,Granulomatous synovitis,inherited,http://purl.obolibrary.org/obo/HP_0004311,Abnormal macrophage morphology,equivalentClass,characteristic of part of,has part some > characteristic of part of some,restriction_filler,False,False,http://purl.obolibrary.org/obo/CL_0000235,macrophage,False,,,,,True
http://purl.obolibrary.org/obo/HP_5210344,Granulomatous synovitis,inherited,http://purl.obolibrary.org/obo/HP_0001881,Abnormal leukocyte morphology,equivalentClass,characteristic of part of,has part some > characteristic of part of some,restriction_filler,False,False,http://purl.obolibrary.org/obo/CL_0000738,leukocyte,False,,,,,True
http://purl.obolibrary.org/obo/HP_5210344,Granulomatous synovitis,inherited,http://purl.obolibrary.org/obo/HP_0010974,Abnormal myeloid leukocyte morphology,equivalentClass,characteristic of,has part some > characteristic of some,restriction_filler,False,False,http://purl.obolibrary.org/obo/CL_0000766,myeloid leukocyte,False,,,,,True
http://purl.obolibrary.org/obo/HP_5210345,Granulomatous uveitis,inherited,http://purl.obolibrary.org/obo/HP_0004311,Abnormal macrophage morphology,equivalentClass,characteristic of part of,has part some > characteristic of part of some,restriction_filler,False,False,http://purl.obolibrary.org/obo/CL_0000235,macrophage,False,,,,,True
http://purl.obolibrary.org/obo/HP_5210345,Granulomatous uveitis,inherited,http://purl.obolibrary.org/obo/HP_0001881,Abnormal leukocyte morphology,equivalentClass,characteristic of part of,has part some > characteristic of part of some,restriction_filler,False,False,http://purl.obolibrary.org/obo/CL_0000738,leukocyte,False,,,,,True
http://purl.obolibrary.org/obo/HP_5210345,Granulomatous uveitis,inherited,http://purl.obolibrary.org/obo/HP_0010974,Abnormal myeloid leukocyte morphology,equivalentClass,characteristic of,has part some > characteristic of some,restriction_filler,False,False,http://purl.obolibrary.org/obo/CL_0000766,myeloid leukocyte,False,,,,,True
http://purl.obolibrary.org/obo/HP_5210346,Granulomatous gingivitis,inherited,http://purl.obolibrary.org/obo/HP_0004311,Abnormal macrophage morphology,equivalentClass,characteristic of part of,has part some > characteristic of part of some,restriction_filler,False,False,http://purl.obolibrary.org/obo/CL_0000235,macrophage,False,,,,,True
http://purl.obolibrary.org/obo/HP_5210346,Granulomatous gingivitis,inherited,http://purl.obolibrary.org/obo/HP_0001881,Abnormal leukocyte morphology,equivalentClass,characteristic of part of,has part some > characteristic of part of some,restriction_filler,False,False,http://purl.obolibrary.org/obo/CL_0000738,leukocyte,False,,,,,True
http://purl.obolibrary.org/obo/HP_5210346,Granulomatous gingivitis,inherited,http://purl.obolibrary.org/obo/HP_0010974,Abnormal myeloid leukocyte morphology,equivalentClass,characteristic of,has part some > characteristic of some,restriction_filler,False,False,http://purl.obolibrary.org/obo/CL_0000766,myeloid leukocyte,False,,,,,True
http://purl.obolibrary.org/obo/HP_5210347,Granulomatous iritis,inherited,http://purl.obolibrary.org/obo/HP_0004311,Abnormal macrophage morphology,equivalentClass,characteristic of part of,has part some > characteristic of part of some,restriction_filler,False,False,http://purl.obolibrary.org/obo/CL_0000235,macrophage,False,,,,,True
http://purl.obolibrary.org/obo/HP_5210347,Granulomatous iritis,inherited,http://purl.obolibrary.org/obo/HP_0001881,Abnormal leukocyte morphology,equivalentClass,characteristic of part of,has part some > characteristic of part of some,restriction_filler,False,False,http://purl.obolibrary.org/obo/CL_0000738,leukocyte,False,,,,,True
http://purl.obolibrary.org/obo/HP_5210347,Granulomatous iritis,inherited,http://purl.obolibrary.org/obo/HP_0010974,Abnormal myeloid leukocyte morphology,equivalentClass,characteristic of,has part some > characteristic of some,restriction_filler,False,False,http://purl.obolibrary.org/obo/CL_0000766,myeloid leukocyte,False,,,,,True
http://purl.obolibrary.org/obo/HP_5210377,Increased CD4+ TEMRA T cell proportion,inherited,http://purl.obolibrary.org/obo/HP_0002843,Abnormal T cell morphology,equivalentClass,characteristic of,has part some > characteristic of some,restriction_filler,False,False,http://purl.obolibrary.org/obo/CL_0000084,T cell,False,,,,,True
http://purl.obolibrary.org/obo/HP_5210377,Increased CD4+ TEMRA T cell proportion,inherited,http://purl.obolibrary.org/obo/HP_0031392,Abnormal CD4+ T cell subset proportion,equivalentClass,towards,has part some > towards some,restriction_filler,False,False,http://purl.obolibrary.org/obo/CL_0000084,T cell,False,,,,,True
http://purl.obolibrary.org/obo/HP_5210377,Increased CD4+ TEMRA T cell proportion,inherited,http://purl.obolibrary.org/obo/HP_0004332,Abnormal lymphocyte morphology,equivalentClass,characteristic of part of,has part some > characteristic of part of some,restriction_filler,False,False,http://purl.obolibrary.org/obo/CL_0000542,lymphocyte,False,,,,,True
http://purl.obolibrary.org/obo/HP_5210377,Increased CD4+ TEMRA T cell proportion,inherited,http://purl.obolibrary.org/obo/HP_0031392,Abnormal CD4+ T cell subset proportion,equivalentClass,characteristic of,has part some > characteristic of some,intersection_operand,False,False,http://purl.obolibrary.org/obo/CL_0000624,"CD4-positive, alpha-beta T cell",False,,,,,True
http://purl.obolibrary.org/obo/HP_5210377,Increased CD4+ TEMRA T cell proportion,inherited,http://purl.obolibrary.org/obo/HP_0001881,Abnormal leukocyte morphology,equivalentClass,characteristic of part of,has part some > characteristic of part of some,restriction_filler,False,False,http://purl.obolibrary.org/obo/CL_0000738,leukocyte,False,,,,,True
http://purl.obolibrary.org/obo/HP_5210377,Increased CD4+ TEMRA T cell proportion,inherited,http://purl.obolibrary.org/obo/HP_0032182,Abnormal memory T cell proportion,equivalentClass,characteristic of,has part some > characteristic of some,intersection_operand,False,False,http://purl.obolibrary.org/obo/CL_0000813,memory T cell,False,,,,,True
http://purl.obolibrary.org/obo/HP_5210377,Increased CD4+ TEMRA T cell proportion,inherited,http://purl.obolibrary.org/obo/HP_0410379,Abnormal memory CD4+ T cell proportion,equivalentClass,characteristic of,has part some > characteristic of some,intersection_operand,False,False,http://purl.obolibrary.org/obo/CL_0000897,"CD4-positive, alpha-beta memory T cell",False,,,,,True
http://purl.obolibrary.org/obo/HP_5210409,Abnormal effector memory CD4+ T cell proportion,inherited,http://purl.obolibrary.org/obo/HP_0002843,Abnormal T cell morphology,equivalentClass,characteristic of,has part some > characteristic of some,restriction_filler,False,False,http://purl.obolibrary.org/obo/CL_0000084,T cell,False,,,,,True
http://purl.obolibrary.org/obo/HP_5210409,Abnormal effector memory CD4+ T cell proportion,inherited,http://purl.obolibrary.org/obo/HP_0031392,Abnormal CD4+ T cell subset proportion,equivalentClass,towards,has part some > towards some,restriction_filler,False,False,http://purl.obolibrary.org/obo/CL_0000084,T cell,False,,,,,True
http://purl.obolibrary.org/obo/HP_5210409,Abnormal effector memory CD4+ T cell proportion,inherited,http://purl.obolibrary.org/obo/HP_0004332,Abnormal lymphocyte morphology,equivalentClass,characteristic of part of,has part some > characteristic of part of some,restriction_filler,False,False,http://purl.obolibrary.org/obo/CL_0000542,lymphocyte,False,,,,,True
http://purl.obolibrary.org/obo/HP_5210409,Abnormal effector memory CD4+ T cell proportion,inherited,http://purl.obolibrary.org/obo/HP_0031392,Abnormal CD4+ T cell subset proportion,equivalentClass,characteristic of,has part some > characteristic of some,intersection_operand,False,False,http://purl.obolibrary.org/obo/CL_0000624,"CD4-positive, alpha-beta T cell",False,,,,,True
http://purl.obolibrary.org/obo/HP_5210409,Abnormal effector memory CD4+ T cell proportion,inherited,http://purl.obolibrary.org/obo/HP_0001881,Abnormal leukocyte morphology,equivalentClass,characteristic of part of,has part some > characteristic of part of some,restriction_filler,False,False,http://purl.obolibrary.org/obo/CL_0000738,leukocyte,False,,,,,True
http://purl.obolibrary.org/obo/HP_5210409,Abnormal effector memory CD4+ T cell proportion,inherited,http://purl.obolibrary.org/obo/HP_0032182,Abnormal memory T cell proportion,equivalentClass,characteristic of,has part some > characteristic of some,intersection_operand,False,False,http://purl.obolibrary.org/obo/CL_0000813,memory T cell,False,,,,,True
http://purl.obolibrary.org/obo/HP_5210409,Abnormal effector memory CD4+ T cell proportion,inherited,http://purl.obolibrary.org/obo/HP_0410379,Abnormal memory CD4+ T cell proportion,equivalentClass,characteristic of,has part some > characteristic of some,intersection_operand,False,False,http://purl.obolibrary.org/obo/CL_0000897,"CD4-positive, alpha-beta memory T cell",False,,,,,True
http://purl.obolibrary.org/obo/HP_5210410,Abnormal central memory CD4+ T cell proportion,inherited,http://purl.obolibrary.org/obo/HP_0002843,Abnormal T cell morphology,equivalentClass,characteristic of,has part some > characteristic of some,restriction_filler,False,False,http://purl.obolibrary.org/obo/CL_0000084,T cell,False,,,,,True
http://purl.obolibrary.org/obo/HP_5210410,Abnormal central memory CD4+ T cell proportion,inherited,http://purl.obolibrary.org/obo/HP_0031392,Abnormal CD4+ T cell subset proportion,equivalentClass,towards,has part some > towards some,restriction_filler,False,False,http://purl.obolibrary.org/obo/CL_0000084,T cell,False,,,,,True
http://purl.obolibrary.org/obo/HP_5210410,Abnormal central memory CD4+ T cell proportion,inherited,http://purl.obolibrary.org/obo/HP_0004332,Abnormal lymphocyte morphology,equivalentClass,characteristic of part of,has part some > characteristic of part of some,restriction_filler,False,False,http://purl.obolibrary.org/obo/CL_0000542,lymphocyte,False,,,,,True
http://purl.obolibrary.org/obo/HP_5210410,Abnormal central memory CD4+ T cell proportion,inherited,http://purl.obolibrary.org/obo/HP_0031392,Abnormal CD4+ T cell subset proportion,equivalentClass,characteristic of,has part some > characteristic of some,intersection_operand,False,False,http://purl.obolibrary.org/obo/CL_0000624,"CD4-positive, alpha-beta T cell",False,,,,,True
http://purl.obolibrary.org/obo/HP_5210410,Abnormal central memory CD4+ T cell proportion,inherited,http://purl.obolibrary.org/obo/HP_0001881,Abnormal leukocyte morphology,equivalentClass,characteristic of part of,has part some > characteristic of part of some,restriction_filler,False,False,http://purl.obolibrary.org/obo/CL_0000738,leukocyte,False,,,,,True
http://purl.obolibrary.org/obo/HP_5210410,Abnormal central memory CD4+ T cell proportion,inherited,http://purl.obolibrary.org/obo/HP_0032182,Abnormal memory T cell proportion,equivalentClass,characteristic of,has part some > characteristic of some,intersection_operand,False,False,http://purl.obolibrary.org/obo/CL_0000813,memory T cell,False,,,,,True
http://purl.obolibrary.org/obo/HP_5210410,Abnormal central memory CD4+ T cell proportion,inherited,http://purl.obolibrary.org/obo/HP_0410379,Abnormal memory CD4+ T cell proportion,equivalentClass,characteristic of,has part some > characteristic of some,intersection_operand,False,False,http://purl.obolibrary.org/obo/CL_0000897,"CD4-positive, alpha-beta memory T cell",False,,,,,True
http://purl.obolibrary.org/obo/HP_5210411,Decreased total T cell number,inherited,http://purl.obolibrary.org/obo/HP_0002843,Abnormal T cell morphology,equivalentClass,characteristic of,has part some > characteristic of some,restriction_filler,False,False,http://purl.obolibrary.org/obo/CL_0000084,T cell,False,,,,,True
http://purl.obolibrary.org/obo/HP_5210411,Decreased total T cell number,inherited,http://purl.obolibrary.org/obo/HP_0004332,Abnormal lymphocyte morphology,equivalentClass,characteristic of part of,has part some > characteristic of part of some,restriction_filler,False,False,http://purl.obolibrary.org/obo/CL_0000542,lymphocyte,False,,,,,True
http://purl.obolibrary.org/obo/HP_5210411,Decreased total T cell number,inherited,http://purl.obolibrary.org/obo/HP_0040088,Abnormal lymphocyte count,equivalentClass,characteristic of,has part some > characteristic of some,restriction_filler,False,False,http://purl.obolibrary.org/obo/CL_0000542,lymphocyte,False,,,,,True
http://purl.obolibrary.org/obo/HP_5210411,Decreased total T cell number,inherited,http://purl.obolibrary.org/obo/HP_0001881,Abnormal leukocyte morphology,equivalentClass,characteristic of part of,has part some > characteristic of part of some,restriction_filler,False,False,http://purl.obolibrary.org/obo/CL_0000738,leukocyte,False,,,,,True
http://purl.obolibrary.org/obo/HP_5210411,Decreased total T cell number,inherited,http://purl.obolibrary.org/obo/HP_0011893,Abnormal leukocyte count,equivalentClass,characteristic of,has part some > characteristic of some,restriction_filler,False,False,http://purl.obolibrary.org/obo/CL_0000738,leukocyte,False,,,,,True
http://purl.obolibrary.org/obo/HP_5210412,Increased total T cell number,inherited,http://purl.obolibrary.org/obo/HP_0002843,Abnormal T cell morphology,equivalentClass,characteristic of,has part some > characteristic of some,restriction_filler,False,False,http://purl.obolibrary.org/obo/CL_0000084,T cell,False,,,,,True
http://purl.obolibrary.org/obo/HP_5210412,Increased total T cell number,inherited,http://purl.obolibrary.org/obo/HP_0004332,Abnormal lymphocyte morphology,equivalentClass,characteristic of part of,has part some > characteristic of part of some,restriction_filler,False,False,http://purl.obolibrary.org/obo/CL_0000542,lymphocyte,False,,,,,True
http://purl.obolibrary.org/obo/HP_5210412,Increased total T cell number,inherited,http://purl.obolibrary.org/obo/HP_0040088,Abnormal lymphocyte count,equivalentClass,characteristic of,has part some > characteristic of some,restriction_filler,False,False,http://purl.obolibrary.org/obo/CL_0000542,lymphocyte,False,,,,,True
http://purl.obolibrary.org/obo/HP_5210412,Increased total T cell number,inherited,http://purl.obolibrary.org/obo/HP_0001881,Abnormal leukocyte morphology,equivalentClass,characteristic of part of,has part some > characteristic of part of some,restriction_filler,False,False,http://purl.obolibrary.org/obo/CL_0000738,leukocyte,False,,,,,True
http://purl.obolibrary.org/obo/HP_5210412,Increased total T cell number,inherited,http://purl.obolibrary.org/obo/HP_0011893,Abnormal leukocyte count,equivalentClass,characteristic of,has part some > characteristic of some,restriction_filler,False,False,http://purl.obolibrary.org/obo/CL_0000738,leukocyte,False,,,,,True
http://purl.obolibrary.org/obo/HP_5210413,Decreased total T cell proportion,inherited,http://purl.obolibrary.org/obo/HP_0002843,Abnormal T cell morphology,equivalentClass,characteristic of,has part some > characteristic of some,restriction_filler,False,False,http://purl.obolibrary.org/obo/CL_0000084,T cell,False,,,,,True
http://purl.obolibrary.org/obo/HP_5210413,Decreased total T cell proportion,inherited,http://purl.obolibrary.org/obo/HP_0004332,Abnormal lymphocyte morphology,equivalentClass,characteristic of part of,has part some > characteristic of part of some,restriction_filler,False,False,http://purl.obolibrary.org/obo/CL_0000542,lymphocyte,False,,,,,True
http://purl.obolibrary.org/obo/HP_5210413,Decreased total T cell proportion,inherited,http://purl.obolibrary.org/obo/HP_0040088,Abnormal lymphocyte count,equivalentClass,characteristic of,has part some > characteristic of some,restriction_filler,False,False,http://purl.obolibrary.org/obo/CL_0000542,lymphocyte,False,,,,,True
http://purl.obolibrary.org/obo/HP_5210413,Decreased total T cell proportion,inherited,http://purl.obolibrary.org/obo/HP_0001881,Abnormal leukocyte morphology,equivalentClass,characteristic of part of,has part some > characteristic of part of some,restriction_filler,False,False,http://purl.obolibrary.org/obo/CL_0000738,leukocyte,False,,,,,True
http://purl.obolibrary.org/obo/HP_5210413,Decreased total T cell proportion,inherited,http://purl.obolibrary.org/obo/HP_0011893,Abnormal leukocyte count,equivalentClass,characteristic of,has part some > characteristic of some,restriction_filler,False,False,http://purl.obolibrary.org/obo/CL_0000738,leukocyte,False,,,,,True
http://purl.obolibrary.org/obo/HP_5210414,Increased total T cell proportion,inherited,http://purl.obolibrary.org/obo/HP_0002843,Abnormal T cell morphology,equivalentClass,characteristic of,has part some > characteristic of some,restriction_filler,False,False,http://purl.obolibrary.org/obo/CL_0000084,T cell,False,,,,,True
http://purl.obolibrary.org/obo/HP_5210414,Increased total T cell proportion,inherited,http://purl.obolibrary.org/obo/HP_0004332,Abnormal lymphocyte morphology,equivalentClass,characteristic of part of,has part some > characteristic of part of some,restriction_filler,False,False,http://purl.obolibrary.org/obo/CL_0000542,lymphocyte,False,,,,,True
http://purl.obolibrary.org/obo/HP_5210414,Increased total T cell proportion,inherited,http://purl.obolibrary.org/obo/HP_0040088,Abnormal lymphocyte count,equivalentClass,characteristic of,has part some > characteristic of some,restriction_filler,False,False,http://purl.obolibrary.org/obo/CL_0000542,lymphocyte,False,,,,,True
http://purl.obolibrary.org/obo/HP_5210414,Increased total T cell proportion,inherited,http://purl.obolibrary.org/obo/HP_0001881,Abnormal leukocyte morphology,equivalentClass,characteristic of part of,has part some > characteristic of part of some,restriction_filler,False,False,http://purl.obolibrary.org/obo/CL_0000738,leukocyte,False,,,,,True
http://purl.obolibrary.org/obo/HP_5210414,Increased total T cell proportion,inherited,http://purl.obolibrary.org/obo/HP_0011893,Abnormal leukocyte count,equivalentClass,characteristic of,has part some > characteristic of some,restriction_filler,False,False,http://purl.obolibrary.org/obo/CL_0000738,leukocyte,False,,,,,True
http://purl.obolibrary.org/obo/HP_5210415,Decreased total CD4+ T cell number,inherited,http://purl.obolibrary.org/obo/HP_0002843,Abnormal T cell morphology,equivalentClass,characteristic of,has part some > characteristic of some,restriction_filler,False,False,http://purl.obolibrary.org/obo/CL_0000084,T cell,False,,,,,True
http://purl.obolibrary.org/obo/HP_5210415,Decreased total CD4+ T cell number,inherited,http://purl.obolibrary.org/obo/HP_0004332,Abnormal lymphocyte morphology,equivalentClass,characteristic of part of,has part some > characteristic of part of some,restriction_filler,False,False,http://purl.obolibrary.org/obo/CL_0000542,lymphocyte,False,,,,,True
http://purl.obolibrary.org/obo/HP_5210415,Decreased total CD4+ T cell number,inherited,http://purl.obolibrary.org/obo/HP_0001881,Abnormal leukocyte morphology,equivalentClass,characteristic of part of,has part some > characteristic of part of some,restriction_filler,False,False,http://purl.obolibrary.org/obo/CL_0000738,leukocyte,False,,,,,True
http://purl.obolibrary.org/obo/HP_5210416,Increased CD4+ T cell number,inherited,http://purl.obolibrary.org/obo/HP_0002843,Abnormal T cell morphology,equivalentClass,characteristic of,has part some > characteristic of some,restriction_filler,False,False,http://purl.obolibrary.org/obo/CL_0000084,T cell,False,,,,,True
http://purl.obolibrary.org/obo/HP_5210416,Increased CD4+ T cell number,inherited,http://purl.obolibrary.org/obo/HP_0004332,Abnormal lymphocyte morphology,equivalentClass,characteristic of part of,has part some > characteristic of part of some,restriction_filler,False,False,http://purl.obolibrary.org/obo/CL_0000542,lymphocyte,False,,,,,True
http://purl.obolibrary.org/obo/HP_5210416,Increased CD4+ T cell number,inherited,http://purl.obolibrary.org/obo/HP_0001881,Abnormal leukocyte morphology,equivalentClass,characteristic of part of,has part some > characteristic of part of some,restriction_filler,False,False,http://purl.obolibrary.org/obo/CL_0000738,leukocyte,False,,,,,True
http://purl.obolibrary.org/obo/HP_5210417,Increased total CD4+ T cell count,inherited,http://purl.obolibrary.org/obo/HP_0002843,Abnormal T cell morphology,equivalentClass,characteristic of,has part some > characteristic of some,restriction_filler,False,False,http://purl.obolibrary.org/obo/CL_0000084,T cell,False,,,,,True
http://purl.obolibrary.org/obo/HP_5210417,Increased total CD4+ T cell count,inherited,http://purl.obolibrary.org/obo/HP_0004332,Abnormal lymphocyte morphology,equivalentClass,characteristic of part of,has part some > characteristic of part of some,restriction_filler,False,False,http://purl.obolibrary.org/obo/CL_0000542,lymphocyte,False,,,,,True
http://purl.obolibrary.org/obo/HP_5210417,Increased total CD4+ T cell count,inherited,http://purl.obolibrary.org/obo/HP_0001881,Abnormal leukocyte morphology,equivalentClass,characteristic of part of,has part some > characteristic of part of some,restriction_filler,False,False,http://purl.obolibrary.org/obo/CL_0000738,leukocyte,False,,,,,True
http://purl.obolibrary.org/obo/HP_5210418,Decreased total CD4+ T cell count,inherited,http://purl.obolibrary.org/obo/HP_0002843,Abnormal T cell morphology,equivalentClass,characteristic of,has part some > characteristic of some,restriction_filler,False,False,http://purl.obolibrary.org/obo/CL_0000084,T cell,False,,,,,True
http://purl.obolibrary.org/obo/HP_5210418,Decreased total CD4+ T cell count,inherited,http://purl.obolibrary.org/obo/HP_0004332,Abnormal lymphocyte morphology,equivalentClass,characteristic of part of,has part some > characteristic of part of some,restriction_filler,False,False,http://purl.obolibrary.org/obo/CL_0000542,lymphocyte,False,,,,,True
http://purl.obolibrary.org/obo/HP_5210418,Decreased total CD4+ T cell count,inherited,http://purl.obolibrary.org/obo/HP_0001881,Abnormal leukocyte morphology,equivalentClass,characteristic of part of,has part some > characteristic of part of some,restriction_filler,False,False,http://purl.obolibrary.org/obo/CL_0000738,leukocyte,False,,,,,True
http://purl.obolibrary.org/obo/HP_5210424,Increased total CD8+ T cell number,inherited,http://purl.obolibrary.org/obo/HP_0002843,Abnormal T cell morphology,equivalentClass,characteristic of,has part some > characteristic of some,restriction_filler,False,False,http://purl.obolibrary.org/obo/CL_0000084,T cell,False,,,,,True
http://purl.obolibrary.org/obo/HP_5210424,Increased total CD8+ T cell number,inherited,http://purl.obolibrary.org/obo/HP_0031393,Abnormal total CD8+ T cell number,equivalentClass,towards,has part some > towards some,restriction_filler,False,False,http://purl.obolibrary.org/obo/CL_0000084,T cell,False,,,,,True
http://purl.obolibrary.org/obo/HP_5210424,Increased total CD8+ T cell number,inherited,http://purl.obolibrary.org/obo/HP_0004332,Abnormal lymphocyte morphology,equivalentClass,characteristic of part of,has part some > characteristic of part of some,restriction_filler,False,False,http://purl.obolibrary.org/obo/CL_0000542,lymphocyte,False,,,,,True
http://purl.obolibrary.org/obo/HP_5210424,Increased total CD8+ T cell number,inherited,http://purl.obolibrary.org/obo/HP_0031393,Abnormal total CD8+ T cell number,equivalentClass,characteristic of,has part some > characteristic of some,intersection_operand,False,False,http://purl.obolibrary.org/obo/CL_0000625,"CD8-positive, alpha-beta T cell",False,,,,,True
http://purl.obolibrary.org/obo/HP_5210424,Increased total CD8+ T cell number,inherited,http://purl.obolibrary.org/obo/HP_0001881,Abnormal leukocyte morphology,equivalentClass,characteristic of part of,has part some > characteristic of part of some,restriction_filler,False,False,http://purl.obolibrary.org/obo/CL_0000738,leukocyte,False,,,,,True
http://purl.obolibrary.org/obo/HP_5210425,Decreased total CD8+ T cell number,inherited,http://purl.obolibrary.org/obo/HP_0002843,Abnormal T cell morphology,equivalentClass,characteristic of,has part some > characteristic of some,restriction_filler,False,False,http://purl.obolibrary.org/obo/CL_0000084,T cell,False,,,,,True
http://purl.obolibrary.org/obo/HP_5210425,Decreased total CD8+ T cell number,inherited,http://purl.obolibrary.org/obo/HP_0031393,Abnormal total CD8+ T cell number,equivalentClass,towards,has part some > towards some,restriction_filler,False,False,http://purl.obolibrary.org/obo/CL_0000084,T cell,False,,,,,True
http://purl.obolibrary.org/obo/HP_5210425,Decreased total CD8+ T cell number,inherited,http://purl.obolibrary.org/obo/HP_0004332,Abnormal lymphocyte morphology,equivalentClass,characteristic of part of,has part some > characteristic of part of some,restriction_filler,False,False,http://purl.obolibrary.org/obo/CL_0000542,lymphocyte,False,,,,,True
http://purl.obolibrary.org/obo/HP_5210425,Decreased total CD8+ T cell number,inherited,http://purl.obolibrary.org/obo/HP_0031393,Abnormal total CD8+ T cell number,equivalentClass,characteristic of,has part some > characteristic of some,intersection_operand,False,False,http://purl.obolibrary.org/obo/CL_0000625,"CD8-positive, alpha-beta T cell",False,,,,,True
http://purl.obolibrary.org/obo/HP_5210425,Decreased total CD8+ T cell number,inherited,http://purl.obolibrary.org/obo/HP_0001881,Abnormal leukocyte morphology,equivalentClass,characteristic of part of,has part some > characteristic of part of some,restriction_filler,False,False,http://purl.obolibrary.org/obo/CL_0000738,leukocyte,False,,,,,True
http://purl.obolibrary.org/obo/HP_5210426,Decreased total CD8+ T cell count,inherited,http://purl.obolibrary.org/obo/HP_0002843,Abnormal T cell morphology,equivalentClass,characteristic of,has part some > characteristic of some,restriction_filler,False,False,http://purl.obolibrary.org/obo/CL_0000084,T cell,False,,,,,True
http://purl.obolibrary.org/obo/HP_5210426,Decreased total CD8+ T cell count,inherited,http://purl.obolibrary.org/obo/HP_0031393,Abnormal total CD8+ T cell number,equivalentClass,towards,has part some > towards some,restriction_filler,False,False,http://purl.obolibrary.org/obo/CL_0000084,T cell,False,,,,,True
http://purl.obolibrary.org/obo/HP_5210426,Decreased total CD8+ T cell count,inherited,http://purl.obolibrary.org/obo/HP_0004332,Abnormal lymphocyte morphology,equivalentClass,characteristic of part of,has part some > characteristic of part of some,restriction_filler,False,False,http://purl.obolibrary.org/obo/CL_0000542,lymphocyte,False,,,,,True
http://purl.obolibrary.org/obo/HP_5210426,Decreased total CD8+ T cell count,inherited,http://purl.obolibrary.org/obo/HP_0031393,Abnormal total CD8+ T cell number,equivalentClass,characteristic of,has part some > characteristic of some,intersection_operand,False,False,http://purl.obolibrary.org/obo/CL_0000625,"CD8-positive, alpha-beta T cell",False,,,,,True
http://purl.obolibrary.org/obo/HP_5210426,Decreased total CD8+ T cell count,inherited,http://purl.obolibrary.org/obo/HP_0001881,Abnormal leukocyte morphology,equivalentClass,characteristic of part of,has part some > characteristic of part of some,restriction_filler,False,False,http://purl.obolibrary.org/obo/CL_0000738,leukocyte,False,,,,,True
http://purl.obolibrary.org/obo/HP_5210427,Increased total CD8+ T cell count,inherited,http://purl.obolibrary.org/obo/HP_0002843,Abnormal T cell morphology,equivalentClass,characteristic of,has part some > characteristic of some,restriction_filler,False,False,http://purl.obolibrary.org/obo/CL_0000084,T cell,False,,,,,True
http://purl.obolibrary.org/obo/HP_5210427,Increased total CD8+ T cell count,inherited,http://purl.obolibrary.org/obo/HP_0031393,Abnormal total CD8+ T cell number,equivalentClass,towards,has part some > towards some,restriction_filler,False,False,http://purl.obolibrary.org/obo/CL_0000084,T cell,False,,,,,True
http://purl.obolibrary.org/obo/HP_5210427,Increased total CD8+ T cell count,inherited,http://purl.obolibrary.org/obo/HP_0004332,Abnormal lymphocyte morphology,equivalentClass,characteristic of part of,has part some > characteristic of part of some,restriction_filler,False,False,http://purl.obolibrary.org/obo/CL_0000542,lymphocyte,False,,,,,True
http://purl.obolibrary.org/obo/HP_5210427,Increased total CD8+ T cell count,inherited,http://purl.obolibrary.org/obo/HP_0031393,Abnormal total CD8+ T cell number,equivalentClass,characteristic of,has part some > characteristic of some,intersection_operand,False,False,http://purl.obolibrary.org/obo/CL_0000625,"CD8-positive, alpha-beta T cell",False,,,,,True
http://purl.obolibrary.org/obo/HP_5210427,Increased total CD8+ T cell count,inherited,http://purl.obolibrary.org/obo/HP_0001881,Abnormal leukocyte morphology,equivalentClass,characteristic of part of,has part some > characteristic of part of some,restriction_filler,False,False,http://purl.obolibrary.org/obo/CL_0000738,leukocyte,False,,,,,True
http://purl.obolibrary.org/obo/HP_6000036,Long telomere length,inherited,http://purl.obolibrary.org/obo/HP_0025354,Abnormal cellular phenotype,equivalentClass,characteristic of part of,has part some > characteristic of part of some,restriction_filler,False,False,http://purl.obolibrary.org/obo/CL_0000000,cell,False,,,,,True
http://purl.obolibrary.org/obo/HP_6000036,Long telomere length,inherited,http://purl.obolibrary.org/obo/HP_0025461,Abnormal cell morphology,equivalentClass,characteristic of,has part some > characteristic of some,restriction_filler,False,False,http://purl.obolibrary.org/obo/CL_0000000,cell,False,,,,,True
http://purl.obolibrary.org/obo/HP_6000132,Reduced erythrocyte gamma-glutamyl cysteine synthetase activity,inherited,http://purl.obolibrary.org/obo/HP_0001877,Abnormal erythrocyte morphology,equivalentClass,characteristic of part of,has part some > characteristic of part of some,restriction_filler,False,False,http://purl.obolibrary.org/obo/CL_0000232,erythrocyte,False,,,,,True
http://purl.obolibrary.org/obo/HP_6000133,Decreased erythrocyte nicotinamide adenine dinucleotide-cytochrome b5 reductase activity,inherited,http://purl.obolibrary.org/obo/HP_0001877,Abnormal erythrocyte morphology,equivalentClass,characteristic of part of,has part some > characteristic of part of some,restriction_filler,False,False,http://purl.obolibrary.org/obo/CL_0000232,erythrocyte,False,,,,,True
http://purl.obolibrary.org/obo/HP_6000150,Reduced F-wave amplitude,inherited,http://purl.obolibrary.org/obo/HP_0003134,Abnormality of peripheral nerve conduction,equivalentClass,characteristic of,has part some > characteristic of some,restriction_filler,False,False,http://purl.obolibrary.org/obo/CL_2000032,peripheral nervous system neuron,False,,,,,True
http://purl.obolibrary.org/obo/HP_6000151,Enlarged peroxisomes,inherited,http://purl.obolibrary.org/obo/HP_0025354,Abnormal cellular phenotype,equivalentClass,characteristic of part of,has part some > characteristic of part of some,restriction_filler,False,False,http://purl.obolibrary.org/obo/CL_0000000,cell,False,,,,,True
http://purl.obolibrary.org/obo/HP_6000151,Enlarged peroxisomes,inherited,http://purl.obolibrary.org/obo/HP_0025461,Abnormal cell morphology,equivalentClass,characteristic of,has part some > characteristic of some,restriction_filler,False,False,http://purl.obolibrary.org/obo/CL_0000000,cell,False,,,,,True
http://purl.obolibrary.org/obo/HP_6000154,Bone marrow granuloma,inherited,http://purl.obolibrary.org/obo/HP_0005561,Abnormal bone marrow cell morphology,equivalentClass,characteristic of,has part some > characteristic of some,restriction_filler,False,False,http://purl.obolibrary.org/obo/CL_0002092,bone marrow cell,False,,,,,True
http://purl.obolibrary.org/obo/HP_6000155,Neuronal intranuclear inclusion bodies,inherited,http://purl.obolibrary.org/obo/HP_0025354,Abnormal cellular phenotype,equivalentClass,characteristic of part of,has part some > characteristic of part of some,restriction_filler,False,False,http://purl.obolibrary.org/obo/CL_0000000,cell,False,,,,,True
http://purl.obolibrary.org/obo/HP_6000155,Neuronal intranuclear inclusion bodies,inherited,http://purl.obolibrary.org/obo/HP_0025461,Abnormal cell morphology,equivalentClass,characteristic of,has part some > characteristic of some,restriction_filler,False,False,http://purl.obolibrary.org/obo/CL_0000000,cell,False,,,,,True
http://purl.obolibrary.org/obo/HP_6000155,Neuronal intranuclear inclusion bodies,inherited,http://purl.obolibrary.org/obo/HP_0012757,Abnormal neuron morphology,equivalentClass,characteristic of,has part some > characteristic of some,restriction_filler,False,False,http://purl.obolibrary.org/obo/CL_0000540,neuron,False,,,,,True
http://purl.obolibrary.org/obo/HP_6000158,Unesterified cholesterol accumulation in cultured fibroblasts,inherited,http://purl.obolibrary.org/obo/HP_0025354,Abnormal cellular phenotype,equivalentClass,characteristic of part of,has part some > characteristic of part of some,restriction_filler,False,False,http://purl.obolibrary.org/obo/CL_0000000,cell,False,,,,,True
http://purl.obolibrary.org/obo/HP_6000158,Unesterified cholesterol accumulation in cultured fibroblasts,inherited,http://purl.obolibrary.org/obo/HP_0011017,Abnormal cellular physiology,equivalentClass,characteristic of,has part some > characteristic of some,restriction_filler,False,False,http://purl.obolibrary.org/obo/CL_0000000,cell,False,,,,,True
http://purl.obolibrary.org/obo/HP_6000261,Absent circulating kappa chain-bearing immunoglobulin,inherited,http://purl.obolibrary.org/obo/HP_0025354,Abnormal cellular phenotype,equivalentClass,characteristic of part of,has part some > characteristic of part of some,restriction_filler,False,False,http://purl.obolibrary.org/obo/CL_0000000,cell,False,,,,,True
http://purl.obolibrary.org/obo/HP_6000261,Absent circulating kappa chain-bearing immunoglobulin,inherited,http://purl.obolibrary.org/obo/HP_0011017,Abnormal cellular physiology,equivalentClass,characteristic of,has part some > characteristic of some,restriction_filler,False,False,http://purl.obolibrary.org/obo/CL_0000000,cell,False,,,,,True
http://purl.obolibrary.org/obo/HP_6000261,Absent circulating kappa chain-bearing immunoglobulin,inherited,http://purl.obolibrary.org/obo/HP_0005372,Abnormal B cell physiology,equivalentClass,characteristic of,has part some > characteristic of some,restriction_filler,False,False,http://purl.obolibrary.org/obo/CL_0000236,B cell,False,,,,,True
http://purl.obolibrary.org/obo/HP_6000316,Spastic monoplegia,inherited,http://purl.obolibrary.org/obo/HP_0002493,Upper motor neuron dysfunction,equivalentClass,characteristic of,has part some > characteristic of some,intersection_operand,False,False,http://purl.obolibrary.org/obo/CL_0000540,neuron,False,,,,,True
http://purl.obolibrary.org/obo/HP_6000328,Absent zona pellucida,inherited,http://purl.obolibrary.org/obo/HP_0025354,Abnormal cellular phenotype,equivalentClass,characteristic of part of,has part some > characteristic of part of some,restriction_filler,False,False,http://purl.obolibrary.org/obo/CL_0000000,cell,False,,,,,True
http://purl.obolibrary.org/obo/HP_6000328,Absent zona pellucida,inherited,http://purl.obolibrary.org/obo/HP_0025461,Abnormal cell morphology,equivalentClass,characteristic of,has part some > characteristic of some,restriction_filler,False,False,http://purl.obolibrary.org/obo/CL_0000000,cell,False,,,,,True
http://purl.obolibrary.org/obo/HP_6000473,Decreased FOXP3-expressing T cell count,inherited,http://purl.obolibrary.org/obo/HP_0002843,Abnormal T cell morphology,equivalentClass,characteristic of,has part some > characteristic of some,restriction_filler,False,False,http://purl.obolibrary.org/obo/CL_0000084,T cell,False,,,,,True
http://purl.obolibrary.org/obo/HP_6000473,Decreased FOXP3-expressing T cell count,inherited,http://purl.obolibrary.org/obo/HP_0004332,Abnormal lymphocyte morphology,equivalentClass,characteristic of part of,has part some > characteristic of part of some,restriction_filler,False,False,http://purl.obolibrary.org/obo/CL_0000542,lymphocyte,False,,,,,True
http://purl.obolibrary.org/obo/HP_6000473,Decreased FOXP3-expressing T cell count,inherited,http://purl.obolibrary.org/obo/HP_0001881,Abnormal leukocyte morphology,equivalentClass,characteristic of part of,has part some > characteristic of part of some,restriction_filler,False,False,http://purl.obolibrary.org/obo/CL_0000738,leukocyte,False,,,,,True
http://purl.obolibrary.org/obo/HP_6000501,Ruffled acrosome,inherited,http://purl.obolibrary.org/obo/HP_0012863,Abnormal male germ cell morphology,equivalentClass,characteristic of,has part some > characteristic of some,restriction_filler,False,False,http://purl.obolibrary.org/obo/CL_0000015,male germ cell,False,,,,,True
http://purl.obolibrary.org/obo/HP_6000501,Ruffled acrosome,inherited,http://purl.obolibrary.org/obo/HP_0012864,Abnormal sperm morphology,equivalentClass,characteristic of,has part some > characteristic of some,restriction_filler,False,False,http://purl.obolibrary.org/obo/CL_0000019,sperm,False,,,,,True
http://purl.obolibrary.org/obo/HP_6000501,Ruffled acrosome,inherited,http://purl.obolibrary.org/obo/HP_0012862,Abnormal germ cell morphology,equivalentClass,characteristic of,has part some > characteristic of some,restriction_filler,False,False,http://purl.obolibrary.org/obo/CL_0000586,germ cell,False,,,,,True
http://purl.obolibrary.org/obo/HP_6000510,Elevated erythrocyte inosine triphosphate concentration,inherited,http://purl.obolibrary.org/obo/HP_0001877,Abnormal erythrocyte morphology,equivalentClass,characteristic of part of,has part some > characteristic of part of some,restriction_filler,False,False,http://purl.obolibrary.org/obo/CL_0000232,erythrocyte,False,,,,,True
http://purl.obolibrary.org/obo/HP_6000511,Reduced erythrocyte inosine triphosphatase activity,inherited,http://purl.obolibrary.org/obo/HP_0001877,Abnormal erythrocyte morphology,equivalentClass,characteristic of part of,has part some > characteristic of part of some,restriction_filler,False,False,http://purl.obolibrary.org/obo/CL_0000232,erythrocyte,False,,,,,True
http://purl.obolibrary.org/obo/HP_6000513,Diminished neutrophil myeloperoxidase activity,inherited,http://purl.obolibrary.org/obo/HP_0001911,Abnormal granulocyte morphology,equivalentClass,characteristic of part of,has part some > characteristic of part of some,restriction_filler,False,False,http://purl.obolibrary.org/obo/CL_0000094,granulocyte,False,,,,,True
http://purl.obolibrary.org/obo/HP_6000513,Diminished neutrophil myeloperoxidase activity,inherited,http://purl.obolibrary.org/obo/HP_0001881,Abnormal leukocyte morphology,equivalentClass,characteristic of part of,has part some > characteristic of part of some,restriction_filler,False,False,http://purl.obolibrary.org/obo/CL_0000738,leukocyte,False,,,,,True
http://purl.obolibrary.org/obo/HP_6000513,Diminished neutrophil myeloperoxidase activity,inherited,http://purl.obolibrary.org/obo/HP_0010974,Abnormal myeloid leukocyte morphology,equivalentClass,characteristic of,has part some > characteristic of some,restriction_filler,False,False,http://purl.obolibrary.org/obo/CL_0000766,myeloid leukocyte,False,,,,,True
http://purl.obolibrary.org/obo/HP_6000513,Diminished neutrophil myeloperoxidase activity,inherited,http://purl.obolibrary.org/obo/HP_0001874,Abnormality of neutrophils,equivalentClass,characteristic of part of,has part some > characteristic of part of some,restriction_filler,False,False,http://purl.obolibrary.org/obo/CL_0000775,neutrophil,False,,,,,True
http://purl.obolibrary.org/obo/HP_6000514,Reduced erythrocyte uroporphyrinogen III cosynthase activity,inherited,http://purl.obolibrary.org/obo/HP_0001877,Abnormal erythrocyte morphology,equivalentClass,characteristic of part of,has part some > characteristic of part of some,restriction_filler,False,False,http://purl.obolibrary.org/obo/CL_0000232,erythrocyte,False,,,,,True
http://purl.obolibrary.org/obo/HP_6000525,Reduced erythrocyte glutathione reductase activity,inherited,http://purl.obolibrary.org/obo/HP_0001877,Abnormal erythrocyte morphology,equivalentClass,characteristic of part of,has part some > characteristic of part of some,restriction_filler,False,False,http://purl.obolibrary.org/obo/CL_0000232,erythrocyte,False,,,,,True
http://purl.obolibrary.org/obo/HP_6000555,"Decreased erythrocyte fructose-1,6-bisphosphate aldolase activity",inherited,http://purl.obolibrary.org/obo/HP_0001877,Abnormal erythrocyte morphology,equivalentClass,characteristic of part of,has part some > characteristic of part of some,restriction_filler,False,False,http://purl.obolibrary.org/obo/CL_0000232,erythrocyte,False,,,,,True
http://purl.obolibrary.org/obo/HP_6000557,Reduced erythrocyte bisphosphoglycerate mutase activity,inherited,http://purl.obolibrary.org/obo/HP_0001877,Abnormal erythrocyte morphology,equivalentClass,characteristic of part of,has part some > characteristic of part of some,restriction_filler,False,False,http://purl.obolibrary.org/obo/CL_0000232,erythrocyte,False,,,,,True
http://purl.obolibrary.org/obo/HP_6000558,Reduced erythrocyte adenylate kinase activity,inherited,http://purl.obolibrary.org/obo/HP_0001877,Abnormal erythrocyte morphology,equivalentClass,characteristic of part of,has part some > characteristic of part of some,restriction_filler,False,False,http://purl.obolibrary.org/obo/CL_0000232,erythrocyte,False,,,,,True
http://purl.obolibrary.org/obo/HP_6000559,Reduced erythrocyte hexokinase activity,inherited,http://purl.obolibrary.org/obo/HP_0001877,Abnormal erythrocyte morphology,equivalentClass,characteristic of part of,has part some > characteristic of part of some,restriction_filler,False,False,http://purl.obolibrary.org/obo/CL_0000232,erythrocyte,False,,,,,True
http://purl.obolibrary.org/obo/HP_6000561,Elevated red cell pyruvate kinase activity,inherited,http://purl.obolibrary.org/obo/HP_0001877,Abnormal erythrocyte morphology,equivalentClass,characteristic of part of,has part some > characteristic of part of some,restriction_filler,False,False,http://purl.obolibrary.org/obo/CL_0000232,erythrocyte,False,,,,,True
http://purl.obolibrary.org/obo/HP_6000610,Elevated erythrocyte galactose-1-phosphate concentration,inherited,http://purl.obolibrary.org/obo/HP_0001877,Abnormal erythrocyte morphology,equivalentClass,characteristic of part of,has part some > characteristic of part of some,restriction_filler,False,False,http://purl.obolibrary.org/obo/CL_0000232,erythrocyte,False,,,,,True
http://purl.obolibrary.org/obo/HP_6000635,Breast granuloma,inherited,http://purl.obolibrary.org/obo/HP_0004311,Abnormal macrophage morphology,equivalentClass,characteristic of part of,has part some > characteristic of part of some,restriction_filler,False,False,http://purl.obolibrary.org/obo/CL_0000235,macrophage,False,,,,,True
http://purl.obolibrary.org/obo/HP_6000635,Breast granuloma,inherited,http://purl.obolibrary.org/obo/HP_0001881,Abnormal leukocyte morphology,equivalentClass,characteristic of part of,has part some > characteristic of part of some,restriction_filler,False,False,http://purl.obolibrary.org/obo/CL_0000738,leukocyte,False,,,,,True
http://purl.obolibrary.org/obo/HP_6000635,Breast granuloma,inherited,http://purl.obolibrary.org/obo/HP_0010974,Abnormal myeloid leukocyte morphology,equivalentClass,characteristic of,has part some > characteristic of some,restriction_filler,False,False,http://purl.obolibrary.org/obo/CL_0000766,myeloid leukocyte,False,,,,,True
http://purl.obolibrary.org/obo/HP_6000639,PAS-positive lymphocyte vacuolization,inherited,http://purl.obolibrary.org/obo/HP_0004332,Abnormal lymphocyte morphology,equivalentClass,characteristic of part of,has part some > characteristic of part of some,restriction_filler,False,False,http://purl.obolibrary.org/obo/CL_0000542,lymphocyte,False,,,,,True
http://purl.obolibrary.org/obo/HP_6000639,PAS-positive lymphocyte vacuolization,inherited,http://purl.obolibrary.org/obo/HP_0001922,Vacuolated lymphocytes,equivalentClass,characteristic of,has part some > characteristic of some,restriction_filler,False,False,http://purl.obolibrary.org/obo/CL_0000542,lymphocyte,False,,,,,True
http://purl.obolibrary.org/obo/HP_6000639,PAS-positive lymphocyte vacuolization,inherited,http://purl.obolibrary.org/obo/HP_0001881,Abnormal leukocyte morphology,equivalentClass,characteristic of part of,has part some > characteristic of part of some,restriction_filler,False,False,http://purl.obolibrary.org/obo/CL_0000738,leukocyte,False,,,,,True
http://purl.obolibrary.org/obo/HP_6000640,Lipid-laden bone-marrow macrophages,inherited,http://purl.obolibrary.org/obo/HP_0005561,Abnormal bone marrow cell morphology,equivalentClass,characteristic of,has part some > characteristic of some,restriction_filler,False,False,http://purl.obolibrary.org/obo/CL_0002092,bone marrow cell,False,,,,,True
http://purl.obolibrary.org/obo/HP_6000641,Bone marrow monocytosis,inherited,http://purl.obolibrary.org/obo/HP_0005561,Abnormal bone marrow cell morphology,equivalentClass,characteristic of,has part some > characteristic of some,restriction_filler,False,False,http://purl.obolibrary.org/obo/CL_0002092,bone marrow cell,False,,,,,True
http://purl.obolibrary.org/obo/HP_6000659,Elevated muscle fiber laminin alpha 5 expression,inherited,http://purl.obolibrary.org/obo/HP_0004303,Abnormal muscle fiber morphology,equivalentClass,characteristic of part of,has part some > characteristic of part of some,restriction_filler,False,False,http://purl.obolibrary.org/obo/CL_0000188,cell of skeletal muscle,False,,,,,True
http://purl.obolibrary.org/obo/HP_6000659,Elevated muscle fiber laminin alpha 5 expression,inherited,http://purl.obolibrary.org/obo/HP_0030089,Abnormal muscle fiber protein expression,equivalentClass,part of,has part some > characteristic of some > part of some,restriction_filler,False,False,http://purl.obolibrary.org/obo/CL_0008002,skeletal muscle fiber,False,,,,,True
http://purl.obolibrary.org/obo/HP_6000677,Increased total natural killer cell count,inherited,http://purl.obolibrary.org/obo/HP_0004332,Abnormal lymphocyte morphology,equivalentClass,characteristic of part of,has part some > characteristic of part of some,restriction_filler,False,False,http://purl.obolibrary.org/obo/CL_0000542,lymphocyte,False,,,,,True
http://purl.obolibrary.org/obo/HP_6000677,Increased total natural killer cell count,inherited,http://purl.obolibrary.org/obo/HP_0012176,Abnormal natural killer cell morphology,equivalentClass,characteristic of,has part some > characteristic of some,restriction_filler,False,False,http://purl.obolibrary.org/obo/CL_0000623,natural killer cell,False,,,,,True
http://purl.obolibrary.org/obo/HP_6000677,Increased total natural killer cell count,inherited,http://purl.obolibrary.org/obo/HP_0001881,Abnormal leukocyte morphology,equivalentClass,characteristic of part of,has part some > characteristic of part of some,restriction_filler,False,False,http://purl.obolibrary.org/obo/CL_0000738,leukocyte,False,,,,,True
http://purl.obolibrary.org/obo/HP_6000717,Axonal spheroids,inherited,http://purl.obolibrary.org/obo/HP_0012757,Abnormal neuron morphology,equivalentClass,characteristic of,has part some > characteristic of some,restriction_filler,False,False,http://purl.obolibrary.org/obo/CL_0000540,neuron,False,,,,,True
http://purl.obolibrary.org/obo/HP_6000723,Reduced erythrocyte galactokinase activity,inherited,http://purl.obolibrary.org/obo/HP_0001877,Abnormal erythrocyte morphology,equivalentClass,characteristic of part of,has part some > characteristic of part of some,restriction_filler,False,False,http://purl.obolibrary.org/obo/CL_0000232,erythrocyte,False,,,,,True
http://purl.obolibrary.org/obo/HP_6000752,Elevated erythrocyte AICA-ribotide concentration,inherited,http://purl.obolibrary.org/obo/HP_0001877,Abnormal erythrocyte morphology,equivalentClass,characteristic of part of,has part some > characteristic of part of some,restriction_filler,False,False,http://purl.obolibrary.org/obo/CL_0000232,erythrocyte,False,,,,,True
http://purl.obolibrary.org/obo/HP_6000893,Gaucher cells,inherited,http://purl.obolibrary.org/obo/HP_0025354,Abnormal cellular phenotype,equivalentClass,characteristic of part of,has part some > characteristic of part of some,restriction_filler,False,False,http://purl.obolibrary.org/obo/CL_0000000,cell,False,,,,,True
http://purl.obolibrary.org/obo/HP_6000893,Gaucher cells,inherited,http://purl.obolibrary.org/obo/HP_0025461,Abnormal cell morphology,equivalentClass,characteristic of,has part some > characteristic of some,restriction_filler,False,False,http://purl.obolibrary.org/obo/CL_0000000,cell,False,,,,,True
http://purl.obolibrary.org/obo/HP_6000977,Muscle vacuoles,inherited,http://purl.obolibrary.org/obo/HP_0004303,Abnormal muscle fiber morphology,equivalentClass,characteristic of part of,has part some > characteristic of part of some,restriction_filler,False,False,http://purl.obolibrary.org/obo/CL_0000188,cell of skeletal muscle,False,,,,,True
http://purl.obolibrary.org/obo/HP_6000978,Nonrimmed muscle vacuoles,inherited,http://purl.obolibrary.org/obo/HP_0004303,Abnormal muscle fiber morphology,equivalentClass,characteristic of part of,has part some > characteristic of part of some,restriction_filler,False,False,http://purl.obolibrary.org/obo/CL_0000188,cell of skeletal muscle,False,,,,,True
http://purl.obolibrary.org/obo/HP_6000980,Bone marrow hemophagocytosis,inherited,http://purl.obolibrary.org/obo/HP_0004311,Abnormal macrophage morphology,equivalentClass,characteristic of part of,has part some > characteristic of part of some,restriction_filler,False,False,http://purl.obolibrary.org/obo/CL_0000235,macrophage,False,,,,,True
http://purl.obolibrary.org/obo/HP_6000980,Bone marrow hemophagocytosis,inherited,http://purl.obolibrary.org/obo/HP_0001881,Abnormal leukocyte morphology,equivalentClass,characteristic of part of,has part some > characteristic of part of some,restriction_filler,False,False,http://purl.obolibrary.org/obo/CL_0000738,leukocyte,False,,,,,True
http://purl.obolibrary.org/obo/HP_6000980,Bone marrow hemophagocytosis,inherited,http://purl.obolibrary.org/obo/HP_0010974,Abnormal myeloid leukocyte morphology,equivalentClass,characteristic of,has part some > characteristic of some,restriction_filler,False,False,http://purl.obolibrary.org/obo/CL_0000766,myeloid leukocyte,False,,,,,True
http://purl.obolibrary.org/obo/HP_6000981,Splenic granulomatosis,inherited,http://purl.obolibrary.org/obo/HP_0004311,Abnormal macrophage morphology,equivalentClass,characteristic of part of,has part some > characteristic of part of some,restriction_filler,False,False,http://purl.obolibrary.org/obo/CL_0000235,macrophage,False,,,,,True
http://purl.obolibrary.org/obo/HP_6000981,Splenic granulomatosis,inherited,http://purl.obolibrary.org/obo/HP_0001881,Abnormal leukocyte morphology,equivalentClass,characteristic of part of,has part some > characteristic of part of some,restriction_filler,False,False,http://purl.obolibrary.org/obo/CL_0000738,leukocyte,False,,,,,True
http://purl.obolibrary.org/obo/HP_6000981,Splenic granulomatosis,inherited,http://purl.obolibrary.org/obo/HP_0010974,Abnormal myeloid leukocyte morphology,equivalentClass,characteristic of,has part some > characteristic of some,restriction_filler,False,False,http://purl.obolibrary.org/obo/CL_0000766,myeloid leukocyte,False,,,,,True
http://purl.obolibrary.org/obo/HP_6001005,Positive gastric CMV intranuclear inclusions,inherited,http://purl.obolibrary.org/obo/HP_0025354,Abnormal cellular phenotype,equivalentClass,characteristic of part of,has part some > characteristic of part of some,restriction_filler,False,False,http://purl.obolibrary.org/obo/CL_0000000,cell,False,,,,,True
http://purl.obolibrary.org/obo/HP_6001005,Positive gastric CMV intranuclear inclusions,inherited,http://purl.obolibrary.org/obo/HP_0025461,Abnormal cell morphology,equivalentClass,characteristic of,has part some > characteristic of some,restriction_filler,False,False,http://purl.obolibrary.org/obo/CL_0000000,cell,False,,,,,True
http://purl.obolibrary.org/obo/HP_6001025,Pathological inclusion body,inherited,http://purl.obolibrary.org/obo/HP_0025354,Abnormal cellular phenotype,equivalentClass,characteristic of part of,has part some > characteristic of part of some,restriction_filler,False,False,http://purl.obolibrary.org/obo/CL_0000000,cell,False,,,,,True
http://purl.obolibrary.org/obo/HP_6001025,Pathological inclusion body,inherited,http://purl.obolibrary.org/obo/HP_0025461,Abnormal cell morphology,equivalentClass,characteristic of,has part some > characteristic of some,restriction_filler,False,False,http://purl.obolibrary.org/obo/CL_0000000,cell,False,,,,,True
http://purl.obolibrary.org/obo/HP_6001033,Bone marrow cystine accumulation,inherited,http://purl.obolibrary.org/obo/HP_0005561,Abnormal bone marrow cell morphology,equivalentClass,characteristic of,has part some > characteristic of some,restriction_filler,False,False,http://purl.obolibrary.org/obo/CL_0002092,bone marrow cell,False,,,,,True
http://purl.obolibrary.org/obo/HP_6001062,Eosinophilic neuronal inclusion bodies,inherited,http://purl.obolibrary.org/obo/HP_0012757,Abnormal neuron morphology,equivalentClass,characteristic of,has part some > characteristic of some,restriction_filler,False,False,http://purl.obolibrary.org/obo/CL_0000540,neuron,False,,,,,True
http://purl.obolibrary.org/obo/HP_6001096,Decreased CD4+ T cell ZAP-70 protein expression,inherited,http://purl.obolibrary.org/obo/HP_0002843,Abnormal T cell morphology,equivalentClass,characteristic of,has part some > characteristic of some,restriction_filler,False,False,http://purl.obolibrary.org/obo/CL_0000084,T cell,False,,,,,True
http://purl.obolibrary.org/obo/HP_6001096,Decreased CD4+ T cell ZAP-70 protein expression,inherited,http://purl.obolibrary.org/obo/HP_0004332,Abnormal lymphocyte morphology,equivalentClass,characteristic of part of,has part some > characteristic of part of some,restriction_filler,False,False,http://purl.obolibrary.org/obo/CL_0000542,lymphocyte,False,,,,,True
http://purl.obolibrary.org/obo/HP_6001096,Decreased CD4+ T cell ZAP-70 protein expression,inherited,http://purl.obolibrary.org/obo/HP_0001881,Abnormal leukocyte morphology,equivalentClass,characteristic of part of,has part some > characteristic of part of some,restriction_filler,False,False,http://purl.obolibrary.org/obo/CL_0000738,leukocyte,False,,,,,True
http://purl.obolibrary.org/obo/HP_6001214,Cutaneous granulomatosis,inherited,http://purl.obolibrary.org/obo/HP_0004311,Abnormal macrophage morphology,equivalentClass,characteristic of part of,has part some > characteristic of part of some,restriction_filler,False,False,http://purl.obolibrary.org/obo/CL_0000235,macrophage,False,,,,,True
http://purl.obolibrary.org/obo/HP_6001214,Cutaneous granulomatosis,inherited,http://purl.obolibrary.org/obo/HP_0001881,Abnormal leukocyte morphology,equivalentClass,characteristic of part of,has part some > characteristic of part of some,restriction_filler,False,False,http://purl.obolibrary.org/obo/CL_0000738,leukocyte,False,,,,,True
http://purl.obolibrary.org/obo/HP_6001214,Cutaneous granulomatosis,inherited,http://purl.obolibrary.org/obo/HP_0010974,Abnormal myeloid leukocyte morphology,equivalentClass,characteristic of,has part some > characteristic of some,restriction_filler,False,False,http://purl.obolibrary.org/obo/CL_0000766,myeloid leukocyte,False,,,,,True
http://purl.obolibrary.org/obo/HP_6001238,Elevated circulating reticulated platelet count,inherited,http://purl.obolibrary.org/obo/HP_0001872,Abnormality of thrombocytes,equivalentClass,characteristic of part of,has part some > characteristic of part of some,restriction_filler,False,False,http://purl.obolibrary.org/obo/CL_0000233,platelet,False,,,,,True
http://purl.obolibrary.org/obo/HP_6001238,Elevated circulating reticulated platelet count,inherited,http://purl.obolibrary.org/obo/HP_0011873,Abnormal platelet count,equivalentClass,characteristic of,has part some > characteristic of some,restriction_filler,False,False,http://purl.obolibrary.org/obo/CL_0000233,platelet,False,,,,,True
http://purl.obolibrary.org/obo/HP_6001239,Reduced circulating reticulated platelet count,inherited,http://purl.obolibrary.org/obo/HP_0001872,Abnormality of thrombocytes,equivalentClass,characteristic of part of,has part some > characteristic of part of some,restriction_filler,False,False,http://purl.obolibrary.org/obo/CL_0000233,platelet,False,,,,,True
http://purl.obolibrary.org/obo/HP_6001239,Reduced circulating reticulated platelet count,inherited,http://purl.obolibrary.org/obo/HP_0011873,Abnormal platelet count,equivalentClass,characteristic of,has part some > characteristic of some,restriction_filler,False,False,http://purl.obolibrary.org/obo/CL_0000233,platelet,False,,,,,True
http://purl.obolibrary.org/obo/HP_6001240,Abnormal circulating reticulated platelet count,inherited,http://purl.obolibrary.org/obo/HP_0001872,Abnormality of thrombocytes,equivalentClass,characteristic of part of,has part some > characteristic of part of some,restriction_filler,False,False,http://purl.obolibrary.org/obo/CL_0000233,platelet,False,,,,,True
http://purl.obolibrary.org/obo/HP_6001240,Abnormal circulating reticulated platelet count,inherited,http://purl.obolibrary.org/obo/HP_0011873,Abnormal platelet count,equivalentClass,characteristic of,has part some > characteristic of some,restriction_filler,False,False,http://purl.obolibrary.org/obo/CL_0000233,platelet,False,,,,,True
http://purl.obolibrary.org/obo/HP_6001314,Reduced erythrocyte glutathione peroxidase,inherited,http://purl.obolibrary.org/obo/HP_0001877,Abnormal erythrocyte morphology,equivalentClass,characteristic of part of,has part some > characteristic of part of some,restriction_filler,False,False,http://purl.obolibrary.org/obo/CL_0000232,erythrocyte,False,,,,,True
http://purl.obolibrary.org/obo/HP_6001425,Hyperleukocytosis,inherited,http://purl.obolibrary.org/obo/HP_0001881,Abnormal leukocyte morphology,equivalentClass,characteristic of part of,has part some > characteristic of part of some,restriction_filler,False,False,http://purl.obolibrary.org/obo/CL_0000738,leukocyte,False,,,,,True
http://purl.obolibrary.org/obo/HP_6001425,Hyperleukocytosis,inherited,http://purl.obolibrary.org/obo/HP_0001974,Increased total leukocyte count,equivalentClass,characteristic of,has part some > characteristic of some,intersection_operand,False,False,http://purl.obolibrary.org/obo/CL_0000738,leukocyte,False,,,,,True
