HPO_IRI,HPO_Label
http://purl.obolibrary.org/obo/HP_0000011,Neurogenic bladder
http://purl.obolibrary.org/obo/HP_0000012,Urinary urgency
http://purl.obolibrary.org/obo/HP_0000016,Urinary retention
http://purl.obolibrary.org/obo/HP_0000017,Nocturia
http://purl.obolibrary.org/obo/HP_0000019,Urinary hesitancy
http://purl.obolibrary.org/obo/HP_0000020,Urinary incontinence
http://purl.obolibrary.org/obo/HP_0000041,Chordee
http://purl.obolibrary.org/obo/HP_0000044,Hypogonadotropic hypogonadism
http://purl.obolibrary.org/obo/HP_0000062,Ambiguous genitalia
http://purl.obolibrary.org/obo/HP_0000070,Ureterocele
http://purl.obolibrary.org/obo/HP_0000074,Ureteropelvic junction obstruction
http://purl.obolibrary.org/obo/HP_0000076,Vesicoureteral reflux
http://purl.obolibrary.org/obo/HP_0000090,Nephronophthisis
http://purl.obolibrary.org/obo/HP_0000097,Focal segmental glomerulosclerosis
http://purl.obolibrary.org/obo/HP_0000099,Glomerulonephritis
http://purl.obolibrary.org/obo/HP_0000100,Nephrotic syndrome
http://purl.obolibrary.org/obo/HP_0000103,Polyuria
http://purl.obolibrary.org/obo/HP_0000112,Nephropathy
http://purl.obolibrary.org/obo/HP_0000114,Proximal tubulopathy
http://purl.obolibrary.org/obo/HP_0000117,Renal phosphate wasting
http://purl.obolibrary.org/obo/HP_0000118,Phenotypic abnormality
http://purl.obolibrary.org/obo/HP_0000126,Hydronephrosis
http://purl.obolibrary.org/obo/HP_0000127,Renal salt wasting
http://purl.obolibrary.org/obo/HP_0000128,Renal potassium wasting
http://purl.obolibrary.org/obo/HP_0000132,Menorrhagia
http://purl.obolibrary.org/obo/HP_0000140,Abnormality of the menstrual cycle
http://purl.obolibrary.org/obo/HP_0000141,Amenorrhea
http://purl.obolibrary.org/obo/HP_0000144,Decreased fertility
http://purl.obolibrary.org/obo/HP_0000150,Gonadoblastoma
http://purl.obolibrary.org/obo/HP_0000166,Severe periodontitis
http://purl.obolibrary.org/obo/HP_0000198,Absence of Stensen duct
http://purl.obolibrary.org/obo/HP_0000201,Pierre-Robin sequence
http://purl.obolibrary.org/obo/HP_0000202,Orofacial cleft
http://purl.obolibrary.org/obo/HP_0000205,Pursed lips
http://purl.obolibrary.org/obo/HP_0000206,Glossitis
http://purl.obolibrary.org/obo/HP_0000211,Trismus
http://purl.obolibrary.org/obo/HP_0000220,Velopharyngeal insufficiency
http://purl.obolibrary.org/obo/HP_0000223,Abnormality of taste sensation
http://purl.obolibrary.org/obo/HP_0000224,Hypogeusia
http://purl.obolibrary.org/obo/HP_0000233,Thin vermilion border
http://purl.obolibrary.org/obo/HP_0000244,Brachyturricephaly
http://purl.obolibrary.org/obo/HP_0000252,Microcephaly
http://purl.obolibrary.org/obo/HP_0000255,Acute sinusitis
http://purl.obolibrary.org/obo/HP_0000256,Macrocephaly
http://purl.obolibrary.org/obo/HP_0000262,Turricephaly
http://purl.obolibrary.org/obo/HP_0000263,Oxycephaly
http://purl.obolibrary.org/obo/HP_0000295,Doll-like facies
http://purl.obolibrary.org/obo/HP_0000298,Mask-like facies
http://purl.obolibrary.org/obo/HP_0000308,Microretrognathia
http://purl.obolibrary.org/obo/HP_0000320,Bird-like facies
http://purl.obolibrary.org/obo/HP_0000336,Prominent supraorbital ridges
http://purl.obolibrary.org/obo/HP_0000339,Pugilistic facies
http://purl.obolibrary.org/obo/HP_0000346,Whistling appearance
http://purl.obolibrary.org/obo/HP_0000349,Widow's peak
http://purl.obolibrary.org/obo/HP_0000360,Tinnitus
http://purl.obolibrary.org/obo/HP_0000364,Hearing abnormality
http://purl.obolibrary.org/obo/HP_0000365,Hearing impairment
http://purl.obolibrary.org/obo/HP_0000381,Stapes ankylosis
http://purl.obolibrary.org/obo/HP_0000383,Abnormal periauricular region morphology
http://purl.obolibrary.org/obo/HP_0000384,Preauricular skin tag
http://purl.obolibrary.org/obo/HP_0000399,Prelingual sensorineural hearing impairment
http://purl.obolibrary.org/obo/HP_0000405,Conductive hearing impairment
http://purl.obolibrary.org/obo/HP_0000408,Progressive sensorineural hearing impairment
http://purl.obolibrary.org/obo/HP_0000410,Mixed hearing impairment
http://purl.obolibrary.org/obo/HP_0000418,Narrow nasal ridge
http://purl.obolibrary.org/obo/HP_0000444,Convex nasal ridge
http://purl.obolibrary.org/obo/HP_0000458,Anosmia
http://purl.obolibrary.org/obo/HP_0000473,Torticollis
http://purl.obolibrary.org/obo/HP_0000474,Thickened nuchal skin fold
http://purl.obolibrary.org/obo/HP_0000476,Cystic hygroma
http://purl.obolibrary.org/obo/HP_0000483,Astigmatism
http://purl.obolibrary.org/obo/HP_0000484,Hyperopic astigmatism
http://purl.obolibrary.org/obo/HP_0000491,Keratitis
http://purl.obolibrary.org/obo/HP_0000496,Abnormality of eye movement
http://purl.obolibrary.org/obo/HP_0000497,Globe retraction and deviation on abduction
http://purl.obolibrary.org/obo/HP_0000501,Glaucoma
http://purl.obolibrary.org/obo/HP_0000504,Abnormality of vision
http://purl.obolibrary.org/obo/HP_0000505,Visual impairment
http://purl.obolibrary.org/obo/HP_0000510,Rod-cone dystrophy
http://purl.obolibrary.org/obo/HP_0000511,Vertical supranuclear gaze palsy
http://purl.obolibrary.org/obo/HP_0000512,Abnormal electroretinogram
http://purl.obolibrary.org/obo/HP_0000514,Slow saccadic eye movements
http://purl.obolibrary.org/obo/HP_0000519,Developmental cataract
http://purl.obolibrary.org/obo/HP_0000522,Alacrima
http://purl.obolibrary.org/obo/HP_0000523,Subcapsular cataract
http://purl.obolibrary.org/obo/HP_0000529,Progressive visual loss
http://purl.obolibrary.org/obo/HP_0000538,Pseudopapilledema
http://purl.obolibrary.org/obo/HP_0000539,Abnormality of refraction
http://purl.obolibrary.org/obo/HP_0000540,Hypermetropia
http://purl.obolibrary.org/obo/HP_0000542,Impaired ocular adduction
http://purl.obolibrary.org/obo/HP_0000544,External ophthalmoplegia
http://purl.obolibrary.org/obo/HP_0000545,Myopia
http://purl.obolibrary.org/obo/HP_0000548,Cone/cone-rod dystrophy
http://purl.obolibrary.org/obo/HP_0000549,Abnormal conjugate eye movement
http://purl.obolibrary.org/obo/HP_0000550,Undetectable electroretinogram
http://purl.obolibrary.org/obo/HP_0000551,Color vision defect
http://purl.obolibrary.org/obo/HP_0000552,Tritanomaly
http://purl.obolibrary.org/obo/HP_0000555,Leukocoria
http://purl.obolibrary.org/obo/HP_0000557,Buphthalmos
http://purl.obolibrary.org/obo/HP_0000558,Rieger anomaly
http://purl.obolibrary.org/obo/HP_0000563,Keratoconus
http://purl.obolibrary.org/obo/HP_0000565,Esotropia
http://purl.obolibrary.org/obo/HP_0000570,Abnormal saccadic eye movements
http://purl.obolibrary.org/obo/HP_0000571,Hypometric saccades
http://purl.obolibrary.org/obo/HP_0000572,Visual loss
http://purl.obolibrary.org/obo/HP_0000575,Scotoma
http://purl.obolibrary.org/obo/HP_0000576,Centrocecal scotoma
http://purl.obolibrary.org/obo/HP_0000577,Exotropia
http://purl.obolibrary.org/obo/HP_0000580,Pigmentary retinopathy
http://purl.obolibrary.org/obo/HP_0000585,Band keratopathy
http://purl.obolibrary.org/obo/HP_0000590,Progressive external ophthalmoplegia
http://purl.obolibrary.org/obo/HP_0000597,Ophthalmoparesis
http://purl.obolibrary.org/obo/HP_0000603,Central scotoma
http://purl.obolibrary.org/obo/HP_0000605,Supranuclear gaze palsy
http://purl.obolibrary.org/obo/HP_0000617,Abnormality of ocular smooth pursuit
http://purl.obolibrary.org/obo/HP_0000618,Blindness
http://purl.obolibrary.org/obo/HP_0000619,Impaired convergence
http://purl.obolibrary.org/obo/HP_0000620,Dacryocystitis
http://purl.obolibrary.org/obo/HP_0000621,Entropion
http://purl.obolibrary.org/obo/HP_0000622,Blurred vision
http://purl.obolibrary.org/obo/HP_0000623,Supranuclear ophthalmoplegia
http://purl.obolibrary.org/obo/HP_0000627,Posterior embryotoxon
http://purl.obolibrary.org/obo/HP_0000629,Periorbital fullness
http://purl.obolibrary.org/obo/HP_0000632,Lacrimation abnormality
http://purl.obolibrary.org/obo/HP_0000633,Decreased lacrimation
http://purl.obolibrary.org/obo/HP_0000634,Impaired ocular abduction
http://purl.obolibrary.org/obo/HP_0000635,Blue irides
http://purl.obolibrary.org/obo/HP_0000639,Nystagmus
http://purl.obolibrary.org/obo/HP_0000640,Gaze-evoked nystagmus
http://purl.obolibrary.org/obo/HP_0000641,Dysmetric saccades
http://purl.obolibrary.org/obo/HP_0000642,Red-green dyschromatopsia
http://purl.obolibrary.org/obo/HP_0000643,Blepharospasm
http://purl.obolibrary.org/obo/HP_0000646,Amblyopia
http://purl.obolibrary.org/obo/HP_0000647,Sclerocornea
http://purl.obolibrary.org/obo/HP_0000649,Abnormality of visual evoked potentials
http://purl.obolibrary.org/obo/HP_0000650,Abnormal amplitude of pattern reversal visual evoked potentials
http://purl.obolibrary.org/obo/HP_0000651,Diplopia
http://purl.obolibrary.org/obo/HP_0000654,Decreased light- and dark-adapted electroretinogram amplitude
http://purl.obolibrary.org/obo/HP_0000657,Oculomotor apraxia
http://purl.obolibrary.org/obo/HP_0000659,Peters anomaly
http://purl.obolibrary.org/obo/HP_0000660,Lipemia retinalis
http://purl.obolibrary.org/obo/HP_0000662,Nyctalopia
http://purl.obolibrary.org/obo/HP_0000664,Synophrys
http://purl.obolibrary.org/obo/HP_0000666,Horizontal nystagmus
http://purl.obolibrary.org/obo/HP_0000668,Hypodontia
http://purl.obolibrary.org/obo/HP_0000677,Oligodontia
http://purl.obolibrary.org/obo/HP_0000684,Delayed eruption of teeth
http://purl.obolibrary.org/obo/HP_0000694,Odontodysplasia
http://purl.obolibrary.org/obo/HP_0000695,Natal tooth
http://purl.obolibrary.org/obo/HP_0000699,Diastema
http://purl.obolibrary.org/obo/HP_0000700,Periapical bone loss
http://purl.obolibrary.org/obo/HP_0000706,Eruption failure
http://purl.obolibrary.org/obo/HP_0000708,Atypical behavior
http://purl.obolibrary.org/obo/HP_0000709,Psychosis
http://purl.obolibrary.org/obo/HP_0000710,Hyperorality
http://purl.obolibrary.org/obo/HP_0000711,Restlessness
http://purl.obolibrary.org/obo/HP_0000712,Emotional lability
http://purl.obolibrary.org/obo/HP_0000713,Agitation
http://purl.obolibrary.org/obo/HP_0000716,Depression
http://purl.obolibrary.org/obo/HP_0000717,Autism
http://purl.obolibrary.org/obo/HP_0000718,Aggressive behavior
http://purl.obolibrary.org/obo/HP_0000719,Inappropriate behavior
http://purl.obolibrary.org/obo/HP_0000721,Lack of spontaneous play
http://purl.obolibrary.org/obo/HP_0000722,Compulsive behaviors
http://purl.obolibrary.org/obo/HP_0000723,Restrictive behavior
http://purl.obolibrary.org/obo/HP_0000725,Psychotic episodes
http://purl.obolibrary.org/obo/HP_0000726,Dementia
http://purl.obolibrary.org/obo/HP_0000727,Frontal lobe dementia
http://purl.obolibrary.org/obo/HP_0000728,Reduced ability to form peer relationships
http://purl.obolibrary.org/obo/HP_0000729,Autistic behavior
http://purl.obolibrary.org/obo/HP_0000732,Inflexible adherence to routines
http://purl.obolibrary.org/obo/HP_0000733,Motor stereotypy
http://purl.obolibrary.org/obo/HP_0000734,Disinhibition
http://purl.obolibrary.org/obo/HP_0000736,Short attention span
http://purl.obolibrary.org/obo/HP_0000737,Irritability
http://purl.obolibrary.org/obo/HP_0000738,Hallucinations
http://purl.obolibrary.org/obo/HP_0000739,Anxiety
http://purl.obolibrary.org/obo/HP_0000740,Episodic paroxysmal anxiety
http://purl.obolibrary.org/obo/HP_0000741,Apathy
http://purl.obolibrary.org/obo/HP_0000742,Self-mutilation
http://purl.obolibrary.org/obo/HP_0000743,Frontal release signs
http://purl.obolibrary.org/obo/HP_0000744,Low frustration tolerance
http://purl.obolibrary.org/obo/HP_0000745,Abnormal diminished volition
http://purl.obolibrary.org/obo/HP_0000746,Delusion
http://purl.obolibrary.org/obo/HP_0000748,Inappropriate laughter
http://purl.obolibrary.org/obo/HP_0000749,Paroxysmal bursts of laughter
http://purl.obolibrary.org/obo/HP_0000750,Delayed speech and language development
http://purl.obolibrary.org/obo/HP_0000751,Personality changes
http://purl.obolibrary.org/obo/HP_0000752,Hyperactivity
http://purl.obolibrary.org/obo/HP_0000753,Autism with high cognitive abilities
http://purl.obolibrary.org/obo/HP_0000756,Agoraphobia
http://purl.obolibrary.org/obo/HP_0000757,Lack of insight
http://purl.obolibrary.org/obo/HP_0000758,Abnormal nonverbal communicative behavior
http://purl.obolibrary.org/obo/HP_0000762,Decreased nerve conduction velocity
http://purl.obolibrary.org/obo/HP_0000764,Peripheral axonal degeneration
http://purl.obolibrary.org/obo/HP_0000786,Primary amenorrhea
http://purl.obolibrary.org/obo/HP_0000791,Uric acid nephrolithiasis
http://purl.obolibrary.org/obo/HP_0000793,Membranoproliferative glomerulonephritis
http://purl.obolibrary.org/obo/HP_0000794,IgA deposition in the glomerulus
http://purl.obolibrary.org/obo/HP_0000798,Oligozoospermia
http://purl.obolibrary.org/obo/HP_0000802,Impotence
http://purl.obolibrary.org/obo/HP_0000804,Xanthine nephrolithiasis
http://purl.obolibrary.org/obo/HP_0000805,Enuresis
http://purl.obolibrary.org/obo/HP_0000808,Penoscrotal hypospadias
http://purl.obolibrary.org/obo/HP_0000815,Hypergonadotropic hypogonadism
http://purl.obolibrary.org/obo/HP_0000816,Abnormality of Krebs cycle metabolism
http://purl.obolibrary.org/obo/HP_0000817,Reduced eye contact
http://purl.obolibrary.org/obo/HP_0000819,Diabetes mellitus
http://purl.obolibrary.org/obo/HP_0000823,Delayed puberty
http://purl.obolibrary.org/obo/HP_0000824,Decreased response to growth hormone stimulation test
http://purl.obolibrary.org/obo/HP_0000825,Hyperinsulinemic hypoglycemia
http://purl.obolibrary.org/obo/HP_0000826,Precocious puberty
http://purl.obolibrary.org/obo/HP_0000830,Anterior hypopituitarism
http://purl.obolibrary.org/obo/HP_0000831,Insulin-resistant diabetes mellitus
http://purl.obolibrary.org/obo/HP_0000839,Pituitary dwarfism
http://purl.obolibrary.org/obo/HP_0000840,Adrenogenital syndrome
http://purl.obolibrary.org/obo/HP_0000845,Elevated circulating growth hormone concentration
http://purl.obolibrary.org/obo/HP_0000851,Congenital hypothyroidism
http://purl.obolibrary.org/obo/HP_0000852,Pseudohypoparathyroidism
http://purl.obolibrary.org/obo/HP_0000855,Insulin resistance
http://purl.obolibrary.org/obo/HP_0000857,Neonatal insulin-dependent diabetes mellitus
http://purl.obolibrary.org/obo/HP_0000858,Irregular menstruation
http://purl.obolibrary.org/obo/HP_0000863,Central diabetes insipidus
http://purl.obolibrary.org/obo/HP_0000866,Euthyroid multinodular goiter
http://purl.obolibrary.org/obo/HP_0000867,Secondary hyperparathyroidism
http://purl.obolibrary.org/obo/HP_0000868,Decreased fertility in females
http://purl.obolibrary.org/obo/HP_0000869,Secondary amenorrhea
http://purl.obolibrary.org/obo/HP_0000870,Increased circulating prolactin concentration
http://purl.obolibrary.org/obo/HP_0000872,Hashimoto thyroiditis
http://purl.obolibrary.org/obo/HP_0000873,Diabetes insipidus
http://purl.obolibrary.org/obo/HP_0000875,Episodic hypertension
http://purl.obolibrary.org/obo/HP_0000876,Oligomenorrhea
http://purl.obolibrary.org/obo/HP_0000877,Insulin-resistant diabetes mellitus at puberty
http://purl.obolibrary.org/obo/HP_0000897,Rachitic rosary
http://purl.obolibrary.org/obo/HP_0000912,Sprengel anomaly
http://purl.obolibrary.org/obo/HP_0000930,Elevated imprint of the transverse sinuses
http://purl.obolibrary.org/obo/HP_0000931,Thinning and bulging of the posterior fossa bones
http://purl.obolibrary.org/obo/HP_0000933,Posterior fossa cyst at the fourth ventricle
http://purl.obolibrary.org/obo/HP_0000934,Chondrocalcinosis
http://purl.obolibrary.org/obo/HP_0000943,Dysostosis multiplex
http://purl.obolibrary.org/obo/HP_0000952,Jaundice
http://purl.obolibrary.org/obo/HP_0000956,Acanthosis nigricans
http://purl.obolibrary.org/obo/HP_0000957,Cafe-au-lait spot
http://purl.obolibrary.org/obo/HP_0000965,Cutis marmorata
http://purl.obolibrary.org/obo/HP_0000966,Hypohidrosis
http://purl.obolibrary.org/obo/HP_0000967,Petechiae
http://purl.obolibrary.org/obo/HP_0000970,Anhidrosis
http://purl.obolibrary.org/obo/HP_0000972,Palmoplantar hyperkeratosis
http://purl.obolibrary.org/obo/HP_0000975,Hyperhidrosis
http://purl.obolibrary.org/obo/HP_0000978,Bruising susceptibility
http://purl.obolibrary.org/obo/HP_0000979,Purpura
http://purl.obolibrary.org/obo/HP_0000982,Palmoplantar keratoderma
http://purl.obolibrary.org/obo/HP_0000989,Pruritus
http://purl.obolibrary.org/obo/HP_0000991,Xanthomatosis
http://purl.obolibrary.org/obo/HP_0000993,Molluscoid pseudotumors
http://purl.obolibrary.org/obo/HP_0000995,Melanocytic nevus
http://purl.obolibrary.org/obo/HP_0000997,Axillary freckling
http://purl.obolibrary.org/obo/HP_0000999,Pyoderma
http://purl.obolibrary.org/obo/HP_0001003,Multiple lentigines
http://purl.obolibrary.org/obo/HP_0001005,Dermatological manifestations of systemic disorders
http://purl.obolibrary.org/obo/HP_0001008,Accumulation of melanosomes in melanocytes
http://purl.obolibrary.org/obo/HP_0001009,Telangiectasia
http://purl.obolibrary.org/obo/HP_0001012,Multiple lipomas
http://purl.obolibrary.org/obo/HP_0001013,Eruptive xanthomas
http://purl.obolibrary.org/obo/HP_0001014,Angiokeratoma
http://purl.obolibrary.org/obo/HP_0001017,Anemic pallor
http://purl.obolibrary.org/obo/HP_0001018,Abnormal palmar dermatoglyphics
http://purl.obolibrary.org/obo/HP_0001019,Erythroderma
http://purl.obolibrary.org/obo/HP_0001022,Albinism
http://purl.obolibrary.org/obo/HP_0001024,Skin dimple over apex of long bone angulation
http://purl.obolibrary.org/obo/HP_0001025,Urticaria
http://purl.obolibrary.org/obo/HP_0001026,Penetrating foot ulcers
http://purl.obolibrary.org/obo/HP_0001027,"Soft, doughy skin"
http://purl.obolibrary.org/obo/HP_0001028,Hemangioma
http://purl.obolibrary.org/obo/HP_0001029,Poikiloderma
http://purl.obolibrary.org/obo/HP_0001031,Subcutaneous lipoma
http://purl.obolibrary.org/obo/HP_0001032,Absent distal interphalangeal creases
http://purl.obolibrary.org/obo/HP_0001033,Facial flushing after alcohol intake
http://purl.obolibrary.org/obo/HP_0001034,Hypermelanotic macule
http://purl.obolibrary.org/obo/HP_0001038,Warfarin-induced skin necrosis
http://purl.obolibrary.org/obo/HP_0001039,Atheroeruptive xanthoma
http://purl.obolibrary.org/obo/HP_0001040,Multiple pterygia
http://purl.obolibrary.org/obo/HP_0001041,Facial erythema
http://purl.obolibrary.org/obo/HP_0001042,High axial triradius
http://purl.obolibrary.org/obo/HP_0001045,Vitiligo
http://purl.obolibrary.org/obo/HP_0001046,Intermittent jaundice
http://purl.obolibrary.org/obo/HP_0001047,Atopic dermatitis
http://purl.obolibrary.org/obo/HP_0001048,Cavernous hemangioma
http://purl.obolibrary.org/obo/HP_0001049,Absent dorsal skin creases over affected joints
http://purl.obolibrary.org/obo/HP_0001050,Plethora
http://purl.obolibrary.org/obo/HP_0001051,Seborrheic dermatitis
http://purl.obolibrary.org/obo/HP_0001052,Nevus flammeus
http://purl.obolibrary.org/obo/HP_0001054,Numerous nevi
http://purl.obolibrary.org/obo/HP_0001055,Erysipelas
http://purl.obolibrary.org/obo/HP_0001056,Milia
http://purl.obolibrary.org/obo/HP_0001057,Aplasia cutis congenita
http://purl.obolibrary.org/obo/HP_0001058,Poor wound healing
http://purl.obolibrary.org/obo/HP_0001059,Pterygium
http://purl.obolibrary.org/obo/HP_0001060,Axillary pterygium
http://purl.obolibrary.org/obo/HP_0001061,Acne
http://purl.obolibrary.org/obo/HP_0001062,Atypical nevus
http://purl.obolibrary.org/obo/HP_0001063,Acrocyanosis
http://purl.obolibrary.org/obo/HP_0001065,Striae distensae
http://purl.obolibrary.org/obo/HP_0001067,Neurofibroma
http://purl.obolibrary.org/obo/HP_0001069,Episodic hyperhidrosis
http://purl.obolibrary.org/obo/HP_0001070,Mottled pigmentation
http://purl.obolibrary.org/obo/HP_0001071,Angiokeratoma corporis diffusum
http://purl.obolibrary.org/obo/HP_0001073,Cigarette-paper scars
http://purl.obolibrary.org/obo/HP_0001074,Atypical nevi in non-sun exposed areas
http://purl.obolibrary.org/obo/HP_0001075,Atrophic scars
http://purl.obolibrary.org/obo/HP_0001076,Glabellar hemangioma
http://purl.obolibrary.org/obo/HP_0001081,Cholelithiasis
http://purl.obolibrary.org/obo/HP_0001082,Cholecystitis
http://purl.obolibrary.org/obo/HP_0001085,Papilledema
http://purl.obolibrary.org/obo/HP_0001087,Developmental glaucoma
http://purl.obolibrary.org/obo/HP_0001088,Brushfield spots
http://purl.obolibrary.org/obo/HP_0001094,Iridocyclitis
http://purl.obolibrary.org/obo/HP_0001095,Hypertensive retinopathy
http://purl.obolibrary.org/obo/HP_0001096,Keratoconjunctivitis
http://purl.obolibrary.org/obo/HP_0001097,Keratoconjunctivitis sicca
http://purl.obolibrary.org/obo/HP_0001100,Heterochromia iridis
http://purl.obolibrary.org/obo/HP_0001102,Angioid streaks
http://purl.obolibrary.org/obo/HP_0001112,Leber optic atrophy
http://purl.obolibrary.org/obo/HP_0001114,Xanthelasma
http://purl.obolibrary.org/obo/HP_0001115,Posterior polar cataract
http://purl.obolibrary.org/obo/HP_0001117,Sudden loss of visual acuity
http://purl.obolibrary.org/obo/HP_0001118,Juvenile cataract
http://purl.obolibrary.org/obo/HP_0001119,Keratoglobus
http://purl.obolibrary.org/obo/HP_0001123,Visual field defect
http://purl.obolibrary.org/obo/HP_0001125,Transient unilateral blurring of vision
http://purl.obolibrary.org/obo/HP_0001126,Cryptophthalmos
http://purl.obolibrary.org/obo/HP_0001129,Large central visual field defect
http://purl.obolibrary.org/obo/HP_0001133,Constriction of peripheral visual field
http://purl.obolibrary.org/obo/HP_0001134,Anterior polar cataract
http://purl.obolibrary.org/obo/HP_0001137,Alternating esotropia
http://purl.obolibrary.org/obo/HP_0001139,Chorioretinal scalloped atrophy
http://purl.obolibrary.org/obo/HP_0001140,Limbal dermoid
http://purl.obolibrary.org/obo/HP_0001141,Severely reduced visual acuity
http://purl.obolibrary.org/obo/HP_0001142,Lenticonus
http://purl.obolibrary.org/obo/HP_0001151,Impaired horizontal smooth pursuit
http://purl.obolibrary.org/obo/HP_0001152,Saccadic smooth pursuit interruptions
http://purl.obolibrary.org/obo/HP_0001156,Brachydactyly
http://purl.obolibrary.org/obo/HP_0001159,Syndactyly
http://purl.obolibrary.org/obo/HP_0001166,Arachnodactyly
http://purl.obolibrary.org/obo/HP_0001178,Ulnar claw
http://purl.obolibrary.org/obo/HP_0001181,Adducted thumb
http://purl.obolibrary.org/obo/HP_0001194,Abnormalities of placenta or umbilical cord
http://purl.obolibrary.org/obo/HP_0001199,Triphalangeal thumb
http://purl.obolibrary.org/obo/HP_0001218,Autoamputation
http://purl.obolibrary.org/obo/HP_0001234,Hitchhiker thumb
http://purl.obolibrary.org/obo/HP_0001249,Intellectual disability
http://purl.obolibrary.org/obo/HP_0001250,Seizure
http://purl.obolibrary.org/obo/HP_0001251,Ataxia
http://purl.obolibrary.org/obo/HP_0001254,Lethargy
http://purl.obolibrary.org/obo/HP_0001256,Mild intellectual disability
http://purl.obolibrary.org/obo/HP_0001257,Spasticity
http://purl.obolibrary.org/obo/HP_0001258,Spastic paraplegia
http://purl.obolibrary.org/obo/HP_0001259,Coma
http://purl.obolibrary.org/obo/HP_0001260,Dysarthria
http://purl.obolibrary.org/obo/HP_0001262,Excessive daytime somnolence
http://purl.obolibrary.org/obo/HP_0001263,Global developmental delay
http://purl.obolibrary.org/obo/HP_0001264,Spastic diplegia
http://purl.obolibrary.org/obo/HP_0001265,Hyporeflexia
http://purl.obolibrary.org/obo/HP_0001266,Choreoathetosis
http://purl.obolibrary.org/obo/HP_0001268,Mental deterioration
http://purl.obolibrary.org/obo/HP_0001269,Hemiparesis
http://purl.obolibrary.org/obo/HP_0001270,Motor delay
http://purl.obolibrary.org/obo/HP_0001271,Polyneuropathy
http://purl.obolibrary.org/obo/HP_0001278,Orthostatic hypotension
http://purl.obolibrary.org/obo/HP_0001279,Syncope
http://purl.obolibrary.org/obo/HP_0001281,Tetany
http://purl.obolibrary.org/obo/HP_0001283,Bulbar palsy
http://purl.obolibrary.org/obo/HP_0001284,Areflexia
http://purl.obolibrary.org/obo/HP_0001285,Spastic tetraparesis
http://purl.obolibrary.org/obo/HP_0001288,Gait disturbance
http://purl.obolibrary.org/obo/HP_0001289,Confusion
http://purl.obolibrary.org/obo/HP_0001297,Stroke
http://purl.obolibrary.org/obo/HP_0001298,Encephalopathy
http://purl.obolibrary.org/obo/HP_0001300,Parkinsonism
http://purl.obolibrary.org/obo/HP_0001301,Chronic sensorineural polyneuropathy
http://purl.obolibrary.org/obo/HP_0001302,Pachygyria
http://purl.obolibrary.org/obo/HP_0001304,Torsion dystonia
http://purl.obolibrary.org/obo/HP_0001310,Dysmetria
http://purl.obolibrary.org/obo/HP_0001312,Giant somatosensory evoked potentials
http://purl.obolibrary.org/obo/HP_0001315,Diminished deep tendon reflex
http://purl.obolibrary.org/obo/HP_0001319,Neonatal hypotonia
http://purl.obolibrary.org/obo/HP_0001325,Hypoglycemic coma
http://purl.obolibrary.org/obo/HP_0001326,EEG with irregular generalized spike and wave complexes
http://purl.obolibrary.org/obo/HP_0001327,Photosensitive myoclonic seizure
http://purl.obolibrary.org/obo/HP_0001328,Specific learning disability
http://purl.obolibrary.org/obo/HP_0001332,Dystonia
http://purl.obolibrary.org/obo/HP_0001334,Communicating hydrocephalus
http://purl.obolibrary.org/obo/HP_0001335,Bimanual synkinesia
http://purl.obolibrary.org/obo/HP_0001336,Myoclonus
http://purl.obolibrary.org/obo/HP_0001337,Tremor
http://purl.obolibrary.org/obo/HP_0001339,Lissencephaly
http://purl.obolibrary.org/obo/HP_0001340,Enhancement of the C-reflex
http://purl.obolibrary.org/obo/HP_0001343,Kernicterus
http://purl.obolibrary.org/obo/HP_0001344,Absent speech
http://purl.obolibrary.org/obo/HP_0001345,Psychotic mentation
http://purl.obolibrary.org/obo/HP_0001347,Hyperreflexia
http://purl.obolibrary.org/obo/HP_0001348,Brisk reflexes
http://purl.obolibrary.org/obo/HP_0001350,Slurred speech
http://purl.obolibrary.org/obo/HP_0001351,Jerk-locked premyoclonus spikes
http://purl.obolibrary.org/obo/HP_0001355,Megalencephaly
http://purl.obolibrary.org/obo/HP_0001357,Plagiocephaly
http://purl.obolibrary.org/obo/HP_0001360,Holoprosencephaly
http://purl.obolibrary.org/obo/HP_0001361,Nystagmus-induced head nodding
http://purl.obolibrary.org/obo/HP_0001370,Rheumatoid arthritis
http://purl.obolibrary.org/obo/HP_0001394,Cirrhosis
http://purl.obolibrary.org/obo/HP_0001396,Cholestasis
http://purl.obolibrary.org/obo/HP_0001401,Intrahepatic biliary dysgenesis
http://purl.obolibrary.org/obo/HP_0001402,Hepatocellular carcinoma
http://purl.obolibrary.org/obo/HP_0001404,Hepatocellular necrosis
http://purl.obolibrary.org/obo/HP_0001406,Intrahepatic cholestasis
http://purl.obolibrary.org/obo/HP_0001408,Bile duct proliferation
http://purl.obolibrary.org/obo/HP_0001412,Enteroviral hepatitis
http://purl.obolibrary.org/obo/HP_0001413,Micronodular cirrhosis
http://purl.obolibrary.org/obo/HP_0001477,Compensatory chin elevation
http://purl.obolibrary.org/obo/HP_0001480,Freckling
http://purl.obolibrary.org/obo/HP_0001482,Subcutaneous nodule
http://purl.obolibrary.org/obo/HP_0001483,Eye poking
http://purl.obolibrary.org/obo/HP_0001488,Bilateral ptosis
http://purl.obolibrary.org/obo/HP_0001492,Axenfeld anomaly
http://purl.obolibrary.org/obo/HP_0001507,Growth abnormality
http://purl.obolibrary.org/obo/HP_0001508,Failure to thrive
http://purl.obolibrary.org/obo/HP_0001510,Growth delay
http://purl.obolibrary.org/obo/HP_0001511,Intrauterine growth retardation
http://purl.obolibrary.org/obo/HP_0001518,Small for gestational age
http://purl.obolibrary.org/obo/HP_0001519,Disproportionate tall stature
http://purl.obolibrary.org/obo/HP_0001520,Large for gestational age
http://purl.obolibrary.org/obo/HP_0001525,Severe failure to thrive
http://purl.obolibrary.org/obo/HP_0001530,Mild postnatal growth retardation
http://purl.obolibrary.org/obo/HP_0001531,Failure to thrive in infancy
http://purl.obolibrary.org/obo/HP_0001533,Slender build
http://purl.obolibrary.org/obo/HP_0001543,Gastroschisis
http://purl.obolibrary.org/obo/HP_0001548,Overgrowth
http://purl.obolibrary.org/obo/HP_0001557,Prenatal movement abnormality
http://purl.obolibrary.org/obo/HP_0001558,Decreased fetal movement
http://purl.obolibrary.org/obo/HP_0001562,Oligohydramnios
http://purl.obolibrary.org/obo/HP_0001563,Fetal polyuria
http://purl.obolibrary.org/obo/HP_0001571,Multiple impacted teeth
http://purl.obolibrary.org/obo/HP_0001579,Primary hypercortisolism
http://purl.obolibrary.org/obo/HP_0001580,Pigmented micronodular adrenocortical disease
http://purl.obolibrary.org/obo/HP_0001581,Recurrent skin infections
http://purl.obolibrary.org/obo/HP_0001582,Redundant skin
http://purl.obolibrary.org/obo/HP_0001583,Rotary nystagmus
http://purl.obolibrary.org/obo/HP_0001586,Vesicovaginal fistula
http://purl.obolibrary.org/obo/HP_0001591,Bell-shaped thorax
http://purl.obolibrary.org/obo/HP_0001596,Alopecia
http://purl.obolibrary.org/obo/HP_0001601,Laryngomalacia
http://purl.obolibrary.org/obo/HP_0001607,Subglottic stenosis
http://purl.obolibrary.org/obo/HP_0001609,Hoarse voice
http://purl.obolibrary.org/obo/HP_0001611,Hypernasal speech
http://purl.obolibrary.org/obo/HP_0001612,Weak cry
http://purl.obolibrary.org/obo/HP_0001615,Hoarse cry
http://purl.obolibrary.org/obo/HP_0001618,Dysphonia
http://purl.obolibrary.org/obo/HP_0001620,Abnormally high-pitched voice
http://purl.obolibrary.org/obo/HP_0001621,Weak voice
http://purl.obolibrary.org/obo/HP_0001622,Premature birth
http://purl.obolibrary.org/obo/HP_0001623,Breech presentation
http://purl.obolibrary.org/obo/HP_0001635,Congestive heart failure
http://purl.obolibrary.org/obo/HP_0001636,Tetralogy of Fallot
http://purl.obolibrary.org/obo/HP_0001639,Hypertrophic cardiomyopathy
http://purl.obolibrary.org/obo/HP_0001644,Dilated cardiomyopathy
http://purl.obolibrary.org/obo/HP_0001645,Sudden cardiac death
http://purl.obolibrary.org/obo/HP_0001648,Cor pulmonale
http://purl.obolibrary.org/obo/HP_0001649,Tachycardia
http://purl.obolibrary.org/obo/HP_0001657,Prolonged QT interval
http://purl.obolibrary.org/obo/HP_0001658,Myocardial infarction
http://purl.obolibrary.org/obo/HP_0001660,Truncus arteriosus
http://purl.obolibrary.org/obo/HP_0001662,Bradycardia
http://purl.obolibrary.org/obo/HP_0001664,Torsade de pointes
http://purl.obolibrary.org/obo/HP_0001669,Transposition of the great arteries
http://purl.obolibrary.org/obo/HP_0001670,Asymmetric septal hypertrophy
http://purl.obolibrary.org/obo/HP_0001678,Atrioventricular block
http://purl.obolibrary.org/obo/HP_0001681,Angina pectoris
http://purl.obolibrary.org/obo/HP_0001682,Subvalvular aortic stenosis
http://purl.obolibrary.org/obo/HP_0001683,Ectopia cordis
http://purl.obolibrary.org/obo/HP_0001684,Secundum atrial septal defect
http://purl.obolibrary.org/obo/HP_0001686,Loss of voice
http://purl.obolibrary.org/obo/HP_0001688,Sinus bradycardia
http://purl.obolibrary.org/obo/HP_0001691,Muscular subvalvular aortic stenosis
http://purl.obolibrary.org/obo/HP_0001692,Atrial arrhythmia
http://purl.obolibrary.org/obo/HP_0001693,Cardiac shunt
http://purl.obolibrary.org/obo/HP_0001694,Right-to-left shunt
http://purl.obolibrary.org/obo/HP_0001695,Cardiac arrest
http://purl.obolibrary.org/obo/HP_0001696,Situs inversus totalis
http://purl.obolibrary.org/obo/HP_0001699,Sudden death
http://purl.obolibrary.org/obo/HP_0001705,Right ventricular outlet tract obstruction
http://purl.obolibrary.org/obo/HP_0001706,Endocardial fibroelastosis
http://purl.obolibrary.org/obo/HP_0001708,Right ventricular failure
http://purl.obolibrary.org/obo/HP_0001709,Third degree atrioventricular block
http://purl.obolibrary.org/obo/HP_0001710,Conotruncal defect
http://purl.obolibrary.org/obo/HP_0001716,Wolff-Parkinson-White syndrome
http://purl.obolibrary.org/obo/HP_0001719,Double outlet right ventricle
http://purl.obolibrary.org/obo/HP_0001722,High-output congestive heart failure
http://purl.obolibrary.org/obo/HP_0001723,Restrictive cardiomyopathy
http://purl.obolibrary.org/obo/HP_0001727,Thromboembolic stroke
http://purl.obolibrary.org/obo/HP_0001730,Progressive hearing impairment
http://purl.obolibrary.org/obo/HP_0001741,Phimosis
http://purl.obolibrary.org/obo/HP_0001748,Polysplenia
http://purl.obolibrary.org/obo/HP_0001751,Abnormal vestibular function
http://purl.obolibrary.org/obo/HP_0001757,High-frequency sensorineural hearing impairment
http://purl.obolibrary.org/obo/HP_0001762,Talipes equinovarus
http://purl.obolibrary.org/obo/HP_0001765,Hammertoe
http://purl.obolibrary.org/obo/HP_0001772,Talipes equinovalgus
http://purl.obolibrary.org/obo/HP_0001775,Tarsal osteovalgus
http://purl.obolibrary.org/obo/HP_0001776,Bilateral talipes equinovarus
http://purl.obolibrary.org/obo/HP_0001787,Abnormal delivery
http://purl.obolibrary.org/obo/HP_0001788,Premature rupture of membranes
http://purl.obolibrary.org/obo/HP_0001790,Nonimmune hydrops fetalis
http://purl.obolibrary.org/obo/HP_0001812,Hyperconvex fingernails
http://purl.obolibrary.org/obo/HP_0001818,Paronychia
http://purl.obolibrary.org/obo/HP_0001820,Leukonychia
http://purl.obolibrary.org/obo/HP_0001840,Metatarsus adductus
http://purl.obolibrary.org/obo/HP_0001852,Sandal gap
http://purl.obolibrary.org/obo/HP_0001869,Deep plantar creases
http://purl.obolibrary.org/obo/HP_0001872,Abnormality of thrombocytes
http://purl.obolibrary.org/obo/HP_0001873,Thrombocytopenia
http://purl.obolibrary.org/obo/HP_0001874,Abnormality of neutrophils
http://purl.obolibrary.org/obo/HP_0001875,Decreased total neutrophil count
http://purl.obolibrary.org/obo/HP_0001876,Pancytopenia
http://purl.obolibrary.org/obo/HP_0001877,Abnormal erythrocyte morphology
http://purl.obolibrary.org/obo/HP_0001878,Hemolytic anemia
http://purl.obolibrary.org/obo/HP_0001879,Abnormal eosinophil morphology
http://purl.obolibrary.org/obo/HP_0001881,Abnormal leukocyte morphology
http://purl.obolibrary.org/obo/HP_0001883,Talipes
http://purl.obolibrary.org/obo/HP_0001884,Talipes calcaneovalgus
http://purl.obolibrary.org/obo/HP_0001889,Megaloblastic anemia
http://purl.obolibrary.org/obo/HP_0001890,Autoimmune hemolytic anemia
http://purl.obolibrary.org/obo/HP_0001891,Iron deficiency anemia
http://purl.obolibrary.org/obo/HP_0001892,Abnormal bleeding
http://purl.obolibrary.org/obo/HP_0001895,Normochromic anemia
http://purl.obolibrary.org/obo/HP_0001896,Reticulocytopenia
http://purl.obolibrary.org/obo/HP_0001897,Normocytic anemia
http://purl.obolibrary.org/obo/HP_0001898,Increased red blood cell mass
http://purl.obolibrary.org/obo/HP_0001899,Increased hematocrit
http://purl.obolibrary.org/obo/HP_0001901,Polycythemia
http://purl.obolibrary.org/obo/HP_0001902,Giant platelets
http://purl.obolibrary.org/obo/HP_0001903,Anemia
http://purl.obolibrary.org/obo/HP_0001904,Autoimmune neutropenia
http://purl.obolibrary.org/obo/HP_0001905,Congenital thrombocytopenia
http://purl.obolibrary.org/obo/HP_0001907,Thromboembolism
http://purl.obolibrary.org/obo/HP_0001908,Hypoplastic anemia
http://purl.obolibrary.org/obo/HP_0001909,Leukemia
http://purl.obolibrary.org/obo/HP_0001911,Abnormal granulocyte morphology
http://purl.obolibrary.org/obo/HP_0001912,Abnormal basophil morphology
http://purl.obolibrary.org/obo/HP_0001915,Aplastic anemia
http://purl.obolibrary.org/obo/HP_0001922,Vacuolated lymphocytes
http://purl.obolibrary.org/obo/HP_0001923,Reticulocytosis
http://purl.obolibrary.org/obo/HP_0001924,Sideroblastic anemia
http://purl.obolibrary.org/obo/HP_0001927,Acanthocytosis
http://purl.obolibrary.org/obo/HP_0001928,Abnormality of coagulation
http://purl.obolibrary.org/obo/HP_0001929,Reduced factor XI activity
http://purl.obolibrary.org/obo/HP_0001930,Nonspherocytic hemolytic anemia
http://purl.obolibrary.org/obo/HP_0001931,Hypochromic anemia
http://purl.obolibrary.org/obo/HP_0001934,Persistent bleeding after trauma
http://purl.obolibrary.org/obo/HP_0001935,Microcytic anemia
http://purl.obolibrary.org/obo/HP_0001937,Microangiopathic hemolytic anemia
http://purl.obolibrary.org/obo/HP_0001939,Abnormality of metabolism/homeostasis
http://purl.obolibrary.org/obo/HP_0001941,Acidosis
http://purl.obolibrary.org/obo/HP_0001942,Metabolic acidosis
http://purl.obolibrary.org/obo/HP_0001944,Dehydration
http://purl.obolibrary.org/obo/HP_0001945,Fever
http://purl.obolibrary.org/obo/HP_0001946,Ketosis
http://purl.obolibrary.org/obo/HP_0001948,Alkalosis
http://purl.obolibrary.org/obo/HP_0001949,Hypokalemic alkalosis
http://purl.obolibrary.org/obo/HP_0001950,Respiratory alkalosis
http://purl.obolibrary.org/obo/HP_0001951,Episodic ammonia intoxication
http://purl.obolibrary.org/obo/HP_0001952,Glucose intolerance
http://purl.obolibrary.org/obo/HP_0001953,Diabetic ketoacidosis
http://purl.obolibrary.org/obo/HP_0001954,Recurrent fever
http://purl.obolibrary.org/obo/HP_0001955,Unexplained fevers
http://purl.obolibrary.org/obo/HP_0001958,Nonketotic hypoglycemia
http://purl.obolibrary.org/obo/HP_0001959,Polydipsia
http://purl.obolibrary.org/obo/HP_0001960,Hypokalemic metabolic alkalosis
http://purl.obolibrary.org/obo/HP_0001962,Palpitations
http://purl.obolibrary.org/obo/HP_0001963,Abnormal speech discrimination
http://purl.obolibrary.org/obo/HP_0001969,Abnormal tubulointerstitial morphology
http://purl.obolibrary.org/obo/HP_0001970,Tubulointerstitial nephritis
http://purl.obolibrary.org/obo/HP_0001971,Hypersplenism
http://purl.obolibrary.org/obo/HP_0001972,Macrocytic anemia
http://purl.obolibrary.org/obo/HP_0001973,Autoimmune thrombocytopenia
http://purl.obolibrary.org/obo/HP_0001975,Decreased platelet glycoprotein IIb-IIIa
http://purl.obolibrary.org/obo/HP_0001976,Reduced antithrombin III activity
http://purl.obolibrary.org/obo/HP_0001977,Abnormal thrombosis
http://purl.obolibrary.org/obo/HP_0001978,Extramedullary hematopoiesis
http://purl.obolibrary.org/obo/HP_0001980,Megaloblastic bone marrow
http://purl.obolibrary.org/obo/HP_0001981,Schistocytosis
http://purl.obolibrary.org/obo/HP_0001982,Sea-blue histiocytosis
http://purl.obolibrary.org/obo/HP_0001983,Reduced lymphocyte surface expression of CD43
http://purl.obolibrary.org/obo/HP_0001984,Intolerance to protein
http://purl.obolibrary.org/obo/HP_0001985,Hypoketotic hypoglycemia
http://purl.obolibrary.org/obo/HP_0001986,Hypertonic dehydration
http://purl.obolibrary.org/obo/HP_0001989,Fetal akinesia sequence
http://purl.obolibrary.org/obo/HP_0001993,Ketoacidosis
http://purl.obolibrary.org/obo/HP_0001995,Hyperchloremic acidosis
http://purl.obolibrary.org/obo/HP_0001996,Chronic metabolic acidosis
http://purl.obolibrary.org/obo/HP_0001998,Neonatal hypoglycemia
http://purl.obolibrary.org/obo/HP_0002009,Potter facies
http://purl.obolibrary.org/obo/HP_0002012,Abnormality of the abdominal organs
http://purl.obolibrary.org/obo/HP_0002013,Vomiting
http://purl.obolibrary.org/obo/HP_0002015,Dysphagia
http://purl.obolibrary.org/obo/HP_0002017,Nausea and vomiting
http://purl.obolibrary.org/obo/HP_0002018,Nausea
http://purl.obolibrary.org/obo/HP_0002019,Constipation
http://purl.obolibrary.org/obo/HP_0002020,Gastroesophageal reflux
http://purl.obolibrary.org/obo/HP_0002024,Malabsorption
http://purl.obolibrary.org/obo/HP_0002027,Abdominal pain
http://purl.obolibrary.org/obo/HP_0002028,Chronic diarrhea
http://purl.obolibrary.org/obo/HP_0002033,Poor suck
http://purl.obolibrary.org/obo/HP_0002038,Protein avoidance
http://purl.obolibrary.org/obo/HP_0002039,Anorexia
http://purl.obolibrary.org/obo/HP_0002041,Intractable diarrhea
http://purl.obolibrary.org/obo/HP_0002044,Zollinger-Ellison syndrome
http://purl.obolibrary.org/obo/HP_0002045,Hypothermia
http://purl.obolibrary.org/obo/HP_0002046,Heat intolerance
http://purl.obolibrary.org/obo/HP_0002047,Malignant hyperthermia
http://purl.obolibrary.org/obo/HP_0002050,"Macroorchidism, postpubertal"
http://purl.obolibrary.org/obo/HP_0002054,Heavy supraorbital ridges
http://purl.obolibrary.org/obo/HP_0002058,Myopathic facies
http://purl.obolibrary.org/obo/HP_0002062,Abnormal pyramidal tract morphology
http://purl.obolibrary.org/obo/HP_0002063,Rigidity
http://purl.obolibrary.org/obo/HP_0002064,Spastic gait
http://purl.obolibrary.org/obo/HP_0002066,Gait ataxia
http://purl.obolibrary.org/obo/HP_0002067,Bradykinesia
http://purl.obolibrary.org/obo/HP_0002068,Neuromuscular dysphagia
http://purl.obolibrary.org/obo/HP_0002069,Bilateral tonic-clonic seizure
http://purl.obolibrary.org/obo/HP_0002071,Abnormality of extrapyramidal motor function
http://purl.obolibrary.org/obo/HP_0002072,Chorea
http://purl.obolibrary.org/obo/HP_0002073,Progressive cerebellar ataxia
http://purl.obolibrary.org/obo/HP_0002074,Increased neuronal autofluorescent lipopigment
http://purl.obolibrary.org/obo/HP_0002075,Dysdiadochokinesis
http://purl.obolibrary.org/obo/HP_0002076,Migraine
http://purl.obolibrary.org/obo/HP_0002077,Migraine with aura
http://purl.obolibrary.org/obo/HP_0002080,Intention tremor
http://purl.obolibrary.org/obo/HP_0002083,Migraine without aura
http://purl.obolibrary.org/obo/HP_0002091,Restrictive ventilatory defect
http://purl.obolibrary.org/obo/HP_0002094,Dyspnea
http://purl.obolibrary.org/obo/HP_0002098,Respiratory distress
http://purl.obolibrary.org/obo/HP_0002099,Asthma
http://purl.obolibrary.org/obo/HP_0002100,Recurrent aspiration pneumonia
http://purl.obolibrary.org/obo/HP_0002102,Pleuritis
http://purl.obolibrary.org/obo/HP_0002104,Apnea
http://purl.obolibrary.org/obo/HP_0002105,Hemoptysis
http://purl.obolibrary.org/obo/HP_0002107,Pneumothorax
http://purl.obolibrary.org/obo/HP_0002108,Spontaneous pneumothorax
http://purl.obolibrary.org/obo/HP_0002110,Bronchiectasis
http://purl.obolibrary.org/obo/HP_0002113,Pulmonary infiltrates
http://purl.obolibrary.org/obo/HP_0002121,Generalized non-motor (absence) seizure
http://purl.obolibrary.org/obo/HP_0002123,Generalized myoclonic seizure
http://purl.obolibrary.org/obo/HP_0002126,Polymicrogyria
http://purl.obolibrary.org/obo/HP_0002127,Abnormal upper motor neuron morphology
http://purl.obolibrary.org/obo/HP_0002131,Episodic ataxia
http://purl.obolibrary.org/obo/HP_0002132,Porencephalic cyst
http://purl.obolibrary.org/obo/HP_0002133,Status epilepticus
http://purl.obolibrary.org/obo/HP_0002136,Broad-based gait
http://purl.obolibrary.org/obo/HP_0002138,Subarachnoid hemorrhage
http://purl.obolibrary.org/obo/HP_0002139,Arrhinencephaly
http://purl.obolibrary.org/obo/HP_0002140,Ischemic stroke
http://purl.obolibrary.org/obo/HP_0002141,Gait imbalance
http://purl.obolibrary.org/obo/HP_0002144,Tethered cord
http://purl.obolibrary.org/obo/HP_0002145,Frontotemporal dementia
http://purl.obolibrary.org/obo/HP_0002166,Impaired vibration sensation in the lower limbs
http://purl.obolibrary.org/obo/HP_0002167,Abnormal speech pattern
http://purl.obolibrary.org/obo/HP_0002168,Scanning speech
http://purl.obolibrary.org/obo/HP_0002169,Clonus
http://purl.obolibrary.org/obo/HP_0002171,Gliosis
http://purl.obolibrary.org/obo/HP_0002172,Postural instability
http://purl.obolibrary.org/obo/HP_0002173,Hypoglycemic seizures
http://purl.obolibrary.org/obo/HP_0002174,Postural tremor
http://purl.obolibrary.org/obo/HP_0002179,Opisthotonus
http://purl.obolibrary.org/obo/HP_0002183,Phonophobia
http://purl.obolibrary.org/obo/HP_0002185,Neurofibrillary tangles
http://purl.obolibrary.org/obo/HP_0002186,Apraxia
http://purl.obolibrary.org/obo/HP_0002187,Profound intellectual disability
http://purl.obolibrary.org/obo/HP_0002191,Progressive spasticity
http://purl.obolibrary.org/obo/HP_0002193,Pseudobulbar affect
http://purl.obolibrary.org/obo/HP_0002194,Delayed gross motor development
http://purl.obolibrary.org/obo/HP_0002196,Myelopathy
http://purl.obolibrary.org/obo/HP_0002197,Generalized-onset seizure
http://purl.obolibrary.org/obo/HP_0002199,Hypocalcemic seizures
http://purl.obolibrary.org/obo/HP_0002200,Pseudobulbar signs
http://purl.obolibrary.org/obo/HP_0002203,Respiratory paralysis
http://purl.obolibrary.org/obo/HP_0002204,Pulmonary embolism
http://purl.obolibrary.org/obo/HP_0002205,Recurrent respiratory infections
http://purl.obolibrary.org/obo/HP_0002207,Diffuse reticular or finely nodular infiltrations
http://purl.obolibrary.org/obo/HP_0002211,White forelock
http://purl.obolibrary.org/obo/HP_0002230,Generalized hirsutism
http://purl.obolibrary.org/obo/HP_0002232,Patchy alopecia
http://purl.obolibrary.org/obo/HP_0002234,Early balding
http://purl.obolibrary.org/obo/HP_0002235,Pili canaliculi
http://purl.obolibrary.org/obo/HP_0002243,Protein-losing enteropathy
http://purl.obolibrary.org/obo/HP_0002245,Meckel diverticulum
http://purl.obolibrary.org/obo/HP_0002248,Hematemesis
http://purl.obolibrary.org/obo/HP_0002251,Aganglionic megacolon
http://purl.obolibrary.org/obo/HP_0002254,Intermittent diarrhea
http://purl.obolibrary.org/obo/HP_0002257,Chronic rhinitis
http://purl.obolibrary.org/obo/HP_0002263,Exaggerated cupid's bow
http://purl.obolibrary.org/obo/HP_0002266,Focal clonic seizure
http://purl.obolibrary.org/obo/HP_0002267,Exaggerated startle response
http://purl.obolibrary.org/obo/HP_0002268,Paroxysmal dystonia
http://purl.obolibrary.org/obo/HP_0002269,Abnormality of neuronal migration
http://purl.obolibrary.org/obo/HP_0002273,Tetraparesis
http://purl.obolibrary.org/obo/HP_0002277,Horner syndrome
http://purl.obolibrary.org/obo/HP_0002280,Enlarged cisterna magna
http://purl.obolibrary.org/obo/HP_0002282,Gray matter heterotopia
http://purl.obolibrary.org/obo/HP_0002287,Progressive alopecia
http://purl.obolibrary.org/obo/HP_0002289,Alopecia universalis
http://purl.obolibrary.org/obo/HP_0002290,Poliosis
http://purl.obolibrary.org/obo/HP_0002292,Frontal balding
http://purl.obolibrary.org/obo/HP_0002300,Mutism
http://purl.obolibrary.org/obo/HP_0002301,Hemiplegia
http://purl.obolibrary.org/obo/HP_0002304,Akinesia
http://purl.obolibrary.org/obo/HP_0002305,Athetosis
http://purl.obolibrary.org/obo/HP_0002307,Drooling
http://purl.obolibrary.org/obo/HP_0002308,Chiari malformation
http://purl.obolibrary.org/obo/HP_0002310,Orofacial dyskinesia
http://purl.obolibrary.org/obo/HP_0002311,Incoordination
http://purl.obolibrary.org/obo/HP_0002312,Clumsiness
http://purl.obolibrary.org/obo/HP_0002313,Spastic paraparesis
http://purl.obolibrary.org/obo/HP_0002315,Headache
http://purl.obolibrary.org/obo/HP_0002317,Unsteady gait
http://purl.obolibrary.org/obo/HP_0002318,Cervical myelopathy
http://purl.obolibrary.org/obo/HP_0002321,Vertigo
http://purl.obolibrary.org/obo/HP_0002322,Resting tremor
http://purl.obolibrary.org/obo/HP_0002323,Anencephaly
http://purl.obolibrary.org/obo/HP_0002324,Hydranencephaly
http://purl.obolibrary.org/obo/HP_0002326,Transient ischemic attack
http://purl.obolibrary.org/obo/HP_0002329,Drowsiness
http://purl.obolibrary.org/obo/HP_0002330,Sleep attack
http://purl.obolibrary.org/obo/HP_0002331,Recurrent paroxysmal headache
http://purl.obolibrary.org/obo/HP_0002332,Lack of peer relationships
http://purl.obolibrary.org/obo/HP_0002333,Motor deterioration
http://purl.obolibrary.org/obo/HP_0002341,Cervical cord compression
http://purl.obolibrary.org/obo/HP_0002342,Moderate intellectual disability
http://purl.obolibrary.org/obo/HP_0002343,Normal pressure hydrocephalus
http://purl.obolibrary.org/obo/HP_0002344,Progressive neurologic deterioration
http://purl.obolibrary.org/obo/HP_0002345,Action tremor
http://purl.obolibrary.org/obo/HP_0002346,Head tremor
http://purl.obolibrary.org/obo/HP_0002349,Focal aware seizure
http://purl.obolibrary.org/obo/HP_0002353,EEG abnormality
http://purl.obolibrary.org/obo/HP_0002354,Memory impairment
http://purl.obolibrary.org/obo/HP_0002356,Writer's cramp
http://purl.obolibrary.org/obo/HP_0002359,Frequent falls
http://purl.obolibrary.org/obo/HP_0002360,Sleep disturbance
http://purl.obolibrary.org/obo/HP_0002361,Psychomotor deterioration
http://purl.obolibrary.org/obo/HP_0002362,Shuffling gait
http://purl.obolibrary.org/obo/HP_0002366,Abnormal lower motor neuron morphology
http://purl.obolibrary.org/obo/HP_0002367,Visual hallucination
http://purl.obolibrary.org/obo/HP_0002371,Loss of speech
http://purl.obolibrary.org/obo/HP_0002372,Normal interictal EEG
http://purl.obolibrary.org/obo/HP_0002373,Febrile seizure (within the age range of 3 months to 6 years)
http://purl.obolibrary.org/obo/HP_0002374,Diminished movement
http://purl.obolibrary.org/obo/HP_0002375,Hypokinesia
http://purl.obolibrary.org/obo/HP_0002376,Developmental regression
http://purl.obolibrary.org/obo/HP_0002378,Hand tremor
http://purl.obolibrary.org/obo/HP_0002380,Fasciculations
http://purl.obolibrary.org/obo/HP_0002381,Aphasia
http://purl.obolibrary.org/obo/HP_0002383,Infectious encephalitis
http://purl.obolibrary.org/obo/HP_0002384,Focal impaired awareness seizure
http://purl.obolibrary.org/obo/HP_0002385,Paraparesis
http://purl.obolibrary.org/obo/HP_0002390,Spinal arteriovenous malformation
http://purl.obolibrary.org/obo/HP_0002392,EEG with polyspike wave complexes
http://purl.obolibrary.org/obo/HP_0002396,Cogwheel rigidity
http://purl.obolibrary.org/obo/HP_0002398,Degeneration of anterior horn cells
http://purl.obolibrary.org/obo/HP_0002401,Stroke-like episode
http://purl.obolibrary.org/obo/HP_0002403,Positive Romberg sign
http://purl.obolibrary.org/obo/HP_0002408,Cerebral arteriovenous malformation
http://purl.obolibrary.org/obo/HP_0002411,Myokymia
http://purl.obolibrary.org/obo/HP_0002414,Spina bifida
http://purl.obolibrary.org/obo/HP_0002415,Leukodystrophy
http://purl.obolibrary.org/obo/HP_0002416,Subependymal cysts
http://purl.obolibrary.org/obo/HP_0002419,Molar tooth sign on MRI
http://purl.obolibrary.org/obo/HP_0002421,Poor head control
http://purl.obolibrary.org/obo/HP_0002423,Long-tract sign
http://purl.obolibrary.org/obo/HP_0002425,Anarthria
http://purl.obolibrary.org/obo/HP_0002427,Expressive aphasia
http://purl.obolibrary.org/obo/HP_0002435,Meningocele
http://purl.obolibrary.org/obo/HP_0002436,Occipital meningocele
http://purl.obolibrary.org/obo/HP_0002439,Frontolimbic dementia
http://purl.obolibrary.org/obo/HP_0002442,Dyscalculia
http://purl.obolibrary.org/obo/HP_0002445,Tetraplegia
http://purl.obolibrary.org/obo/HP_0002446,Astrocytosis
http://purl.obolibrary.org/obo/HP_0002448,Progressive encephalopathy
http://purl.obolibrary.org/obo/HP_0002450,Abnormal motor neuron morphology
http://purl.obolibrary.org/obo/HP_0002451,Limb dystonia
http://purl.obolibrary.org/obo/HP_0002457,Abnormal head movements
http://purl.obolibrary.org/obo/HP_0002460,Distal muscle weakness
http://purl.obolibrary.org/obo/HP_0002463,Language impairment
http://purl.obolibrary.org/obo/HP_0002464,Spastic dysarthria
http://purl.obolibrary.org/obo/HP_0002465,Poor speech
http://purl.obolibrary.org/obo/HP_0002470,Nonprogressive cerebellar ataxia
http://purl.obolibrary.org/obo/HP_0002474,Expressive language delay
http://purl.obolibrary.org/obo/HP_0002475,Myelomeningocele
http://purl.obolibrary.org/obo/HP_0002476,Primitive reflex
http://purl.obolibrary.org/obo/HP_0002478,Progressive spastic quadriplegia
http://purl.obolibrary.org/obo/HP_0002483,Bulbar signs
http://purl.obolibrary.org/obo/HP_0002486,Myotonia
http://purl.obolibrary.org/obo/HP_0002487,Hyperkinetic movements
http://purl.obolibrary.org/obo/HP_0002488,Acute leukemia
http://purl.obolibrary.org/obo/HP_0002494,Abnormal rapid eye movement sleep
http://purl.obolibrary.org/obo/HP_0002495,Impaired vibratory sensation
http://purl.obolibrary.org/obo/HP_0002497,Spastic ataxia
http://purl.obolibrary.org/obo/HP_0002505,Loss of ambulation
http://purl.obolibrary.org/obo/HP_0002507,Semilobar holoprosencephaly
http://purl.obolibrary.org/obo/HP_0002510,Spastic tetraplegia
http://purl.obolibrary.org/obo/HP_0002511,Alzheimer disease
http://purl.obolibrary.org/obo/HP_0002515,Waddling gait
http://purl.obolibrary.org/obo/HP_0002516,Increased intracranial pressure
http://purl.obolibrary.org/obo/HP_0002518,Abnormal periventricular white matter morphology
http://purl.obolibrary.org/obo/HP_0002519,Hypnagogic hallucination
http://purl.obolibrary.org/obo/HP_0002521,Hypsarrhythmia
http://purl.obolibrary.org/obo/HP_0002524,Cataplexy
http://purl.obolibrary.org/obo/HP_0002526,Deficit in nonword repetition
http://purl.obolibrary.org/obo/HP_0002527,Falls
http://purl.obolibrary.org/obo/HP_0002530,Axial dystonia
http://purl.obolibrary.org/obo/HP_0002533,Abnormal posturing
http://purl.obolibrary.org/obo/HP_0002540,Inability to walk
http://purl.obolibrary.org/obo/HP_0002542,Olivopontocerebellar atrophy
http://purl.obolibrary.org/obo/HP_0002544,Retrocollis
http://purl.obolibrary.org/obo/HP_0002545,Patchy demyelination of subcortical white matter
http://purl.obolibrary.org/obo/HP_0002546,Incomprehensible speech
http://purl.obolibrary.org/obo/HP_0002548,Parkinsonism with favorable response to dopaminergic medication
http://purl.obolibrary.org/obo/HP_0002549,Deficit in phonologic short-term memory
http://purl.obolibrary.org/obo/HP_0002563,Constrictive pericarditis
http://purl.obolibrary.org/obo/HP_0002571,Achalasia
http://purl.obolibrary.org/obo/HP_0002572,Episodic vomiting
http://purl.obolibrary.org/obo/HP_0002573,Hematochezia
http://purl.obolibrary.org/obo/HP_0002574,Episodic abdominal pain
http://purl.obolibrary.org/obo/HP_0002576,Intussusception
http://purl.obolibrary.org/obo/HP_0002579,Gastrointestinal dysmotility
http://purl.obolibrary.org/obo/HP_0002580,Volvulus
http://purl.obolibrary.org/obo/HP_0002582,Atrophic gastritis
http://purl.obolibrary.org/obo/HP_0002587,Projectile vomiting
http://purl.obolibrary.org/obo/HP_0002590,Paralytic ileus
http://purl.obolibrary.org/obo/HP_0002591,Polyphagia
http://purl.obolibrary.org/obo/HP_0002595,Ileus
http://purl.obolibrary.org/obo/HP_0002599,Head titubation
http://purl.obolibrary.org/obo/HP_0002607,Bowel incontinence
http://purl.obolibrary.org/obo/HP_0002608,Celiac disease
http://purl.obolibrary.org/obo/HP_0002613,Biliary cirrhosis
http://purl.obolibrary.org/obo/HP_0002621,Atherosclerosis
http://purl.obolibrary.org/obo/HP_0002629,Gastrointestinal arteriovenous malformation
http://purl.obolibrary.org/obo/HP_0002630,Fat malabsorption
http://purl.obolibrary.org/obo/HP_0002635,Type IV atherosclerotic lesion
http://purl.obolibrary.org/obo/HP_0002637,Cerebral ischemia
http://purl.obolibrary.org/obo/HP_0002638,Superficial thrombophlebitis
http://purl.obolibrary.org/obo/HP_0002639,Budd-Chiari syndrome
http://purl.obolibrary.org/obo/HP_0002640,Hypertension associated with pheochromocytoma
http://purl.obolibrary.org/obo/HP_0002641,Peripheral thrombosis
http://purl.obolibrary.org/obo/HP_0002642,Arteriovenous fistulas of celiac and mesenteric vessels
http://purl.obolibrary.org/obo/HP_0002643,Neonatal respiratory distress
http://purl.obolibrary.org/obo/HP_0002645,Wormian bones
http://purl.obolibrary.org/obo/HP_0002651,Spondyloepimetaphyseal dysplasia
http://purl.obolibrary.org/obo/HP_0002653,Bone pain
http://purl.obolibrary.org/obo/HP_0002654,Multiple epiphyseal dysplasia
http://purl.obolibrary.org/obo/HP_0002655,Spondyloepiphyseal dysplasia
http://purl.obolibrary.org/obo/HP_0002657,Spondylometaphyseal dysplasia
http://purl.obolibrary.org/obo/HP_0002661,Painless fractures due to injury
http://purl.obolibrary.org/obo/HP_0002664,Neoplasm
http://purl.obolibrary.org/obo/HP_0002665,Lymphoma
http://purl.obolibrary.org/obo/HP_0002666,Pheochromocytoma
http://purl.obolibrary.org/obo/HP_0002667,Nephroblastoma
http://purl.obolibrary.org/obo/HP_0002668,Paraganglioma
http://purl.obolibrary.org/obo/HP_0002669,Osteosarcoma
http://purl.obolibrary.org/obo/HP_0002671,Basal cell carcinoma
http://purl.obolibrary.org/obo/HP_0002672,Gastrointestinal carcinoma
http://purl.obolibrary.org/obo/HP_0002691,Platybasia
http://purl.obolibrary.org/obo/HP_0002697,Parietal foramina
http://purl.obolibrary.org/obo/HP_0002705,"High, narrow palate"
http://purl.obolibrary.org/obo/HP_0002718,Recurrent bacterial infections
http://purl.obolibrary.org/obo/HP_0002719,Recurrent infections
http://purl.obolibrary.org/obo/HP_0002721,Immunodeficiency
http://purl.obolibrary.org/obo/HP_0002722,Recurrent abscess formation
http://purl.obolibrary.org/obo/HP_0002723,Absence of bactericidal oxidative respiratory burst in phagocytes
http://purl.obolibrary.org/obo/HP_0002724,Recurrent Aspergillus infection
http://purl.obolibrary.org/obo/HP_0002725,Systemic lupus erythematosus
http://purl.obolibrary.org/obo/HP_0002726,Recurrent Staphylococcus aureus infection
http://purl.obolibrary.org/obo/HP_0002728,Recurrent mucocutaneous candidiasis
http://purl.obolibrary.org/obo/HP_0002729,Follicular hyperplasia
http://purl.obolibrary.org/obo/HP_0002730,Chronic noninfectious lymphadenopathy
http://purl.obolibrary.org/obo/HP_0002731,Decreased T cell apoptosis
http://purl.obolibrary.org/obo/HP_0002740,Recurrent Escherichia coli infection
http://purl.obolibrary.org/obo/HP_0002741,Recurrent Serratia infection
http://purl.obolibrary.org/obo/HP_0002742,Recurrent Klebsiella infection
http://purl.obolibrary.org/obo/HP_0002743,Recurrent enteroviral infections
http://purl.obolibrary.org/obo/HP_0002747,Respiratory insufficiency due to muscle weakness
http://purl.obolibrary.org/obo/HP_0002748,Rickets
http://purl.obolibrary.org/obo/HP_0002751,Kyphoscoliosis
http://purl.obolibrary.org/obo/HP_0002756,Pathologic fracture
http://purl.obolibrary.org/obo/HP_0002757,Recurrent fractures
http://purl.obolibrary.org/obo/HP_0002758,Osteoarthritis
http://purl.obolibrary.org/obo/HP_0002761,Generalized joint hypermobility
http://purl.obolibrary.org/obo/HP_0002762,Multiple exostoses
http://purl.obolibrary.org/obo/HP_0002779,Tracheomalacia
http://purl.obolibrary.org/obo/HP_0002780,Bronchomalacia
http://purl.obolibrary.org/obo/HP_0002783,Recurrent lower respiratory tract infections
http://purl.obolibrary.org/obo/HP_0002786,Tracheobronchomalacia
http://purl.obolibrary.org/obo/HP_0002789,Tachypnea
http://purl.obolibrary.org/obo/HP_0002790,Neonatal breathing dysregulation
http://purl.obolibrary.org/obo/HP_0002791,Hypoventilation
http://purl.obolibrary.org/obo/HP_0002792,Reduced vital capacity
http://purl.obolibrary.org/obo/HP_0002793,Abnormal pattern of respiration
http://purl.obolibrary.org/obo/HP_0002797,Osteolysis
http://purl.obolibrary.org/obo/HP_0002803,Congenital contracture
http://purl.obolibrary.org/obo/HP_0002804,Arthrogryposis multiplex congenita
http://purl.obolibrary.org/obo/HP_0002805,Accelerated bone age after puberty
http://purl.obolibrary.org/obo/HP_0002816,Genu recurvatum
http://purl.obolibrary.org/obo/HP_0002821,Neuropathic arthropathy
http://purl.obolibrary.org/obo/HP_0002825,Caudal appendage
http://purl.obolibrary.org/obo/HP_0002826,Halberd-shaped pelvis
http://purl.obolibrary.org/obo/HP_0002828,Multiple joint contractures
http://purl.obolibrary.org/obo/HP_0002829,Arthralgia
http://purl.obolibrary.org/obo/HP_0002832,Calcific stippling
http://purl.obolibrary.org/obo/HP_0002833,Cystic angiomatosis of bone
http://purl.obolibrary.org/obo/HP_0002835,Aspiration
http://purl.obolibrary.org/obo/HP_0002837,Recurrent bronchitis
http://purl.obolibrary.org/obo/HP_0002841,Recurrent fungal infections
http://purl.obolibrary.org/obo/HP_0002842,Recurrent Burkholderia cepacia infection
http://purl.obolibrary.org/obo/HP_0002843,Abnormal T cell morphology
http://purl.obolibrary.org/obo/HP_0002846,Abnormal B cell morphology
http://purl.obolibrary.org/obo/HP_0002847,Impaired memory B cell generation
http://purl.obolibrary.org/obo/HP_0002848,Decreased specific anti-polysaccharide antibody concentration
http://purl.obolibrary.org/obo/HP_0002851,Increased double-negative T cell number
http://purl.obolibrary.org/obo/HP_0002853,Increased HLA-DR+ CD4+ T cell proportion
http://purl.obolibrary.org/obo/HP_0002857,Genu valgum
http://purl.obolibrary.org/obo/HP_0002858,Meningioma
http://purl.obolibrary.org/obo/HP_0002859,Rhabdomyosarcoma
http://purl.obolibrary.org/obo/HP_0002860,Squamous cell carcinoma
http://purl.obolibrary.org/obo/HP_0002861,Melanoma
http://purl.obolibrary.org/obo/HP_0002862,Bladder carcinoma
http://purl.obolibrary.org/obo/HP_0002863,Myelodysplasia
http://purl.obolibrary.org/obo/HP_0002864,Paraganglioma of head and neck
http://purl.obolibrary.org/obo/HP_0002870,Obstructive sleep apnea
http://purl.obolibrary.org/obo/HP_0002871,Central apnea
http://purl.obolibrary.org/obo/HP_0002872,"Apneic episodes precipitated by illness, fatigue, stress"
http://purl.obolibrary.org/obo/HP_0002875,Exertional dyspnea
http://purl.obolibrary.org/obo/HP_0002876,Episodic tachypnea
http://purl.obolibrary.org/obo/HP_0002877,Nocturnal hypoventilation
http://purl.obolibrary.org/obo/HP_0002878,Respiratory failure
http://purl.obolibrary.org/obo/HP_0002879,Anisospondyly
http://purl.obolibrary.org/obo/HP_0002882,Sudden episodic apnea
http://purl.obolibrary.org/obo/HP_0002883,Hyperventilation
http://purl.obolibrary.org/obo/HP_0002884,Hepatoblastoma
http://purl.obolibrary.org/obo/HP_0002885,Medulloblastoma
http://purl.obolibrary.org/obo/HP_0002886,Vagal paraganglioma
http://purl.obolibrary.org/obo/HP_0002888,Ependymoma
http://purl.obolibrary.org/obo/HP_0002898,Embryonal neoplasm
http://purl.obolibrary.org/obo/HP_0002907,Microscopic hematuria
http://purl.obolibrary.org/obo/HP_0002908,Conjugated hyperbilirubinemia
http://purl.obolibrary.org/obo/HP_0002909,Generalized aminoaciduria
http://purl.obolibrary.org/obo/HP_0002916,Abnormality of chromosome segregation
http://purl.obolibrary.org/obo/HP_0002923,Rheumatoid factor positive
http://purl.obolibrary.org/obo/HP_0002925,Elevated circulating thyroid-stimulating hormone concentration
http://purl.obolibrary.org/obo/HP_0002928,Decreased activity of the pyruvate dehydrogenase complex
http://purl.obolibrary.org/obo/HP_0002929,Leydig cell insensitivity to gonadotropin
http://purl.obolibrary.org/obo/HP_0002932,Aldehyde oxidase deficiency
http://purl.obolibrary.org/obo/HP_0002936,Distal sensory impairment
http://purl.obolibrary.org/obo/HP_0002937,Hemivertebrae
http://purl.obolibrary.org/obo/HP_0002953,Vertebral compression fracture
http://purl.obolibrary.org/obo/HP_0002955,Granulomatosis
http://purl.obolibrary.org/obo/HP_0002958,Immune dysregulation
http://purl.obolibrary.org/obo/HP_0002959,Impaired Ig class switch recombination
http://purl.obolibrary.org/obo/HP_0002960,Autoimmunity
http://purl.obolibrary.org/obo/HP_0002963,Abnormal delayed hypersensitivity skin test
http://purl.obolibrary.org/obo/HP_0002965,Cutaneous anergy
http://purl.obolibrary.org/obo/HP_0002967,Cubitus valgus
http://purl.obolibrary.org/obo/HP_0002971,Absent microvilli on the surface of peripheral blood lymphocytes
http://purl.obolibrary.org/obo/HP_0002972,Reduced delayed hypersensitivity
http://purl.obolibrary.org/obo/HP_0003001,Glomus jugular tumor
http://purl.obolibrary.org/obo/HP_0003003,Colon cancer
http://purl.obolibrary.org/obo/HP_0003005,Ganglioneuroma
http://purl.obolibrary.org/obo/HP_0003006,Neuroblastoma
http://purl.obolibrary.org/obo/HP_0003009,Enhanced neurotoxicity of vincristine
http://purl.obolibrary.org/obo/HP_0003010,Prolonged bleeding time
http://purl.obolibrary.org/obo/HP_0003021,Metaphyseal cupping
http://purl.obolibrary.org/obo/HP_0003023,Bowing of limbs due to multiple fractures
http://purl.obolibrary.org/obo/HP_0003027,Mesomelia
http://purl.obolibrary.org/obo/HP_0003040,Arthropathy
http://purl.obolibrary.org/obo/HP_0003041,Humeroradial synostosis
http://purl.obolibrary.org/obo/HP_0003057,Tetraamelia
http://purl.obolibrary.org/obo/HP_0003067,Madelung deformity
http://purl.obolibrary.org/obo/HP_0003079,Defective DNA repair after ultraviolet radiation damage
http://purl.obolibrary.org/obo/HP_0003086,Acromesomelia
http://purl.obolibrary.org/obo/HP_0003088,Premature osteoarthritis
http://purl.obolibrary.org/obo/HP_0003089,Hamstring contractures
http://purl.obolibrary.org/obo/HP_0003091,Trophic limb changes
http://purl.obolibrary.org/obo/HP_0003093,Limited hip extension
http://purl.obolibrary.org/obo/HP_0003095,Septic arthritis
http://purl.obolibrary.org/obo/HP_0003102,Increased carrying angle
http://purl.obolibrary.org/obo/HP_0003106,Subperiosteal bone resorption
http://purl.obolibrary.org/obo/HP_0003115,Abnormal EKG
http://purl.obolibrary.org/obo/HP_0003125,Reduced factor VIII activity
http://purl.obolibrary.org/obo/HP_0003126,Low-molecular-weight proteinuria
http://purl.obolibrary.org/obo/HP_0003130,Abnormal peripheral myelination
http://purl.obolibrary.org/obo/HP_0003134,Abnormality of peripheral nerve conduction
http://purl.obolibrary.org/obo/HP_0003139,Panhypogammaglobulinemia
http://purl.obolibrary.org/obo/HP_0003140,T-wave inversion in the right precordial leads
http://purl.obolibrary.org/obo/HP_0003142,Excessive purine production
http://purl.obolibrary.org/obo/HP_0003145,Decreased circulating adenosylcobalamin concentration
http://purl.obolibrary.org/obo/HP_0003148,Elevated serum acid phosphatase
http://purl.obolibrary.org/obo/HP_0003155,Elevated circulating alkaline phosphatase concentration
http://purl.obolibrary.org/obo/HP_0003158,Hyposthenuria
http://purl.obolibrary.org/obo/HP_0003160,Abnormal isoelectric focusing of serum transferrin
http://purl.obolibrary.org/obo/HP_0003162,Fasting hypoglycemia
http://purl.obolibrary.org/obo/HP_0003164,Gonadotropin-releasing hormone deficiency
http://purl.obolibrary.org/obo/HP_0003168,Dibasicaminoaciduria
http://purl.obolibrary.org/obo/HP_0003180,Flat acetabular roof
http://purl.obolibrary.org/obo/HP_0003184,Decreased hip abduction
http://purl.obolibrary.org/obo/HP_0003193,Allergic rhinitis
http://purl.obolibrary.org/obo/HP_0003200,Ragged-red muscle fibers
http://purl.obolibrary.org/obo/HP_0003201,Rhabdomyolysis
http://purl.obolibrary.org/obo/HP_0003203,Decreased neutrophil oxidative burst
http://purl.obolibrary.org/obo/HP_0003204,Intracellular accumulation of autofluorescent lipopigment storage material
http://purl.obolibrary.org/obo/HP_0003205,Curvilinear intracellular accumulation of autofluorescent lipopigment storage material
http://purl.obolibrary.org/obo/HP_0003206,Decreased activity of NADPH oxidase
http://purl.obolibrary.org/obo/HP_0003208,Fingerprint intracellular accumulation of autofluorescent lipopigment storage material
http://purl.obolibrary.org/obo/HP_0003209,Decreased pyruvate carboxylase activity
http://purl.obolibrary.org/obo/HP_0003210,Decreased methylmalonyl-CoA mutase activity
http://purl.obolibrary.org/obo/HP_0003213,Deficient excision of UV-induced pyrimidine dimers in DNA
http://purl.obolibrary.org/obo/HP_0003214,Prolonged G2 phase of cell cycle
http://purl.obolibrary.org/obo/HP_0003216,Generalized amyloid deposition
http://purl.obolibrary.org/obo/HP_0003220,Abnormality of chromosome stability
http://purl.obolibrary.org/obo/HP_0003221,Chromosomal breakage induced by crosslinking agents
http://purl.obolibrary.org/obo/HP_0003223,Decreased circulating methylcobalamin concentration
http://purl.obolibrary.org/obo/HP_0003224,Increased cellular sensitivity to UV light
http://purl.obolibrary.org/obo/HP_0003225,Reduced coagulation factor V activity
http://purl.obolibrary.org/obo/HP_0003226,Rectilinear intracellular accumulation of autofluorescent lipopigment storage material
http://purl.obolibrary.org/obo/HP_0003232,Mitochondrial malic enzyme reduced
http://purl.obolibrary.org/obo/HP_0003238,Hyperpepsinogenemia I
http://purl.obolibrary.org/obo/HP_0003240,Increased phosphoribosylpyrophosphate synthetase level
http://purl.obolibrary.org/obo/HP_0003249,Genital ulcers
http://purl.obolibrary.org/obo/HP_0003254,Abnormality of DNA repair
http://purl.obolibrary.org/obo/HP_0003256,Abnormality of the coagulation cascade
http://purl.obolibrary.org/obo/HP_0003258,Glyoxalase deficiency
http://purl.obolibrary.org/obo/HP_0003262,Anti-smooth muscle antibody positivity
http://purl.obolibrary.org/obo/HP_0003264,Deficiency of N-acetylglucosamine-1-phosphotransferase
http://purl.obolibrary.org/obo/HP_0003265,Neonatal hyperbilirubinemia
http://purl.obolibrary.org/obo/HP_0003267,Reduced orotidine 5-prime phosphate decarboxylase level
http://purl.obolibrary.org/obo/HP_0003269,Sudanophilic leukodystrophy
http://purl.obolibrary.org/obo/HP_0003276,Pelvic bone exostoses
http://purl.obolibrary.org/obo/HP_0003279,Coxa magna
http://purl.obolibrary.org/obo/HP_0003282,Decreased circulating alkaline phosphatase activity
http://purl.obolibrary.org/obo/HP_0003287,Abnormality of mitochondrial metabolism
http://purl.obolibrary.org/obo/HP_0003288,Mitochondrial propionyl-CoA carboxylase defect
http://purl.obolibrary.org/obo/HP_0003298,Spina bifida occulta
http://purl.obolibrary.org/obo/HP_0003302,Spondylolisthesis
http://purl.obolibrary.org/obo/HP_0003304,Spondylolysis
http://purl.obolibrary.org/obo/HP_0003326,Myalgia
http://purl.obolibrary.org/obo/HP_0003328,Abnormal hairshaft morphology
http://purl.obolibrary.org/obo/HP_0003332,Absent primary metaphyseal spongiosa
http://purl.obolibrary.org/obo/HP_0003337,Reduced prothrombin consumption
http://purl.obolibrary.org/obo/HP_0003338,Focal necrosis of right ventricular muscle cells
http://purl.obolibrary.org/obo/HP_0003339,Pyrimidine-responsive megaloblastic anemia
http://purl.obolibrary.org/obo/HP_0003341,Lamina lucida cleavage
http://purl.obolibrary.org/obo/HP_0003343,Reduced glutathione synthetase level
http://purl.obolibrary.org/obo/HP_0003349,Low cholesterol esterification rate
http://purl.obolibrary.org/obo/HP_0003352,Endopolyploidy on chromosome studies of bone marrow
http://purl.obolibrary.org/obo/HP_0003353,Propionyl-CoA carboxylase deficiency
http://purl.obolibrary.org/obo/HP_0003358,Elevated intracellular cystine
http://purl.obolibrary.org/obo/HP_0003363,Abdominal situs inversus
http://purl.obolibrary.org/obo/HP_0003365,Arthralgia of the hip
http://purl.obolibrary.org/obo/HP_0003376,Steppage gait
http://purl.obolibrary.org/obo/HP_0003378,Axonal degeneration/regeneration
http://purl.obolibrary.org/obo/HP_0003382,Hypertrophic nerve changes
http://purl.obolibrary.org/obo/HP_0003383,Onion bulb formation
http://purl.obolibrary.org/obo/HP_0003384,Peripheral axonal atrophy
http://purl.obolibrary.org/obo/HP_0003388,Easy fatigability
http://purl.obolibrary.org/obo/HP_0003391,Gowers sign
http://purl.obolibrary.org/obo/HP_0003394,Muscle spasm
http://purl.obolibrary.org/obo/HP_0003396,Syringomyelia
http://purl.obolibrary.org/obo/HP_0003397,Generalized hypotonia due to defect at the neuromuscular junction
http://purl.obolibrary.org/obo/HP_0003398,Abnormal synaptic transmission at the neuromuscular junction
http://purl.obolibrary.org/obo/HP_0003400,Basal lamina onion bulb formation
http://purl.obolibrary.org/obo/HP_0003401,Paresthesia
http://purl.obolibrary.org/obo/HP_0003402,Decreased miniature endplate potentials
http://purl.obolibrary.org/obo/HP_0003403,EMG: decremental response of compound muscle action potential to repetitive nerve stimulation
http://purl.obolibrary.org/obo/HP_0003405,Diffuse axonal swelling
http://purl.obolibrary.org/obo/HP_0003409,Distal sensory impairment of all modalities
http://purl.obolibrary.org/obo/HP_0003418,Back pain
http://purl.obolibrary.org/obo/HP_0003419,Low back pain
http://purl.obolibrary.org/obo/HP_0003422,Vertebral segmentation defect
http://purl.obolibrary.org/obo/HP_0003431,Decreased motor nerve conduction velocity
http://purl.obolibrary.org/obo/HP_0003434,Sensory ataxic neuropathy
http://purl.obolibrary.org/obo/HP_0003435,Cold-induced hand cramps
http://purl.obolibrary.org/obo/HP_0003436,Prolonged miniature endplate currents
http://purl.obolibrary.org/obo/HP_0003438,Absent Achilles reflex
http://purl.obolibrary.org/obo/HP_0003443,Decreased size of nerve terminals
http://purl.obolibrary.org/obo/HP_0003444,EMG: chronic denervation signs
http://purl.obolibrary.org/obo/HP_0003445,EMG: neuropathic changes
http://purl.obolibrary.org/obo/HP_0003447,Axonal loss
http://purl.obolibrary.org/obo/HP_0003448,Decreased sensory nerve conduction velocity
http://purl.obolibrary.org/obo/HP_0003449,Cold-induced muscle cramps
http://purl.obolibrary.org/obo/HP_0003450,Axonal regeneration
http://purl.obolibrary.org/obo/HP_0003451,Increased rate of premature chromosome condensation
http://purl.obolibrary.org/obo/HP_0003453,Antineutrophil antibody positivity
http://purl.obolibrary.org/obo/HP_0003454,Platelet antibody positive
http://purl.obolibrary.org/obo/HP_0003456,Low urinary cyclic AMP response to PTH administration
http://purl.obolibrary.org/obo/HP_0003457,EMG abnormality
http://purl.obolibrary.org/obo/HP_0003458,EMG: myopathic abnormalities
http://purl.obolibrary.org/obo/HP_0003459,Polyclonal elevation of circulating IgM concentration
http://purl.obolibrary.org/obo/HP_0003461,Increased urinary O-linked sialopeptides
http://purl.obolibrary.org/obo/HP_0003462,Elevated 8-dehydrocholesterol
http://purl.obolibrary.org/obo/HP_0003463,Increased extraneuronal autofluorescent lipopigment
http://purl.obolibrary.org/obo/HP_0003465,Elevated 8(9)-cholestenol
http://purl.obolibrary.org/obo/HP_0003466,Paradoxical increased cortisol secretion on dexamethasone suppression test
http://purl.obolibrary.org/obo/HP_0003467,Atlantoaxial instability
http://purl.obolibrary.org/obo/HP_0003470,Paralysis
http://purl.obolibrary.org/obo/HP_0003472,Hypocalcemic tetany
http://purl.obolibrary.org/obo/HP_0003473,Fatigable weakness
http://purl.obolibrary.org/obo/HP_0003474,Somatic sensory dysfunction
http://purl.obolibrary.org/obo/HP_0003477,Peripheral axonal neuropathy
http://purl.obolibrary.org/obo/HP_0003481,Segmental peripheral demyelination/remyelination
http://purl.obolibrary.org/obo/HP_0003482,EMG: axonal abnormality
http://purl.obolibrary.org/obo/HP_0003487,Babinski sign
http://purl.obolibrary.org/obo/HP_0003489,Acute episodes of neuropathic symptoms
http://purl.obolibrary.org/obo/HP_0003492,High urinary gonadotropin level
http://purl.obolibrary.org/obo/HP_0003493,Antinuclear antibody positivity
http://purl.obolibrary.org/obo/HP_0003495,GM2-ganglioside accumulation
http://purl.obolibrary.org/obo/HP_0003498,Disproportionate short stature
http://purl.obolibrary.org/obo/HP_0003502,Mild short stature
http://purl.obolibrary.org/obo/HP_0003508,Proportionate short stature
http://purl.obolibrary.org/obo/HP_0003513,Reduced ratio of renal calcium clearance to creatinine clearance
http://purl.obolibrary.org/obo/HP_0003514,Deficiency or absence of cytochrome b(-245)
http://purl.obolibrary.org/obo/HP_0003517,Birth length greater than 97th percentile
http://purl.obolibrary.org/obo/HP_0003524,Decreased methionine synthase activity
http://purl.obolibrary.org/obo/HP_0003526,Orotic acid crystalluria
http://purl.obolibrary.org/obo/HP_0003529,Parathormone-independent increased renal tubular calcium reabsorption
http://purl.obolibrary.org/obo/HP_0003533,Reduced acetaldehyde dehydrogenase level
http://purl.obolibrary.org/obo/HP_0003534,Reduced xanthine dehydrogenase level
http://purl.obolibrary.org/obo/HP_0003535,3-Methylglutaconic aciduria
http://purl.obolibrary.org/obo/HP_0003536,Decreased fumarate hydratase activity
http://purl.obolibrary.org/obo/HP_0003540,Impaired platelet aggregation
http://purl.obolibrary.org/obo/HP_0003546,Exercise intolerance
http://purl.obolibrary.org/obo/HP_0003548,Subsarcolemmal accumulations of abnormally shaped mitochondria
http://purl.obolibrary.org/obo/HP_0003550,Predominantly lower limb lymphedema
http://purl.obolibrary.org/obo/HP_0003551,Difficulty climbing stairs
http://purl.obolibrary.org/obo/HP_0003554,Type 2 muscle fiber atrophy
http://purl.obolibrary.org/obo/HP_0003555,Muscle fiber splitting
http://purl.obolibrary.org/obo/HP_0003557,Increased variability in muscle fiber diameter
http://purl.obolibrary.org/obo/HP_0003558,Viral infection-induced rhabdomyolysis
http://purl.obolibrary.org/obo/HP_0003559,Muscle hyperirritability
http://purl.obolibrary.org/obo/HP_0003561,Birth length less than 3rd percentile
http://purl.obolibrary.org/obo/HP_0003562,Abnormal metaphyseal vascular invasion
http://purl.obolibrary.org/obo/HP_0003564,Folate-dependent fragile site at Xq28
http://purl.obolibrary.org/obo/HP_0003565,Elevated erythrocyte sedimentation rate
http://purl.obolibrary.org/obo/HP_0003568,Decreased glucosephosphate isomerase level
http://purl.obolibrary.org/obo/HP_0003570,Molybdenum cofactor deficiency
http://purl.obolibrary.org/obo/HP_0003571,Propionic acidemia
http://purl.obolibrary.org/obo/HP_0003573,Increased total bilirubin
http://purl.obolibrary.org/obo/HP_0003574,Positive regitine blocking test
http://purl.obolibrary.org/obo/HP_0003575,Increased intracellular sodium
http://purl.obolibrary.org/obo/HP_0003606,Absent urinary urothione
http://purl.obolibrary.org/obo/HP_0003609,Foam cells with lamellar inclusion bodies
http://purl.obolibrary.org/obo/HP_0003610,Fibroblast metachromasia
http://purl.obolibrary.org/obo/HP_0003612,Positive ferric chloride test
http://purl.obolibrary.org/obo/HP_0003613,Antiphospholipid antibody positivity
http://purl.obolibrary.org/obo/HP_0003616,Premature separation of centromeric heterochromatin
http://purl.obolibrary.org/obo/HP_0003637,Reduced circulating 4-Hydroxyphenylpyruvate dioxygenase activity
http://purl.obolibrary.org/obo/HP_0003640,CNS foam cells
http://purl.obolibrary.org/obo/HP_0003642,Type I transferrin isoform profile
http://purl.obolibrary.org/obo/HP_0003643,Sulfite oxidase deficiency
http://purl.obolibrary.org/obo/HP_0003645,Prolonged partial thromboplastin time
http://purl.obolibrary.org/obo/HP_0003647,Electron transfer flavoprotein-ubiquinone oxidoreductase defect
http://purl.obolibrary.org/obo/HP_0003649,Abnormal glycosidase enzyme activity
http://purl.obolibrary.org/obo/HP_0003651,Foam cells
http://purl.obolibrary.org/obo/HP_0003652,Recurrent myoglobinuria
http://purl.obolibrary.org/obo/HP_0003653,Cellular metachromasia
http://purl.obolibrary.org/obo/HP_0003654,Reduced dihydropyrimidine dehydrogenase level
http://purl.obolibrary.org/obo/HP_0003655,Reduced level of N-acetylglucosaminyltransferase II
http://purl.obolibrary.org/obo/HP_0003656,Decreased beta-glucocerebrosidase level
http://purl.obolibrary.org/obo/HP_0003687,Centrally nucleated skeletal muscle fibers
http://purl.obolibrary.org/obo/HP_0003688,Cytochrome C oxidase-negative muscle fibers
http://purl.obolibrary.org/obo/HP_0003689,Multiple mitochondrial DNA deletions
http://purl.obolibrary.org/obo/HP_0003693,Distal amyotrophy
http://purl.obolibrary.org/obo/HP_0003694,Late-onset proximal muscle weakness
http://purl.obolibrary.org/obo/HP_0003697,Scapuloperoneal amyotrophy
http://purl.obolibrary.org/obo/HP_0003698,Difficulty standing
http://purl.obolibrary.org/obo/HP_0003701,Proximal muscle weakness
http://purl.obolibrary.org/obo/HP_0003704,Scapuloperoneal weakness
http://purl.obolibrary.org/obo/HP_0003707,Calf muscle pseudohypertrophy
http://purl.obolibrary.org/obo/HP_0003710,Exercise-induced muscle cramps
http://purl.obolibrary.org/obo/HP_0003713,Muscle fiber necrosis
http://purl.obolibrary.org/obo/HP_0003715,Myofibrillar myopathy
http://purl.obolibrary.org/obo/HP_0003719,Muscle mounding
http://purl.obolibrary.org/obo/HP_0003725,Firm muscles
http://purl.obolibrary.org/obo/HP_0003729,Enteroviral dermatomyositis syndrome
http://purl.obolibrary.org/obo/HP_0003730,EMG: myotonic runs
http://purl.obolibrary.org/obo/HP_0003736,Autophagic vacuoles
http://purl.obolibrary.org/obo/HP_0003737,Mitochondrial myopathy
http://purl.obolibrary.org/obo/HP_0003738,Exercise-induced myalgia
http://purl.obolibrary.org/obo/HP_0003739,Myoclonic spasms
http://purl.obolibrary.org/obo/HP_0003740,Myotonia with warm-up phenomenon
http://purl.obolibrary.org/obo/HP_0003752,Episodic flaccid weakness
http://purl.obolibrary.org/obo/HP_0003755,Type 1 fibers relatively smaller than type 2 fibers
http://purl.obolibrary.org/obo/HP_0003760,Percussion-induced rapid rolling muscle contractions
http://purl.obolibrary.org/obo/HP_0003761,Calcinosis
http://purl.obolibrary.org/obo/HP_0003763,Bruxism
http://purl.obolibrary.org/obo/HP_0003764,Nevus
http://purl.obolibrary.org/obo/HP_0003765,Psoriasiform dermatitis
http://purl.obolibrary.org/obo/HP_0003768,Periodic paralysis
http://purl.obolibrary.org/obo/HP_0003771,Pulp calcification
http://purl.obolibrary.org/obo/HP_0003777,Pili torti
http://purl.obolibrary.org/obo/HP_0003781,Excessive salivation
http://purl.obolibrary.org/obo/HP_0003782,Eunuchoid habitus
http://purl.obolibrary.org/obo/HP_0003784,Type 1 collagen overmodification
http://purl.obolibrary.org/obo/HP_0003787,Type 1 and type 2 muscle fiber minicore regions
http://purl.obolibrary.org/obo/HP_0003789,Minicore myopathy
http://purl.obolibrary.org/obo/HP_0003791,Deposits immunoreactive to beta-amyloid protein
http://purl.obolibrary.org/obo/HP_0003798,Nemaline bodies
http://purl.obolibrary.org/obo/HP_0003799,Marked delay in bone age
http://purl.obolibrary.org/obo/HP_0003800,Muscle abnormality related to mitochondrial dysfunction
http://purl.obolibrary.org/obo/HP_0003803,Type 1 muscle fiber predominance
http://purl.obolibrary.org/obo/HP_0003805,Rimmed vacuoles
http://purl.obolibrary.org/obo/HP_0003810,Late-onset distal muscle weakness
http://purl.obolibrary.org/obo/HP_0003837,Soft-tissue ossification around the shoulders
http://purl.obolibrary.org/obo/HP_0003939,Humeroulnar synostosis
http://purl.obolibrary.org/obo/HP_0004057,Mitten deformity
http://purl.obolibrary.org/obo/HP_0004112,Midline nasal groove
http://purl.obolibrary.org/obo/HP_0004281,Irregular sclerosis of hand bones
http://purl.obolibrary.org/obo/HP_0004289,Sclerotic foci in hand bones
http://purl.obolibrary.org/obo/HP_0004290,Sclerosis of hand bones with transverse striations
http://purl.obolibrary.org/obo/HP_0004302,Functional motor deficit
http://purl.obolibrary.org/obo/HP_0004303,Abnormal muscle fiber morphology
http://purl.obolibrary.org/obo/HP_0004305,Involuntary movements
http://purl.obolibrary.org/obo/HP_0004308,Ventricular arrhythmia
http://purl.obolibrary.org/obo/HP_0004309,Ventricular preexcitation
http://purl.obolibrary.org/obo/HP_0004311,Abnormal macrophage morphology
http://purl.obolibrary.org/obo/HP_0004312,Abnormal reticulocyte morphology
http://purl.obolibrary.org/obo/HP_0004332,Abnormal lymphocyte morphology
http://purl.obolibrary.org/obo/HP_0004333,Bone-marrow foam cells
http://purl.obolibrary.org/obo/HP_0004337,Abnormality of amino acid metabolism
http://purl.obolibrary.org/obo/HP_0004340,Abnormal circulating vitamin B concentration
http://purl.obolibrary.org/obo/HP_0004342,Abnormal galactosidase enyzme activity
http://purl.obolibrary.org/obo/HP_0004343,Abnormal glycosphingolipid metabolism
http://purl.obolibrary.org/obo/HP_0004344,Abnormality of cerebrosidase metabolism
http://purl.obolibrary.org/obo/HP_0004345,Ganglioside accumulation
http://purl.obolibrary.org/obo/HP_0004356,Abnormality of lysosomal metabolism
http://purl.obolibrary.org/obo/HP_0004358,Abnormality of superoxide metabolism
http://purl.obolibrary.org/obo/HP_0004370,Abnormality of temperature regulation
http://purl.obolibrary.org/obo/HP_0004371,Abnormality of glycosaminoglycan metabolism
http://purl.obolibrary.org/obo/HP_0004372,Reduced consciousness
http://purl.obolibrary.org/obo/HP_0004373,Focal dystonia
http://purl.obolibrary.org/obo/HP_0004374,Hemiplegia/hemiparesis
http://purl.obolibrary.org/obo/HP_0004376,Neuroblastic tumor
http://purl.obolibrary.org/obo/HP_0004377,Hematological neoplasm
http://purl.obolibrary.org/obo/HP_0004379,Abnormality of alkaline phosphatase level
http://purl.obolibrary.org/obo/HP_0004381,Supravalvular aortic stenosis
http://purl.obolibrary.org/obo/HP_0004384,Type I truncus arteriosus
http://purl.obolibrary.org/obo/HP_0004385,Protracted diarrhea
http://purl.obolibrary.org/obo/HP_0004387,Enterocolitis
http://purl.obolibrary.org/obo/HP_0004390,Hamartomatous polyposis
http://purl.obolibrary.org/obo/HP_0004392,Prune belly
http://purl.obolibrary.org/obo/HP_0004394,Multiple gastric polyps
http://purl.obolibrary.org/obo/HP_0004395,Malnutrition
http://purl.obolibrary.org/obo/HP_0004396,Poor appetite
http://purl.obolibrary.org/obo/HP_0004401,Meconium ileus
http://purl.obolibrary.org/obo/HP_0004406,"Spontaneous, recurrent epistaxis"
http://purl.obolibrary.org/obo/HP_0004407,Bony paranasal bossing
http://purl.obolibrary.org/obo/HP_0004408,Abnormality of the sense of smell
http://purl.obolibrary.org/obo/HP_0004409,Hyposmia
http://purl.obolibrary.org/obo/HP_0004416,Precocious atherosclerosis
http://purl.obolibrary.org/obo/HP_0004417,Intermittent claudication
http://purl.obolibrary.org/obo/HP_0004418,Thrombophlebitis
http://purl.obolibrary.org/obo/HP_0004419,Recurrent thrombophlebitis
http://purl.obolibrary.org/obo/HP_0004422,Biparietal narrowing
http://purl.obolibrary.org/obo/HP_0004423,Cranium bifidum occultum
http://purl.obolibrary.org/obo/HP_0004428,Elfin facies
http://purl.obolibrary.org/obo/HP_0004429,Recurrent viral infections
http://purl.obolibrary.org/obo/HP_0004430,Severe combined immunodeficiency
http://purl.obolibrary.org/obo/HP_0004431,Reduced circulating complement concentration
http://purl.obolibrary.org/obo/HP_0004432,Agammaglobulinemia
http://purl.obolibrary.org/obo/HP_0004433,Decreased secretory IgA concentration
http://purl.obolibrary.org/obo/HP_0004434,Decreased circulating complement C8 concentration
http://purl.obolibrary.org/obo/HP_0004439,Craniofacial dysostosis
http://purl.obolibrary.org/obo/HP_0004444,Spherocytosis
http://purl.obolibrary.org/obo/HP_0004445,Elliptocytosis
http://purl.obolibrary.org/obo/HP_0004446,Stomatocytosis
http://purl.obolibrary.org/obo/HP_0004447,Poikilocytosis
http://purl.obolibrary.org/obo/HP_0004450,Preauricular skin furrow
http://purl.obolibrary.org/obo/HP_0004451,Postauricular skin tag
http://purl.obolibrary.org/obo/HP_0004453,Overfolding of the superior helices
http://purl.obolibrary.org/obo/HP_0004463,Absent brainstem auditory responses
http://purl.obolibrary.org/obo/HP_0004464,Postauricular pit
http://purl.obolibrary.org/obo/HP_0004466,Delayed brainstem auditory evoked response conduction time
http://purl.obolibrary.org/obo/HP_0004467,Preauricular pit
http://purl.obolibrary.org/obo/HP_0004469,Chronic bronchitis
http://purl.obolibrary.org/obo/HP_0004470,Atretic occipital cephalocele
http://purl.obolibrary.org/obo/HP_0004472,Mandibular hyperostosis
http://purl.obolibrary.org/obo/HP_0004476,Aplasia cutis congenita over parietal area
http://purl.obolibrary.org/obo/HP_0004482,Relative macrocephaly
http://purl.obolibrary.org/obo/HP_0004487,Acrobrachycephaly
http://purl.obolibrary.org/obo/HP_0004488,Macrocephaly at birth
http://purl.obolibrary.org/obo/HP_0004499,Chronic rhinitis due to narrow nasal airway
http://purl.obolibrary.org/obo/HP_0004524,Temporal hypotrichosis
http://purl.obolibrary.org/obo/HP_0004529,"Atrophic, patchy alopecia"
http://purl.obolibrary.org/obo/HP_0004532,Sacral hypertrichosis
http://purl.obolibrary.org/obo/HP_0004535,Anterior cervical hypertrichosis
http://purl.obolibrary.org/obo/HP_0004540,"Congenital, generalized hypertrichosis"
http://purl.obolibrary.org/obo/HP_0004554,Generalized hypertrichosis
http://purl.obolibrary.org/obo/HP_0004557,Anterior vertebral fusion
http://purl.obolibrary.org/obo/HP_0004562,Beaking of vertebral bodies T12-L3
http://purl.obolibrary.org/obo/HP_0004565,Severe platyspondyly
http://purl.obolibrary.org/obo/HP_0004573,Anterior wedging of T11
http://purl.obolibrary.org/obo/HP_0004580,Anterior scalloping of vertebral bodies
http://purl.obolibrary.org/obo/HP_0004581,Increased anterior vertebral height
http://purl.obolibrary.org/obo/HP_0004598,Supernumerary vertebral ossification centers
http://purl.obolibrary.org/obo/HP_0004599,Absent or minimally ossified vertebral bodies
http://purl.obolibrary.org/obo/HP_0004601,Spina bifida occulta at L5
http://purl.obolibrary.org/obo/HP_0004602,Cervical C2/C3 vertebral fusion
http://purl.obolibrary.org/obo/HP_0004617,Butterfly vertebral arch
http://purl.obolibrary.org/obo/HP_0004618,Sandwich appearance of vertebral bodies
http://purl.obolibrary.org/obo/HP_0004622,Progressive intervertebral space narrowing
http://purl.obolibrary.org/obo/HP_0004631,Decreased cervical spine flexion due to contractures of posterior cervical muscles
http://purl.obolibrary.org/obo/HP_0004632,Cervical segmentation defect
http://purl.obolibrary.org/obo/HP_0004637,Decreased cervical spine mobility
http://purl.obolibrary.org/obo/HP_0004676,Prominent supraorbital arches in adult
http://purl.obolibrary.org/obo/HP_0004681,Deep longitudinal plantar crease
http://purl.obolibrary.org/obo/HP_0004684,Talipes valgus
http://purl.obolibrary.org/obo/HP_0004696,Talipes cavus equinovarus
http://purl.obolibrary.org/obo/HP_0004722,Thickened glomerular basement membrane
http://purl.obolibrary.org/obo/HP_0004724,Calcium nephrolithiasis
http://purl.obolibrary.org/obo/HP_0004729,Acute tubulointerstitial nephritis
http://purl.obolibrary.org/obo/HP_0004737,Global glomerulosclerosis
http://purl.obolibrary.org/obo/HP_0004743,Chronic tubulointerstitial nephritis
http://purl.obolibrary.org/obo/HP_0004746,Glomerular subendothelial electron-dense deposits
http://purl.obolibrary.org/obo/HP_0004749,Atrial flutter
http://purl.obolibrary.org/obo/HP_0004751,Paroxysmal ventricular tachycardia
http://purl.obolibrary.org/obo/HP_0004752,Congenital atrioventricular dissociation
http://purl.obolibrary.org/obo/HP_0004754,Permanent atrial fibrillation
http://purl.obolibrary.org/obo/HP_0004755,Supraventricular tachycardia
http://purl.obolibrary.org/obo/HP_0004757,Paroxysmal atrial fibrillation
http://purl.obolibrary.org/obo/HP_0004758,Effort-induced polymorphic ventricular tachycardia
http://purl.obolibrary.org/obo/HP_0004763,Paroxysmal supraventricular tachycardia
http://purl.obolibrary.org/obo/HP_0004780,Elbow hypertrichosis
http://purl.obolibrary.org/obo/HP_0004783,Duodenal polyposis
http://purl.obolibrary.org/obo/HP_0004784,Juvenile gastrointestinal polyposis
http://purl.obolibrary.org/obo/HP_0004786,Jejunal diverticula
http://purl.obolibrary.org/obo/HP_0004787,Fulminant hepatitis
http://purl.obolibrary.org/obo/HP_0004789,Lactose intolerance
http://purl.obolibrary.org/obo/HP_0004792,Rectoperineal fistula
http://purl.obolibrary.org/obo/HP_0004798,Recurrent infection of the gastrointestinal tract
http://purl.obolibrary.org/obo/HP_0004799,Jejunoileal diverticula
http://purl.obolibrary.org/obo/HP_0004800,Duodenal diverticula
http://purl.obolibrary.org/obo/HP_0004802,Episodic hemolytic anemia
http://purl.obolibrary.org/obo/HP_0004804,Congenital hemolytic anemia
http://purl.obolibrary.org/obo/HP_0004808,Acute myeloid leukemia
http://purl.obolibrary.org/obo/HP_0004809,Neonatal alloimmune thrombocytopenia
http://purl.obolibrary.org/obo/HP_0004810,Congenital hypoplastic anemia
http://purl.obolibrary.org/obo/HP_0004812,B Acute Lymphoblastic Leukemia
http://purl.obolibrary.org/obo/HP_0004813,Post-transfusion thrombocytopenia
http://purl.obolibrary.org/obo/HP_0004814,Fava bean-induced hemolytic anemia
http://purl.obolibrary.org/obo/HP_0004817,Drug-sensitive hemolytic anemia
http://purl.obolibrary.org/obo/HP_0004818,Paroxysmal nocturnal hemoglobinuria
http://purl.obolibrary.org/obo/HP_0004819,Normocytic hypoplastic anemia
http://purl.obolibrary.org/obo/HP_0004820,Acute myelomonocytic leukemia
http://purl.obolibrary.org/obo/HP_0004821,Hypersegmentation of neutrophil nuclei
http://purl.obolibrary.org/obo/HP_0004822,Atypical elliptocytosis
http://purl.obolibrary.org/obo/HP_0004823,Anisopoikilocytosis
http://purl.obolibrary.org/obo/HP_0004825,Increased hemoglobin oxygen affinity
http://purl.obolibrary.org/obo/HP_0004826,Folate-unresponsive megaloblastic anemia
http://purl.obolibrary.org/obo/HP_0004828,Refractory anemia with ringed sideroblasts
http://purl.obolibrary.org/obo/HP_0004831,Recurrent thromboembolism
http://purl.obolibrary.org/obo/HP_0004835,Microspherocytosis
http://purl.obolibrary.org/obo/HP_0004836,Acute promyelocytic leukemia
http://purl.obolibrary.org/obo/HP_0004839,Pyropoikilocytosis
http://purl.obolibrary.org/obo/HP_0004840,Hypochromic microcytic anemia
http://purl.obolibrary.org/obo/HP_0004841,Reduced factor XII activity
http://purl.obolibrary.org/obo/HP_0004844,Coombs-positive hemolytic anemia
http://purl.obolibrary.org/obo/HP_0004845,Acute monocytic leukemia
http://purl.obolibrary.org/obo/HP_0004846,Prolonged bleeding after surgery
http://purl.obolibrary.org/obo/HP_0004848,Ph-positive acute lymphoblastic leukemia
http://purl.obolibrary.org/obo/HP_0004851,Folate-responsive megaloblastic anemia
http://purl.obolibrary.org/obo/HP_0004852,Reduced leukocyte alkaline phosphatase
http://purl.obolibrary.org/obo/HP_0004854,Intermittent thrombocytopenia
http://purl.obolibrary.org/obo/HP_0004855,Reduced protein S activity
http://purl.obolibrary.org/obo/HP_0004856,Normochromic microcytic anemia
http://purl.obolibrary.org/obo/HP_0004857,Hyperchromic macrocytic anemia
http://purl.obolibrary.org/obo/HP_0004859,Amegakaryocytic thrombocytopenia
http://purl.obolibrary.org/obo/HP_0004860,Thiamine-responsive megaloblastic anemia
http://purl.obolibrary.org/obo/HP_0004861,Refractory macrocytic anemia
http://purl.obolibrary.org/obo/HP_0004863,Compensated hemolytic anemia
http://purl.obolibrary.org/obo/HP_0004864,Elevated bone marrow ring sideroblast count
http://purl.obolibrary.org/obo/HP_0004866,Impaired ADP-induced platelet aggregation
http://purl.obolibrary.org/obo/HP_0004870,Chronic hemolytic anemia
http://purl.obolibrary.org/obo/HP_0004872,Incisional hernia
http://purl.obolibrary.org/obo/HP_0004875,Neonatal inspiratory stridor
http://purl.obolibrary.org/obo/HP_0004876,Spontaneous neonatal pneumothorax
http://purl.obolibrary.org/obo/HP_0004879,Intermittent hyperventilation
http://purl.obolibrary.org/obo/HP_0004880,Respiratory infections in early life
http://purl.obolibrary.org/obo/HP_0004881,Episodic hypoventilation
http://purl.obolibrary.org/obo/HP_0004885,Episodic respiratory distress
http://purl.obolibrary.org/obo/HP_0004886,Congenital laryngeal stridor
http://purl.obolibrary.org/obo/HP_0004887,Respiratory failure requiring assisted ventilation
http://purl.obolibrary.org/obo/HP_0004889,Intermittent episodes of respiratory insufficiency due to muscle weakness
http://purl.obolibrary.org/obo/HP_0004891,Recurrent infections due to aspiration
http://purl.obolibrary.org/obo/HP_0004894,Laryngotracheal stenosis
http://purl.obolibrary.org/obo/HP_0004897,Stress/infection-induced lactic acidosis
http://purl.obolibrary.org/obo/HP_0004898,Persistent lactic acidosis
http://purl.obolibrary.org/obo/HP_0004900,Severe lactic acidosis
http://purl.obolibrary.org/obo/HP_0004901,Exercise-induced lactic acidemia
http://purl.obolibrary.org/obo/HP_0004902,Congenital lactic acidosis
http://purl.obolibrary.org/obo/HP_0004904,Maturity-onset diabetes of the young
http://purl.obolibrary.org/obo/HP_0004905,Reduced circulating vitamin A concentration
http://purl.obolibrary.org/obo/HP_0004906,Hypernatremic dehydration
http://purl.obolibrary.org/obo/HP_0004909,Hypokalemic hypochloremic metabolic alkalosis
http://purl.obolibrary.org/obo/HP_0004911,Episodic metabolic acidosis
http://purl.obolibrary.org/obo/HP_0004912,Hypophosphatemic rickets
http://purl.obolibrary.org/obo/HP_0004913,Intermittent lactic acidemia
http://purl.obolibrary.org/obo/HP_0004914,Recurrent infantile hypoglycemia
http://purl.obolibrary.org/obo/HP_0004915,Impairment of galactose metabolism
http://purl.obolibrary.org/obo/HP_0004916,Generalized distal tubular acidosis
http://purl.obolibrary.org/obo/HP_0004918,Hyperchloremic metabolic acidosis
http://purl.obolibrary.org/obo/HP_0004919,Galactose intolerance
http://purl.obolibrary.org/obo/HP_0004920,Phenylpyruvic acidemia
http://purl.obolibrary.org/obo/HP_0004922,Atypical hyperphenylalaninemia
http://purl.obolibrary.org/obo/HP_0004924,Abnormal oral glucose tolerance
http://purl.obolibrary.org/obo/HP_0004926,Orthostatic hypotension due to autonomic dysfunction
http://purl.obolibrary.org/obo/HP_0004938,Tortuous cerebral arteries
http://purl.obolibrary.org/obo/HP_0004941,Extrahepatic portal hypertension
http://purl.obolibrary.org/obo/HP_0004943,Accelerated atherosclerosis
http://purl.obolibrary.org/obo/HP_0004945,Extracranial internal carotid artery dissection
http://purl.obolibrary.org/obo/HP_0004947,Arteriovenous fistula
http://purl.obolibrary.org/obo/HP_0004952,Pulmonary arteriovenous fistulas
http://purl.obolibrary.org/obo/HP_0004955,Generalized arterial tortuosity
http://purl.obolibrary.org/obo/HP_0004968,Recurrent cerebral hemorrhage
http://purl.obolibrary.org/obo/HP_0004972,Elevated mean arterial pressure
http://purl.obolibrary.org/obo/HP_0004977,Bilateral radial aplasia
http://purl.obolibrary.org/obo/HP_0004980,Metaphyseal rarefaction
http://purl.obolibrary.org/obo/HP_0004987,Mesomelic leg shortening
http://purl.obolibrary.org/obo/HP_0005008,Large joint dislocations
http://purl.obolibrary.org/obo/HP_0005009,Dumbbell-shaped humerus
http://purl.obolibrary.org/obo/HP_0005010,Osteomyelitis leading to amputation due to slow healing fractures
http://purl.obolibrary.org/obo/HP_0005011,Mesomelic arm shortening
http://purl.obolibrary.org/obo/HP_0005017,Polyarticular chondrocalcinosis
http://purl.obolibrary.org/obo/HP_0005039,Multiple long-bone exostoses
http://purl.obolibrary.org/obo/HP_0005054,Metaphyseal spurs
http://purl.obolibrary.org/obo/HP_0005059,Arthralgia/arthritis
http://purl.obolibrary.org/obo/HP_0005072,Wrist hypermobility
http://purl.obolibrary.org/obo/HP_0005092,Streaky metaphyseal sclerosis
http://purl.obolibrary.org/obo/HP_0005100,Premature birth following premature rupture of fetal membranes
http://purl.obolibrary.org/obo/HP_0005101,High-frequency hearing impairment
http://purl.obolibrary.org/obo/HP_0005110,Atrial fibrillation
http://purl.obolibrary.org/obo/HP_0005115,Supraventricular arrhythmia
http://purl.obolibrary.org/obo/HP_0005116,Arterial tortuosity
http://purl.obolibrary.org/obo/HP_0005121,Posterior scalloping of vertebral bodies
http://purl.obolibrary.org/obo/HP_0005133,Right ventricular dilatation
http://purl.obolibrary.org/obo/HP_0005135,Abnormal T-wave
http://purl.obolibrary.org/obo/HP_0005144,Ventricular septal hypertrophy
http://purl.obolibrary.org/obo/HP_0005147,Bidirectional ventricular ectopy
http://purl.obolibrary.org/obo/HP_0005150,Abnormal atrioventricular conduction
http://purl.obolibrary.org/obo/HP_0005152,Histiocytoid cardiomyopathy
http://purl.obolibrary.org/obo/HP_0005155,Ventricular escape rhythm
http://purl.obolibrary.org/obo/HP_0005157,Concentric hypertrophic cardiomyopathy
http://purl.obolibrary.org/obo/HP_0005162,Abnormal left ventricular function
http://purl.obolibrary.org/obo/HP_0005165,Shortened PR interval
http://purl.obolibrary.org/obo/HP_0005168,Elevated right atrial pressure
http://purl.obolibrary.org/obo/HP_0005170,Complete heart block with broad QRS complexes
http://purl.obolibrary.org/obo/HP_0005172,Left posterior fascicular block
http://purl.obolibrary.org/obo/HP_0005174,Membranous subvalvular aortic stenosis
http://purl.obolibrary.org/obo/HP_0005177,Premature arteriosclerosis
http://purl.obolibrary.org/obo/HP_0005178,Complete heart block with narrow QRS complexes
http://purl.obolibrary.org/obo/HP_0005184,Prolonged QTc interval
http://purl.obolibrary.org/obo/HP_0005185,Global systolic dysfunction
http://purl.obolibrary.org/obo/HP_0005187,Progressive joint destruction
http://purl.obolibrary.org/obo/HP_0005193,Restricted large joint movement
http://purl.obolibrary.org/obo/HP_0005195,Polyarticular arthropathy
http://purl.obolibrary.org/obo/HP_0005197,Generalized morning stiffness
http://purl.obolibrary.org/obo/HP_0005201,Anomalous splenoportal venous system
http://purl.obolibrary.org/obo/HP_0005202,Helicobacter pylori infection
http://purl.obolibrary.org/obo/HP_0005208,Secretory diarrhea
http://purl.obolibrary.org/obo/HP_0005215,Frequent Giardia lamblia infestation
http://purl.obolibrary.org/obo/HP_0005216,Impaired mastication
http://purl.obolibrary.org/obo/HP_0005218,Anoperineal fistula
http://purl.obolibrary.org/obo/HP_0005219,Absence of intrinsic factor
http://purl.obolibrary.org/obo/HP_0005227,Adenomatous colonic polyposis
http://purl.obolibrary.org/obo/HP_0005236,Chronic calcifying pancreatitis
http://purl.obolibrary.org/obo/HP_0005243,Partial abdominal muscle agenesis
http://purl.obolibrary.org/obo/HP_0005246,Giant hypertrophic gastritis
http://purl.obolibrary.org/obo/HP_0005249,Functional intestinal obstruction
http://purl.obolibrary.org/obo/HP_0005253,Increased anterioposterior diameter of thorax
http://purl.obolibrary.org/obo/HP_0005259,Abnormal facility in opposing the shoulders
http://purl.obolibrary.org/obo/HP_0005267,Premature delivery because of cervical insufficiency or membrane fragility
http://purl.obolibrary.org/obo/HP_0005272,Prominent nasolabial fold
http://purl.obolibrary.org/obo/HP_0005291,Inflammatory arteriopathy
http://purl.obolibrary.org/obo/HP_0005292,Intimal thickening in the coronary arteries
http://purl.obolibrary.org/obo/HP_0005294,Arterial dissection
http://purl.obolibrary.org/obo/HP_0005300,Nodular inflammatory vasculitis
http://purl.obolibrary.org/obo/HP_0005302,Carotid artery tortuosity
http://purl.obolibrary.org/obo/HP_0005307,Postural hypotension with compensatory tachycardia
http://purl.obolibrary.org/obo/HP_0005310,Large vessel vasculitis
http://purl.obolibrary.org/obo/HP_0005313,Arterial fibromuscular dysplasia
http://purl.obolibrary.org/obo/HP_0005314,Anomalous branches of internal carotid artery
http://purl.obolibrary.org/obo/HP_0005318,Cerebral vasculitis
http://purl.obolibrary.org/obo/HP_0005321,Mandibulofacial dysostosis
http://purl.obolibrary.org/obo/HP_0005323,Hemifacial hypertrophy
http://purl.obolibrary.org/obo/HP_0005328,Progeroid facial appearance
http://purl.obolibrary.org/obo/HP_0005339,Abnormality of complement system
http://purl.obolibrary.org/obo/HP_0005340,Spastic/hyperactive bladder
http://purl.obolibrary.org/obo/HP_0005341,Autonomic bladder dysfunction
http://purl.obolibrary.org/obo/HP_0005348,Inspiratory stridor
http://purl.obolibrary.org/obo/HP_0005352,Severe T-cell immunodeficiency
http://purl.obolibrary.org/obo/HP_0005353,Recurrent herpes
http://purl.obolibrary.org/obo/HP_0005356,Decreased circulating complement factor I concentration
http://purl.obolibrary.org/obo/HP_0005357,Defective B cell differentiation
http://purl.obolibrary.org/obo/HP_0005360,Susceptibility to chickenpox
http://purl.obolibrary.org/obo/HP_0005363,Humoral immunodeficiency
http://purl.obolibrary.org/obo/HP_0005366,Recurrent streptococcus pneumoniae infections
http://purl.obolibrary.org/obo/HP_0005368,Abnormality of humoral immunity
http://purl.obolibrary.org/obo/HP_0005369,Decreased circulating complement factor H concentration
http://purl.obolibrary.org/obo/HP_0005372,Abnormal B cell physiology
http://purl.obolibrary.org/obo/HP_0005374,Cellular immunodeficiency
http://purl.obolibrary.org/obo/HP_0005376,Recurrent Haemophilus influenzae infection
http://purl.obolibrary.org/obo/HP_0005381,Recurrent Neisseria meningitidis infection
http://purl.obolibrary.org/obo/HP_0005384,Defective B cell activation
http://purl.obolibrary.org/obo/HP_0005386,Recurrent protozoan infections
http://purl.obolibrary.org/obo/HP_0005387,Combined immunodeficiency
http://purl.obolibrary.org/obo/HP_0005389,Depletion of components of the alternative complement pathway
http://purl.obolibrary.org/obo/HP_0005390,Recurrent opportunistic infections
http://purl.obolibrary.org/obo/HP_0005396,Susceptibility to coronavirus 229e
http://purl.obolibrary.org/obo/HP_0005400,Reduction of neutrophil motility
http://purl.obolibrary.org/obo/HP_0005401,Recurrent Candida infection
http://purl.obolibrary.org/obo/HP_0005403,Decreased total T cell count
http://purl.obolibrary.org/obo/HP_0005404,Increased total B cell count
http://purl.obolibrary.org/obo/HP_0005406,Recurrent bacterial skin infections
http://purl.obolibrary.org/obo/HP_0005411,Chronic intestinal candidiasis
http://purl.obolibrary.org/obo/HP_0005413,Elevated circulating alpha-globulin concentration
http://purl.obolibrary.org/obo/HP_0005416,Decreased circulating complement factor B concentration
http://purl.obolibrary.org/obo/HP_0005419,Decreased T cell activation
http://purl.obolibrary.org/obo/HP_0005420,Recurrent gram-negative bacterial infections
http://purl.obolibrary.org/obo/HP_0005421,Decreased circulating complement C3 concentration
http://purl.obolibrary.org/obo/HP_0005422,Absence of CD8+ T cells
http://purl.obolibrary.org/obo/HP_0005423,Dysfunctional alternative complement pathway
http://purl.obolibrary.org/obo/HP_0005424,Absent specific antibody response
http://purl.obolibrary.org/obo/HP_0005425,Recurrent sinopulmonary infections
http://purl.obolibrary.org/obo/HP_0005428,Severe recurrent varicella
http://purl.obolibrary.org/obo/HP_0005429,Recurrent systemic pyogenic infections
http://purl.obolibrary.org/obo/HP_0005430,Recurrent Neisserial infections
http://purl.obolibrary.org/obo/HP_0005432,Transient hypogammaglobulinemia of infancy
http://purl.obolibrary.org/obo/HP_0005437,Recurrent infections in infancy and early childhood
http://purl.obolibrary.org/obo/HP_0005439,Maxillozygomatic hypoplasia
http://purl.obolibrary.org/obo/HP_0005461,Craniofacial disproportion
http://purl.obolibrary.org/obo/HP_0005482,Abnormality of the alternative complement pathway
http://purl.obolibrary.org/obo/HP_0005490,Postnatal macrocephaly
http://purl.obolibrary.org/obo/HP_0005495,Metopic suture patent to nasal root
http://purl.obolibrary.org/obo/HP_0005502,Increased red cell osmotic fragility
http://purl.obolibrary.org/obo/HP_0005505,Refractory anemia
http://purl.obolibrary.org/obo/HP_0005506,Chronic myelogenous leukemia
http://purl.obolibrary.org/obo/HP_0005507,Hemoglobin Barts
http://purl.obolibrary.org/obo/HP_0005508,Monoclonal elevation of circulating IgM concentration
http://purl.obolibrary.org/obo/HP_0005511,Heinz body anemia
http://purl.obolibrary.org/obo/HP_0005517,T-cell lymphoma/leukemia
http://purl.obolibrary.org/obo/HP_0005518,Increased mean corpuscular volume
http://purl.obolibrary.org/obo/HP_0005520,Chronic disseminated intravascular coagulation
http://purl.obolibrary.org/obo/HP_0005521,Disseminated intravascular coagulation
http://purl.obolibrary.org/obo/HP_0005522,Pyridoxine-responsive sideroblastic anemia
http://purl.obolibrary.org/obo/HP_0005523,Lymphoproliferative disorder
http://purl.obolibrary.org/obo/HP_0005524,Macrocytic hemolytic disease
http://purl.obolibrary.org/obo/HP_0005525,Spontaneous hemolytic crises
http://purl.obolibrary.org/obo/HP_0005526,Lymphoid leukemia
http://purl.obolibrary.org/obo/HP_0005527,Reduced kininogen activity
http://purl.obolibrary.org/obo/HP_0005528,Bone marrow hypocellularity
http://purl.obolibrary.org/obo/HP_0005531,Biphenotypic acute leukemia
http://purl.obolibrary.org/obo/HP_0005532,Macrocytic dyserythropoietic anemia
http://purl.obolibrary.org/obo/HP_0005534,Transient myeloproliferative syndrome
http://purl.obolibrary.org/obo/HP_0005535,Exercise-induced hemolysis
http://purl.obolibrary.org/obo/HP_0005537,Decreased mean platelet volume
http://purl.obolibrary.org/obo/HP_0005539,T cell chronic lymphocytic lymphoma/leukemia
http://purl.obolibrary.org/obo/HP_0005541,Congenital agranulocytosis
http://purl.obolibrary.org/obo/HP_0005542,Prolonged whole-blood clotting time
http://purl.obolibrary.org/obo/HP_0005543,Reduced protein C activity
http://purl.obolibrary.org/obo/HP_0005546,Increased red cell osmotic resistance
http://purl.obolibrary.org/obo/HP_0005547,Myeloproliferative disorder
http://purl.obolibrary.org/obo/HP_0005548,Megakaryocytopenia
http://purl.obolibrary.org/obo/HP_0005550,Chronic lymphatic leukemia
http://purl.obolibrary.org/obo/HP_0005558,Chronic leukemia
http://purl.obolibrary.org/obo/HP_0005559,Abnormal kinin-kallikrein system component activity
http://purl.obolibrary.org/obo/HP_0005560,Imbalanced hemoglobin synthesis
http://purl.obolibrary.org/obo/HP_0005561,Abnormal bone marrow cell morphology
http://purl.obolibrary.org/obo/HP_0005567,Renal magnesium wasting
http://purl.obolibrary.org/obo/HP_0005574,Non-acidotic proximal tubulopathy
http://purl.obolibrary.org/obo/HP_0005575,Hemolytic-uremic syndrome
http://purl.obolibrary.org/obo/HP_0005576,Tubulointerstitial fibrosis
http://purl.obolibrary.org/obo/HP_0005583,Tubular basement membrane disintegration
http://purl.obolibrary.org/obo/HP_0005585,Spotty hyperpigmentation
http://purl.obolibrary.org/obo/HP_0005586,Hyperpigmentation in sun-exposed areas
http://purl.obolibrary.org/obo/HP_0005588,Patchy palmoplantar hyperkeratosis
http://purl.obolibrary.org/obo/HP_0005590,Spotty hypopigmentation
http://purl.obolibrary.org/obo/HP_0005592,Giant melanosomes in melanocytes
http://purl.obolibrary.org/obo/HP_0005593,"Macular hypopigmented whorls, streaks, and patches"
http://purl.obolibrary.org/obo/HP_0005595,Generalized hyperkeratosis
http://purl.obolibrary.org/obo/HP_0005597,Congenital alopecia totalis
http://purl.obolibrary.org/obo/HP_0005598,Facial telangiectasia in butterfly midface distribution
http://purl.obolibrary.org/obo/HP_0005600,Congenital giant melanocytic nevus
http://purl.obolibrary.org/obo/HP_0005602,Progressive vitiligo
http://purl.obolibrary.org/obo/HP_0005603,Numerous congenital melanocytic nevi
http://purl.obolibrary.org/obo/HP_0005605,Large cafe-au-lait macules with irregular margins
http://purl.obolibrary.org/obo/HP_0005612,Arthrogryposis-like hand anomaly
http://purl.obolibrary.org/obo/HP_0005617,Bilateral camptodactyly
http://purl.obolibrary.org/obo/HP_0005627,Type D brachydactyly
http://purl.obolibrary.org/obo/HP_0005639,Hyperextensible hand joints
http://purl.obolibrary.org/obo/HP_0005640,Abnormal vertebral segmentation and fusion
http://purl.obolibrary.org/obo/HP_0005653,Moderate generalized osteoporosis
http://purl.obolibrary.org/obo/HP_0005655,Multiple digital exostoses
http://purl.obolibrary.org/obo/HP_0005661,Salmonella osteomyelitis
http://purl.obolibrary.org/obo/HP_0005667,Os odontoideum
http://purl.obolibrary.org/obo/HP_0005671,Bilateral intracerebral calcifications
http://purl.obolibrary.org/obo/HP_0005678,Anterior atlanto-occipital dislocation
http://purl.obolibrary.org/obo/HP_0005679,Dupuytren contracture
http://purl.obolibrary.org/obo/HP_0005680,Tongue-like lumbar vertebral deformities
http://purl.obolibrary.org/obo/HP_0005681,Juvenile idiopathic arthritis
http://purl.obolibrary.org/obo/HP_0005682,Talocalcaneal synostosis
http://purl.obolibrary.org/obo/HP_0005684,Distal arthrogryposis
http://purl.obolibrary.org/obo/HP_0005686,Patchy osteosclerosis
http://purl.obolibrary.org/obo/HP_0005688,Dysplastic distal thumb phalanges with a central hole
http://purl.obolibrary.org/obo/HP_0005689,Dermatoglyphic ridges abnormal
http://purl.obolibrary.org/obo/HP_0005696,Postaxial polydactyly type A
http://purl.obolibrary.org/obo/HP_0005700,Increased bone density with cystic changes
http://purl.obolibrary.org/obo/HP_0005701,Multiple enchondromatosis
http://purl.obolibrary.org/obo/HP_0005707,Bilateral triphalangeal thumbs
http://purl.obolibrary.org/obo/HP_0005722,Hyperextensible thumb
http://purl.obolibrary.org/obo/HP_0005725,Nonopposable triphalangeal thumb
http://purl.obolibrary.org/obo/HP_0005726,Thumbs hypoplastic with bulbous tips
http://purl.obolibrary.org/obo/HP_0005733,Spinal stenosis with reduced interpedicular distance
http://purl.obolibrary.org/obo/HP_0005758,Basilar impression
http://purl.obolibrary.org/obo/HP_0005759,Small flat posterior fossa
http://purl.obolibrary.org/obo/HP_0005764,Polyarticular arthritis
http://purl.obolibrary.org/obo/HP_0005781,Contractures of the large joints
http://purl.obolibrary.org/obo/HP_0005828,Transient pulmonary infiltrates
http://purl.obolibrary.org/obo/HP_0005831,Type B brachydactyly
http://purl.obolibrary.org/obo/HP_0005832,Dysharmonic delayed bone age
http://purl.obolibrary.org/obo/HP_0005841,Calcific stippling of infantile cartilaginous skeleton
http://purl.obolibrary.org/obo/HP_0005850,Congenital talipes calcaneovalgus
http://purl.obolibrary.org/obo/HP_0005853,Congenital foot contraction deformities
http://purl.obolibrary.org/obo/HP_0005855,Multiple prenatal fractures
http://purl.obolibrary.org/obo/HP_0005863,Type E brachydactyly
http://purl.obolibrary.org/obo/HP_0005864,Pseudoarthrosis
http://purl.obolibrary.org/obo/HP_0005866,Opposable triphalangeal thumb
http://purl.obolibrary.org/obo/HP_0005868,Metaphyseal enchondromatosis
http://purl.obolibrary.org/obo/HP_0005871,Metaphyseal chondrodysplasia
http://purl.obolibrary.org/obo/HP_0005872,Brachytelomesophalangy
http://purl.obolibrary.org/obo/HP_0005875,Increased dermatoglyphic whorls
http://purl.obolibrary.org/obo/HP_0005876,Progressive flexion contractures
http://purl.obolibrary.org/obo/HP_0005877,Multiple small vertebral fractures
http://purl.obolibrary.org/obo/HP_0005878,Enlarged sagittal diameter of the cervical canal
http://purl.obolibrary.org/obo/HP_0005880,Metacarpophalangeal synostosis
http://purl.obolibrary.org/obo/HP_0005881,Spinal instability
http://purl.obolibrary.org/obo/HP_0005882,Dermatoglyphic variants
http://purl.obolibrary.org/obo/HP_0005897,Severe generalized osteoporosis
http://purl.obolibrary.org/obo/HP_0005939,Multiple bilateral pneumothoraces
http://purl.obolibrary.org/obo/HP_0005941,Intermittent hyperpnea at rest
http://purl.obolibrary.org/obo/HP_0005942,Desquamative interstitial pneumonitis
http://purl.obolibrary.org/obo/HP_0005943,Respiratory arrest
http://purl.obolibrary.org/obo/HP_0005946,Ventilator dependence with inability to wean
http://purl.obolibrary.org/obo/HP_0005947,Decreased sensitivity to hypoxemia
http://purl.obolibrary.org/obo/HP_0005949,Apneic episodes in infancy
http://purl.obolibrary.org/obo/HP_0005951,Progressive inspiratory stridor
http://purl.obolibrary.org/obo/HP_0005957,Breathing dysregulation
http://purl.obolibrary.org/obo/HP_0005959,Impaired gluconeogenesis
http://purl.obolibrary.org/obo/HP_0005964,Intermittent hypothermia
http://purl.obolibrary.org/obo/HP_0005967,Mixed respiratory and metabolic acidosis
http://purl.obolibrary.org/obo/HP_0005968,Temperature instability
http://purl.obolibrary.org/obo/HP_0005972,Respiratory acidosis
http://purl.obolibrary.org/obo/HP_0005973,Fructose intolerance
http://purl.obolibrary.org/obo/HP_0005974,Episodic ketoacidosis
http://purl.obolibrary.org/obo/HP_0005976,Hyperkalemic metabolic acidosis
http://purl.obolibrary.org/obo/HP_0005977,Hypochloremic metabolic alkalosis
http://purl.obolibrary.org/obo/HP_0005978,Type II diabetes mellitus
http://purl.obolibrary.org/obo/HP_0005979,Metabolic ketoacidosis
http://purl.obolibrary.org/obo/HP_0005982,Reduced phenylalanine hydroxylase level
http://purl.obolibrary.org/obo/HP_0005987,Multinodular goiter
http://purl.obolibrary.org/obo/HP_0005994,Nodular goiter
http://purl.obolibrary.org/obo/HP_0006008,Unilateral brachydactyly
http://purl.obolibrary.org/obo/HP_0006019,Reduced proximal interphalangeal joint space
http://purl.obolibrary.org/obo/HP_0006045,Short pointed phalanges
http://purl.obolibrary.org/obo/HP_0006060,Tombstone-shaped proximal phalanges
http://purl.obolibrary.org/obo/HP_0006064,Limited interphalangeal movement
http://purl.obolibrary.org/obo/HP_0006089,Palmar hyperhidrosis
http://purl.obolibrary.org/obo/HP_0006107,Fingerpad telangiectases
http://purl.obolibrary.org/obo/HP_0006109,Absent phalangeal crease
http://purl.obolibrary.org/obo/HP_0006121,Acral ulceration
http://purl.obolibrary.org/obo/HP_0006129,Drumstick terminal phalanges
http://purl.obolibrary.org/obo/HP_0006135,Decreased finger mobility
http://purl.obolibrary.org/obo/HP_0006136,Bilateral postaxial polydactyly
http://purl.obolibrary.org/obo/HP_0006147,Progressive fusion 2nd-5th proximal interphalangeal joints
http://purl.obolibrary.org/obo/HP_0006162,Soft tissue swelling of interphalangeal joints
http://purl.obolibrary.org/obo/HP_0006169,Decreased mobility 3rd-5th fingers
http://purl.obolibrary.org/obo/HP_0006170,Chess-pawn distal phalanges
http://purl.obolibrary.org/obo/HP_0006189,Prominent interdigital folds
http://purl.obolibrary.org/obo/HP_0006190,Radially deviated wrists
http://purl.obolibrary.org/obo/HP_0006203,Decreased movement range in interphalangeal joints
http://purl.obolibrary.org/obo/HP_0006205,Irregular phalanges
http://purl.obolibrary.org/obo/HP_0006209,Partial-complete absence of 5th phalanges
http://purl.obolibrary.org/obo/HP_0006210,Postaxial oligodactyly
http://purl.obolibrary.org/obo/HP_0006217,Limited mobility of proximal interphalangeal joint
http://purl.obolibrary.org/obo/HP_0006226,Osteoarthritis of the first carpometacarpal joint
http://purl.obolibrary.org/obo/HP_0006230,Unilateral oligodactyly
http://purl.obolibrary.org/obo/HP_0006243,Phalangeal dislocation
http://purl.obolibrary.org/obo/HP_0006252,Interphalangeal joint erosions
http://purl.obolibrary.org/obo/HP_0006268,Fluctuating splenomegaly
http://purl.obolibrary.org/obo/HP_0006279,Beta-cell dysfunction
http://purl.obolibrary.org/obo/HP_0006283,Multiple unerupted teeth
http://purl.obolibrary.org/obo/HP_0006288,Advanced eruption of teeth
http://purl.obolibrary.org/obo/HP_0006292,Abnormality of dental eruption
http://purl.obolibrary.org/obo/HP_0006298,Prolonged bleeding after dental extraction
http://purl.obolibrary.org/obo/HP_0006311,Generalized microdontia
http://purl.obolibrary.org/obo/HP_0006321,Multiple non-erupting secondary teeth
http://purl.obolibrary.org/obo/HP_0006337,Premature eruption of permanent teeth
http://purl.obolibrary.org/obo/HP_0006350,Pulp obliteration
http://purl.obolibrary.org/obo/HP_0006352,Failure of eruption of permanent teeth
http://purl.obolibrary.org/obo/HP_0006357,Premature loss of permanent teeth
http://purl.obolibrary.org/obo/HP_0006379,Proximal tibial hypoplasia
http://purl.obolibrary.org/obo/HP_0006390,Anterior tibial bowing
http://purl.obolibrary.org/obo/HP_0006394,Limited pronation/supination of forearm
http://purl.obolibrary.org/obo/HP_0006397,Lateral displacement of patellae
http://purl.obolibrary.org/obo/HP_0006409,Progressive leg bowing
http://purl.obolibrary.org/obo/HP_0006414,Distal tibial bowing
http://purl.obolibrary.org/obo/HP_0006415,Cortically dense long tubular bones
http://purl.obolibrary.org/obo/HP_0006439,Radioulnar dislocation
http://purl.obolibrary.org/obo/HP_0006467,Limited shoulder movement
http://purl.obolibrary.org/obo/HP_0006480,Spontaneous tooth loss
http://purl.obolibrary.org/obo/HP_0006510,Chronic pulmonary obstruction
http://purl.obolibrary.org/obo/HP_0006515,Interstitial pneumonitis
http://purl.obolibrary.org/obo/HP_0006516,Hypersensitivity pneumonitis
http://purl.obolibrary.org/obo/HP_0006517,Intraalveolar phospholipid accumulation
http://purl.obolibrary.org/obo/HP_0006519,Alveolar cell carcinoma
http://purl.obolibrary.org/obo/HP_0006520,Progressive pulmonary function impairment
http://purl.obolibrary.org/obo/HP_0006522,Repeated pneumothoraces
http://purl.obolibrary.org/obo/HP_0006524,Tracheobronchial leiomyomatosis
http://purl.obolibrary.org/obo/HP_0006527,Lymphocytic interstitial pneumonia
http://purl.obolibrary.org/obo/HP_0006528,Chronic lung disease
http://purl.obolibrary.org/obo/HP_0006532,Recurrent pneumonia
http://purl.obolibrary.org/obo/HP_0006536,Airway obstruction
http://purl.obolibrary.org/obo/HP_0006538,Recurrent bronchopulmonary infections
http://purl.obolibrary.org/obo/HP_0006543,Cardiorespiratory arrest
http://purl.obolibrary.org/obo/HP_0006544,Extrapulmonary lobar sequestration
http://purl.obolibrary.org/obo/HP_0006558,Decreased mitochondrial complex III activity in liver tissue
http://purl.obolibrary.org/obo/HP_0006561,Lipid accumulation in hepatocytes
http://purl.obolibrary.org/obo/HP_0006562,Viral hepatitis
http://purl.obolibrary.org/obo/HP_0006564,Fluctuating hepatomegaly
http://purl.obolibrary.org/obo/HP_0006565,Increased hepatocellular lipid droplets
http://purl.obolibrary.org/obo/HP_0006572,Subacute progressive viral hepatitis
http://purl.obolibrary.org/obo/HP_0006575,Intrahepatic cholestasis with episodic jaundice
http://purl.obolibrary.org/obo/HP_0006577,Macronodular cirrhosis
http://purl.obolibrary.org/obo/HP_0006579,Prolonged neonatal jaundice
http://purl.obolibrary.org/obo/HP_0006582,Reye syndrome-like episodes
http://purl.obolibrary.org/obo/HP_0006595,Scapulohumeral synostosis
http://purl.obolibrary.org/obo/HP_0006608,Midclavicular hypoplasia
http://purl.obolibrary.org/obo/HP_0006638,Midclavicular aplasia
http://purl.obolibrary.org/obo/HP_0006647,Congenital microthorax
http://purl.obolibrary.org/obo/HP_0006649,Costochondral pain
http://purl.obolibrary.org/obo/HP_0006670,Impaired myocardial contractility
http://purl.obolibrary.org/obo/HP_0006671,Paroxysmal atrial tachycardia
http://purl.obolibrary.org/obo/HP_0006673,Reduced systolic function
http://purl.obolibrary.org/obo/HP_0006677,Prolonged QRS complex
http://purl.obolibrary.org/obo/HP_0006679,Granulomatous coronary arteritis
http://purl.obolibrary.org/obo/HP_0006682,Premature ventricular contraction
http://purl.obolibrary.org/obo/HP_0006683,Abnormal ventricular filling
http://purl.obolibrary.org/obo/HP_0006684,Ventricular preexcitation with multiple accessory pathways
http://purl.obolibrary.org/obo/HP_0006688,Paroxysmal tachycardia
http://purl.obolibrary.org/obo/HP_0006689,Bacterial endocarditis
http://purl.obolibrary.org/obo/HP_0006696,Polymorphic and polytopic ventricular extrasystoles
http://purl.obolibrary.org/obo/HP_0006698,Dilatation of the ventricular cavity
http://purl.obolibrary.org/obo/HP_0006699,Premature atrial contractions
http://purl.obolibrary.org/obo/HP_0006715,Glomus tympanicum paraganglioma
http://purl.obolibrary.org/obo/HP_0006716,Hereditary nonpolyposis colorectal carcinoma
http://purl.obolibrary.org/obo/HP_0006717,Peripheral neuroepithelioma
http://purl.obolibrary.org/obo/HP_0006719,Benign gastrointestinal tract tumors
http://purl.obolibrary.org/obo/HP_0006721,Acute lymphoblastic leukemia
http://purl.obolibrary.org/obo/HP_0006722,Small intestine carcinoid
http://purl.obolibrary.org/obo/HP_0006723,Intestinal carcinoid
http://purl.obolibrary.org/obo/HP_0006727,T-cell acute lymphoblastic leukemias
http://purl.obolibrary.org/obo/HP_0006729,Retroperitoneal paraganglioma
http://purl.obolibrary.org/obo/HP_0006733,Acute megakaryocytic leukemia
http://purl.obolibrary.org/obo/HP_0006737,Extraadrenal pheochromocytoma
http://purl.obolibrary.org/obo/HP_0006740,Transitional cell carcinoma of the bladder
http://purl.obolibrary.org/obo/HP_0006742,Congenital neuroblastoma
http://purl.obolibrary.org/obo/HP_0006743,Embryonal rhabdomyosarcoma
http://purl.obolibrary.org/obo/HP_0006744,Adrenocortical carcinoma
http://purl.obolibrary.org/obo/HP_0006747,Ganglioneuroblastoma
http://purl.obolibrary.org/obo/HP_0006748,Adrenal pheochromocytoma
http://purl.obolibrary.org/obo/HP_0006749,Malignant gastrointestinal tract tumors
http://purl.obolibrary.org/obo/HP_0006751,Paraspinal neurofibroma
http://purl.obolibrary.org/obo/HP_0006755,Cutaneous leiomyosarcoma
http://purl.obolibrary.org/obo/HP_0006756,Diffuse leiomyomatosis
http://purl.obolibrary.org/obo/HP_0006765,Chondrosarcoma
http://purl.obolibrary.org/obo/HP_0006768,Localized neuroblastoma
http://purl.obolibrary.org/obo/HP_0006771,Duodenal adenocarcinoma
http://purl.obolibrary.org/obo/HP_0006773,Cutaneous angiolipomas
http://purl.obolibrary.org/obo/HP_0006775,Multiple myeloma
http://purl.obolibrary.org/obo/HP_0006779,Alveolar rhabdomyosarcoma
http://purl.obolibrary.org/obo/HP_0006782,Malignant eosinophil proliferation
http://purl.obolibrary.org/obo/HP_0006783,Posterior pharyngeal cleft
http://purl.obolibrary.org/obo/HP_0006789,Mitochondrial encephalopathy
http://purl.obolibrary.org/obo/HP_0006794,Loss of ability to walk in first decade
http://purl.obolibrary.org/obo/HP_0006801,Hyperactive deep tendon reflexes
http://purl.obolibrary.org/obo/HP_0006802,Abnormal anterior horn cell morphology
http://purl.obolibrary.org/obo/HP_0006803,Vivid hallucination
http://purl.obolibrary.org/obo/HP_0006812,Abnormal posterior periventricular white matter morphology
http://purl.obolibrary.org/obo/HP_0006813,Focal hemiclonic seizure
http://purl.obolibrary.org/obo/HP_0006818,4-layered lissencephaly
http://purl.obolibrary.org/obo/HP_0006821,Frontal polymicrogyria
http://purl.obolibrary.org/obo/HP_0006834,Developmental stagnation at onset of seizures
http://purl.obolibrary.org/obo/HP_0006837,Congenital Horner syndrome
http://purl.obolibrary.org/obo/HP_0006844,Absent patellar reflexes
http://purl.obolibrary.org/obo/HP_0006846,Acute encephalopathy
http://purl.obolibrary.org/obo/HP_0006851,Symmetric spinal nerve root neurofibromas
http://purl.obolibrary.org/obo/HP_0006852,Episodic generalized hypotonia
http://purl.obolibrary.org/obo/HP_0006858,Impaired distal proprioception
http://purl.obolibrary.org/obo/HP_0006859,Posterior leukoencephalopathy
http://purl.obolibrary.org/obo/HP_0006863,Severe expressive language delay
http://purl.obolibrary.org/obo/HP_0006865,Sensorimotor polyneuropathy affecting arms more than legs
http://purl.obolibrary.org/obo/HP_0006870,Lobar holoprosencephaly
http://purl.obolibrary.org/obo/HP_0006873,Symmetrical progressive peripheral demyelination
http://purl.obolibrary.org/obo/HP_0006879,Pontocerebellar atrophy
http://purl.obolibrary.org/obo/HP_0006881,Diffuse peripheral demyelination
http://purl.obolibrary.org/obo/HP_0006882,Severe hydrocephalus
http://purl.obolibrary.org/obo/HP_0006886,Impaired distal vibration sensation
http://purl.obolibrary.org/obo/HP_0006889,Borderline intellectual disability
http://purl.obolibrary.org/obo/HP_0006896,Hypnopompic hallucination
http://purl.obolibrary.org/obo/HP_0006903,Congenital peripheral neuropathy
http://purl.obolibrary.org/obo/HP_0006904,Late-onset spinocerebellar degeneration
http://purl.obolibrary.org/obo/HP_0006906,Congenital intracerebral calcification
http://purl.obolibrary.org/obo/HP_0006913,Frontal cortical atrophy
http://purl.obolibrary.org/obo/HP_0006915,Inability to walk by childhood/adolescence
http://purl.obolibrary.org/obo/HP_0006916,Intraaxonal accumulation of curvilinear autofluorescent lipopigment storage material
http://purl.obolibrary.org/obo/HP_0006927,Unilateral polymicrogyria
http://purl.obolibrary.org/obo/HP_0006929,Hypoglycemic encephalopathy
http://purl.obolibrary.org/obo/HP_0006932,Transient psychotic episodes
http://purl.obolibrary.org/obo/HP_0006934,Congenital nystagmus
http://purl.obolibrary.org/obo/HP_0006937,Impaired distal tactile sensation
http://purl.obolibrary.org/obo/HP_0006938,Impaired vibration sensation at ankles
http://purl.obolibrary.org/obo/HP_0006943,Diffuse spongiform leukoencephalopathy
http://purl.obolibrary.org/obo/HP_0006944,Abolished vibration sense
http://purl.obolibrary.org/obo/HP_0006946,Recurrent meningitis
http://purl.obolibrary.org/obo/HP_0006949,Episodic peripheral neuropathy
http://purl.obolibrary.org/obo/HP_0006951,Retrocerebellar cyst
http://purl.obolibrary.org/obo/HP_0006955,Olivopontocerebellar hypoplasia
http://purl.obolibrary.org/obo/HP_0006958,Abnormal auditory evoked potentials
http://purl.obolibrary.org/obo/HP_0006961,Jerky head movements
http://purl.obolibrary.org/obo/HP_0006962,"Gait instability, worse in the dark"
http://purl.obolibrary.org/obo/HP_0006965,Acute necrotizing encephalopathy
http://purl.obolibrary.org/obo/HP_0006970,Periventricular leukomalacia
http://purl.obolibrary.org/obo/HP_0006976,Necrotizing encephalopathy
http://purl.obolibrary.org/obo/HP_0006977,Deficit in grammar
http://purl.obolibrary.org/obo/HP_0006978,Dysmyelinating leukodystrophy
http://purl.obolibrary.org/obo/HP_0006979,Sleep-wake cycle disturbance
http://purl.obolibrary.org/obo/HP_0006980,Progressive leukoencephalopathy
http://purl.obolibrary.org/obo/HP_0006988,Alobar holoprosencephaly
http://purl.obolibrary.org/obo/HP_0006990,Myelin-dependent gliosis
http://purl.obolibrary.org/obo/HP_0006992,Anterior basal encephalocele
http://purl.obolibrary.org/obo/HP_0006994,Diffuse leukoencephalopathy
http://purl.obolibrary.org/obo/HP_0007000,Morning myoclonic jerks
http://purl.obolibrary.org/obo/HP_0007002,Motor axonal neuropathy
http://purl.obolibrary.org/obo/HP_0007007,Cavitation of the basal ganglia
http://purl.obolibrary.org/obo/HP_0007010,Poor fine motor coordination
http://purl.obolibrary.org/obo/HP_0007015,Poor gross motor coordination
http://purl.obolibrary.org/obo/HP_0007017,Progressive forgetfulness
http://purl.obolibrary.org/obo/HP_0007018,Attention deficit hyperactivity disorder
http://purl.obolibrary.org/obo/HP_0007020,Progressive spastic paraplegia
http://purl.obolibrary.org/obo/HP_0007021,Pain insensitivity
http://purl.obolibrary.org/obo/HP_0007023,Antenatal intracerebral hemorrhage
http://purl.obolibrary.org/obo/HP_0007024,Pseudobulbar paralysis
http://purl.obolibrary.org/obo/HP_0007029,Cerebral berry aneurysm
http://purl.obolibrary.org/obo/HP_0007030,Nonprogressive encephalopathy
http://purl.obolibrary.org/obo/HP_0007034,Generalized hyperreflexia
http://purl.obolibrary.org/obo/HP_0007035,Anterior encephalocele
http://purl.obolibrary.org/obo/HP_0007039,Symmetric T2-signal increase with T1-signal decrease in the putamen
http://purl.obolibrary.org/obo/HP_0007041,Chronic lymphocytic meningitis
http://purl.obolibrary.org/obo/HP_0007042,Focal white matter lesions
http://purl.obolibrary.org/obo/HP_0007054,Proximal hyperreflexia
http://purl.obolibrary.org/obo/HP_0007057,Poor hand-eye coordination
http://purl.obolibrary.org/obo/HP_0007064,Progressive language deterioration
http://purl.obolibrary.org/obo/HP_0007067,Distal peripheral sensory neuropathy
http://purl.obolibrary.org/obo/HP_0007069,Profound static encephalopathy
http://purl.obolibrary.org/obo/HP_0007078,Decreased amplitude of sensory action potentials
http://purl.obolibrary.org/obo/HP_0007086,Social and occupational deterioration
http://purl.obolibrary.org/obo/HP_0007089,Facial-lingual fasciculations
http://purl.obolibrary.org/obo/HP_0007098,Paroxysmal choreoathetosis
http://purl.obolibrary.org/obo/HP_0007099,Chiari type I malformation
http://purl.obolibrary.org/obo/HP_0007100,Progressive ventriculomegaly
http://purl.obolibrary.org/obo/HP_0007104,Prolonged somatosensory evoked potentials
http://purl.obolibrary.org/obo/HP_0007105,Infantile encephalopathy
http://purl.obolibrary.org/obo/HP_0007107,Segmental peripheral demyelination
http://purl.obolibrary.org/obo/HP_0007108,Demyelinating peripheral neuropathy
http://purl.obolibrary.org/obo/HP_0007109,Periventricular cysts
http://purl.obolibrary.org/obo/HP_0007110,Central hypoventilation
http://purl.obolibrary.org/obo/HP_0007112,Temporal cortical atrophy
http://purl.obolibrary.org/obo/HP_0007123,Subcortical dementia
http://purl.obolibrary.org/obo/HP_0007126,Proximal amyotrophy
http://purl.obolibrary.org/obo/HP_0007131,Acute demyelinating polyneuropathy
http://purl.obolibrary.org/obo/HP_0007133,Progressive peripheral neuropathy
http://purl.obolibrary.org/obo/HP_0007141,Sensorimotor neuropathy
http://purl.obolibrary.org/obo/HP_0007146,Bilateral basal ganglia lesions
http://purl.obolibrary.org/obo/HP_0007153,Progressive extrapyramidal movement disorder
http://purl.obolibrary.org/obo/HP_0007159,Fluctuations in consciousness
http://purl.obolibrary.org/obo/HP_0007162,Diffuse demyelination of the cerebral white matter
http://purl.obolibrary.org/obo/HP_0007164,Slowed slurred speech
http://purl.obolibrary.org/obo/HP_0007165,Periventricular heterotopia
http://purl.obolibrary.org/obo/HP_0007166,Paroxysmal dyskinesia
http://purl.obolibrary.org/obo/HP_0007178,Motor polyneuropathy
http://purl.obolibrary.org/obo/HP_0007179,Absent smooth pursuit
http://purl.obolibrary.org/obo/HP_0007183,Focal T2 hyperintense basal ganglia lesion
http://purl.obolibrary.org/obo/HP_0007185,Loss of consciousness
http://purl.obolibrary.org/obo/HP_0007187,Focal lissencephaly
http://purl.obolibrary.org/obo/HP_0007193,Bilateral tonic-clonic seizure on awakening
http://purl.obolibrary.org/obo/HP_0007199,Progressive spastic paraparesis
http://purl.obolibrary.org/obo/HP_0007200,Episodic hypersomnia
http://purl.obolibrary.org/obo/HP_0007204,Diffuse white matter abnormalities
http://purl.obolibrary.org/obo/HP_0007206,Hemimegalencephaly
http://purl.obolibrary.org/obo/HP_0007207,Photosensitive tonic-clonic seizure
http://purl.obolibrary.org/obo/HP_0007215,Periodic hyperkalemic paralysis
http://purl.obolibrary.org/obo/HP_0007220,Demyelinating motor neuropathy
http://purl.obolibrary.org/obo/HP_0007221,Progressive truncal ataxia
http://purl.obolibrary.org/obo/HP_0007230,Decreased distal sensory nerve action potential
http://purl.obolibrary.org/obo/HP_0007233,Clusters of axonal regeneration
http://purl.obolibrary.org/obo/HP_0007236,Recurrent subcortical infarcts
http://purl.obolibrary.org/obo/HP_0007239,Congenital encephalopathy
http://purl.obolibrary.org/obo/HP_0007240,Progressive gait ataxia
http://purl.obolibrary.org/obo/HP_0007250,Recurrent external ophthalmoplegia
http://purl.obolibrary.org/obo/HP_0007258,Severe demyelination of the white matter
http://purl.obolibrary.org/obo/HP_0007260,Type II lissencephaly
http://purl.obolibrary.org/obo/HP_0007262,Symmetric peripheral demyelination
http://purl.obolibrary.org/obo/HP_0007263,Spinocerebellar atrophy
http://purl.obolibrary.org/obo/HP_0007267,Chronic axonal neuropathy
http://purl.obolibrary.org/obo/HP_0007268,Aprosencephaly
http://purl.obolibrary.org/obo/HP_0007270,Atypical absence seizure
http://purl.obolibrary.org/obo/HP_0007271,Occipital myelomeningocele
http://purl.obolibrary.org/obo/HP_0007272,Progressive psychomotor deterioration
http://purl.obolibrary.org/obo/HP_0007274,Recurrent bacterial meningitis
http://purl.obolibrary.org/obo/HP_0007277,Paucity of anterior horn motor neurons
http://purl.obolibrary.org/obo/HP_0007281,Developmental stagnation
http://purl.obolibrary.org/obo/HP_0007286,Horizontal jerk nystagmus
http://purl.obolibrary.org/obo/HP_0007295,Chaotic rapid conjugate ocular movements
http://purl.obolibrary.org/obo/HP_0007301,Oromotor apraxia
http://purl.obolibrary.org/obo/HP_0007302,Bipolar affective disorder
http://purl.obolibrary.org/obo/HP_0007307,Rapid neurologic deterioration
http://purl.obolibrary.org/obo/HP_0007308,Extrapyramidal dyskinesia
http://purl.obolibrary.org/obo/HP_0007311,Short stepped shuffling gait
http://purl.obolibrary.org/obo/HP_0007321,Deep white matter hypodensities
http://purl.obolibrary.org/obo/HP_0007325,Generalized dystonia
http://purl.obolibrary.org/obo/HP_0007326,Progressive choreoathetosis
http://purl.obolibrary.org/obo/HP_0007327,Mixed demyelinating and axonal polyneuropathy
http://purl.obolibrary.org/obo/HP_0007328,Impaired pain sensation
http://purl.obolibrary.org/obo/HP_0007332,Focal hemifacial clonic seizure
http://purl.obolibrary.org/obo/HP_0007334,Bilateral tonic-clonic seizure with focal onset
http://purl.obolibrary.org/obo/HP_0007335,Recurrent encephalopathy
http://purl.obolibrary.org/obo/HP_0007338,Hypermetric saccades
http://purl.obolibrary.org/obo/HP_0007346,Subcortical white matter calcifications
http://purl.obolibrary.org/obo/HP_0007348,Hypoplasia of the pyramidal tract
http://purl.obolibrary.org/obo/HP_0007354,Amyotrophic lateral sclerosis
http://purl.obolibrary.org/obo/HP_0007359,Focal-onset seizure
http://purl.obolibrary.org/obo/HP_0007363,Aplasia/Hypoplasia of the pyramidal tract
http://purl.obolibrary.org/obo/HP_0007373,Motor neuron atrophy
http://purl.obolibrary.org/obo/HP_0007377,Abnormality of somatosensory evoked potentials
http://purl.obolibrary.org/obo/HP_0007378,Neoplasm of the gastrointestinal tract
http://purl.obolibrary.org/obo/HP_0007380,Facial telangiectasia
http://purl.obolibrary.org/obo/HP_0007381,Congenital exfoliative erythroderma
http://purl.obolibrary.org/obo/HP_0007383,Congenital localized absence of skin
http://purl.obolibrary.org/obo/HP_0007384,Aberrant melanosome maturation
http://purl.obolibrary.org/obo/HP_0007390,Hyperkeratosis with erythema
http://purl.obolibrary.org/obo/HP_0007394,Prominent superficial blood vessels
http://purl.obolibrary.org/obo/HP_0007395,Postnatal-onset ichthyosiform erythroderma
http://purl.obolibrary.org/obo/HP_0007396,Early cutaneous photosensitivity
http://purl.obolibrary.org/obo/HP_0007398,"Asymmetric, linear skin defects"
http://purl.obolibrary.org/obo/HP_0007400,Irregular hyperpigmentation
http://purl.obolibrary.org/obo/HP_0007401,Macular atrophy
http://purl.obolibrary.org/obo/HP_0007402,Areas of hypopigmentation and hyperpigmentation that do not follow Blaschko lines
http://purl.obolibrary.org/obo/HP_0007404,Nonepidermolytic palmoplantar hyperkeratosis
http://purl.obolibrary.org/obo/HP_0007407,Excessive skin wrinkling on dorsum of hands and fingers
http://purl.obolibrary.org/obo/HP_0007408,Tegumentary leishmaniasis susceptibility
http://purl.obolibrary.org/obo/HP_0007410,Palmoplantar hyperhidrosis
http://purl.obolibrary.org/obo/HP_0007411,Hypoplastic-absent sebaceous glands
http://purl.obolibrary.org/obo/HP_0007412,Macular hyperpigmented dermopathy
http://purl.obolibrary.org/obo/HP_0007414,Neonatal wrinkled skin of hands and feet
http://purl.obolibrary.org/obo/HP_0007417,Discoid lupus rash
http://purl.obolibrary.org/obo/HP_0007418,Alopecia totalis
http://purl.obolibrary.org/obo/HP_0007420,Spontaneous hematomas
http://purl.obolibrary.org/obo/HP_0007425,Hyperextensible skin of face
http://purl.obolibrary.org/obo/HP_0007429,Few cafe-au-lait spots
http://purl.obolibrary.org/obo/HP_0007431,Congenital ichthyosiform erythroderma
http://purl.obolibrary.org/obo/HP_0007432,Intermittent generalized erythematous papular rash
http://purl.obolibrary.org/obo/HP_0007437,Multiple cutaneous leiomyomas
http://purl.obolibrary.org/obo/HP_0007438,Mottled pigmentation of the trunk and proximal extremities
http://purl.obolibrary.org/obo/HP_0007439,Generalized keratosis follicularis
http://purl.obolibrary.org/obo/HP_0007441,Hyperpigmented/hypopigmented macules
http://purl.obolibrary.org/obo/HP_0007443,Partial albinism
http://purl.obolibrary.org/obo/HP_0007446,Palmoplantar blistering
http://purl.obolibrary.org/obo/HP_0007447,Diffuse palmoplantar hyperkeratosis
http://purl.obolibrary.org/obo/HP_0007448,Hyperkeratosis over edematous areas
http://purl.obolibrary.org/obo/HP_0007449,Confetti-like hypopigmented macules
http://purl.obolibrary.org/obo/HP_0007450,Increased groin pigmentation with raindrop depigmentation
http://purl.obolibrary.org/obo/HP_0007451,Ipsilateral lack of facial sweating
http://purl.obolibrary.org/obo/HP_0007453,Flexural lichenification
http://purl.obolibrary.org/obo/HP_0007455,Adermatoglyphia
http://purl.obolibrary.org/obo/HP_0007456,Progressive reticulate hyperpigmentation
http://purl.obolibrary.org/obo/HP_0007458,Focal hyperextensible skin
http://purl.obolibrary.org/obo/HP_0007459,Generalized anhidrosis
http://purl.obolibrary.org/obo/HP_0007461,Hemangiomatosis
http://purl.obolibrary.org/obo/HP_0007465,Honeycomb palmoplantar hyperkeratosis
http://purl.obolibrary.org/obo/HP_0007468,Perifollicular hyperkeratosis
http://purl.obolibrary.org/obo/HP_0007469,Palmoplantar cutis gyrata
http://purl.obolibrary.org/obo/HP_0007470,Periarticular subcutaneous nodules
http://purl.obolibrary.org/obo/HP_0007471,Axillary and groin hyperpigmentation and hypopigmentation
http://purl.obolibrary.org/obo/HP_0007473,Crusting erythematous dermatitis
http://purl.obolibrary.org/obo/HP_0007475,Congenital bullous ichthyosiform erythroderma
http://purl.obolibrary.org/obo/HP_0007477,Abnormal dermatoglyphics
http://purl.obolibrary.org/obo/HP_0007479,Congenital nonbullous ichthyosiform erythroderma
http://purl.obolibrary.org/obo/HP_0007480,Decreased sweating due to autonomic dysfunction
http://purl.obolibrary.org/obo/HP_0007481,Hyperpigmented nevi
http://purl.obolibrary.org/obo/HP_0007482,Generalized papillary lesions
http://purl.obolibrary.org/obo/HP_0007486,Cavernous hemangioma of the face
http://purl.obolibrary.org/obo/HP_0007488,Diffuse skin atrophy
http://purl.obolibrary.org/obo/HP_0007489,Diffuse telangiectasia
http://purl.obolibrary.org/obo/HP_0007490,Linear arrays of macular hyperkeratoses in flexural areas
http://purl.obolibrary.org/obo/HP_0007494,Discrete 2 to 5-mm hyper- and hypopigmented macules
http://purl.obolibrary.org/obo/HP_0007495,Prematurely aged appearance
http://purl.obolibrary.org/obo/HP_0007497,Focal friction-related palmoplantar hyperkeratosis
http://purl.obolibrary.org/obo/HP_0007499,Recurrent staphylococcal infections
http://purl.obolibrary.org/obo/HP_0007501,Streaks of hyperkeratosis along each finger onto the palm
http://purl.obolibrary.org/obo/HP_0007502,Follicular hyperkeratosis
http://purl.obolibrary.org/obo/HP_0007503,Generalized ichthyosis
http://purl.obolibrary.org/obo/HP_0007504,Diffuse slow skin atrophy
http://purl.obolibrary.org/obo/HP_0007505,Progressive hyperpigmentation
http://purl.obolibrary.org/obo/HP_0007506,Congenital absence of skin of limbs
http://purl.obolibrary.org/obo/HP_0007508,Punctate palmar hyperkeratosis
http://purl.obolibrary.org/obo/HP_0007509,Patchy hypo- and hyperpigmentation
http://purl.obolibrary.org/obo/HP_0007510,Focal dermal aplasia/hypoplasia
http://purl.obolibrary.org/obo/HP_0007511,Mottled pigmentation of photoexposed areas
http://purl.obolibrary.org/obo/HP_0007514,Edema of the dorsum of hands
http://purl.obolibrary.org/obo/HP_0007516,Redundant skin on fingers
http://purl.obolibrary.org/obo/HP_0007517,Palmoplantar cutis laxa
http://purl.obolibrary.org/obo/HP_0007522,Increased number of skin folds
http://purl.obolibrary.org/obo/HP_0007524,Atypical neurofibromatosis
http://purl.obolibrary.org/obo/HP_0007525,"Yellow subcutaneous tissue covered by thin, scaly skin"
http://purl.obolibrary.org/obo/HP_0007530,Punctate palmoplantar hyperkeratosis
http://purl.obolibrary.org/obo/HP_0007534,Congenital posterior occipital alopecia
http://purl.obolibrary.org/obo/HP_0007535,Hypopigmented streaks
http://purl.obolibrary.org/obo/HP_0007541,Frontal cutaneous lipoma
http://purl.obolibrary.org/obo/HP_0007545,Congenital palmoplantar hyperkeratosis
http://purl.obolibrary.org/obo/HP_0007546,Linear hyperpigmentation
http://purl.obolibrary.org/obo/HP_0007549,Desquamation of skin soon after birth
http://purl.obolibrary.org/obo/HP_0007550,Hypohidrosis or hyperhidrosis
http://purl.obolibrary.org/obo/HP_0007553,Congenital symmetrical palmoplantar keratosis
http://purl.obolibrary.org/obo/HP_0007556,Plantar hyperkeratosis
http://purl.obolibrary.org/obo/HP_0007559,Localized epidermolytic hyperkeratosis
http://purl.obolibrary.org/obo/HP_0007560,Unusual dermatoglyphics
http://purl.obolibrary.org/obo/HP_0007565,Multiple cafe-au-lait spots
http://purl.obolibrary.org/obo/HP_0007566,Index finger dermatoglyphic radial loop
http://purl.obolibrary.org/obo/HP_0007569,Generalized seborrheic dermatitis
http://purl.obolibrary.org/obo/HP_0007570,Hyperkeratosis lenticularis perstans
http://purl.obolibrary.org/obo/HP_0007572,Hyperpigmented streaks
http://purl.obolibrary.org/obo/HP_0007573,Late onset atopic dermatitis
http://purl.obolibrary.org/obo/HP_0007574,Generalized bronze hyperpigmentation
http://purl.obolibrary.org/obo/HP_0007581,"Mediosternal, longitudinal streak of hypopigmentation"
http://purl.obolibrary.org/obo/HP_0007583,Telangiectasia macularis eruptiva perstans
http://purl.obolibrary.org/obo/HP_0007585,Skin fragility with non-scarring blistering
http://purl.obolibrary.org/obo/HP_0007586,Telangiectases producing 'marbled' skin
http://purl.obolibrary.org/obo/HP_0007587,Numerous pigmented freckles
http://purl.obolibrary.org/obo/HP_0007588,Reticular hyperpigmentation
http://purl.obolibrary.org/obo/HP_0007589,Aplasia cutis congenita on trunk or limbs
http://purl.obolibrary.org/obo/HP_0007590,Aplasia cutis congenita over posterior parietal area
http://purl.obolibrary.org/obo/HP_0007595,Redundant skin in infancy
http://purl.obolibrary.org/obo/HP_0007596,Painful subcutaneous lipomas
http://purl.obolibrary.org/obo/HP_0007598,Bilateral single transverse palmar creases
http://purl.obolibrary.org/obo/HP_0007599,Generalized reticulate brown pigmentation
http://purl.obolibrary.org/obo/HP_0007602,Complex palmar dermatoglyphic pattern
http://purl.obolibrary.org/obo/HP_0007603,Freckles in sun-exposed areas
http://purl.obolibrary.org/obo/HP_0007606,Multiple cutaneous malignancies
http://purl.obolibrary.org/obo/HP_0007608,Abnormal palmar dermal ridges
http://purl.obolibrary.org/obo/HP_0007609,Hypoproteinemic edema
http://purl.obolibrary.org/obo/HP_0007620,Cutaneous leiomyoma
http://purl.obolibrary.org/obo/HP_0007621,Telangiectasia of extensor surfaces
http://purl.obolibrary.org/obo/HP_0007634,Nonarteritic anterior ischemic optic neuropathy
http://purl.obolibrary.org/obo/HP_0007641,Dyschromatopsia
http://purl.obolibrary.org/obo/HP_0007642,Early-onset non-progressive night blindness
http://purl.obolibrary.org/obo/HP_0007648,Punctate cataract
http://purl.obolibrary.org/obo/HP_0007649,Congenital hypertrophy of retinal pigment epithelium
http://purl.obolibrary.org/obo/HP_0007650,Progressive ophthalmoplegia
http://purl.obolibrary.org/obo/HP_0007657,Diffuse nuclear cataract
http://purl.obolibrary.org/obo/HP_0007658,Large hyperpigmented retinal spots
http://purl.obolibrary.org/obo/HP_0007663,Reduced visual acuity
http://purl.obolibrary.org/obo/HP_0007668,Impaired pursuit initiation and maintenance
http://purl.obolibrary.org/obo/HP_0007670,Abnormal vestibulo-ocular reflex
http://purl.obolibrary.org/obo/HP_0007675,Progressive night blindness
http://purl.obolibrary.org/obo/HP_0007677,Vitelliform macular lesion
http://purl.obolibrary.org/obo/HP_0007687,Unilateral ptosis
http://purl.obolibrary.org/obo/HP_0007688,Undetectable light- and dark-adapted electroretinogram
http://purl.obolibrary.org/obo/HP_0007695,Abnormal pupillary light reflex
http://purl.obolibrary.org/obo/HP_0007704,Paroxysmal involuntary eye movements
http://purl.obolibrary.org/obo/HP_0007707,Congenital aphakia
http://purl.obolibrary.org/obo/HP_0007716,Uveal melanoma
http://purl.obolibrary.org/obo/HP_0007717,Chronic irritative conjunctivitis
http://purl.obolibrary.org/obo/HP_0007728,Congenital miosis
http://purl.obolibrary.org/obo/HP_0007738,Uncontrolled eye movements
http://purl.obolibrary.org/obo/HP_0007747,Monocular horizontal nystagmus
http://purl.obolibrary.org/obo/HP_0007761,Pericentral scotoma
http://purl.obolibrary.org/obo/HP_0007772,Impaired smooth pursuit
http://purl.obolibrary.org/obo/HP_0007773,Vitreoretinopathy
http://purl.obolibrary.org/obo/HP_0007777,Chorioretinal scar
http://purl.obolibrary.org/obo/HP_0007780,Cortical pulverulent cataract
http://purl.obolibrary.org/obo/HP_0007792,Microsaccadic pursuit
http://purl.obolibrary.org/obo/HP_0007793,Granular macular appearance
http://purl.obolibrary.org/obo/HP_0007795,Anterior cortical cataract
http://purl.obolibrary.org/obo/HP_0007800,Increased axial length of the globe
http://purl.obolibrary.org/obo/HP_0007803,Monochromacy
http://purl.obolibrary.org/obo/HP_0007811,Horizontal pendular nystagmus
http://purl.obolibrary.org/obo/HP_0007813,Nongranulomatous uveitis
http://purl.obolibrary.org/obo/HP_0007817,Horizontal supranuclear gaze palsy
http://purl.obolibrary.org/obo/HP_0007818,Central heterochromia
http://purl.obolibrary.org/obo/HP_0007819,Presenile cataracts
http://purl.obolibrary.org/obo/HP_0007824,Total ophthalmoplegia
http://purl.obolibrary.org/obo/HP_0007830,Adult-onset night blindness
http://purl.obolibrary.org/obo/HP_0007831,Nonprogressive restrictive external ophthalmoplegia
http://purl.obolibrary.org/obo/HP_0007834,Progressive cataract
http://purl.obolibrary.org/obo/HP_0007838,Progressive ptosis
http://purl.obolibrary.org/obo/HP_0007854,Glaucomatous visual field defect
http://purl.obolibrary.org/obo/HP_0007858,Chorioretinal lacunae
http://purl.obolibrary.org/obo/HP_0007859,Congenital horizontal nystagmus
http://purl.obolibrary.org/obo/HP_0007867,Restrictive partial external ophthalmoplegia
http://purl.obolibrary.org/obo/HP_0007875,Congenital blindness
http://purl.obolibrary.org/obo/HP_0007879,Allergic conjunctivitis
http://purl.obolibrary.org/obo/HP_0007885,Slowed horizontal saccades
http://purl.obolibrary.org/obo/HP_0007889,Iridescent posterior subcapsular cataract
http://purl.obolibrary.org/obo/HP_0007903,Paravenous chorioretinal atrophy
http://purl.obolibrary.org/obo/HP_0007906,Ocular hypertension
http://purl.obolibrary.org/obo/HP_0007911,Congenital bilateral ptosis
http://purl.obolibrary.org/obo/HP_0007924,Slow decrease in visual acuity
http://purl.obolibrary.org/obo/HP_0007928,Abnormal flash visual evoked potentials
http://purl.obolibrary.org/obo/HP_0007932,Bilateral congenital mydriasis
http://purl.obolibrary.org/obo/HP_0007935,Juvenile posterior subcapsular lenticular opacities
http://purl.obolibrary.org/obo/HP_0007936,Restrictive external ophthalmoplegia
http://purl.obolibrary.org/obo/HP_0007937,Reticular pigmentary degeneration
http://purl.obolibrary.org/obo/HP_0007939,Blue cone monochromacy
http://purl.obolibrary.org/obo/HP_0007941,Limited extraocular movements
http://purl.obolibrary.org/obo/HP_0007943,Congenital stapes ankylosis
http://purl.obolibrary.org/obo/HP_0007944,Intermittent microsaccadic pursuits
http://purl.obolibrary.org/obo/HP_0007947,Pericentral retinitis pigmentosa
http://purl.obolibrary.org/obo/HP_0007948,Dense posterior cortical cataract
http://purl.obolibrary.org/obo/HP_0007950,Peripapillary chorioretinal atrophy
http://purl.obolibrary.org/obo/HP_0007964,Degenerative vitreoretinopathy
http://purl.obolibrary.org/obo/HP_0007965,Undetectable visual evoked potentials
http://purl.obolibrary.org/obo/HP_0007970,Congenital ptosis
http://purl.obolibrary.org/obo/HP_0007971,Lamellar cataract
http://purl.obolibrary.org/obo/HP_0007975,Hypometric horizontal saccades
http://purl.obolibrary.org/obo/HP_0007976,Cerulean cataract
http://purl.obolibrary.org/obo/HP_0007979,Gaze-evoked horizontal nystagmus
http://purl.obolibrary.org/obo/HP_0007984,ERG: Reduced dark-adapted b-wave amplitude
http://purl.obolibrary.org/obo/HP_0007987,Progressive visual field defects
http://purl.obolibrary.org/obo/HP_0007989,Intraretinal exudate
http://purl.obolibrary.org/obo/HP_0007994,Peripheral visual field loss
http://purl.obolibrary.org/obo/HP_0008003,Jerky ocular pursuit movements
http://purl.obolibrary.org/obo/HP_0008007,Primary congenital glaucoma
http://purl.obolibrary.org/obo/HP_0008020,Cone dystrophy
http://purl.obolibrary.org/obo/HP_0008026,Horizontal opticokinetic nystagmus
http://purl.obolibrary.org/obo/HP_0008028,Cystoid macular degeneration
http://purl.obolibrary.org/obo/HP_0008031,Posterior Y-sutural cataract
http://purl.obolibrary.org/obo/HP_0008041,Late onset congenital glaucoma
http://purl.obolibrary.org/obo/HP_0008045,Enlarged flash visual evoked potentials
http://purl.obolibrary.org/obo/HP_0008064,Ichthyosis
http://purl.obolibrary.org/obo/HP_0008067,Abnormally lax or hyperextensible skin
http://purl.obolibrary.org/obo/HP_0008069,Neoplasm of the skin
http://purl.obolibrary.org/obo/HP_0008090,Ankylosis of feet small joints
http://purl.obolibrary.org/obo/HP_0008097,Partial fusion of tarsals
http://purl.obolibrary.org/obo/HP_0008107,Plantar crease between first and second toes
http://purl.obolibrary.org/obo/HP_0008110,Equinovarus deformity
http://purl.obolibrary.org/obo/HP_0008112,Plantar flexion contracture
http://purl.obolibrary.org/obo/HP_0008113,Multiple plantar creases
http://purl.obolibrary.org/obo/HP_0008116,Flexion limitation of toes
http://purl.obolibrary.org/obo/HP_0008122,Calcaneonavicular fusion
http://purl.obolibrary.org/obo/HP_0008124,Talipes calcaneovarus
http://purl.obolibrary.org/obo/HP_0008132,Medial rotation of the medial malleolus
http://purl.obolibrary.org/obo/HP_0008144,Flattening of the talar dome
http://purl.obolibrary.org/obo/HP_0008148,Impaired epinephrine-induced platelet aggregation
http://purl.obolibrary.org/obo/HP_0008150,Elevated serum transaminases during infections
http://purl.obolibrary.org/obo/HP_0008151,Prolonged prothrombin time
http://purl.obolibrary.org/obo/HP_0008153,Periodic hypokalemic paresis
http://purl.obolibrary.org/obo/HP_0008158,Hyperapobetalipoproteinemia
http://purl.obolibrary.org/obo/HP_0008160,3-hydroxydicarboxylic aciduria
http://purl.obolibrary.org/obo/HP_0008161,Absent leukocyte alkaline phosphatase
http://purl.obolibrary.org/obo/HP_0008162,Asymptomatic hyperammonemia
http://purl.obolibrary.org/obo/HP_0008166,Decreased beta-galactosidase activity
http://purl.obolibrary.org/obo/HP_0008167,Very long chain fatty acid accumulation
http://purl.obolibrary.org/obo/HP_0008169,Reduced factor VII activity
http://purl.obolibrary.org/obo/HP_0008176,Neonatal unconjugated hyperbilirubinemia
http://purl.obolibrary.org/obo/HP_0008178,Abnormal cartilage matrix
http://purl.obolibrary.org/obo/HP_0008179,Decreased Arden ratio of electrooculogram
http://purl.obolibrary.org/obo/HP_0008185,Precocious puberty in males
http://purl.obolibrary.org/obo/HP_0008186,Adrenocortical cytomegaly
http://purl.obolibrary.org/obo/HP_0008187,Absence of secondary sex characteristics
http://purl.obolibrary.org/obo/HP_0008189,Insulin insensitivity
http://purl.obolibrary.org/obo/HP_0008193,Primary gonadal insufficiency
http://purl.obolibrary.org/obo/HP_0008197,Absence of pubertal development
http://purl.obolibrary.org/obo/HP_0008198,Congenital hypoparathyroidism
http://purl.obolibrary.org/obo/HP_0008200,Primary hyperparathyroidism
http://purl.obolibrary.org/obo/HP_0008202,Reduced circulating prolactin concentration
http://purl.obolibrary.org/obo/HP_0008204,Precocious puberty with Sertoli cell tumor
http://purl.obolibrary.org/obo/HP_0008205,Insulin-dependent but ketosis-resistant diabetes
http://purl.obolibrary.org/obo/HP_0008207,Primary adrenal insufficiency
http://purl.obolibrary.org/obo/HP_0008213,Gonadotropin deficiency
http://purl.obolibrary.org/obo/HP_0008223,Compensated hypothyroidism
http://purl.obolibrary.org/obo/HP_0008226,Androgen insufficiency
http://purl.obolibrary.org/obo/HP_0008231,Macronodular adrenal hyperplasia
http://purl.obolibrary.org/obo/HP_0008232,Elevated circulating follicle stimulating hormone level
http://purl.obolibrary.org/obo/HP_0008236,Isosexual precocious puberty
http://purl.obolibrary.org/obo/HP_0008240,Secondary growth hormone deficiency
http://purl.obolibrary.org/obo/HP_0008242,Pseudohypoaldosteronism
http://purl.obolibrary.org/obo/HP_0008244,Congenital adrenal hypoplasia
http://purl.obolibrary.org/obo/HP_0008251,Congenital goiter
http://purl.obolibrary.org/obo/HP_0008255,Transient neonatal diabetes mellitus
http://purl.obolibrary.org/obo/HP_0008256,Adrenocortical adenoma
http://purl.obolibrary.org/obo/HP_0008258,Congenital adrenal hyperplasia
http://purl.obolibrary.org/obo/HP_0008259,Adrenocorticotropin receptor defect
http://purl.obolibrary.org/obo/HP_0008264,Neutrophil inclusion bodies
http://purl.obolibrary.org/obo/HP_0008265,Mitochondrial lysine transport defect
http://purl.obolibrary.org/obo/HP_0008269,Increased red cell hemolysis by shear stress
http://purl.obolibrary.org/obo/HP_0008271,Abnormal cartilage collagen
http://purl.obolibrary.org/obo/HP_0008273,Transient aminoaciduria
http://purl.obolibrary.org/obo/HP_0008275,Abnormal light-adapted electroretinogram
http://purl.obolibrary.org/obo/HP_0008279,Transient hyperlipidemia
http://purl.obolibrary.org/obo/HP_0008281,Acute hyperammonemia
http://purl.obolibrary.org/obo/HP_0008282,Unconjugated hyperbilirubinemia
http://purl.obolibrary.org/obo/HP_0008283,Fasting hyperinsulinemia
http://purl.obolibrary.org/obo/HP_0008288,Nonketotic hyperglycinemia
http://purl.obolibrary.org/obo/HP_0008290,Partial complement factor H deficiency
http://purl.obolibrary.org/obo/HP_0008293,Long-chain dicarboxylic aciduria
http://purl.obolibrary.org/obo/HP_0008297,Transient hyperphenylalaninemia
http://purl.obolibrary.org/obo/HP_0008305,Exercise-induced myoglobinuria
http://purl.obolibrary.org/obo/HP_0008306,Abnormal iron deposition in mitochondria
http://purl.obolibrary.org/obo/HP_0008309,Medium chain dicarboxylic aciduria
http://purl.obolibrary.org/obo/HP_0008314,Decreased activity of mitochondrial complex II
http://purl.obolibrary.org/obo/HP_0008315,Decreased plasma free carnitine
http://purl.obolibrary.org/obo/HP_0008318,Elevated leukocyte alkaline phosphatase
http://purl.obolibrary.org/obo/HP_0008320,Impaired collagen-induced platelet aggregation
http://purl.obolibrary.org/obo/HP_0008321,Reduced factor X activity
http://purl.obolibrary.org/obo/HP_0008322,Abnormal mitochondrial morphology
http://purl.obolibrary.org/obo/HP_0008323,Abnormal light- and dark-adapted electroretinogram
http://purl.obolibrary.org/obo/HP_0008326,Reduced circulating vitamin B6 circulating
http://purl.obolibrary.org/obo/HP_0008327,Microscopic nephrocalcinosis
http://purl.obolibrary.org/obo/HP_0008330,Reduced von Willebrand factor activity
http://purl.obolibrary.org/obo/HP_0008331,Elevated creatine kinase after exercise
http://purl.obolibrary.org/obo/HP_0008336,Complex organic aciduria
http://purl.obolibrary.org/obo/HP_0008338,Partial functional complement factor D deficiency
http://purl.obolibrary.org/obo/HP_0008346,Increased red cell sickling tendency
http://purl.obolibrary.org/obo/HP_0008347,Decreased activity of mitochondrial complex IV
http://purl.obolibrary.org/obo/HP_0008348,Decreased circulating IgG2 concentration
http://purl.obolibrary.org/obo/HP_0008352,Impaired platelet adhesion
http://purl.obolibrary.org/obo/HP_0008353,Neutral hyperaminoaciduria
http://purl.obolibrary.org/obo/HP_0008354,Factor X activation deficiency
http://purl.obolibrary.org/obo/HP_0008357,Reduced factor XIII activity
http://purl.obolibrary.org/obo/HP_0008360,Neonatal hypoproteinemia
http://purl.obolibrary.org/obo/HP_0008372,Abnormal circulating vitamin A concentration
http://purl.obolibrary.org/obo/HP_0008373,Puberty and gonadal disorders
http://purl.obolibrary.org/obo/HP_0008376,Nasal dysarthria
http://purl.obolibrary.org/obo/HP_0008390,Recurrent loss of toenails and fingernails
http://purl.obolibrary.org/obo/HP_0008394,Congenital onychodystrophy
http://purl.obolibrary.org/obo/HP_0008399,Circumungual hyperkeratosis
http://purl.obolibrary.org/obo/HP_0008418,Squared-off platyspondyly
http://purl.obolibrary.org/obo/HP_0008432,Anterior wedging of L1
http://purl.obolibrary.org/obo/HP_0008435,Absent in utero ossification of vertebral bodies
http://purl.obolibrary.org/obo/HP_0008444,Posterior wedging of vertebral bodies
http://purl.obolibrary.org/obo/HP_0008449,Progressive cervical vertebral spine fusion
http://purl.obolibrary.org/obo/HP_0008450,Narrow vertebral interpedicular distance
http://purl.obolibrary.org/obo/HP_0008451,Posterior vertebral hypoplasia
http://purl.obolibrary.org/obo/HP_0008452,Wafer-thin platyspondyly
http://purl.obolibrary.org/obo/HP_0008453,Congenital kyphoscoliosis
http://purl.obolibrary.org/obo/HP_0008456,C2-C3 subluxation
http://purl.obolibrary.org/obo/HP_0008457,Caudal interpedicular narrowing
http://purl.obolibrary.org/obo/HP_0008458,Progressive congenital scoliosis
http://purl.obolibrary.org/obo/HP_0008461,Cervical vertebral facet hypoplasia
http://purl.obolibrary.org/obo/HP_0008462,Cervical instability
http://purl.obolibrary.org/obo/HP_0008470,Lower thoracic interpediculate narrowness
http://purl.obolibrary.org/obo/HP_0008476,Irregular sclerotic endplates
http://purl.obolibrary.org/obo/HP_0008478,Scheuermann-like vertebral changes
http://purl.obolibrary.org/obo/HP_0008483,Cervical vertebral bodies with decreased anteroposterior diameter
http://purl.obolibrary.org/obo/HP_0008484,Thoracolumbar interpediculate narrowness
http://purl.obolibrary.org/obo/HP_0008486,Lumbar interpedicular narrowing
http://purl.obolibrary.org/obo/HP_0008488,Anterior rounding of vertebral bodies
http://purl.obolibrary.org/obo/HP_0008489,Spondylolisthesis at L5-S1
http://purl.obolibrary.org/obo/HP_0008497,Congenital craniofacial dysostosis
http://purl.obolibrary.org/obo/HP_0008499,High hypermetropia
http://purl.obolibrary.org/obo/HP_0008504,Moderate sensorineural hearing impairment
http://purl.obolibrary.org/obo/HP_0008507,Static ophthalmoparesis
http://purl.obolibrary.org/obo/HP_0008509,Aged leonine appearance
http://purl.obolibrary.org/obo/HP_0008513,Bilateral conductive hearing impairment
http://purl.obolibrary.org/obo/HP_0008527,Congenital sensorineural hearing impairment
http://purl.obolibrary.org/obo/HP_0008529,Absence of acoustic reflex
http://purl.obolibrary.org/obo/HP_0008537,Cleft at the superior portion of the pinna
http://purl.obolibrary.org/obo/HP_0008542,Low-frequency hearing loss
http://purl.obolibrary.org/obo/HP_0008568,Vestibular areflexia
http://purl.obolibrary.org/obo/HP_0008569,"Microtia, second degree"
http://purl.obolibrary.org/obo/HP_0008573,Low-frequency sensorineural hearing impairment
http://purl.obolibrary.org/obo/HP_0008583,Underfolded superior helices
http://purl.obolibrary.org/obo/HP_0008587,Mild neurosensory hearing impairment
http://purl.obolibrary.org/obo/HP_0008588,Slit-like opening of the exterior auditory meatus
http://purl.obolibrary.org/obo/HP_0008591,Congenital conductive hearing impairment
http://purl.obolibrary.org/obo/HP_0008596,Postlingual sensorineural hearing impairment
http://purl.obolibrary.org/obo/HP_0008598,Mild conductive hearing impairment
http://purl.obolibrary.org/obo/HP_0008606,Supraauricular pit
http://purl.obolibrary.org/obo/HP_0008607,Progressive conductive hearing impairment
http://purl.obolibrary.org/obo/HP_0008610,Infantile sensorineural hearing impairment
http://purl.obolibrary.org/obo/HP_0008615,Adult onset sensorineural hearing impairment
http://purl.obolibrary.org/obo/HP_0008619,Bilateral sensorineural hearing impairment
http://purl.obolibrary.org/obo/HP_0008625,Severe sensorineural hearing impairment
http://purl.obolibrary.org/obo/HP_0008629,Pulsatile tinnitus
http://purl.obolibrary.org/obo/HP_0008640,Congenital macroorchidism
http://purl.obolibrary.org/obo/HP_0008643,Nephroblastomatosis
http://purl.obolibrary.org/obo/HP_0008647,Pubertal developmental failure in females
http://purl.obolibrary.org/obo/HP_0008651,Uric acid urolithiasis independent of gout
http://purl.obolibrary.org/obo/HP_0008652,Autonomic erectile dysfunction
http://purl.obolibrary.org/obo/HP_0008653,Crescentic glomerulonephritis
http://purl.obolibrary.org/obo/HP_0008656,Incomplete male pseudohermaphroditism
http://purl.obolibrary.org/obo/HP_0008660,Renotubular dysgenesis
http://purl.obolibrary.org/obo/HP_0008669,Abnormal spermatogenesis
http://purl.obolibrary.org/obo/HP_0008672,Calcium oxalate nephrolithiasis
http://purl.obolibrary.org/obo/HP_0008675,Enlarged polycystic ovaries
http://purl.obolibrary.org/obo/HP_0008676,Congenital megaureter
http://purl.obolibrary.org/obo/HP_0008677,Congenital nephrotic syndrome
http://purl.obolibrary.org/obo/HP_0008689,Bilateral cryptorchidism
http://purl.obolibrary.org/obo/HP_0008691,Solitary bladder diverticulum
http://purl.obolibrary.org/obo/HP_0008695,Transient nephrotic syndrome
http://purl.obolibrary.org/obo/HP_0008716,Urethrovaginal fistula
http://purl.obolibrary.org/obo/HP_0008732,Renal hypophosphatemia
http://purl.obolibrary.org/obo/HP_0008755,Laryngotracheomalacia
http://purl.obolibrary.org/obo/HP_0008760,Violent behavior
http://purl.obolibrary.org/obo/HP_0008762,Repetitive compulsive behavior
http://purl.obolibrary.org/obo/HP_0008763,No social interaction
http://purl.obolibrary.org/obo/HP_0008765,Auditory hallucination
http://purl.obolibrary.org/obo/HP_0008767,Self-mutilation of tongue and lips due to involuntary movements
http://purl.obolibrary.org/obo/HP_0008768,Abnormal sexual behavior
http://purl.obolibrary.org/obo/HP_0008770,Obsessive-compulsive trait
http://purl.obolibrary.org/obo/HP_0008800,Limited hip movement
http://purl.obolibrary.org/obo/HP_0008821,Hypoplastic inferior ilia
http://purl.obolibrary.org/obo/HP_0008822,Hypoplastic ischiopubic ramus
http://purl.obolibrary.org/obo/HP_0008833,Irregular acetabular roof
http://purl.obolibrary.org/obo/HP_0008845,Mesomelic short stature
http://purl.obolibrary.org/obo/HP_0008846,Severe intrauterine growth retardation
http://purl.obolibrary.org/obo/HP_0008848,Moderately short stature
http://purl.obolibrary.org/obo/HP_0008850,Severe postnatal growth retardation
http://purl.obolibrary.org/obo/HP_0008855,Moderate postnatal growth retardation
http://purl.obolibrary.org/obo/HP_0008866,Failure to thrive secondary to recurrent infections
http://purl.obolibrary.org/obo/HP_0008872,Feeding difficulties in infancy
http://purl.obolibrary.org/obo/HP_0008883,Mild intrauterine growth retardation
http://purl.obolibrary.org/obo/HP_0008897,Postnatal growth retardation
http://purl.obolibrary.org/obo/HP_0008905,Rhizomelia
http://purl.obolibrary.org/obo/HP_0008909,Lethal short-limbed short stature
http://purl.obolibrary.org/obo/HP_0008915,Childhood-onset truncal obesity
http://purl.obolibrary.org/obo/HP_0008929,Asymmetric short stature
http://purl.obolibrary.org/obo/HP_0008935,Generalized neonatal hypotonia
http://purl.obolibrary.org/obo/HP_0008940,Generalized lymphadenopathy
http://purl.obolibrary.org/obo/HP_0008942,Acute rhabdomyolysis
http://purl.obolibrary.org/obo/HP_0008944,Distal lower limb amyotrophy
http://purl.obolibrary.org/obo/HP_0008945,Loss of ability to walk in early childhood
http://purl.obolibrary.org/obo/HP_0008946,Pelvic girdle amyotrophy
http://purl.obolibrary.org/obo/HP_0008947,Floppy infant
http://purl.obolibrary.org/obo/HP_0008967,Exercise-induced muscle stiffness
http://purl.obolibrary.org/obo/HP_0008972,Decreased activity of mitochondrial respiratory chain
http://purl.obolibrary.org/obo/HP_0008978,Necrotizing myopathy
http://purl.obolibrary.org/obo/HP_0008991,Exercise-induced leg cramps
http://purl.obolibrary.org/obo/HP_0009020,Exercise-induced muscle fatigue
http://purl.obolibrary.org/obo/HP_0009027,Foot dorsiflexor weakness
http://purl.obolibrary.org/obo/HP_0009045,Exercise-induced rhabdomyolysis
http://purl.obolibrary.org/obo/HP_0009046,Difficulty running
http://purl.obolibrary.org/obo/HP_0009054,Scapuloperoneal myopathy
http://purl.obolibrary.org/obo/HP_0009059,Congenital generalized lipodystrophy
http://purl.obolibrary.org/obo/HP_0009060,Scapular muscle atrophy
http://purl.obolibrary.org/obo/HP_0009063,Progressive distal muscle weakness
http://purl.obolibrary.org/obo/HP_0009064,Generalized lipodystrophy
http://purl.obolibrary.org/obo/HP_0009069,Lethal infantile mitochondrial myopathy
http://purl.obolibrary.org/obo/HP_0009071,Inflammatory myopathy
http://purl.obolibrary.org/obo/HP_0009073,Progressive proximal muscle weakness
http://purl.obolibrary.org/obo/HP_0009077,Weakness of long finger extensor muscles
http://purl.obolibrary.org/obo/HP_0009088,Speech articulation difficulties
http://purl.obolibrary.org/obo/HP_0009102,Anterior open-bite malocclusion
http://purl.obolibrary.org/obo/HP_0009110,Diaphragmatic eventration
http://purl.obolibrary.org/obo/HP_0009112,Aplasia of the left hemidiaphragm
http://purl.obolibrary.org/obo/HP_0009120,Aplasia/Hypoplasia involving the sinuses
http://purl.obolibrary.org/obo/HP_0009125,Lipodystrophy
http://purl.obolibrary.org/obo/HP_0009141,Depletion of mitochondrial DNA in muscle tissue
http://purl.obolibrary.org/obo/HP_0009370,Type A brachydactyly
http://purl.obolibrary.org/obo/HP_0009371,Type A1 brachydactyly
http://purl.obolibrary.org/obo/HP_0009372,Type A2 brachydactyly
http://purl.obolibrary.org/obo/HP_0009373,Type C brachydactyly
http://purl.obolibrary.org/obo/HP_0009588,Vestibular schwannoma
http://purl.obolibrary.org/obo/HP_0009589,Bilateral vestibular schwannoma
http://purl.obolibrary.org/obo/HP_0009590,Unilateral vestibular schwannoma
http://purl.obolibrary.org/obo/HP_0009592,Astrocytoma
http://purl.obolibrary.org/obo/HP_0009593,Peripheral schwannoma
http://purl.obolibrary.org/obo/HP_0009612,Duplication of the distal phalanx of the thumb
http://purl.obolibrary.org/obo/HP_0009613,Duplication of the proximal phalanx of the thumb
http://purl.obolibrary.org/obo/HP_0009614,Bifid proximal phalanx of the thumb
http://purl.obolibrary.org/obo/HP_0009622,Distally placed thumb
http://purl.obolibrary.org/obo/HP_0009636,Triangular shaped proximal phalanx of the thumb
http://purl.obolibrary.org/obo/HP_0009641,Aplasia/Hypoplasia of the distal phalanx of the thumb
http://purl.obolibrary.org/obo/HP_0009648,Triangular shaped distal phalanx of the thumb
http://purl.obolibrary.org/obo/HP_0009656,Thumb symphalangism
http://purl.obolibrary.org/obo/HP_0009710,Chilblains
http://purl.obolibrary.org/obo/HP_0009713,Spinal hemangioblastoma
http://purl.obolibrary.org/obo/HP_0009716,Subependymal nodules
http://purl.obolibrary.org/obo/HP_0009717,Cortical tubers
http://purl.obolibrary.org/obo/HP_0009718,Subependymal giant-cell astrocytoma
http://purl.obolibrary.org/obo/HP_0009719,Hypomelanotic macule
http://purl.obolibrary.org/obo/HP_0009721,Shagreen patch
http://purl.obolibrary.org/obo/HP_0009725,Bladder neoplasm
http://purl.obolibrary.org/obo/HP_0009727,Achromatic retinal patches
http://purl.obolibrary.org/obo/HP_0009728,Neoplasm of striated muscle
http://purl.obolibrary.org/obo/HP_0009730,Rhabdomyoma
http://purl.obolibrary.org/obo/HP_0009732,Plexiform neurofibroma
http://purl.obolibrary.org/obo/HP_0009733,Glioma
http://purl.obolibrary.org/obo/HP_0009737,Lisch nodules
http://purl.obolibrary.org/obo/HP_0009743,Distichiasis
http://purl.obolibrary.org/obo/HP_0009747,Lumbosacral hirsutism
http://purl.obolibrary.org/obo/HP_0009755,Ankyloblepharon
http://purl.obolibrary.org/obo/HP_0009756,Popliteal pterygium
http://purl.obolibrary.org/obo/HP_0009757,Intercrural pterygium
http://purl.obolibrary.org/obo/HP_0009760,Antecubital pterygium
http://purl.obolibrary.org/obo/HP_0009761,Anterior clefting of vertebral bodies
http://purl.obolibrary.org/obo/HP_0009763,Limb pain
http://purl.obolibrary.org/obo/HP_0009775,Amniotic constriction ring
http://purl.obolibrary.org/obo/HP_0009776,Adactyly
http://purl.obolibrary.org/obo/HP_0009781,Lester's sign
http://purl.obolibrary.org/obo/HP_0009789,Perianal abscess
http://purl.obolibrary.org/obo/HP_0009790,Hemisacrum
http://purl.obolibrary.org/obo/HP_0009792,Teratoma
http://purl.obolibrary.org/obo/HP_0009793,Presacral teratoma
http://purl.obolibrary.org/obo/HP_0009794,Branchial anomaly
http://purl.obolibrary.org/obo/HP_0009795,Branchial fistula
http://purl.obolibrary.org/obo/HP_0009796,Branchial cyst
http://purl.obolibrary.org/obo/HP_0009797,Cholesteatoma
http://purl.obolibrary.org/obo/HP_0009798,Euthyroid goiter
http://purl.obolibrary.org/obo/HP_0009805,Low-output congestive heart failure
http://purl.obolibrary.org/obo/HP_0009806,Nephrogenic diabetes insipidus
http://purl.obolibrary.org/obo/HP_0009827,Amelia
http://purl.obolibrary.org/obo/HP_0009829,Phocomelia
http://purl.obolibrary.org/obo/HP_0009830,Peripheral neuropathy
http://purl.obolibrary.org/obo/HP_0009831,Mononeuropathy
http://purl.obolibrary.org/obo/HP_0009878,Cerebellar ataxia associated with quadrupedal gait
http://purl.obolibrary.org/obo/HP_0009879,Simplified gyral pattern
http://purl.obolibrary.org/obo/HP_0009886,Trichorrhexis nodosa
http://purl.obolibrary.org/obo/HP_0009900,Unilateral deafness
http://purl.obolibrary.org/obo/HP_0009914,Cyclopia
http://purl.obolibrary.org/obo/HP_0009916,Anisocoria
http://purl.obolibrary.org/obo/HP_0009917,Persistent pupillary membrane
http://purl.obolibrary.org/obo/HP_0009919,Retinoblastoma
http://purl.obolibrary.org/obo/HP_0009920,Nevus of Ota
http://purl.obolibrary.org/obo/HP_0009921,Duane anomaly
http://purl.obolibrary.org/obo/HP_0009922,Vascular remnant arising from the disk
http://purl.obolibrary.org/obo/HP_0009926,Epiphora
http://purl.obolibrary.org/obo/HP_0010291,Prominent palatine ridges
http://purl.obolibrary.org/obo/HP_0010296,Ankyloglossia
http://purl.obolibrary.org/obo/HP_0010300,Abnormally low-pitched voice
http://purl.obolibrary.org/obo/HP_0010307,Stridor
http://purl.obolibrary.org/obo/HP_0010310,Chylothorax
http://purl.obolibrary.org/obo/HP_0010314,Premature thelarche
http://purl.obolibrary.org/obo/HP_0010445,Primum atrial septal defect
http://purl.obolibrary.org/obo/HP_0010454,Acetabular spurs
http://purl.obolibrary.org/obo/HP_0010455,Steep acetabular roof
http://purl.obolibrary.org/obo/HP_0010459,True hermaphroditism
http://purl.obolibrary.org/obo/HP_0010465,Precocious puberty in females
http://purl.obolibrary.org/obo/HP_0010474,Bladder stones
http://purl.obolibrary.org/obo/HP_0010475,Cloacal exstrophy
http://purl.obolibrary.org/obo/HP_0010485,Hyperextensibility at elbow
http://purl.obolibrary.org/obo/HP_0010491,Digital constriction ring
http://purl.obolibrary.org/obo/HP_0010497,Sirenomelia
http://purl.obolibrary.org/obo/HP_0010506,Abnormal plantar dermatoglyphics
http://purl.obolibrary.org/obo/HP_0010508,Metatarsus valgus
http://purl.obolibrary.org/obo/HP_0010518,Thyroglossal cyst
http://purl.obolibrary.org/obo/HP_0010519,Increased fetal movement
http://purl.obolibrary.org/obo/HP_0010521,Gait apraxia
http://purl.obolibrary.org/obo/HP_0010522,Dyslexia
http://purl.obolibrary.org/obo/HP_0010523,Alexia
http://purl.obolibrary.org/obo/HP_0010524,Disturbed sensory perception
http://purl.obolibrary.org/obo/HP_0010525,Finger agnosia
http://purl.obolibrary.org/obo/HP_0010526,Dysgraphia
http://purl.obolibrary.org/obo/HP_0010527,Astereognosis
http://purl.obolibrary.org/obo/HP_0010528,Prosopagnosia
http://purl.obolibrary.org/obo/HP_0010529,Echolalia
http://purl.obolibrary.org/obo/HP_0010530,Palatal tremor
http://purl.obolibrary.org/obo/HP_0010531,Spinal myoclonus
http://purl.obolibrary.org/obo/HP_0010532,Paroxysmal vertigo
http://purl.obolibrary.org/obo/HP_0010533,Spasmus nutans
http://purl.obolibrary.org/obo/HP_0010534,Transient global amnesia
http://purl.obolibrary.org/obo/HP_0010535,Sleep apnea
http://purl.obolibrary.org/obo/HP_0010536,Central sleep apnea
http://purl.obolibrary.org/obo/HP_0010540,Advanced pneumatization of cranial sinuses
http://purl.obolibrary.org/obo/HP_0010542,Vestibular nystagmus
http://purl.obolibrary.org/obo/HP_0010543,Opsoclonus
http://purl.obolibrary.org/obo/HP_0010544,Vertical nystagmus
http://purl.obolibrary.org/obo/HP_0010545,Downbeat nystagmus
http://purl.obolibrary.org/obo/HP_0010546,Muscle fibrillation
http://purl.obolibrary.org/obo/HP_0010547,Muscle flaccidity
http://purl.obolibrary.org/obo/HP_0010548,Percussion myotonia
http://purl.obolibrary.org/obo/HP_0010549,Weakness due to upper motor neuron dysfunction
http://purl.obolibrary.org/obo/HP_0010550,Paraplegia
http://purl.obolibrary.org/obo/HP_0010551,Paraplegia/paraparesis
http://purl.obolibrary.org/obo/HP_0010553,Oculogyric crisis
http://purl.obolibrary.org/obo/HP_0010562,Keloids
http://purl.obolibrary.org/obo/HP_0010566,Hamartoma
http://purl.obolibrary.org/obo/HP_0010584,Pseudoepiphyses
http://purl.obolibrary.org/obo/HP_0010588,Premature epimetaphyseal fusion
http://purl.obolibrary.org/obo/HP_0010602,Type 2 muscle fiber predominance
http://purl.obolibrary.org/obo/HP_0010603,Odontogenic keratocysts of the jaw
http://purl.obolibrary.org/obo/HP_0010605,Chalazion
http://purl.obolibrary.org/obo/HP_0010606,Hordeolum
http://purl.obolibrary.org/obo/HP_0010607,Hordeolum externum
http://purl.obolibrary.org/obo/HP_0010608,Hordeolum internum
http://purl.obolibrary.org/obo/HP_0010609,Skin tags
http://purl.obolibrary.org/obo/HP_0010610,Palmar pits
http://purl.obolibrary.org/obo/HP_0010612,Plantar pits
http://purl.obolibrary.org/obo/HP_0010614,Fibroma
http://purl.obolibrary.org/obo/HP_0010615,Angiofibromas
http://purl.obolibrary.org/obo/HP_0010632,Total anosmia
http://purl.obolibrary.org/obo/HP_0010633,Partial anosmia
http://purl.obolibrary.org/obo/HP_0010634,Total hyposmia
http://purl.obolibrary.org/obo/HP_0010635,Partial hyposmia
http://purl.obolibrary.org/obo/HP_0010636,Schizencephaly
http://purl.obolibrary.org/obo/HP_0010646,Cervical spine instability
http://purl.obolibrary.org/obo/HP_0010657,Patchy reduction of bone mineral density
http://purl.obolibrary.org/obo/HP_0010658,Patchy changes of bone mineral density
http://purl.obolibrary.org/obo/HP_0010659,Patchy variation in bone mineral density
http://purl.obolibrary.org/obo/HP_0010665,Bilateral coxa valga
http://purl.obolibrary.org/obo/HP_0010676,Mechanical ileus
http://purl.obolibrary.org/obo/HP_0010677,Enuresis nocturna
http://purl.obolibrary.org/obo/HP_0010678,Enuresis diurna
http://purl.obolibrary.org/obo/HP_0010681,Elevated intestinal alkaline phosphatase
http://purl.obolibrary.org/obo/HP_0010682,Elevated placental alkaline phosphatase
http://purl.obolibrary.org/obo/HP_0010687,Low intestinal alkaline phosphatase
http://purl.obolibrary.org/obo/HP_0010688,Low placental alkaline phosphatase
http://purl.obolibrary.org/obo/HP_0010689,Mirror image polydactyly
http://purl.obolibrary.org/obo/HP_0010693,Pulverulent cataract
http://purl.obolibrary.org/obo/HP_0010694,Lamellar pulverulent cataract
http://purl.obolibrary.org/obo/HP_0010695,Sutural cataract
http://purl.obolibrary.org/obo/HP_0010696,Polar cataract
http://purl.obolibrary.org/obo/HP_0010697,Anterior pyramidal cataract
http://purl.obolibrary.org/obo/HP_0010698,Nuclear pulverulent cataract
http://purl.obolibrary.org/obo/HP_0010699,Triangular nuclear cataract
http://purl.obolibrary.org/obo/HP_0010723,Cystic lesions of the pinnae
http://purl.obolibrary.org/obo/HP_0010727,Spontaneous rupture of the globe
http://purl.obolibrary.org/obo/HP_0010729,Cherry red spot of the macula
http://purl.obolibrary.org/obo/HP_0010733,Naevus flammeus of the eyelid
http://purl.obolibrary.org/obo/HP_0010734,Fibrous dysplasia of bone
http://purl.obolibrary.org/obo/HP_0010735,Polyostotic fibrous dysplasia
http://purl.obolibrary.org/obo/HP_0010736,Monostotic fibrous dysplasia
http://purl.obolibrary.org/obo/HP_0010739,Osteopoikilosis
http://purl.obolibrary.org/obo/HP_0010740,Osteopathia striata
http://purl.obolibrary.org/obo/HP_0010749,Blepharochalasis
http://purl.obolibrary.org/obo/HP_0010750,Dermatochalasis
http://purl.obolibrary.org/obo/HP_0010762,Chordoma
http://purl.obolibrary.org/obo/HP_0010763,Low insertion of columella
http://purl.obolibrary.org/obo/HP_0010765,Palmar hyperkeratosis
http://purl.obolibrary.org/obo/HP_0010766,Ectopic calcification
http://purl.obolibrary.org/obo/HP_0010767,Sacrococcygeal pilonidal abnormality
http://purl.obolibrary.org/obo/HP_0010769,Pilonidal sinus
http://purl.obolibrary.org/obo/HP_0010770,Pilonidal fistula
http://purl.obolibrary.org/obo/HP_0010771,Pilonidal abscess
http://purl.obolibrary.org/obo/HP_0010774,Cor triatriatum
http://purl.obolibrary.org/obo/HP_0010776,Tracheobronchmegaly
http://purl.obolibrary.org/obo/HP_0010780,Hyperacusis
http://purl.obolibrary.org/obo/HP_0010781,Skin dimple
http://purl.obolibrary.org/obo/HP_0010782,Shoulder dimple
http://purl.obolibrary.org/obo/HP_0010783,Erythema
http://purl.obolibrary.org/obo/HP_0010785,Gonadal neoplasm
http://purl.obolibrary.org/obo/HP_0010786,Urinary tract neoplasm
http://purl.obolibrary.org/obo/HP_0010787,Genital neoplasm
http://purl.obolibrary.org/obo/HP_0010789,Abnormality of the Leydig cells
http://purl.obolibrary.org/obo/HP_0010790,Hypoplasia of the Leydig cells
http://purl.obolibrary.org/obo/HP_0010791,Hyperplasia of the Leydig cells
http://purl.obolibrary.org/obo/HP_0010794,Impaired visuospatial constructive cognition
http://purl.obolibrary.org/obo/HP_0010797,Hemangioblastoma
http://purl.obolibrary.org/obo/HP_0010799,Pinealoma
http://purl.obolibrary.org/obo/HP_0010800,Absent cupid's bow
http://purl.obolibrary.org/obo/HP_0010801,Underdeveloped nasolabial fold
http://purl.obolibrary.org/obo/HP_0010802,Perioral hyperpigmentation
http://purl.obolibrary.org/obo/HP_0010807,Open bite
http://purl.obolibrary.org/obo/HP_0010815,Nevus sebaceous
http://purl.obolibrary.org/obo/HP_0010816,Epidermal nevus
http://purl.obolibrary.org/obo/HP_0010817,Linear nevus sebaceous
http://purl.obolibrary.org/obo/HP_0010818,Generalized tonic seizure
http://purl.obolibrary.org/obo/HP_0010819,Atonic seizure
http://purl.obolibrary.org/obo/HP_0010820,Focal emotional seizure with crying
http://purl.obolibrary.org/obo/HP_0010821,Focal emotional seizure with laughing
http://purl.obolibrary.org/obo/HP_0010822,Scintillating scotoma
http://purl.obolibrary.org/obo/HP_0010828,Hemifacial spasm
http://purl.obolibrary.org/obo/HP_0010829,Impaired temperature sensation
http://purl.obolibrary.org/obo/HP_0010830,Impaired tactile sensation
http://purl.obolibrary.org/obo/HP_0010831,Impaired proprioception
http://purl.obolibrary.org/obo/HP_0010832,Abnormality of pain sensation
http://purl.obolibrary.org/obo/HP_0010833,Spontaneous pain sensation
http://purl.obolibrary.org/obo/HP_0010834,Trophic changes related to pain
http://purl.obolibrary.org/obo/HP_0010835,Dissociated sensory loss
http://purl.obolibrary.org/obo/HP_0010838,High nonceruloplasmin-bound serum copper
http://purl.obolibrary.org/obo/HP_0010841,Multifocal epileptiform discharges
http://purl.obolibrary.org/obo/HP_0010843,EEG with focal slow activity
http://purl.obolibrary.org/obo/HP_0010844,EEG with multifocal slow activity
http://purl.obolibrary.org/obo/HP_0010845,EEG with generalized slow activity
http://purl.obolibrary.org/obo/HP_0010846,EEG with persistent abnormal rhythmic activity
http://purl.obolibrary.org/obo/HP_0010847,EEG with spike-wave complexes (<2.5 Hz)
http://purl.obolibrary.org/obo/HP_0010848,EEG with spike-wave complexes (2.5-3.5 Hz)
http://purl.obolibrary.org/obo/HP_0010849,EEG with spike-wave complexes (>3.5 Hz)
http://purl.obolibrary.org/obo/HP_0010850,EEG with spike-wave complexes
http://purl.obolibrary.org/obo/HP_0010851,EEG with burst suppression
http://purl.obolibrary.org/obo/HP_0010852,EEG with photoparoxysmal response
http://purl.obolibrary.org/obo/HP_0010853,EEG with periodic lateralized epileptiform discharges
http://purl.obolibrary.org/obo/HP_0010854,EEG with generalized low amplitude activity
http://purl.obolibrary.org/obo/HP_0010855,EEG with localized low amplitude activity
http://purl.obolibrary.org/obo/HP_0010856,EEG with periodic complexes
http://purl.obolibrary.org/obo/HP_0010857,EEG with periodic abnormalities
http://purl.obolibrary.org/obo/HP_0010858,EEG with hyperventilation-induced epileptiform discharges
http://purl.obolibrary.org/obo/HP_0010859,Frank breech presentation
http://purl.obolibrary.org/obo/HP_0010860,Complete breech presentation
http://purl.obolibrary.org/obo/HP_0010861,Incomplete breech presentation
http://purl.obolibrary.org/obo/HP_0010862,Delayed fine motor development
http://purl.obolibrary.org/obo/HP_0010863,Receptive language delay
http://purl.obolibrary.org/obo/HP_0010864,Severe intellectual disability
http://purl.obolibrary.org/obo/HP_0010865,Age-inappropriate oppositional behavior
http://purl.obolibrary.org/obo/HP_0010867,Dyssynergia
http://purl.obolibrary.org/obo/HP_0010868,Ocular dyssynergia
http://purl.obolibrary.org/obo/HP_0010869,Asynergia
http://purl.obolibrary.org/obo/HP_0010871,Sensory ataxia
http://purl.obolibrary.org/obo/HP_0010872,T-wave inversion
http://purl.obolibrary.org/obo/HP_0010875,Chaddock reflex
http://purl.obolibrary.org/obo/HP_0010877,Monocular strabismus
http://purl.obolibrary.org/obo/HP_0010878,Fetal cystic hygroma
http://purl.obolibrary.org/obo/HP_0010879,Postnatal cystic hygroma
http://purl.obolibrary.org/obo/HP_0010880,Increased nuchal translucency
http://purl.obolibrary.org/obo/HP_0010884,Acromelia
http://purl.obolibrary.org/obo/HP_0010885,Avascular necrosis
http://purl.obolibrary.org/obo/HP_0010886,Osteochondritis dissecans
http://purl.obolibrary.org/obo/HP_0010888,Morbus Koehler
http://purl.obolibrary.org/obo/HP_0010889,Morbus Kienboeck
http://purl.obolibrary.org/obo/HP_0010890,Morbus Osgood-Schlatter
http://purl.obolibrary.org/obo/HP_0010891,Morbus Scheuermann
http://purl.obolibrary.org/obo/HP_0010920,Zonular cataract
http://purl.obolibrary.org/obo/HP_0010921,Coralliform cataract
http://purl.obolibrary.org/obo/HP_0010922,Membranous cataract
http://purl.obolibrary.org/obo/HP_0010923,Anterior subcapsular cataract
http://purl.obolibrary.org/obo/HP_0010924,Posterior cortical cataract
http://purl.obolibrary.org/obo/HP_0010925,Nuclear punctate cataract
http://purl.obolibrary.org/obo/HP_0010926,Aculeiform cataract
http://purl.obolibrary.org/obo/HP_0010942,Echogenic intracardiac focus
http://purl.obolibrary.org/obo/HP_0010943,Echogenic fetal bowel
http://purl.obolibrary.org/obo/HP_0010947,Abnormality of ductus venosus blood flow
http://purl.obolibrary.org/obo/HP_0010948,Abnormal fetal cardiovascular morphology
http://purl.obolibrary.org/obo/HP_0010952,Mild fetal ventriculomegaly
http://purl.obolibrary.org/obo/HP_0010953,Noncommunicating hydrocephalus
http://purl.obolibrary.org/obo/HP_0010956,Fetal megacystis
http://purl.obolibrary.org/obo/HP_0010963,Absence of stomach bubble on fetal sonography
http://purl.obolibrary.org/obo/HP_0010968,Abnormality of liposaccharide metabolism
http://purl.obolibrary.org/obo/HP_0010969,Abnormality of glycolipid metabolism
http://purl.obolibrary.org/obo/HP_0010970,Blood group antigen abnormality
http://purl.obolibrary.org/obo/HP_0010971,Absence of Lutheran antigen on erythrocytes
http://purl.obolibrary.org/obo/HP_0010972,Anemia of inadequate production
http://purl.obolibrary.org/obo/HP_0010974,Abnormal myeloid leukocyte morphology
http://purl.obolibrary.org/obo/HP_0010975,Abnormal total B cell count
http://purl.obolibrary.org/obo/HP_0010976,Decreased total B cell count
http://purl.obolibrary.org/obo/HP_0010977,Abnormal phagocytosis
http://purl.obolibrary.org/obo/HP_0010988,Abnormality of the extrinsic pathway
http://purl.obolibrary.org/obo/HP_0010989,Abnormality of the intrinsic pathway
http://purl.obolibrary.org/obo/HP_0010990,Abnormality of the common coagulation pathway
http://purl.obolibrary.org/obo/HP_0010992,Stress urinary incontinence
http://purl.obolibrary.org/obo/HP_0010997,Chromosomal breakage induced by ionizing radiation
http://purl.obolibrary.org/obo/HP_0010998,Increased susceptibility to spontaneous sister chromatid exchange
http://purl.obolibrary.org/obo/HP_0011003,High myopia
http://purl.obolibrary.org/obo/HP_0011005,Mixed cirrhosis
http://purl.obolibrary.org/obo/HP_0011014,Abnormal glucose homeostasis
http://purl.obolibrary.org/obo/HP_0011017,Abnormal cellular physiology
http://purl.obolibrary.org/obo/HP_0011018,Abnormality of the cell cycle
http://purl.obolibrary.org/obo/HP_0011019,Abnormality of chromosome condensation
http://purl.obolibrary.org/obo/HP_0011020,Abnormality of mucopolysaccharide metabolism
http://purl.obolibrary.org/obo/HP_0011021,Abnormal circulating enzyme concentration
http://purl.obolibrary.org/obo/HP_0011028,Abnormality of blood circulation
http://purl.obolibrary.org/obo/HP_0011032,Abnormality of fluid regulation
http://purl.obolibrary.org/obo/HP_0011033,Impairment of fructose metabolism
http://purl.obolibrary.org/obo/HP_0011037,Decreased urine output
http://purl.obolibrary.org/obo/HP_0011058,Generalized periodontitis
http://purl.obolibrary.org/obo/HP_0011059,Localized periodontitis
http://purl.obolibrary.org/obo/HP_0011067,Mesiodens
http://purl.obolibrary.org/obo/HP_0011068,Odontoma
http://purl.obolibrary.org/obo/HP_0011079,Impacted tooth
http://purl.obolibrary.org/obo/HP_0011087,Talon cusp
http://purl.obolibrary.org/obo/HP_0011088,Dens in dente
http://purl.obolibrary.org/obo/HP_0011091,Gemination
http://purl.obolibrary.org/obo/HP_0011092,Mulberry molar
http://purl.obolibrary.org/obo/HP_0011094,Increased overbite
http://purl.obolibrary.org/obo/HP_0011095,Overjet
http://purl.obolibrary.org/obo/HP_0011097,Epileptic spasm
http://purl.obolibrary.org/obo/HP_0011098,Speech apraxia
http://purl.obolibrary.org/obo/HP_0011099,Spastic hemiparesis
http://purl.obolibrary.org/obo/HP_0011104,Abnormality of blood volume homeostasis
http://purl.obolibrary.org/obo/HP_0011105,Hypervolemia
http://purl.obolibrary.org/obo/HP_0011106,Hypovolemia
http://purl.obolibrary.org/obo/HP_0011107,Recurrent aphthous stomatitis
http://purl.obolibrary.org/obo/HP_0011108,Recurrent sinusitis
http://purl.obolibrary.org/obo/HP_0011109,Chronic sinusitis
http://purl.obolibrary.org/obo/HP_0011111,Abnormal immune serum protein physiology
http://purl.obolibrary.org/obo/HP_0011112,Abnormal circulating cytokine concentration
http://purl.obolibrary.org/obo/HP_0011113,Abnormality of cytokine secretion
http://purl.obolibrary.org/obo/HP_0011114,Defective production of NFKB1-dependent cytokines
http://purl.obolibrary.org/obo/HP_0011115,Abnormal circulating chemokine concentration
http://purl.obolibrary.org/obo/HP_0011116,Abnormal circulating interferon concentration
http://purl.obolibrary.org/obo/HP_0011117,Abnormal circulating interleukin concentration
http://purl.obolibrary.org/obo/HP_0011118,Abnormality of tumor necrosis factor secretion
http://purl.obolibrary.org/obo/HP_0011120,Concave nasal ridge
http://purl.obolibrary.org/obo/HP_0011125,Abnormal dermal melanosome morphology
http://purl.obolibrary.org/obo/HP_0011126,Nephroptosis
http://purl.obolibrary.org/obo/HP_0011127,Perioral eczema
http://purl.obolibrary.org/obo/HP_0011129,Bilateral fetal pyelectasis
http://purl.obolibrary.org/obo/HP_0011131,Perianal dermatitis
http://purl.obolibrary.org/obo/HP_0011132,Chronic furunculosis
http://purl.obolibrary.org/obo/HP_0011133,Increased sensitivity to ionizing radiation
http://purl.obolibrary.org/obo/HP_0011134,Low-grade fever
http://purl.obolibrary.org/obo/HP_0011137,Non-pruritic urticaria
http://purl.obolibrary.org/obo/HP_0011141,Age-related cataract
http://purl.obolibrary.org/obo/HP_0011142,Age-related nuclear cataract
http://purl.obolibrary.org/obo/HP_0011143,Age-related cortical cataract
http://purl.obolibrary.org/obo/HP_0011144,Age-related posterior subcapsular cataract
http://purl.obolibrary.org/obo/HP_0011145,Symptomatic seizures
http://purl.obolibrary.org/obo/HP_0011146,Dialeptic seizure
http://purl.obolibrary.org/obo/HP_0011147,Typical absence seizure
http://purl.obolibrary.org/obo/HP_0011149,Absence seizure with eyelid myoclonia
http://purl.obolibrary.org/obo/HP_0011150,Myoclonic absence seizure
http://purl.obolibrary.org/obo/HP_0011151,Atypical absence status epilepticus
http://purl.obolibrary.org/obo/HP_0011152,Early onset absence seizures
http://purl.obolibrary.org/obo/HP_0011153,Focal motor seizure
http://purl.obolibrary.org/obo/HP_0011154,Focal autonomic seizure
http://purl.obolibrary.org/obo/HP_0011157,Focal sensory seizure
http://purl.obolibrary.org/obo/HP_0011158,Focal sensory seizure with auditory features
http://purl.obolibrary.org/obo/HP_0011159,Focal autonomic seizure with epigastric sensation/nausea/vomiting/other gastrointestinal phenomena
http://purl.obolibrary.org/obo/HP_0011160,Focal sensory seizure with gustatory features
http://purl.obolibrary.org/obo/HP_0011161,Focal sensory seizure with olfactory features
http://purl.obolibrary.org/obo/HP_0011163,Focal sensory seizure with somatosensory features
http://purl.obolibrary.org/obo/HP_0011165,Focal sensory seizure with visual features
http://purl.obolibrary.org/obo/HP_0011166,Focal myoclonic seizure
http://purl.obolibrary.org/obo/HP_0011167,Focal tonic seizure
http://purl.obolibrary.org/obo/HP_0011168,Focal seizure with eyelid myoclonia
http://purl.obolibrary.org/obo/HP_0011169,Generalized clonic seizure
http://purl.obolibrary.org/obo/HP_0011170,Generalized myoclonic-atonic seizure
http://purl.obolibrary.org/obo/HP_0011171,Simple febrile seizure
http://purl.obolibrary.org/obo/HP_0011172,Complex febrile seizure
http://purl.obolibrary.org/obo/HP_0011173,Focal behavior arrest seizure
http://purl.obolibrary.org/obo/HP_0011174,Focal hyperkinetic seizure
http://purl.obolibrary.org/obo/HP_0011175,Focal motor seizure with version
http://purl.obolibrary.org/obo/HP_0011176,EEG with constitutional variants
http://purl.obolibrary.org/obo/HP_0011177,EEG with 4-5/second background activity
http://purl.obolibrary.org/obo/HP_0011178,Alpha-EEG
http://purl.obolibrary.org/obo/HP_0011179,Beta-EEG
http://purl.obolibrary.org/obo/HP_0011180,Partial beta-EEG
http://purl.obolibrary.org/obo/HP_0011181,Low voltage EEG
http://purl.obolibrary.org/obo/HP_0011182,Interictal epileptiform activity
http://purl.obolibrary.org/obo/HP_0011183,EEG with hyperventilation-induced focal epileptiform discharges
http://purl.obolibrary.org/obo/HP_0011184,EEG with hyperventilation-induced generalized epileptiform discharges
http://purl.obolibrary.org/obo/HP_0011185,EEG with focal epileptiform discharges
http://purl.obolibrary.org/obo/HP_0011186,Focal epileptiform discharges with limited propagation to contralateral hemisphere
http://purl.obolibrary.org/obo/HP_0011187,Focal EEG discharges with propagation to ipsilateral hemisphere
http://purl.obolibrary.org/obo/HP_0011188,Focal EEG discharges with secondary generalization
http://purl.obolibrary.org/obo/HP_0011189,Bilateral multifocal epileptiform discharges
http://purl.obolibrary.org/obo/HP_0011190,Uni- and bilateral multifocal epileptiform discharges
http://purl.obolibrary.org/obo/HP_0011191,Unilateral multifocal epileptiform discharges
http://purl.obolibrary.org/obo/HP_0011192,Polymorphic focal epileptiform discharges
http://purl.obolibrary.org/obo/HP_0011193,EEG with focal spikes
http://purl.obolibrary.org/obo/HP_0011194,EEG with series of focal spikes
http://purl.obolibrary.org/obo/HP_0011195,EEG with focal sharp slow waves
http://purl.obolibrary.org/obo/HP_0011196,EEG with focal sharp waves
http://purl.obolibrary.org/obo/HP_0011197,EEG with focal spike waves
http://purl.obolibrary.org/obo/HP_0011198,EEG with generalized epileptiform discharges
http://purl.obolibrary.org/obo/HP_0011199,EEG with generalized sharp slow waves
http://purl.obolibrary.org/obo/HP_0011200,EEG with generalized polymorphic epileptiform discharges
http://purl.obolibrary.org/obo/HP_0011201,EEG with changes in voltage
http://purl.obolibrary.org/obo/HP_0011202,EEG with diffuse acceleration
http://purl.obolibrary.org/obo/HP_0011203,EEG with abnormally slow frequencies
http://purl.obolibrary.org/obo/HP_0011204,EEG with continuous slow activity
http://purl.obolibrary.org/obo/HP_0011205,EEG with intermittent slow activity
http://purl.obolibrary.org/obo/HP_0011206,EEG with generalized slow activity grade 1
http://purl.obolibrary.org/obo/HP_0011207,EEG with generalized slow activity grade 2
http://purl.obolibrary.org/obo/HP_0011208,EEG with generalized slow activity grade 3
http://purl.obolibrary.org/obo/HP_0011209,EEG with generalized slow activity grade 4
http://purl.obolibrary.org/obo/HP_0011210,EEG with occipital slowing
http://purl.obolibrary.org/obo/HP_0011211,EEG with photoparoxysmal response grade I
http://purl.obolibrary.org/obo/HP_0011212,EEG with photoparoxysmal response grade II
http://purl.obolibrary.org/obo/HP_0011213,EEG with photoparoxysmal response grade III
http://purl.obolibrary.org/obo/HP_0011214,EEG with photoparoxysmal response grade IV
http://purl.obolibrary.org/obo/HP_0011215,Hemihypsarrhythmia
http://purl.obolibrary.org/obo/HP_0011222,Depressed glabella
http://purl.obolibrary.org/obo/HP_0011223,Metopic depression
http://purl.obolibrary.org/obo/HP_0011225,Epiblepharon
http://purl.obolibrary.org/obo/HP_0011232,Infra-orbital fold
http://purl.obolibrary.org/obo/HP_0011233,Antihelical shelf
http://purl.obolibrary.org/obo/HP_0011252,Cryptotia
http://purl.obolibrary.org/obo/HP_0011253,Type I cryptotia
http://purl.obolibrary.org/obo/HP_0011254,Type II cryptotia
http://purl.obolibrary.org/obo/HP_0011266,"Microtia, first degree"
http://purl.obolibrary.org/obo/HP_0011267,"Microtia, third degree"
http://purl.obolibrary.org/obo/HP_0011273,Anisocytosis
http://purl.obolibrary.org/obo/HP_0011274,Recurrent mycobacterial infections
http://purl.obolibrary.org/obo/HP_0011275,Recurrent mycobacterium avium complex infections
http://purl.obolibrary.org/obo/HP_0011278,Intrapulmonary lobar sequestration
http://purl.obolibrary.org/obo/HP_0011284,Short-segment aganglionic megacolon
http://purl.obolibrary.org/obo/HP_0011285,Long-segment aganglionic megacolon
http://purl.obolibrary.org/obo/HP_0011286,Total colonic aganglionosis
http://purl.obolibrary.org/obo/HP_0011287,EEG with occipital sharp slow waves
http://purl.obolibrary.org/obo/HP_0011288,EEG with parietal sharp slow waves
http://purl.obolibrary.org/obo/HP_0011289,EEG with temporal sharp slow waves
http://purl.obolibrary.org/obo/HP_0011290,EEG with frontal sharp slow waves
http://purl.obolibrary.org/obo/HP_0011291,EEG with central sharp slow waves
http://purl.obolibrary.org/obo/HP_0011292,EEG with occipital sharp waves
http://purl.obolibrary.org/obo/HP_0011293,EEG with central sharp waves
http://purl.obolibrary.org/obo/HP_0011294,EEG with frontal sharp waves
http://purl.obolibrary.org/obo/HP_0011295,EEG with parietal sharp waves
http://purl.obolibrary.org/obo/HP_0011296,EEG with temporal sharp waves
http://purl.obolibrary.org/obo/HP_0011298,Prominent digit pad
http://purl.obolibrary.org/obo/HP_0011310,Bridged palmar crease
http://purl.obolibrary.org/obo/HP_0011311,Sydney crease
http://purl.obolibrary.org/obo/HP_0011315,Unicoronal synostosis
http://purl.obolibrary.org/obo/HP_0011316,Left unicoronal synostosis
http://purl.obolibrary.org/obo/HP_0011317,Right unicoronal synostosis
http://purl.obolibrary.org/obo/HP_0011318,Bicoronal synostosis
http://purl.obolibrary.org/obo/HP_0011319,Bilambdoid synostosis
http://purl.obolibrary.org/obo/HP_0011320,Unilambdoid synostosis
http://purl.obolibrary.org/obo/HP_0011321,Left unilambdoid synostosis
http://purl.obolibrary.org/obo/HP_0011322,Right unilambdoid synostosis
http://purl.obolibrary.org/obo/HP_0011324,Multiple suture craniosynostosis
http://purl.obolibrary.org/obo/HP_0011325,Pansynostosis
http://purl.obolibrary.org/obo/HP_0011326,Anterior plagiocephaly
http://purl.obolibrary.org/obo/HP_0011327,Posterior plagiocephaly
http://purl.obolibrary.org/obo/HP_0011330,Metopic synostosis
http://purl.obolibrary.org/obo/HP_0011331,Hemifacial atrophy
http://purl.obolibrary.org/obo/HP_0011332,Hemifacial hypoplasia
http://purl.obolibrary.org/obo/HP_0011335,Frontal hirsutism
http://purl.obolibrary.org/obo/HP_0011336,Bitemporal forceps marks
http://purl.obolibrary.org/obo/HP_0011342,Mild global developmental delay
http://purl.obolibrary.org/obo/HP_0011343,Moderate global developmental delay
http://purl.obolibrary.org/obo/HP_0011344,Severe global developmental delay
http://purl.obolibrary.org/obo/HP_0011345,Moderate expressive language delay
http://purl.obolibrary.org/obo/HP_0011346,Mild expressive language delay
http://purl.obolibrary.org/obo/HP_0011347,Abnormality of ocular abduction
http://purl.obolibrary.org/obo/HP_0011350,Mild receptive language delay
http://purl.obolibrary.org/obo/HP_0011351,Moderate receptive language delay
http://purl.obolibrary.org/obo/HP_0011352,Severe receptive language delay
http://purl.obolibrary.org/obo/HP_0011353,Arterial intimal fibrosis
http://purl.obolibrary.org/obo/HP_0011354,Generalized abnormality of skin
http://purl.obolibrary.org/obo/HP_0011355,Localized skin lesion
http://purl.obolibrary.org/obo/HP_0011356,Regional abnormality of skin
http://purl.obolibrary.org/obo/HP_0011368,Epidermal thickening
http://purl.obolibrary.org/obo/HP_0011369,Mongolian blue spot
http://purl.obolibrary.org/obo/HP_0011370,Recurrent cutaneous fungal infections
http://purl.obolibrary.org/obo/HP_0011371,Recurrent viral skin infections
http://purl.obolibrary.org/obo/HP_0011401,Delayed peripheral myelination
http://purl.obolibrary.org/obo/HP_0011402,Demyelinating sensory neuropathy
http://purl.obolibrary.org/obo/HP_0011407,Proportionate tall stature
http://purl.obolibrary.org/obo/HP_0011408,Moderate intrauterine growth retardation
http://purl.obolibrary.org/obo/HP_0011410,Caesarean section
http://purl.obolibrary.org/obo/HP_0011411,Forceps delivery
http://purl.obolibrary.org/obo/HP_0011412,Ventouse delivery
http://purl.obolibrary.org/obo/HP_0011413,Shoulder dystocia
http://purl.obolibrary.org/obo/HP_0011425,Fetal ultrasound soft marker
http://purl.obolibrary.org/obo/HP_0011426,Fetal choroid plexus cysts
http://purl.obolibrary.org/obo/HP_0011427,Enlarged fetal cisterna magna
http://purl.obolibrary.org/obo/HP_0011428,Short fetal femur length
http://purl.obolibrary.org/obo/HP_0011429,Short fetal humerus length
http://purl.obolibrary.org/obo/HP_0011430,Hypoplasia of fetal nasal bone
http://purl.obolibrary.org/obo/HP_0011431,Fetal fifth finger clinodactyly
http://purl.obolibrary.org/obo/HP_0011439,Anesthetic-induced rhabdomylosis
http://purl.obolibrary.org/obo/HP_0011440,Alcohol-induced rhabdomyolysis
http://purl.obolibrary.org/obo/HP_0011442,Abnormal central motor function
http://purl.obolibrary.org/obo/HP_0011444,Decorticate rigidity
http://purl.obolibrary.org/obo/HP_0011445,Athetoid cerebral palsy
http://purl.obolibrary.org/obo/HP_0011446,Abnormality of mental function
http://purl.obolibrary.org/obo/HP_0011447,Hyposegmentation of neutrophil nuclei
http://purl.obolibrary.org/obo/HP_0011451,Primary microcephaly
http://purl.obolibrary.org/obo/HP_0011458,Abdominal symptom
http://purl.obolibrary.org/obo/HP_0011465,Duodenal aganglionosis
http://purl.obolibrary.org/obo/HP_0011469,Nasal regurgitation
http://purl.obolibrary.org/obo/HP_0011470,Nasogastric tube feeding in infancy
http://purl.obolibrary.org/obo/HP_0011471,Gastrostomy tube feeding in infancy
http://purl.obolibrary.org/obo/HP_0011474,Childhood onset sensorineural hearing impairment
http://purl.obolibrary.org/obo/HP_0011475,Persistent stapedial artery
http://purl.obolibrary.org/obo/HP_0011476,Profound sensorineural hearing impairment
http://purl.obolibrary.org/obo/HP_0011477,Upbeat nystagmus
http://purl.obolibrary.org/obo/HP_0011478,True anophthalmia
http://purl.obolibrary.org/obo/HP_0011480,Unilateral microphthalmos
http://purl.obolibrary.org/obo/HP_0011485,Corneolenticular adhesion
http://purl.obolibrary.org/obo/HP_0011497,Rubeosis iridis
http://purl.obolibrary.org/obo/HP_0011499,Mydriasis
http://purl.obolibrary.org/obo/HP_0011500,Polycoria
http://purl.obolibrary.org/obo/HP_0011501,Anterior lenticonus
http://purl.obolibrary.org/obo/HP_0011502,Posterior lenticonus
http://purl.obolibrary.org/obo/HP_0011504,Bull's eye maculopathy
http://purl.obolibrary.org/obo/HP_0011505,Cystoid macular edema
http://purl.obolibrary.org/obo/HP_0011507,Macular flecks
http://purl.obolibrary.org/obo/HP_0011510,Drusen
http://purl.obolibrary.org/obo/HP_0011511,Macular schisis
http://purl.obolibrary.org/obo/HP_0011514,Abnormality of binocular vision
http://purl.obolibrary.org/obo/HP_0011515,Abnormal stereopsis
http://purl.obolibrary.org/obo/HP_0011516,Achromatopsia
http://purl.obolibrary.org/obo/HP_0011517,Cone monochromacy
http://purl.obolibrary.org/obo/HP_0011518,Dichromacy
http://purl.obolibrary.org/obo/HP_0011519,Anomalous trichromacy
http://purl.obolibrary.org/obo/HP_0011520,Deuteranomaly
http://purl.obolibrary.org/obo/HP_0011521,Deuteranopia
http://purl.obolibrary.org/obo/HP_0011522,Protanopia
http://purl.obolibrary.org/obo/HP_0011527,Lentiglobus
http://purl.obolibrary.org/obo/HP_0011528,Solitary congenital hypertrophy of retinal pigment epithelium
http://purl.obolibrary.org/obo/HP_0011529,Multiple congenital hypertrophy of retinal pigment epithelium
http://purl.obolibrary.org/obo/HP_0011531,Vitritis
http://purl.obolibrary.org/obo/HP_0011532,Subretinal exudate
http://purl.obolibrary.org/obo/HP_0011533,Snowflake vitreoretinal degeneration
http://purl.obolibrary.org/obo/HP_0011535,Abnormal atrial arrangement
http://purl.obolibrary.org/obo/HP_0011536,Right atrial isomerism
http://purl.obolibrary.org/obo/HP_0011537,Left atrial isomerism
http://purl.obolibrary.org/obo/HP_0011538,Atrial situs inversus
http://purl.obolibrary.org/obo/HP_0011539,Atrial situs ambiguous
http://purl.obolibrary.org/obo/HP_0011540,Levotransposition of the great arteries
http://purl.obolibrary.org/obo/HP_0011541,Criss-cross atrioventricular valves
http://purl.obolibrary.org/obo/HP_0011542,Criss-cross atrioventricular valves with superior-inferior ventricles
http://purl.obolibrary.org/obo/HP_0011543,Superior-inferior ventricles without criss-cross atrioventricular valves
http://purl.obolibrary.org/obo/HP_0011544,L-looping of the right ventricle
http://purl.obolibrary.org/obo/HP_0011546,Abnormal atrioventricular connection
http://purl.obolibrary.org/obo/HP_0011547,Absent left sided atrioventricular connection
http://purl.obolibrary.org/obo/HP_0011548,Absent right sided atrioventricular connection
http://purl.obolibrary.org/obo/HP_0011551,Right sided atrium to left ventricle and absent left sided atrioventricular connection
http://purl.obolibrary.org/obo/HP_0011552,Ambiguous atrioventricular connection
http://purl.obolibrary.org/obo/HP_0011553,Discordant atrioventricular connection
http://purl.obolibrary.org/obo/HP_0011554,Double inlet atrioventricular connection
http://purl.obolibrary.org/obo/HP_0011555,Double inlet left ventricle
http://purl.obolibrary.org/obo/HP_0011556,Double inlet right ventricle
http://purl.obolibrary.org/obo/HP_0011557,Double inlet to single ventricle of indeterminate morphology
http://purl.obolibrary.org/obo/HP_0011558,Double inlet to single ventricle with common atrioventricular orifice
http://purl.obolibrary.org/obo/HP_0011559,Double inlet to single ventricle with two atrioventricular valves
http://purl.obolibrary.org/obo/HP_0011561,Overriding atrioventricular valve
http://purl.obolibrary.org/obo/HP_0011562,Straddling atrioventricular valve
http://purl.obolibrary.org/obo/HP_0011563,Abnormal ventriculoarterial connection
http://purl.obolibrary.org/obo/HP_0011566,Cor triatriatum dexter
http://purl.obolibrary.org/obo/HP_0011567,Sinus venosus atrial septal defect
http://purl.obolibrary.org/obo/HP_0011570,Congenital mitral stenosis
http://purl.obolibrary.org/obo/HP_0011572,Supramitral ring
http://purl.obolibrary.org/obo/HP_0011582,Abdominal ectopia cordis
http://purl.obolibrary.org/obo/HP_0011583,Cervical ectopia cordis
http://purl.obolibrary.org/obo/HP_0011584,Thoracocervical ectopia cordis
http://purl.obolibrary.org/obo/HP_0011585,Thoracic ectopia cordis
http://purl.obolibrary.org/obo/HP_0011586,Thoracoabdominal ectopia cordis
http://purl.obolibrary.org/obo/HP_0011589,Common origin of the right brachiocephalic artery and left common carotid artery
http://purl.obolibrary.org/obo/HP_0011599,Mesocardia
http://purl.obolibrary.org/obo/HP_0011600,Abnormal direction of ventricular apex
http://purl.obolibrary.org/obo/HP_0011601,Rightward direction of ventricular apex
http://purl.obolibrary.org/obo/HP_0011602,Midline direction of ventricular apex
http://purl.obolibrary.org/obo/HP_0011603,Congenital malformation of the great arteries
http://purl.obolibrary.org/obo/HP_0011604,Aortopulmonary window
http://purl.obolibrary.org/obo/HP_0011608,Type II truncus arteriosus
http://purl.obolibrary.org/obo/HP_0011609,Type III truncus arteriosus
http://purl.obolibrary.org/obo/HP_0011610,Type IV truncus arteriosus
http://purl.obolibrary.org/obo/HP_0011620,Abnormality of abdominal situs
http://purl.obolibrary.org/obo/HP_0011621,Gerbode ventricular septal defect
http://purl.obolibrary.org/obo/HP_0011622,Inlet ventricular septal defect
http://purl.obolibrary.org/obo/HP_0011623,Muscular ventricular septal defect
http://purl.obolibrary.org/obo/HP_0011624,Apical muscular ventricular septal defect
http://purl.obolibrary.org/obo/HP_0011625,Multiple muscular ventricular septal defects
http://purl.obolibrary.org/obo/HP_0011626,Scimitar anomaly
http://purl.obolibrary.org/obo/HP_0011627,Aorto-ventricular tunnel
http://purl.obolibrary.org/obo/HP_0011651,Double outlet right ventricle with doubly committed ventricular septal defect and pulmonary stenosis
http://purl.obolibrary.org/obo/HP_0011652,Double outlet right ventricle with doubly committed ventricular septal defect without pulmonary stenosis
http://purl.obolibrary.org/obo/HP_0011653,Double outlet right ventricle with non-committed ventricular septal defect and pulmonary stenosis
http://purl.obolibrary.org/obo/HP_0011654,Double outlet right ventricle with non-committed ventricular septal defect without pulmonary stenosis
http://purl.obolibrary.org/obo/HP_0011655,Double outlet right ventricle with subaortic ventricular septal defect and pulmonary stenosis
http://purl.obolibrary.org/obo/HP_0011656,Double outlet right ventricle with subaortic ventricular septal defect without pulmonary stenosis
http://purl.obolibrary.org/obo/HP_0011657,Double outlet right ventricle with subpulmonary ventricular septal defect and pulmonary stenosis
http://purl.obolibrary.org/obo/HP_0011658,Double outlet right ventricle with subpulmonary ventricular septal defect without pulmonary stenosis
http://purl.obolibrary.org/obo/HP_0011663,Right ventricular cardiomyopathy
http://purl.obolibrary.org/obo/HP_0011664,Left ventricular noncompaction cardiomyopathy
http://purl.obolibrary.org/obo/HP_0011665,Takotsubo cardiomyopathy
http://purl.obolibrary.org/obo/HP_0011673,Cardiac hemangioma
http://purl.obolibrary.org/obo/HP_0011675,Arrhythmia
http://purl.obolibrary.org/obo/HP_0011676,Tetralogy of Fallot with absent subarterial conus
http://purl.obolibrary.org/obo/HP_0011677,Tetralogy of Fallot with atrioventricular canal defect
http://purl.obolibrary.org/obo/HP_0011678,Tetralogy of Fallot with pulmonary atresia and major aortopulmonary collateral arteries
http://purl.obolibrary.org/obo/HP_0011679,Tetralogy of Fallot with pulmonary stenosis
http://purl.obolibrary.org/obo/HP_0011680,Single ventricle of indeterminate morphology
http://purl.obolibrary.org/obo/HP_0011681,Subarterial ventricular septal defect
http://purl.obolibrary.org/obo/HP_0011682,Perimembranous ventricular septal defect
http://purl.obolibrary.org/obo/HP_0011683,Restrictive ventricular septal defect
http://purl.obolibrary.org/obo/HP_0011684,Non-restrictive ventricular septal defect
http://purl.obolibrary.org/obo/HP_0011687,AV nodal tachycardia
http://purl.obolibrary.org/obo/HP_0011688,Supraventricular tachycardia with an accessory connection mediated pathway
http://purl.obolibrary.org/obo/HP_0011689,Supraventricular tachycardia with a concealed accessory connection
http://purl.obolibrary.org/obo/HP_0011690,Permanent junctional reciprocating tachycardia
http://purl.obolibrary.org/obo/HP_0011691,Supraventricular tachycardia with a concealed accessory pathway on the left free wall
http://purl.obolibrary.org/obo/HP_0011692,Supraventricular tachycardia with a concealed accessory pathway on the right free wall
http://purl.obolibrary.org/obo/HP_0011693,Supraventricular tachycardia with a concealed accessory pathway on the septum
http://purl.obolibrary.org/obo/HP_0011694,Supraventricular tachycardia with a manifest accessory pathway
http://purl.obolibrary.org/obo/HP_0011695,Cerebellar hemorrhage
http://purl.obolibrary.org/obo/HP_0011696,Supraventricular tachycardia with a manifest accessory pathway on the left free wall
http://purl.obolibrary.org/obo/HP_0011697,Supraventricular tachycardia with a manifest accessory pathway on the right free wall
http://purl.obolibrary.org/obo/HP_0011698,Supraventricular tachycardia with a manifest accessory pathway on the septum
http://purl.obolibrary.org/obo/HP_0011699,Atrial reentry tachycardia
http://purl.obolibrary.org/obo/HP_0011700,Automatic atrial tachycardia
http://purl.obolibrary.org/obo/HP_0011701,Multifocal atrial tachycardia
http://purl.obolibrary.org/obo/HP_0011702,Abnormal electrophysiology of sinoatrial node origin
http://purl.obolibrary.org/obo/HP_0011703,Sinus tachycardia
http://purl.obolibrary.org/obo/HP_0011704,Sick sinus syndrome
http://purl.obolibrary.org/obo/HP_0011705,First degree atrioventricular block
http://purl.obolibrary.org/obo/HP_0011706,Second degree atrioventricular block
http://purl.obolibrary.org/obo/HP_0011707,Mobitz I atrioventricular block
http://purl.obolibrary.org/obo/HP_0011708,Mobitz II atrioventricular block
http://purl.obolibrary.org/obo/HP_0011709,Atrioventricular dissociation
http://purl.obolibrary.org/obo/HP_0011710,Bundle branch block
http://purl.obolibrary.org/obo/HP_0011711,Left anterior fascicular block
http://purl.obolibrary.org/obo/HP_0011712,Complete right bundle branch block
http://purl.obolibrary.org/obo/HP_0011713,Left bundle branch block
http://purl.obolibrary.org/obo/HP_0011714,Libman-Sacks lesions
http://purl.obolibrary.org/obo/HP_0011715,Trifascicular block
http://purl.obolibrary.org/obo/HP_0011716,Junctional ectopic tachycardia
http://purl.obolibrary.org/obo/HP_0011717,Atrioventricular reentrant tachycardia
http://purl.obolibrary.org/obo/HP_0011724,Uhl's anomaly
http://purl.obolibrary.org/obo/HP_0011725,Chaotic multifocal atrial tachycardia
http://purl.obolibrary.org/obo/HP_0011726,Persistent fetal circulation
http://purl.obolibrary.org/obo/HP_0011727,Peroneal muscle weakness
http://purl.obolibrary.org/obo/HP_0011730,Abnormal central sensory function
http://purl.obolibrary.org/obo/HP_0011734,Central adrenal insufficiency
http://purl.obolibrary.org/obo/HP_0011735,Adrenocorticotropin deficient adrenal insufficiency
http://purl.obolibrary.org/obo/HP_0011736,Primary hyperaldosteronism
http://purl.obolibrary.org/obo/HP_0011737,Corticotropin-releasing hormone deficient adrenal insufficiency
http://purl.obolibrary.org/obo/HP_0011738,Corticotropin-releasing hormone receptor defect
http://purl.obolibrary.org/obo/HP_0011739,Dexamethasone-suppressible primary hyperaldosteronism
http://purl.obolibrary.org/obo/HP_0011740,Glucocortocoid-insensitive primary hyperaldosteronism
http://purl.obolibrary.org/obo/HP_0011741,Secondary hyperaldosteronism
http://purl.obolibrary.org/obo/HP_0011744,Secondary hypercortisolism
http://purl.obolibrary.org/obo/HP_0011745,Non-secretory adrenocortical adenoma
http://purl.obolibrary.org/obo/HP_0011746,Secretory adrenocortical adenoma
http://purl.obolibrary.org/obo/HP_0011748,Adrenocorticotropic hormone deficiency
http://purl.obolibrary.org/obo/HP_0011749,Adrenocorticotropic hormone excess
http://purl.obolibrary.org/obo/HP_0011754,Pituicytoma
http://purl.obolibrary.org/obo/HP_0011770,Tertiary hyperparathyroidism
http://purl.obolibrary.org/obo/HP_0011771,Autoimmune hypoparathyroidism
http://purl.obolibrary.org/obo/HP_0011773,Uninodular goiter
http://purl.obolibrary.org/obo/HP_0011784,Thyrotoxicosis with diffuse goiter
http://purl.obolibrary.org/obo/HP_0011785,Thyrotoxicosis with toxic multinodular goiter
http://purl.obolibrary.org/obo/HP_0011787,Central hypothyroidism
http://purl.obolibrary.org/obo/HP_0011792,Neoplasm by histology
http://purl.obolibrary.org/obo/HP_0011793,Neoplasm by anatomical site
http://purl.obolibrary.org/obo/HP_0011795,Intralobar nephroblastomatosis
http://purl.obolibrary.org/obo/HP_0011796,Perilobar nephroblastomatosis
http://purl.obolibrary.org/obo/HP_0011807,Type 1 muscle fiber atrophy
http://purl.obolibrary.org/obo/HP_0011809,Paradoxical myotonia
http://purl.obolibrary.org/obo/HP_0011810,Impaired two-point discrimination
http://purl.obolibrary.org/obo/HP_0011811,Impaired touch localization
http://purl.obolibrary.org/obo/HP_0011812,Agraphesthesia
http://purl.obolibrary.org/obo/HP_0011813,Increased cerebral lipofuscin
http://purl.obolibrary.org/obo/HP_0011815,Cephalocele
http://purl.obolibrary.org/obo/HP_0011816,Parietal encephalocele
http://purl.obolibrary.org/obo/HP_0011817,Basal encephalocele
http://purl.obolibrary.org/obo/HP_0011818,Nasofrontal encephalocele
http://purl.obolibrary.org/obo/HP_0011827,Malaligned philtral ridges
http://purl.obolibrary.org/obo/HP_0011834,Moyamoya phenomenon
http://purl.obolibrary.org/obo/HP_0011838,Sclerodactyly
http://purl.obolibrary.org/obo/HP_0011839,Abnormal total T cell number
http://purl.obolibrary.org/obo/HP_0011840,Abnormal T cell physiology
http://purl.obolibrary.org/obo/HP_0011841,Ventricular flutter
http://purl.obolibrary.org/obo/HP_0011846,Osteoblastoma
http://purl.obolibrary.org/obo/HP_0011847,Giant cell tumor of bone
http://purl.obolibrary.org/obo/HP_0011848,Abdominal colic
http://purl.obolibrary.org/obo/HP_0011850,Parotitis
http://purl.obolibrary.org/obo/HP_0011851,Hemopericardium
http://purl.obolibrary.org/obo/HP_0011852,Chylopericardium
http://purl.obolibrary.org/obo/HP_0011854,Hemoperitoneum
http://purl.obolibrary.org/obo/HP_0011856,Pica
http://purl.obolibrary.org/obo/HP_0011857,Plasmacytoma
http://purl.obolibrary.org/obo/HP_0011858,Reduced factor IX activity
http://purl.obolibrary.org/obo/HP_0011859,Punctate keratitis
http://purl.obolibrary.org/obo/HP_0011860,Metaphyseal dappling
http://purl.obolibrary.org/obo/HP_0011868,Sciatica
http://purl.obolibrary.org/obo/HP_0011869,Abnormal platelet function
http://purl.obolibrary.org/obo/HP_0011870,Impaired arachidonic acid-induced platelet aggregation
http://purl.obolibrary.org/obo/HP_0011871,Impaired ristocetin-induced platelet aggregation
http://purl.obolibrary.org/obo/HP_0011872,Impaired thrombin-induced platelet aggregation
http://purl.obolibrary.org/obo/HP_0011873,Abnormal platelet count
http://purl.obolibrary.org/obo/HP_0011874,Heparin-induced thrombocytopenia
http://purl.obolibrary.org/obo/HP_0011875,Abnormal platelet morphology
http://purl.obolibrary.org/obo/HP_0011876,Abnormal platelet volume
http://purl.obolibrary.org/obo/HP_0011877,Increased mean platelet volume
http://purl.obolibrary.org/obo/HP_0011878,Abnormal platelet membrane protein expression
http://purl.obolibrary.org/obo/HP_0011879,Decreased platelet glycoprotein Ib-IX-V
http://purl.obolibrary.org/obo/HP_0011880,Acute disseminated intravascular coagulation
http://purl.obolibrary.org/obo/HP_0011881,Decreased platelet glycoprotein VI
http://purl.obolibrary.org/obo/HP_0011882,Decreased platelet P2Y12 receptor
http://purl.obolibrary.org/obo/HP_0011883,Abnormal platelet granules
http://purl.obolibrary.org/obo/HP_0011884,Abnormal umbilical stump bleeding
http://purl.obolibrary.org/obo/HP_0011886,Hyphema
http://purl.obolibrary.org/obo/HP_0011888,Bleeding requiring red cell transfusion
http://purl.obolibrary.org/obo/HP_0011889,Bleeding with minor or no trauma
http://purl.obolibrary.org/obo/HP_0011890,Prolonged bleeding following procedure
http://purl.obolibrary.org/obo/HP_0011891,Post-partum hemorrhage
http://purl.obolibrary.org/obo/HP_0011892,Decreased circulating vitamin K concentration
http://purl.obolibrary.org/obo/HP_0011893,Abnormal leukocyte count
http://purl.obolibrary.org/obo/HP_0011894,Impaired thromboxane A2 agonist-induced platelet aggregation
http://purl.obolibrary.org/obo/HP_0011895,Anemia due to reduced life span of red cells
http://purl.obolibrary.org/obo/HP_0011896,Subconjunctival hemorrhage
http://purl.obolibrary.org/obo/HP_0011897,Increased total neutrophil count
http://purl.obolibrary.org/obo/HP_0011898,Abnormality of circulating fibrinogen
http://purl.obolibrary.org/obo/HP_0011899,Hyperfibrinogenemia
http://purl.obolibrary.org/obo/HP_0011900,Hypofibrinogenemia
http://purl.obolibrary.org/obo/HP_0011901,Dysfibrinogenemia
http://purl.obolibrary.org/obo/HP_0011902,Abnormal hemoglobin
http://purl.obolibrary.org/obo/HP_0011903,HbH hemoglobin
http://purl.obolibrary.org/obo/HP_0011904,Persistence of hemoglobin F
http://purl.obolibrary.org/obo/HP_0011905,Reduced hemoglobin A
http://purl.obolibrary.org/obo/HP_0011906,Reduced beta/alpha synthesis ratio
http://purl.obolibrary.org/obo/HP_0011907,Reduced alpha/beta synthesis ratio
http://purl.obolibrary.org/obo/HP_0011908,Unilateral radial aplasia
http://purl.obolibrary.org/obo/HP_0011913,Lumbar hypertrichosis
http://purl.obolibrary.org/obo/HP_0011914,Thoracic hypertrichosis
http://purl.obolibrary.org/obo/HP_0011916,Toe extensor amyotrophy
http://purl.obolibrary.org/obo/HP_0011922,Abnormal activity of mitochondrial respiratory chain
http://purl.obolibrary.org/obo/HP_0011923,Decreased activity of mitochondrial complex I
http://purl.obolibrary.org/obo/HP_0011924,Decreased activity of mitochondrial complex III
http://purl.obolibrary.org/obo/HP_0011925,Decreased activity of mitochondrial ATP synthase complex
http://purl.obolibrary.org/obo/HP_0011930,Hyperextensible skin of chest
http://purl.obolibrary.org/obo/HP_0011934,Dilatation of mesenteric artery
http://purl.obolibrary.org/obo/HP_0011936,Decreased plasma total carnitine
http://purl.obolibrary.org/obo/HP_0011940,Anterior wedging of T12
http://purl.obolibrary.org/obo/HP_0011941,Anterior wedging of L2
http://purl.obolibrary.org/obo/HP_0011942,Increased urinary sulfite level
http://purl.obolibrary.org/obo/HP_0011944,Small vessel vasculitis
http://purl.obolibrary.org/obo/HP_0011945,Bronchiolitis obliterans organizing pneumonia
http://purl.obolibrary.org/obo/HP_0011946,Bronchiolitis obliterans
http://purl.obolibrary.org/obo/HP_0011947,Respiratory tract infection
http://purl.obolibrary.org/obo/HP_0011948,Recurrent acute respiratory tract infection
http://purl.obolibrary.org/obo/HP_0011949,Acute infectious pneumonia
http://purl.obolibrary.org/obo/HP_0011950,Unusual bronchiolitis
http://purl.obolibrary.org/obo/HP_0011951,Aspiration pneumonia
http://purl.obolibrary.org/obo/HP_0011952,Acute aspiration pneumonia
http://purl.obolibrary.org/obo/HP_0011959,Unilateral hypoplasia of pectoralis major muscle
http://purl.obolibrary.org/obo/HP_0011961,Non-obstructive azoospermia
http://purl.obolibrary.org/obo/HP_0011962,Obstructive azoospermia
http://purl.obolibrary.org/obo/HP_0011963,Pretesticular azoospermia
http://purl.obolibrary.org/obo/HP_0011964,Intermittent painful muscle spasms
http://purl.obolibrary.org/obo/HP_0011968,Feeding difficulties
http://purl.obolibrary.org/obo/HP_0011970,Cerebral amyloid angiopathy
http://purl.obolibrary.org/obo/HP_0011971,Dermatographic urticaria
http://purl.obolibrary.org/obo/HP_0011972,Hypoglycorrhachia
http://purl.obolibrary.org/obo/HP_0011973,Paroxysmal lethargy
http://purl.obolibrary.org/obo/HP_0011974,Myelofibrosis
http://purl.obolibrary.org/obo/HP_0011975,Aminoglycoside-induced hearing loss
http://purl.obolibrary.org/obo/HP_0011980,Cholesterol gallstones
http://purl.obolibrary.org/obo/HP_0011981,Pigment gallstones
http://purl.obolibrary.org/obo/HP_0011982,Black pigment gallstones
http://purl.obolibrary.org/obo/HP_0011983,Brown pigment gallstones
http://purl.obolibrary.org/obo/HP_0011986,Ectopic ossification
http://purl.obolibrary.org/obo/HP_0011987,Ectopic ossification in muscle tissue
http://purl.obolibrary.org/obo/HP_0011988,Ectopic ossification in tendon tissue
http://purl.obolibrary.org/obo/HP_0011989,Ectopic ossification in ligament tissue
http://purl.obolibrary.org/obo/HP_0011990,Abnormal neutrophil physiology
http://purl.obolibrary.org/obo/HP_0011991,Abnormal total neutrophil count
http://purl.obolibrary.org/obo/HP_0011992,Abnormal neutrophil morphology
http://purl.obolibrary.org/obo/HP_0011993,Impaired neutrophil bactericidal activity
http://purl.obolibrary.org/obo/HP_0011995,Atrial septal dilatation
http://purl.obolibrary.org/obo/HP_0011996,Elevated coagulation factor V activity
http://purl.obolibrary.org/obo/HP_0011997,Postprandial hyperlactemia
http://purl.obolibrary.org/obo/HP_0011998,Postprandial hyperglycemia
http://purl.obolibrary.org/obo/HP_0011999,Paranoia
http://purl.obolibrary.org/obo/HP_0012000,EEG with generalized spikes
http://purl.obolibrary.org/obo/HP_0012001,EEG with generalized polyspikes
http://purl.obolibrary.org/obo/HP_0012002,Experiential epileptic aura
http://purl.obolibrary.org/obo/HP_0012003,Affective epileptic aura
http://purl.obolibrary.org/obo/HP_0012004,Focal cognitive seizure with deja vu/jamais vu
http://purl.obolibrary.org/obo/HP_0012005,Deja vu aura
http://purl.obolibrary.org/obo/HP_0012006,Jamais vu aura
http://purl.obolibrary.org/obo/HP_0012007,Focal cognitive seizure with hallucination
http://purl.obolibrary.org/obo/HP_0012008,Focal cognitive seizure with illusion
http://purl.obolibrary.org/obo/HP_0012009,EEG with central focal spike waves
http://purl.obolibrary.org/obo/HP_0012010,EEG with frontal focal spike waves
http://purl.obolibrary.org/obo/HP_0012011,EEG with occipital focal spike waves
http://purl.obolibrary.org/obo/HP_0012012,EEG with parietal focal spike waves
http://purl.obolibrary.org/obo/HP_0012013,EEG with temporal focal spike waves
http://purl.obolibrary.org/obo/HP_0012014,EEG with central focal spikes
http://purl.obolibrary.org/obo/HP_0012015,EEG with frontal focal spikes
http://purl.obolibrary.org/obo/HP_0012016,EEG with occipital focal spikes
http://purl.obolibrary.org/obo/HP_0012017,EEG with parietal focal spikes
http://purl.obolibrary.org/obo/HP_0012018,EEG with temporal focal spikes
http://purl.obolibrary.org/obo/HP_0012021,Persistent patent ductus venosus
http://purl.obolibrary.org/obo/HP_0012022,Congenital portosystemic venous shunt
http://purl.obolibrary.org/obo/HP_0012028,Hepatocellular adenoma
http://purl.obolibrary.org/obo/HP_0012031,Lipomatous tumor
http://purl.obolibrary.org/obo/HP_0012032,Lipoma
http://purl.obolibrary.org/obo/HP_0012033,Sacral lipoma
http://purl.obolibrary.org/obo/HP_0012034,Liposarcoma
http://purl.obolibrary.org/obo/HP_0012035,Steatocystoma multiplex
http://purl.obolibrary.org/obo/HP_0012036,Sternocleidomastoid amyotrophy
http://purl.obolibrary.org/obo/HP_0012041,Decreased fertility in males
http://purl.obolibrary.org/obo/HP_0012042,Aspirin-induced asthma
http://purl.obolibrary.org/obo/HP_0012043,Pendular nystagmus
http://purl.obolibrary.org/obo/HP_0012044,Seesaw nystagmus
http://purl.obolibrary.org/obo/HP_0012047,Hemeralopia
http://purl.obolibrary.org/obo/HP_0012048,Oromandibular dystonia
http://purl.obolibrary.org/obo/HP_0012049,Laryngeal dystonia
http://purl.obolibrary.org/obo/HP_0012050,Anasarca
http://purl.obolibrary.org/obo/HP_0012051,Reactive hypoglycemia
http://purl.obolibrary.org/obo/HP_0012054,Choroidal melanoma
http://purl.obolibrary.org/obo/HP_0012056,Cutaneous melanoma
http://purl.obolibrary.org/obo/HP_0012057,Superficial spreading melanoma
http://purl.obolibrary.org/obo/HP_0012058,Nodular melanoma
http://purl.obolibrary.org/obo/HP_0012059,Lentigo maligna melanoma
http://purl.obolibrary.org/obo/HP_0012060,Acral lentiginous melanoma
http://purl.obolibrary.org/obo/HP_0012061,Urinary excretion of sialylated oligosaccharides
http://purl.obolibrary.org/obo/HP_0012062,Bone cyst
http://purl.obolibrary.org/obo/HP_0012063,Aneurysmal bone cyst
http://purl.obolibrary.org/obo/HP_0012064,Unicameral bone cyst
http://purl.obolibrary.org/obo/HP_0012065,Multiple bony cystic lesions
http://purl.obolibrary.org/obo/HP_0012068,Aspartylglucosaminuria
http://purl.obolibrary.org/obo/HP_0012072,Aciduria
http://purl.obolibrary.org/obo/HP_0012075,Personality disorder
http://purl.obolibrary.org/obo/HP_0012076,Borderline personality disorder
http://purl.obolibrary.org/obo/HP_0012077,Histrionic personality disorder
http://purl.obolibrary.org/obo/HP_0012078,Motor conduction block
http://purl.obolibrary.org/obo/HP_0012079,Abnormality of central motor conduction
http://purl.obolibrary.org/obo/HP_0012084,Abnormality of skeletal muscle fiber size
http://purl.obolibrary.org/obo/HP_0012087,Abnormal mitochondrial shape
http://purl.obolibrary.org/obo/HP_0012088,Abnormal urinary odor
http://purl.obolibrary.org/obo/HP_0012089,Arteritis
http://purl.obolibrary.org/obo/HP_0012095,Multiple joint dislocation
http://purl.obolibrary.org/obo/HP_0012096,Intracranial epidermoid cyst
http://purl.obolibrary.org/obo/HP_0012097,Intracranial dermoid cyst
http://purl.obolibrary.org/obo/HP_0012098,Edema of the dorsum of feet
http://purl.obolibrary.org/obo/HP_0012102,Abnormal mitochondrial number
http://purl.obolibrary.org/obo/HP_0012103,Abnormality of the mitochondrion
http://purl.obolibrary.org/obo/HP_0012104,Parietal cortical atrophy
http://purl.obolibrary.org/obo/HP_0012105,Occipital cortical atrophy
http://purl.obolibrary.org/obo/HP_0012106,Rhizomelic leg shortening
http://purl.obolibrary.org/obo/HP_0012108,Open angle glaucoma
http://purl.obolibrary.org/obo/HP_0012109,Angle closure glaucoma
http://purl.obolibrary.org/obo/HP_0012119,Methemoglobinemia
http://purl.obolibrary.org/obo/HP_0012121,Panuveitis
http://purl.obolibrary.org/obo/HP_0012122,Anterior uveitis
http://purl.obolibrary.org/obo/HP_0012123,Posterior uveitis
http://purl.obolibrary.org/obo/HP_0012124,Intermediate uveitis
http://purl.obolibrary.org/obo/HP_0012129,Abnormality of bone marrow stromal cells
http://purl.obolibrary.org/obo/HP_0012130,Abnormal erythroid lineage cell morphology
http://purl.obolibrary.org/obo/HP_0012131,Abnormal number of erythroid precursors
http://purl.obolibrary.org/obo/HP_0012132,Erythroid hyperplasia
http://purl.obolibrary.org/obo/HP_0012133,Erythroid hypoplasia
http://purl.obolibrary.org/obo/HP_0012134,Dysplastic erythropoesis
http://purl.obolibrary.org/obo/HP_0012135,Abnormal granulocytopoietic cell morphology
http://purl.obolibrary.org/obo/HP_0012136,Dysplastic granulopoesis
http://purl.obolibrary.org/obo/HP_0012137,Abnormal number of granulocyte precursors
http://purl.obolibrary.org/obo/HP_0012138,Granulocytic hyperplasia
http://purl.obolibrary.org/obo/HP_0012139,Granulocytic hypoplasia
http://purl.obolibrary.org/obo/HP_0012143,Abnormal megakaryocyte morphology
http://purl.obolibrary.org/obo/HP_0012144,Abnormal monocyte morphology
http://purl.obolibrary.org/obo/HP_0012145,Abnormality of multiple cell lineages in the bone marrow
http://purl.obolibrary.org/obo/HP_0012147,Reduced quantity of Von Willebrand factor
http://purl.obolibrary.org/obo/HP_0012148,Multiple lineage myelodysplasia
http://purl.obolibrary.org/obo/HP_0012149,Bilineage myelodysplasia
http://purl.obolibrary.org/obo/HP_0012150,Single lineage myelodysplasia
http://purl.obolibrary.org/obo/HP_0012151,Hemothorax
http://purl.obolibrary.org/obo/HP_0012152,Foveoschisis
http://purl.obolibrary.org/obo/HP_0012154,Anhedonia
http://purl.obolibrary.org/obo/HP_0012155,Decreased corneal sensation
http://purl.obolibrary.org/obo/HP_0012156,Hemophagocytosis
http://purl.obolibrary.org/obo/HP_0012158,Carotid artery dissection
http://purl.obolibrary.org/obo/HP_0012159,Internal carotid artery dissection
http://purl.obolibrary.org/obo/HP_0012160,Intracranial internal carotid artery dissection
http://purl.obolibrary.org/obo/HP_0012161,External carotid artery dissection
http://purl.obolibrary.org/obo/HP_0012163,Carotid artery dilatation
http://purl.obolibrary.org/obo/HP_0012164,Asterixis
http://purl.obolibrary.org/obo/HP_0012166,Skin-picking
http://purl.obolibrary.org/obo/HP_0012167,Hair-pulling
http://purl.obolibrary.org/obo/HP_0012168,Head-banging
http://purl.obolibrary.org/obo/HP_0012169,Self-biting
http://purl.obolibrary.org/obo/HP_0012170,Nail-biting
http://purl.obolibrary.org/obo/HP_0012171,Stereotypical hand wringing
http://purl.obolibrary.org/obo/HP_0012172,Stereotypical body rocking
http://purl.obolibrary.org/obo/HP_0012173,Orthostatic tachycardia
http://purl.obolibrary.org/obo/HP_0012174,Glioblastoma multiforme
http://purl.obolibrary.org/obo/HP_0012175,Resistance to activated protein C
http://purl.obolibrary.org/obo/HP_0012176,Abnormal natural killer cell morphology
http://purl.obolibrary.org/obo/HP_0012177,Abnormal natural killer cell physiology
http://purl.obolibrary.org/obo/HP_0012179,Craniofacial dystonia
http://purl.obolibrary.org/obo/HP_0012180,Cystic medial necrosis
http://purl.obolibrary.org/obo/HP_0012181,Entrapment neuropathy
http://purl.obolibrary.org/obo/HP_0012182,Oropharyngeal squamous cell carcinoma
http://purl.obolibrary.org/obo/HP_0012183,Hyperplastic colonic polyposis
http://purl.obolibrary.org/obo/HP_0012185,Constrictive median neuropathy
http://purl.obolibrary.org/obo/HP_0012186,Entrapment neuropathy of the ulnar nerve at elbow
http://purl.obolibrary.org/obo/HP_0012187,Increased erythrocyte protoporphyrin concentration
http://purl.obolibrary.org/obo/HP_0012189,Hodgkin lymphoma
http://purl.obolibrary.org/obo/HP_0012190,T-cell lymphoma
http://purl.obolibrary.org/obo/HP_0012191,B-cell lymphoma
http://purl.obolibrary.org/obo/HP_0012192,Cutaneous T-cell lymphoma
http://purl.obolibrary.org/obo/HP_0012193,Anaplastic large-cell lymphoma
http://purl.obolibrary.org/obo/HP_0012194,Episodic hemiplegia
http://purl.obolibrary.org/obo/HP_0012195,Irregular respiration
http://purl.obolibrary.org/obo/HP_0012196,Cheyne-Stokes respiration
http://purl.obolibrary.org/obo/HP_0012197,Insulinoma
http://purl.obolibrary.org/obo/HP_0012198,Juvenile colonic polyposis
http://purl.obolibrary.org/obo/HP_0012199,Cluster headache
http://purl.obolibrary.org/obo/HP_0012200,Abnormality of prothrombin
http://purl.obolibrary.org/obo/HP_0012203,Unusual fungal nail infection
http://purl.obolibrary.org/obo/HP_0012204,Recurrent vulvovaginal candidiasis
http://purl.obolibrary.org/obo/HP_0012205,Globozoospermia
http://purl.obolibrary.org/obo/HP_0012206,Abnormal sperm motility
http://purl.obolibrary.org/obo/HP_0012207,Reduced sperm motility
http://purl.obolibrary.org/obo/HP_0012208,Immotile sperm
http://purl.obolibrary.org/obo/HP_0012209,Juvenile myelomonocytic leukemia
http://purl.obolibrary.org/obo/HP_0012212,Abnormal glomerular filtration rate
http://purl.obolibrary.org/obo/HP_0012213,Decreased glomerular filtration rate
http://purl.obolibrary.org/obo/HP_0012214,Increased glomerular filtration rate
http://purl.obolibrary.org/obo/HP_0012216,Entrapment neuropathy of suprascapular nerve
http://purl.obolibrary.org/obo/HP_0012218,Alveolar soft part sarcoma
http://purl.obolibrary.org/obo/HP_0012219,Erythema nodosum
http://purl.obolibrary.org/obo/HP_0012220,Non-caseating epithelioid cell granulomatosis
http://purl.obolibrary.org/obo/HP_0012221,Pretibial blistering
http://purl.obolibrary.org/obo/HP_0012222,Arachnoid hemangiomatosis
http://purl.obolibrary.org/obo/HP_0012224,Circulating immune complexes
http://purl.obolibrary.org/obo/HP_0012228,Tension-type headache
http://purl.obolibrary.org/obo/HP_0012232,Shortened QT interval
http://purl.obolibrary.org/obo/HP_0012233,Intramuscular hematoma
http://purl.obolibrary.org/obo/HP_0012234,Absence of circulating granulocytes
http://purl.obolibrary.org/obo/HP_0012235,Drug-induced agranulocytosis
http://purl.obolibrary.org/obo/HP_0012239,Atransferrinemia
http://purl.obolibrary.org/obo/HP_0012240,Increased intramyocellular lipid droplets
http://purl.obolibrary.org/obo/HP_0012244,Abnormal sex determination
http://purl.obolibrary.org/obo/HP_0012245,Sex reversal
http://purl.obolibrary.org/obo/HP_0012246,Oculomotor nerve palsy
http://purl.obolibrary.org/obo/HP_0012247,Specific anosmia
http://purl.obolibrary.org/obo/HP_0012248,Prolonged PR interval
http://purl.obolibrary.org/obo/HP_0012249,Abnormal ST segment
http://purl.obolibrary.org/obo/HP_0012250,ST segment depression
http://purl.obolibrary.org/obo/HP_0012251,ST segment elevation
http://purl.obolibrary.org/obo/HP_0012254,Ewing sarcoma
http://purl.obolibrary.org/obo/HP_0012255,Dynein arm defect of respiratory motile cilia
http://purl.obolibrary.org/obo/HP_0012256,Absent outer dynein arms
http://purl.obolibrary.org/obo/HP_0012257,Absent inner dynein arms
http://purl.obolibrary.org/obo/HP_0012258,Abnormal axonemal organization of respiratory motile cilia
http://purl.obolibrary.org/obo/HP_0012259,Absent inner and outer dynein arms
http://purl.obolibrary.org/obo/HP_0012260,Abnormal central microtubular pair morphology of respiratory motile cilia
http://purl.obolibrary.org/obo/HP_0012261,Abnormal respiratory motile cilium physiology
http://purl.obolibrary.org/obo/HP_0012262,Abnormal ciliary motility
http://purl.obolibrary.org/obo/HP_0012263,Immotile cilia
http://purl.obolibrary.org/obo/HP_0012264,Absent central microtubular pair morphology of respiratory motile cilia
http://purl.obolibrary.org/obo/HP_0012265,Ciliary dyskinesia
http://purl.obolibrary.org/obo/HP_0012266,T-wave alternans
http://purl.obolibrary.org/obo/HP_0012267,Absent respiratory ciliary axoneme radial spokes
http://purl.obolibrary.org/obo/HP_0012268,Myxoid liposarcoma
http://purl.obolibrary.org/obo/HP_0012271,Episodic upper airway obstruction
http://purl.obolibrary.org/obo/HP_0012272,J wave
http://purl.obolibrary.org/obo/HP_0012273,Increased carotid artery intimal medial thickness
http://purl.obolibrary.org/obo/HP_0012276,Digital flexor tenosynovitis
http://purl.obolibrary.org/obo/HP_0012281,Chylous ascites
http://purl.obolibrary.org/obo/HP_0012282,Morbilliform rash
http://purl.obolibrary.org/obo/HP_0012288,Neoplasm of head and neck
http://purl.obolibrary.org/obo/HP_0012289,Facial neoplasm
http://purl.obolibrary.org/obo/HP_0012301,Type II transferrin isoform profile
http://purl.obolibrary.org/obo/HP_0012302,HSV encephalitis
http://purl.obolibrary.org/obo/HP_0012308,Decreased circulating complement C9 concentration
http://purl.obolibrary.org/obo/HP_0012309,Cutaneous amyloidosis
http://purl.obolibrary.org/obo/HP_0012310,Abnormal monocyte count
http://purl.obolibrary.org/obo/HP_0012311,Increased total monocyte count
http://purl.obolibrary.org/obo/HP_0012312,Decreased total monocyte count
http://purl.obolibrary.org/obo/HP_0012313,Heberden node
http://purl.obolibrary.org/obo/HP_0012314,Bouchard node
http://purl.obolibrary.org/obo/HP_0012315,Histiocytoma
http://purl.obolibrary.org/obo/HP_0012316,Fibrous tissue neoplasm
http://purl.obolibrary.org/obo/HP_0012317,Sacroiliac arthritis
http://purl.obolibrary.org/obo/HP_0012318,Occipital neuralgia
http://purl.obolibrary.org/obo/HP_0012322,Perifolliculitis
http://purl.obolibrary.org/obo/HP_0012323,Sleep myoclonus
http://purl.obolibrary.org/obo/HP_0012324,Myeloid leukemia
http://purl.obolibrary.org/obo/HP_0012325,Chronic myelomonocytic leukemia
http://purl.obolibrary.org/obo/HP_0012328,Cementoma
http://purl.obolibrary.org/obo/HP_0012329,Tufted angioma
http://purl.obolibrary.org/obo/HP_0012330,Pyelonephritis
http://purl.obolibrary.org/obo/HP_0012333,Abnormal sudomotor regulation
http://purl.obolibrary.org/obo/HP_0012334,Extrahepatic cholestasis
http://purl.obolibrary.org/obo/HP_0012337,Abnormal homeostasis
http://purl.obolibrary.org/obo/HP_0012338,Abnormal energy expenditure
http://purl.obolibrary.org/obo/HP_0012339,Increased resting energy expenditure
http://purl.obolibrary.org/obo/HP_0012340,Decreased resting energy expenditure
http://purl.obolibrary.org/obo/HP_0012341,Microprolactinoma
http://purl.obolibrary.org/obo/HP_0012342,Macroprolactinoma
http://purl.obolibrary.org/obo/HP_0012344,Morphea
http://purl.obolibrary.org/obo/HP_0012345,Abnormal glycosylation
http://purl.obolibrary.org/obo/HP_0012346,Abnormal protein glycosylation
http://purl.obolibrary.org/obo/HP_0012347,Abnormal protein N-linked glycosylation
http://purl.obolibrary.org/obo/HP_0012348,Decreased galactosylation of N-linked protein glycosylation
http://purl.obolibrary.org/obo/HP_0012349,Abnormal sialylation of N-linked protein glycosylation
http://purl.obolibrary.org/obo/HP_0012350,Decreased sialylation of N-linked protein glycosylation
http://purl.obolibrary.org/obo/HP_0012351,Increased sialylation of N-linked protein glycosylation
http://purl.obolibrary.org/obo/HP_0012352,Abnormal fucosylation of protein N-linked glycosylation
http://purl.obolibrary.org/obo/HP_0012353,Decreased fucosylation of N-linked protein glycosylation
http://purl.obolibrary.org/obo/HP_0012354,Increased fucosylation of N-linked protein glycosylation
http://purl.obolibrary.org/obo/HP_0012355,Abnormal mannosylation of N-linked protein glycosylation
http://purl.obolibrary.org/obo/HP_0012356,Decreased mannosylation of N-linked protein glycosylation
http://purl.obolibrary.org/obo/HP_0012357,Increased mannosylation of N-linked protein glycosylation
http://purl.obolibrary.org/obo/HP_0012358,Abnormal protein O-linked glycosylation
http://purl.obolibrary.org/obo/HP_0012359,Abnormal fucosylation of O-linked protein glycosylation
http://purl.obolibrary.org/obo/HP_0012360,Decreased fucosylation of O-linked protein glycosylation
http://purl.obolibrary.org/obo/HP_0012361,Increased fucosylation of O-linked protein glycosylation
http://purl.obolibrary.org/obo/HP_0012362,Abnormal sialylation of O-linked protein glycosylation
http://purl.obolibrary.org/obo/HP_0012363,Decreased sialylation of O-linked protein glycosylation
http://purl.obolibrary.org/obo/HP_0012366,Basilar invagination
http://purl.obolibrary.org/obo/HP_0012375,Chemosis
http://purl.obolibrary.org/obo/HP_0012376,Microphakia
http://purl.obolibrary.org/obo/HP_0012377,Hemianopia
http://purl.obolibrary.org/obo/HP_0012378,Fatigue
http://purl.obolibrary.org/obo/HP_0012379,Abnormal circulating enzyme concentration or activity
http://purl.obolibrary.org/obo/HP_0012380,Reduced tissue carnitine O-palmitoyltransferase 2 activity
http://purl.obolibrary.org/obo/HP_0012381,Delayed self-feeding during toddler years
http://purl.obolibrary.org/obo/HP_0012382,Left-to-right shunt
http://purl.obolibrary.org/obo/HP_0012383,Bidirectional shunt
http://purl.obolibrary.org/obo/HP_0012384,Rhinitis
http://purl.obolibrary.org/obo/HP_0012385,Camptodactyly
http://purl.obolibrary.org/obo/HP_0012387,Bronchitis
http://purl.obolibrary.org/obo/HP_0012388,Acute bronchitis
http://purl.obolibrary.org/obo/HP_0012389,Appendicular hypotonia
http://purl.obolibrary.org/obo/HP_0012393,Allergy
http://purl.obolibrary.org/obo/HP_0012394,Iodine contrast allergy
http://purl.obolibrary.org/obo/HP_0012395,Seasonal allergy
http://purl.obolibrary.org/obo/HP_0012396,Biliary dyskinesia
http://purl.obolibrary.org/obo/HP_0012398,Peripheral edema
http://purl.obolibrary.org/obo/HP_0012399,Pressure ulcer
http://purl.obolibrary.org/obo/HP_0012400,Abnormal circulating aldolase concentration
http://purl.obolibrary.org/obo/HP_0012407,Scissor gait
http://purl.obolibrary.org/obo/HP_0012408,Medullary nephrocalcinosis
http://purl.obolibrary.org/obo/HP_0012409,Cortical nephrocalcinosis
http://purl.obolibrary.org/obo/HP_0012410,Pure red cell aplasia
http://purl.obolibrary.org/obo/HP_0012411,Premature pubarche
http://purl.obolibrary.org/obo/HP_0012412,Premature adrenarche
http://purl.obolibrary.org/obo/HP_0012423,Colonic inertia
http://purl.obolibrary.org/obo/HP_0012425,Stercoral ulcer
http://purl.obolibrary.org/obo/HP_0012431,Episodic fatigue
http://purl.obolibrary.org/obo/HP_0012432,Chronic fatigue
http://purl.obolibrary.org/obo/HP_0012433,Abnormal social behavior
http://purl.obolibrary.org/obo/HP_0012434,Delayed early-childhood social milestone development
http://purl.obolibrary.org/obo/HP_0012435,Ventral shortening of foreskin
http://purl.obolibrary.org/obo/HP_0012441,Sphincter of Oddi dyskinesia
http://purl.obolibrary.org/obo/HP_0012442,Gallbladder dyskinesia
http://purl.obolibrary.org/obo/HP_0012447,Abnormal myelination
http://purl.obolibrary.org/obo/HP_0012448,Delayed myelination
http://purl.obolibrary.org/obo/HP_0012450,Chronic constipation
http://purl.obolibrary.org/obo/HP_0012451,Acute constipation
http://purl.obolibrary.org/obo/HP_0012452,Restless legs
http://purl.obolibrary.org/obo/HP_0012459,Hypnic headache
http://purl.obolibrary.org/obo/HP_0012461,Bacteriuria
http://purl.obolibrary.org/obo/HP_0012462,Chin myoclonus
http://purl.obolibrary.org/obo/HP_0012463,Elevated transferrin saturation
http://purl.obolibrary.org/obo/HP_0012464,Decreased transferrin saturation
http://purl.obolibrary.org/obo/HP_0012466,Chronic respiratory acidosis
http://purl.obolibrary.org/obo/HP_0012467,Acute respiratory acidosis
http://purl.obolibrary.org/obo/HP_0012468,Chronic acidosis
http://purl.obolibrary.org/obo/HP_0012469,Infantile spasms
http://purl.obolibrary.org/obo/HP_0012470,Setting-sun eye phenomenon
http://purl.obolibrary.org/obo/HP_0012471,Thick vermilion border
http://purl.obolibrary.org/obo/HP_0012472,Eclabion
http://purl.obolibrary.org/obo/HP_0012474,Carotid artery occlusion
http://purl.obolibrary.org/obo/HP_0012475,Impaired specific antibody response
http://purl.obolibrary.org/obo/HP_0012476,Decreased circulating specific pneumococcal antibody concentration
http://purl.obolibrary.org/obo/HP_0012477,Vocal tremor
http://purl.obolibrary.org/obo/HP_0012481,Cerebral venous angioma
http://purl.obolibrary.org/obo/HP_0012482,Frontal venous angioma
http://purl.obolibrary.org/obo/HP_0012483,Abnormal alpha granules
http://purl.obolibrary.org/obo/HP_0012484,Abnormal dense granules
http://purl.obolibrary.org/obo/HP_0012485,Abnormal surface-connected open canalicular system
http://purl.obolibrary.org/obo/HP_0012491,Abnormal dense tubular system
http://purl.obolibrary.org/obo/HP_0012496,Reduced maximal inspiratory pressure
http://purl.obolibrary.org/obo/HP_0012497,Reduced maximal expiratory pressure
http://purl.obolibrary.org/obo/HP_0012498,Nuchal cord
http://purl.obolibrary.org/obo/HP_0012500,Verrucous papule
http://purl.obolibrary.org/obo/HP_0012508,Metamorphopsia
http://purl.obolibrary.org/obo/HP_0012513,Upper limb pain
http://purl.obolibrary.org/obo/HP_0012514,Lower limb pain
http://purl.obolibrary.org/obo/HP_0012516,Tetralogy of Fallot with pulmonary atresia
http://purl.obolibrary.org/obo/HP_0012517,Reduced circulating catalase activity
http://purl.obolibrary.org/obo/HP_0012519,Hypoplastic posterior communicating artery
http://purl.obolibrary.org/obo/HP_0012520,Dilation of Virchow-Robin spaces
http://purl.obolibrary.org/obo/HP_0012521,Optic nerve aplasia
http://purl.obolibrary.org/obo/HP_0012522,Spider hemangioma
http://purl.obolibrary.org/obo/HP_0012523,Oral aversion
http://purl.obolibrary.org/obo/HP_0012524,Abnormal platelet shape
http://purl.obolibrary.org/obo/HP_0012525,Abnormal alpha granule distribution
http://purl.obolibrary.org/obo/HP_0012526,Absence of alpha granules
http://purl.obolibrary.org/obo/HP_0012527,Abnormal alpha granule content
http://purl.obolibrary.org/obo/HP_0012528,Abnormal number of alpha granules
http://purl.obolibrary.org/obo/HP_0012529,Abnormal dense granule content
http://purl.obolibrary.org/obo/HP_0012530,Abnormal number of dense granules
http://purl.obolibrary.org/obo/HP_0012531,Pain
http://purl.obolibrary.org/obo/HP_0012532,Chronic pain
http://purl.obolibrary.org/obo/HP_0012533,Allodynia
http://purl.obolibrary.org/obo/HP_0012534,Dysesthesia
http://purl.obolibrary.org/obo/HP_0012535,Abnormal synaptic transmission
http://purl.obolibrary.org/obo/HP_0012537,Food intolerance
http://purl.obolibrary.org/obo/HP_0012538,Gluten intolerance
http://purl.obolibrary.org/obo/HP_0012539,Non-Hodgkin lymphoma
http://purl.obolibrary.org/obo/HP_0012540,Axillary epidermoid cyst
http://purl.obolibrary.org/obo/HP_0012541,Cephalohematoma
http://purl.obolibrary.org/obo/HP_0012542,Onychauxis
http://purl.obolibrary.org/obo/HP_0012543,Hemosiderinuria
http://purl.obolibrary.org/obo/HP_0012544,Elevated circulating aldolase concentration
http://purl.obolibrary.org/obo/HP_0012545,Reduced circulating aldolase concentration
http://purl.obolibrary.org/obo/HP_0012547,Abnormal involuntary eye movements
http://purl.obolibrary.org/obo/HP_0012550,Colonic varices
http://purl.obolibrary.org/obo/HP_0012551,Absent neutrophil specific granules
http://purl.obolibrary.org/obo/HP_0012552,Increased neutrophil nuclear projections
http://purl.obolibrary.org/obo/HP_0012557,EEG with centrotemporal focal spike waves
http://purl.obolibrary.org/obo/HP_0012558,Abnormal T3/T4 ratio
http://purl.obolibrary.org/obo/HP_0012559,Increased T3/T4 ratio
http://purl.obolibrary.org/obo/HP_0012560,Decreased T3/T4 ratio
http://purl.obolibrary.org/obo/HP_0012562,Premature epimetaphyseal fusion in hand
http://purl.obolibrary.org/obo/HP_0012563,Premature epimetaphyseal fusion in foot
http://purl.obolibrary.org/obo/HP_0012564,Premature epimetaphyseal fusion in tibia
http://purl.obolibrary.org/obo/HP_0012565,Premature epimetaphyseal fusion in fibula
http://purl.obolibrary.org/obo/HP_0012566,Premature epimetaphyseal fusion in radius
http://purl.obolibrary.org/obo/HP_0012567,Premature epimetaphyseal fusion in ulna
http://purl.obolibrary.org/obo/HP_0012569,Delayed menarche
http://purl.obolibrary.org/obo/HP_0012570,Synovial sarcoma
http://purl.obolibrary.org/obo/HP_0012573,Global proximal tubulopathy
http://purl.obolibrary.org/obo/HP_0012576,Glomerular C3 deposition
http://purl.obolibrary.org/obo/HP_0012577,Thin glomerular basement membrane
http://purl.obolibrary.org/obo/HP_0012578,Membranous nephropathy
http://purl.obolibrary.org/obo/HP_0012579,Minimal change glomerulonephritis
http://purl.obolibrary.org/obo/HP_0012580,Calcium phosphate nephrolithiasis
http://purl.obolibrary.org/obo/HP_0012587,Macroscopic hematuria
http://purl.obolibrary.org/obo/HP_0012588,Steroid-resistant nephrotic syndrome
http://purl.obolibrary.org/obo/HP_0012589,Multidrug-resistant nephrotic syndrome
http://purl.obolibrary.org/obo/HP_0012590,Abnormal urine output
http://purl.obolibrary.org/obo/HP_0012591,Abnormal urinary electrolyte concentration
http://purl.obolibrary.org/obo/HP_0012593,Nephrotic range proteinuria
http://purl.obolibrary.org/obo/HP_0012594,Moderate albuminuria
http://purl.obolibrary.org/obo/HP_0012595,Mild proteinuria
http://purl.obolibrary.org/obo/HP_0012596,Moderate proteinuria
http://purl.obolibrary.org/obo/HP_0012597,Heavy proteinuria
http://purl.obolibrary.org/obo/HP_0012602,Renal chloride wasting
http://purl.obolibrary.org/obo/HP_0012606,Renal sodium wasting
http://purl.obolibrary.org/obo/HP_0012615,Cylindruria
http://purl.obolibrary.org/obo/HP_0012616,Leukocyte cylindruria
http://purl.obolibrary.org/obo/HP_0012617,Erythrocyte cylindruria
http://purl.obolibrary.org/obo/HP_0012619,Multiple bladder diverticula
http://purl.obolibrary.org/obo/HP_0012621,Persistent cloaca
http://purl.obolibrary.org/obo/HP_0012627,Pseudoexfoliation
http://purl.obolibrary.org/obo/HP_0012629,Phakodonesis
http://purl.obolibrary.org/obo/HP_0012630,Abnormal trabecular meshwork morphology
http://purl.obolibrary.org/obo/HP_0012631,Pigment deposition in the trabecular meshwork
http://purl.obolibrary.org/obo/HP_0012632,Abnormal intraocular pressure
http://purl.obolibrary.org/obo/HP_0012633,Asymmetry of intraocular pressure
http://purl.obolibrary.org/obo/HP_0012637,Renal calcium wasting
http://purl.obolibrary.org/obo/HP_0012640,Abnormality of intracranial pressure
http://purl.obolibrary.org/obo/HP_0012641,Decreased intracranial pressure
http://purl.obolibrary.org/obo/HP_0012644,Increased caudate lactate level
http://purl.obolibrary.org/obo/HP_0012647,Abnormal inflammatory response
http://purl.obolibrary.org/obo/HP_0012648,Decreased inflammatory response
http://purl.obolibrary.org/obo/HP_0012649,Increased inflammatory response
http://purl.obolibrary.org/obo/HP_0012650,Perisylvian polymicrogyria
http://purl.obolibrary.org/obo/HP_0012651,Abasia
http://purl.obolibrary.org/obo/HP_0012652,Exercise-induced asthma
http://purl.obolibrary.org/obo/HP_0012653,Status asthmaticus
http://purl.obolibrary.org/obo/HP_0012657,Abnormal brain positron emission tomography
http://purl.obolibrary.org/obo/HP_0012658,Abnormal brain FDG positron emission tomography
http://purl.obolibrary.org/obo/HP_0012659,Prefrontal hypometabolism in FDG PET
http://purl.obolibrary.org/obo/HP_0012660,Thalamic hypometabolism in FDG PET
http://purl.obolibrary.org/obo/HP_0012661,Hypothalamic hypometabolism in FDG PET
http://purl.obolibrary.org/obo/HP_0012662,Parietal hypometabolism in FDG PET
http://purl.obolibrary.org/obo/HP_0012663,Mildly reduced left ventricular ejection fraction
http://purl.obolibrary.org/obo/HP_0012664,Reduced left ventricular ejection fraction
http://purl.obolibrary.org/obo/HP_0012665,Moderately reduced left ventricular ejection fraction
http://purl.obolibrary.org/obo/HP_0012666,Severely reduced left ventricular ejection fraction
http://purl.obolibrary.org/obo/HP_0012667,Regional left ventricular wall motion abnormality
http://purl.obolibrary.org/obo/HP_0012668,Vasovagal syncope
http://purl.obolibrary.org/obo/HP_0012669,Carotid sinus syncope
http://purl.obolibrary.org/obo/HP_0012670,Orthostatic syncope
http://purl.obolibrary.org/obo/HP_0012671,Abulia
http://purl.obolibrary.org/obo/HP_0012672,Akinetic mutism
http://purl.obolibrary.org/obo/HP_0012679,Widened interpedicular distance
http://purl.obolibrary.org/obo/HP_0012689,Abnormal pineal melatonin secretion
http://purl.obolibrary.org/obo/HP_0012690,T2 hypointense thalamus
http://purl.obolibrary.org/obo/HP_0012691,Focal T2 hypointense thalamic lesion
http://purl.obolibrary.org/obo/HP_0012692,Focal T2 hyperintense thalamic lesion
http://purl.obolibrary.org/obo/HP_0012696,Abnormal thalamic MRI signal intensity
http://purl.obolibrary.org/obo/HP_0012701,Bowel urgency
http://purl.obolibrary.org/obo/HP_0012702,Tenesmus
http://purl.obolibrary.org/obo/HP_0012705,Abnormal metabolic brain imaging by MRS
http://purl.obolibrary.org/obo/HP_0012706,Elevated brain choline level by MRS
http://purl.obolibrary.org/obo/HP_0012707,Elevated brain lactate level by MRS
http://purl.obolibrary.org/obo/HP_0012708,Reduced brain N-acetyl aspartate level by MRS
http://purl.obolibrary.org/obo/HP_0012709,Abnormal brain choline/creatine ratio by MRS
http://purl.obolibrary.org/obo/HP_0012711,Delayed ossification of vertebral epiphysis
http://purl.obolibrary.org/obo/HP_0012712,Mild hearing impairment
http://purl.obolibrary.org/obo/HP_0012713,Moderate hearing impairment
http://purl.obolibrary.org/obo/HP_0012714,Severe hearing impairment
http://purl.obolibrary.org/obo/HP_0012715,Profound hearing impairment
http://purl.obolibrary.org/obo/HP_0012716,Moderate conductive hearing impairment
http://purl.obolibrary.org/obo/HP_0012717,Severe conductive hearing impairment
http://purl.obolibrary.org/obo/HP_0012722,Heart block
http://purl.obolibrary.org/obo/HP_0012723,Sinoatrial block
http://purl.obolibrary.org/obo/HP_0012725,Cutaneous syndactyly
http://purl.obolibrary.org/obo/HP_0012726,Episodic hypokalemia
http://purl.obolibrary.org/obo/HP_0012730,Aglossia
http://purl.obolibrary.org/obo/HP_0012732,Anorectal anomaly
http://purl.obolibrary.org/obo/HP_0012733,Macule
http://purl.obolibrary.org/obo/HP_0012734,Ketotic hypoglycemia
http://purl.obolibrary.org/obo/HP_0012735,Cough
http://purl.obolibrary.org/obo/HP_0012736,Profound global developmental delay
http://purl.obolibrary.org/obo/HP_0012740,Papilloma
http://purl.obolibrary.org/obo/HP_0012741,Unilateral cryptorchidism
http://purl.obolibrary.org/obo/HP_0012751,Abnormal basal ganglia MRI signal intensity
http://purl.obolibrary.org/obo/HP_0012752,Focal T2 hypointense basal ganglia lesion
http://purl.obolibrary.org/obo/HP_0012753,T2 hypointense basal ganglia
http://purl.obolibrary.org/obo/HP_0012757,Abnormal neuron morphology
http://purl.obolibrary.org/obo/HP_0012758,Neurodevelopmental delay
http://purl.obolibrary.org/obo/HP_0012759,Neurodevelopmental abnormality
http://purl.obolibrary.org/obo/HP_0012760,Reduced social responsiveness
http://purl.obolibrary.org/obo/HP_0012763,Paroxysmal dyspnea
http://purl.obolibrary.org/obo/HP_0012764,Orthopnea
http://purl.obolibrary.org/obo/HP_0012768,Neonatal asphyxia
http://purl.obolibrary.org/obo/HP_0012772,Abnormal upper to lower segment ratio
http://purl.obolibrary.org/obo/HP_0012773,Reduced upper to lower segment ratio
http://purl.obolibrary.org/obo/HP_0012774,Increased upper to lower segment ratio
http://purl.obolibrary.org/obo/HP_0012779,Transient hearing impairment
http://purl.obolibrary.org/obo/HP_0012781,Mid-frequency hearing loss
http://purl.obolibrary.org/obo/HP_0012782,Perilobar nephrogenic rest
http://purl.obolibrary.org/obo/HP_0012783,Intralobar nephrogenic rest
http://purl.obolibrary.org/obo/HP_0012784,Perinephritis
http://purl.obolibrary.org/obo/HP_0012786,Recurrent cystitis
http://purl.obolibrary.org/obo/HP_0012787,Recurrent pyelonephritis
http://purl.obolibrary.org/obo/HP_0012790,Abnormal intramembranous ossification
http://purl.obolibrary.org/obo/HP_0012794,Periventricular white matter hypodensities
http://purl.obolibrary.org/obo/HP_0012796,Increased cup-to-disc ratio
http://purl.obolibrary.org/obo/HP_0012803,Anisometropia
http://purl.obolibrary.org/obo/HP_0012806,Proboscis
http://purl.obolibrary.org/obo/HP_0012807,High insertion of columella
http://purl.obolibrary.org/obo/HP_0012808,Abnormal nasal base norphology
http://purl.obolibrary.org/obo/HP_0012809,Narrow nasal base
http://purl.obolibrary.org/obo/HP_0012810,Wide nasal base
http://purl.obolibrary.org/obo/HP_0012811,Wide nasal ridge
http://purl.obolibrary.org/obo/HP_0012812,Fullness of paranasal tissue
http://purl.obolibrary.org/obo/HP_0012816,Right ventricular noncompaction cardiomyopathy
http://purl.obolibrary.org/obo/HP_0012817,Noncompaction cardiomyopathy
http://purl.obolibrary.org/obo/HP_0012818,Biventricular noncompaction cardiomyopathy
http://purl.obolibrary.org/obo/HP_0012842,Skin appendage neoplasm
http://purl.obolibrary.org/obo/HP_0012843,Hair follicle neoplasm
http://purl.obolibrary.org/obo/HP_0012844,Trichilemmoma
http://purl.obolibrary.org/obo/HP_0012845,Single trichilemmoma
http://purl.obolibrary.org/obo/HP_0012846,Multiple trichilemmomata
http://purl.obolibrary.org/obo/HP_0012847,Epilepsia partialis continua
http://purl.obolibrary.org/obo/HP_0012850,Small intestinal dysmotility
http://purl.obolibrary.org/obo/HP_0012853,Scrotal hypospadias
http://purl.obolibrary.org/obo/HP_0012854,Midshaft hypospadias
http://purl.obolibrary.org/obo/HP_0012861,Ovotestis
http://purl.obolibrary.org/obo/HP_0012862,Abnormal germ cell morphology
http://purl.obolibrary.org/obo/HP_0012863,Abnormal male germ cell morphology
http://purl.obolibrary.org/obo/HP_0012864,Abnormal sperm morphology
http://purl.obolibrary.org/obo/HP_0012865,Abnormal sperm head morphology
http://purl.obolibrary.org/obo/HP_0012866,Abnormal sperm neck morphology
http://purl.obolibrary.org/obo/HP_0012867,Abnormal sperm mid-piece morphology
http://purl.obolibrary.org/obo/HP_0012868,Abnormal sperm tail morphology
http://purl.obolibrary.org/obo/HP_0012869,Acephalic spermatozoa
http://purl.obolibrary.org/obo/HP_0012871,Varicocele
http://purl.obolibrary.org/obo/HP_0012872,Abnormal vas deferens morphology
http://purl.obolibrary.org/obo/HP_0012873,Absent vas deferens
http://purl.obolibrary.org/obo/HP_0012875,Abnormal ejaculation
http://purl.obolibrary.org/obo/HP_0012876,Premature ejaculation
http://purl.obolibrary.org/obo/HP_0012877,Retrograde ejaculation
http://purl.obolibrary.org/obo/HP_0012878,Retarded ejaculation
http://purl.obolibrary.org/obo/HP_0012879,Anejaculation
http://purl.obolibrary.org/obo/HP_0012894,Paraspinal muscle hypertrophy
http://purl.obolibrary.org/obo/HP_0012896,Abnormal motor evoked potentials
http://purl.obolibrary.org/obo/HP_0012897,Abnormal upper-limb motor evoked potentials
http://purl.obolibrary.org/obo/HP_0012898,Abnormal lower-limb motor evoked potentials
http://purl.obolibrary.org/obo/HP_0012899,Handgrip myotonia
http://purl.obolibrary.org/obo/HP_0012900,Myotonia of the face
http://purl.obolibrary.org/obo/HP_0012901,Myotonia of the jaw
http://purl.obolibrary.org/obo/HP_0012902,Myotonia of the lower limb
http://purl.obolibrary.org/obo/HP_0012903,Myotonia of the upper limb
http://purl.obolibrary.org/obo/HP_0012904,Cold-sensitive myotonia
http://purl.obolibrary.org/obo/HP_0012905,Euryblepharon
http://purl.obolibrary.org/obo/HP_0020001,Clinical anophthalmos
http://purl.obolibrary.org/obo/HP_0020003,Embryo developmental arrest
http://purl.obolibrary.org/obo/HP_0020007,Abnormal affect regulation
http://purl.obolibrary.org/obo/HP_0020013,Slough
http://purl.obolibrary.org/obo/HP_0020014,Local paresthesia at bite site
http://purl.obolibrary.org/obo/HP_0020015,Amyloid deposition by anatomical site
http://purl.obolibrary.org/obo/HP_0020016,Amyloid deposition by type of amyloid
http://purl.obolibrary.org/obo/HP_0020017,Transthyretin amyloid deposition
http://purl.obolibrary.org/obo/HP_0020018,Cerebral transthyretin amyloid deposition
http://purl.obolibrary.org/obo/HP_0020026,Positive Coombs test
http://purl.obolibrary.org/obo/HP_0020027,Direct antiglobulin test positive for IgG
http://purl.obolibrary.org/obo/HP_0020028,Direct antiglobulin test positive for IgM
http://purl.obolibrary.org/obo/HP_0020031,Direct antiglobulin test positive for C3d
http://purl.obolibrary.org/obo/HP_0020032,Hyperreflective retinal dots on OCT
http://purl.obolibrary.org/obo/HP_0020033,Irregularity of the retinal pigment epithelium layer on OCT
http://purl.obolibrary.org/obo/HP_0020035,Lower limb dysmetria
http://purl.obolibrary.org/obo/HP_0020036,Upper limb dysmetria
http://purl.obolibrary.org/obo/HP_0020037,Astasia
http://purl.obolibrary.org/obo/HP_0020038,Vertebrobasilar dolichoectasia
http://purl.obolibrary.org/obo/HP_0020039,Retinal thickening on OCT
http://purl.obolibrary.org/obo/HP_0020040,Abnormal anteroposterior retina thickness on OCT
http://purl.obolibrary.org/obo/HP_0020041,Double elevator palsy
http://purl.obolibrary.org/obo/HP_0020042,Double depressor palsy
http://purl.obolibrary.org/obo/HP_0020043,Vertical incomitant strabismus
http://purl.obolibrary.org/obo/HP_0020044,Horizontal incomitant strabismus
http://purl.obolibrary.org/obo/HP_0020045,Esodeviation
http://purl.obolibrary.org/obo/HP_0020046,Accommodative esotropia
http://purl.obolibrary.org/obo/HP_0020047,Abnormal myeloid cell morphology
http://purl.obolibrary.org/obo/HP_0020048,Reduced bone-marrow pro-B cell count
http://purl.obolibrary.org/obo/HP_0020049,Exodeviation
http://purl.obolibrary.org/obo/HP_0020050,Anti-granulocyte-macrophage colony stimulating factor antibody positivity
http://purl.obolibrary.org/obo/HP_0020051,Abnormal seminiferous tubule morphology
http://purl.obolibrary.org/obo/HP_0020054,Abnormal erythrocyte physiology
http://purl.obolibrary.org/obo/HP_0020058,Abnormal red blood cell count
http://purl.obolibrary.org/obo/HP_0020059,Increased red blood cell count
http://purl.obolibrary.org/obo/HP_0020060,Decreased red blood cell count
http://purl.obolibrary.org/obo/HP_0020061,Abnormal hemoglobin concentration
http://purl.obolibrary.org/obo/HP_0020062,Decreased hemoglobin concentration
http://purl.obolibrary.org/obo/HP_0020066,Pathological inclusion body by subcellular location
http://purl.obolibrary.org/obo/HP_0020067,Pathological inclusion body by anatomical location
http://purl.obolibrary.org/obo/HP_0020068,Intranuclear inclusion bodies
http://purl.obolibrary.org/obo/HP_0020071,Viremia
http://purl.obolibrary.org/obo/HP_0020072,Persistent EBV viremia
http://purl.obolibrary.org/obo/HP_0020073,Hypopigmented macule
http://purl.obolibrary.org/obo/HP_0020074,Crystalluria
http://purl.obolibrary.org/obo/HP_0020075,Leucine crystalluria
http://purl.obolibrary.org/obo/HP_0020077,Carnitinuria
http://purl.obolibrary.org/obo/HP_0020078,Alaninuria
http://purl.obolibrary.org/obo/HP_0020079,Beta-alaninuria
http://purl.obolibrary.org/obo/HP_0020080,Erythrocyte inclusion bodies
http://purl.obolibrary.org/obo/HP_0020081,Pappenheimer bodies
http://purl.obolibrary.org/obo/HP_0020082,Heinz bodies
http://purl.obolibrary.org/obo/HP_0020083,Furuncle
http://purl.obolibrary.org/obo/HP_0020084,Carbuncle
http://purl.obolibrary.org/obo/HP_0020085,Infection following live vaccination
http://purl.obolibrary.org/obo/HP_0020086,BCGitis
http://purl.obolibrary.org/obo/HP_0020087,BCGosis
http://purl.obolibrary.org/obo/HP_0020088,Post-vaccination measles
http://purl.obolibrary.org/obo/HP_0020089,Post-vaccination rubella
http://purl.obolibrary.org/obo/HP_0020090,Post-vaccination polio
http://purl.obolibrary.org/obo/HP_0020091,Post-vaccination rotavirus infection
http://purl.obolibrary.org/obo/HP_0020093,Recurrent deep organ abscess formation
http://purl.obolibrary.org/obo/HP_0020095,Prolonged need of intravenous antibiotic therapy
http://purl.obolibrary.org/obo/HP_0020096,Recurrent streptococcal infections
http://purl.obolibrary.org/obo/HP_0020097,Infection due to encapsulated bacteria
http://purl.obolibrary.org/obo/HP_0020099,Severe norovirus infection
http://purl.obolibrary.org/obo/HP_0020100,Unusual fungal infection
http://purl.obolibrary.org/obo/HP_0020101,Invasive fungal infection
http://purl.obolibrary.org/obo/HP_0020102,Pneumocystis jirovecii pneumonia
http://purl.obolibrary.org/obo/HP_0020103,Invasive pulmonary aspergillosis
http://purl.obolibrary.org/obo/HP_0020104,Unusual protozoan infection
http://purl.obolibrary.org/obo/HP_0020105,Severe Toxoplasma infection
http://purl.obolibrary.org/obo/HP_0020106,Severe giardiasis
http://purl.obolibrary.org/obo/HP_0020107,Unusual helminthic infection
http://purl.obolibrary.org/obo/HP_0020108,Unusual parasitic infection
http://purl.obolibrary.org/obo/HP_0020109,Glomerular basement membrane duplication
http://purl.obolibrary.org/obo/HP_0020114,Persistent human papillomavirus infection
http://purl.obolibrary.org/obo/HP_0020115,Abnormal CD8+ T cell subset proportion
http://purl.obolibrary.org/obo/HP_0020116,Subcutaneous abscess
http://purl.obolibrary.org/obo/HP_0020117,Hypoplastic dermoepidermal hemidesmosomes
http://purl.obolibrary.org/obo/HP_0020118,Radial artery aplasia
http://purl.obolibrary.org/obo/HP_0020122,Bite cells
http://purl.obolibrary.org/obo/HP_0020123,Tympanosclerosis
http://purl.obolibrary.org/obo/HP_0020124,Echopraxia
http://purl.obolibrary.org/obo/HP_0020127,Periarticular soft-tissue mass
http://purl.obolibrary.org/obo/HP_0020130,Increased urinary neutrophil gelatinase-associated lipocalin
http://purl.obolibrary.org/obo/HP_0020131,Abnormal tubular basement membrane morphology
http://purl.obolibrary.org/obo/HP_0020132,Thickening of the tubular basement membrane
http://purl.obolibrary.org/obo/HP_0020133,Podocyte hypertrophy
http://purl.obolibrary.org/obo/HP_0020135,Myofibromatosis
http://purl.obolibrary.org/obo/HP_0020136,Anticardiolipin IgG antibody positivity
http://purl.obolibrary.org/obo/HP_0020137,Anticardiolipin IgM antibody positivity
http://purl.obolibrary.org/obo/HP_0020144,Calcium phosphate crystalluria
http://purl.obolibrary.org/obo/HP_0020145,Calcium oxalate crystalluria
http://purl.obolibrary.org/obo/HP_0020146,Calcium carbonate crystalluria
http://purl.obolibrary.org/obo/HP_0020147,2-Methylbutyryl glycinuria
http://purl.obolibrary.org/obo/HP_0020148,Increased circulating mead acid level
http://purl.obolibrary.org/obo/HP_0020150,Elevated urinary uromodulin level
http://purl.obolibrary.org/obo/HP_0020151,Anti-dsDNA antibody positivity
http://purl.obolibrary.org/obo/HP_0020152,Distal joint hypermobility
http://purl.obolibrary.org/obo/HP_0020153,"Positive blood 1,3 beta glucan test"
http://purl.obolibrary.org/obo/HP_0020154,Nevus comedonicus
http://purl.obolibrary.org/obo/HP_0020155,Abnormal oocyte morphology
http://purl.obolibrary.org/obo/HP_0020156,Abnormal zona pellucida morphology
http://purl.obolibrary.org/obo/HP_0020157,Thin zona pellucida
http://purl.obolibrary.org/obo/HP_0020159,Reduced response to gonadotropin-releasing hormone stimulation test
http://purl.obolibrary.org/obo/HP_0020160,GM1-ganglioside accumulation
http://purl.obolibrary.org/obo/HP_0020163,Cilioretinal arteriolar hypoperfusion
http://purl.obolibrary.org/obo/HP_0020167,Hemiretinal vein occlusion
http://purl.obolibrary.org/obo/HP_0020169,Abnormal drug response
http://purl.obolibrary.org/obo/HP_0020170,Increased blood drug concentration
http://purl.obolibrary.org/obo/HP_0020171,Decreased blood drug concentration
http://purl.obolibrary.org/obo/HP_0020172,Adverse drug response
http://purl.obolibrary.org/obo/HP_0020173,Reduced drug efficacy
http://purl.obolibrary.org/obo/HP_0020174,Refractory drug response
http://purl.obolibrary.org/obo/HP_0020175,Reduced circulating cholinesterase activity
http://purl.obolibrary.org/obo/HP_0020176,Cholesterol crystalluria
http://purl.obolibrary.org/obo/HP_0020178,Abnormal dendritic cell count
http://purl.obolibrary.org/obo/HP_0020182,Abnormal circulating A-type atrial natriuretic peptide concentration
http://purl.obolibrary.org/obo/HP_0020183,Increased circulating A-type natriuretic peptide concentration
http://purl.obolibrary.org/obo/HP_0020184,Decreased circulating A-type natriuretic peptide concentration
http://purl.obolibrary.org/obo/HP_0020187,Thick pachygyria
http://purl.obolibrary.org/obo/HP_0020188,Anterior predominant pachygyria with 5-10 mm cortical thickness
http://purl.obolibrary.org/obo/HP_0020189,Posterior predominant thick cortex pachygyria
http://purl.obolibrary.org/obo/HP_0020190,Perisylvian predominant thick cortex pachygyria
http://purl.obolibrary.org/obo/HP_0020191,Anterior predominant thick cortex pachygyria
http://purl.obolibrary.org/obo/HP_0020192,Pachygyria with 5-10 mm cortical thickness
http://purl.obolibrary.org/obo/HP_0020193,Prolonged reptilase time
http://purl.obolibrary.org/obo/HP_0020194,IgA heavy chain paraproteinemia
http://purl.obolibrary.org/obo/HP_0020195,IgG heavy chain paraproteinemia
http://purl.obolibrary.org/obo/HP_0020196,IgM heavy chain paraproteinemia
http://purl.obolibrary.org/obo/HP_0020197,Increased circulating arachidonic acid concentration
http://purl.obolibrary.org/obo/HP_0020198,Abnormal circulating 18-hydroxycorticosterone level
http://purl.obolibrary.org/obo/HP_0020199,Decreased circulating 18-hydroxycortisone level
http://purl.obolibrary.org/obo/HP_0020200,Increased circulating 18-hydroxycortisone level
http://purl.obolibrary.org/obo/HP_0020201,Abnormal sarcomere morphology
http://purl.obolibrary.org/obo/HP_0020202,Abnormal Z disk morphology
http://purl.obolibrary.org/obo/HP_0020203,Z-band streaming
http://purl.obolibrary.org/obo/HP_0020204,Tubulointerstitial bacterial infiltration
http://purl.obolibrary.org/obo/HP_0020205,Tubulointerstitial fungal infiltration
http://purl.obolibrary.org/obo/HP_0020207,Reflex seizure
http://purl.obolibrary.org/obo/HP_0020208,Eating-induced seizure
http://purl.obolibrary.org/obo/HP_0020209,Hot water-induced seizure
http://purl.obolibrary.org/obo/HP_0020210,Praxis-induced seizure
http://purl.obolibrary.org/obo/HP_0020211,Proprioceptive-induced seizure
http://purl.obolibrary.org/obo/HP_0020212,Reading-induced seizure
http://purl.obolibrary.org/obo/HP_0020213,Somatosensory-induced seizure
http://purl.obolibrary.org/obo/HP_0020214,Startle-induced seizure
http://purl.obolibrary.org/obo/HP_0020215,Thinking-induced seizure
http://purl.obolibrary.org/obo/HP_0020216,Visually-induced seizure
http://purl.obolibrary.org/obo/HP_0020217,Focal aware motor seizure
http://purl.obolibrary.org/obo/HP_0020218,Focal aware atonic seizure
http://purl.obolibrary.org/obo/HP_0020219,Motor seizure
http://purl.obolibrary.org/obo/HP_0020220,Focal atonic seizure
http://purl.obolibrary.org/obo/HP_0020221,Clonic seizure
http://purl.obolibrary.org/obo/HP_0020223,Dermal sinus tract
http://purl.obolibrary.org/obo/HP_0020224,Mammary duct ectasia
http://purl.obolibrary.org/obo/HP_0020226,Nipple tenderness
http://purl.obolibrary.org/obo/HP_0020232,Abnormal Q wave
http://purl.obolibrary.org/obo/HP_0020252,Abnormal bursal fluid morphology
http://purl.obolibrary.org/obo/HP_0020256,Elevated bursal fluid leukocyte count
http://purl.obolibrary.org/obo/HP_0020259,Decreased biparietal diameter
http://purl.obolibrary.org/obo/HP_0020260,Increased biparietal diameter
http://purl.obolibrary.org/obo/HP_0020297,Abnormal occipitofrontal diameter
http://purl.obolibrary.org/obo/HP_0020298,Decreased occipitofrontal diameter
http://purl.obolibrary.org/obo/HP_0020299,Increased occipitofrontal diameter
http://purl.obolibrary.org/obo/HP_0020302,Restrictive eating
http://purl.obolibrary.org/obo/HP_0020303,Abnormal fetal abdominal circumference
http://purl.obolibrary.org/obo/HP_0020304,Increased fetal abdominal circumference
http://purl.obolibrary.org/obo/HP_0020305,Abnormal fetal head circumference
http://purl.obolibrary.org/obo/HP_0020306,Decreased fetal head circumference
http://purl.obolibrary.org/obo/HP_0020307,Increased fetal head circumference
http://purl.obolibrary.org/obo/HP_0020312,Focal hyperpigmented area associated with subretinal scar tissue
http://purl.obolibrary.org/obo/HP_0020314,Macular pseudohole
http://purl.obolibrary.org/obo/HP_0020315,Lamellar macular hole
http://purl.obolibrary.org/obo/HP_0020317,Abnormal abdominal aorta branch artery morphology
http://purl.obolibrary.org/obo/HP_0020318,Posterior humeral circumflex artery occlusion
http://purl.obolibrary.org/obo/HP_0020319,Scapulothoracic incongruity
http://purl.obolibrary.org/obo/HP_0020320,Latissimus dorsi rupture
http://purl.obolibrary.org/obo/HP_0020330,Abnormal circulating inorganic anion concentration
http://purl.obolibrary.org/obo/HP_0020331,Blue-field entoptic phenomenon
http://purl.obolibrary.org/obo/HP_0020332,Phosphene
http://purl.obolibrary.org/obo/HP_0020333,Palinopsia
http://purl.obolibrary.org/obo/HP_0020334,Positive scapular compression test
http://purl.obolibrary.org/obo/HP_0020335,Pectoralis major tear
http://purl.obolibrary.org/obo/HP_0020336,Increased urinary 18-oxocortisol level
http://purl.obolibrary.org/obo/HP_0020337,Increased urinary 18-hydroxycortisol level
http://purl.obolibrary.org/obo/HP_0020338,Malignant melanotic nerve sheath tumor
http://purl.obolibrary.org/obo/HP_0020339,Increased mucosal-associated invariant T cell proportion
http://purl.obolibrary.org/obo/HP_0020340,Abnormal mucosal-associated invariant T cell proportion
http://purl.obolibrary.org/obo/HP_0020341,Unusual periodontitis
http://purl.obolibrary.org/obo/HP_0020342,Unusual stomatitis
http://purl.obolibrary.org/obo/HP_0020343,Unusual pharyngitis
http://purl.obolibrary.org/obo/HP_0020344,Abnormal mental imagery
http://purl.obolibrary.org/obo/HP_0020345,Aphantasia
http://purl.obolibrary.org/obo/HP_0020346,Hyperphantasia
http://purl.obolibrary.org/obo/HP_0020349,Abnormal circulating sugar alcohol concentration
http://purl.obolibrary.org/obo/HP_0020350,Abnormal circulating vitamin concentration
http://purl.obolibrary.org/obo/HP_0020352,Lisfranc injury
http://purl.obolibrary.org/obo/HP_0020354,Abnormal dental physiology
http://purl.obolibrary.org/obo/HP_0020355,Dental hypermobility
http://purl.obolibrary.org/obo/HP_0020356,Antichromatin antibody positivity
http://purl.obolibrary.org/obo/HP_0020357,Head and neck squamous cell carcinoma
http://purl.obolibrary.org/obo/HP_0020359,Anti-nucleosome antibody positivity
http://purl.obolibrary.org/obo/HP_0020360,Decreased circulating insulin-like growth factor binding protein 1 concentration
http://purl.obolibrary.org/obo/HP_0025002,Abnormal cecum morphology
http://purl.obolibrary.org/obo/HP_0025003,Flail chest
http://purl.obolibrary.org/obo/HP_0025005,Thickening of glomerular capillary wall
http://purl.obolibrary.org/obo/HP_0025006,Abnormal glomerular capillary morphology
http://purl.obolibrary.org/obo/HP_0025007,Ectopic fovea
http://purl.obolibrary.org/obo/HP_0025008,Tracheal tug on inspiration
http://purl.obolibrary.org/obo/HP_0025011,Pyriform aperture stenosis
http://purl.obolibrary.org/obo/HP_0025012,Status cribrosum
http://purl.obolibrary.org/obo/HP_0025013,Decerebrate rigidity
http://purl.obolibrary.org/obo/HP_0025014,Subcutaneous spheroids
http://purl.obolibrary.org/obo/HP_0025021,Abnormal erythrocyte sedimentation rate
http://purl.obolibrary.org/obo/HP_0025022,Decreased erythrocyte sedimentation rate
http://purl.obolibrary.org/obo/HP_0025024,Megarectum
http://purl.obolibrary.org/obo/HP_0025025,Rectovestibular fistula
http://purl.obolibrary.org/obo/HP_0025026,H-type rectovestibular fistula
http://purl.obolibrary.org/obo/HP_0025027,Osteoma cutis
http://purl.obolibrary.org/obo/HP_0025029,Abnormal enteric neuron morphology
http://purl.obolibrary.org/obo/HP_0025030,Enteric neuronal degeneration
http://purl.obolibrary.org/obo/HP_0025034,Abnormal morphology of erythroid progenitor cell
http://purl.obolibrary.org/obo/HP_0025035,Abnormal proerythroblast morphology
http://purl.obolibrary.org/obo/HP_0025036,Type I radial ray deficiency
http://purl.obolibrary.org/obo/HP_0025045,Abnormal brain lactate level by MRS
http://purl.obolibrary.org/obo/HP_0025046,Reduced brain lactate level by MRS
http://purl.obolibrary.org/obo/HP_0025047,Abnormal brain choline level by MRS
http://purl.obolibrary.org/obo/HP_0025048,Reduced brain choline level by MRS
http://purl.obolibrary.org/obo/HP_0025049,Abnormal brain creatine level by MRS
http://purl.obolibrary.org/obo/HP_0025050,Elevated brain creatine level by MRS
http://purl.obolibrary.org/obo/HP_0025051,Reduced brain creatine level by MRS
http://purl.obolibrary.org/obo/HP_0025052,Abnormal brain N-acetyl aspartate level by MRS
http://purl.obolibrary.org/obo/HP_0025053,Elevated brain N-acetyl aspartate level by MRS
http://purl.obolibrary.org/obo/HP_0025054,Type II radial ray deficiency
http://purl.obolibrary.org/obo/HP_0025055,Type III radial ray deficiency
http://purl.obolibrary.org/obo/HP_0025056,Type IV radial ray deficiency
http://purl.obolibrary.org/obo/HP_0025062,Geophagia
http://purl.obolibrary.org/obo/HP_0025063,Scaphoid abdomen
http://purl.obolibrary.org/obo/HP_0025064,Thalamic hemorrhage
http://purl.obolibrary.org/obo/HP_0025065,Abnormal mean corpuscular volume
http://purl.obolibrary.org/obo/HP_0025066,Decreased mean corpuscular volume
http://purl.obolibrary.org/obo/HP_0025067,Recurrent sepsis
http://purl.obolibrary.org/obo/HP_0025068,Incomitant strabismus
http://purl.obolibrary.org/obo/HP_0025069,Concomitant strabismus
http://purl.obolibrary.org/obo/HP_0025070,Abnormal U wave
http://purl.obolibrary.org/obo/HP_0025071,U wave inversion
http://purl.obolibrary.org/obo/HP_0025072,Prominent U wave
http://purl.obolibrary.org/obo/HP_0025073,Exercise-induced U wave inversion
http://purl.obolibrary.org/obo/HP_0025074,Abnormal QRS complex
http://purl.obolibrary.org/obo/HP_0025075,Increased QRS voltage
http://purl.obolibrary.org/obo/HP_0025076,Abnormal QRS voltage
http://purl.obolibrary.org/obo/HP_0025077,Decreased QRS voltage
http://purl.obolibrary.org/obo/HP_0025078,Electrical alternans
http://purl.obolibrary.org/obo/HP_0025080,Orthokeratotic hyperkeratosis
http://purl.obolibrary.org/obo/HP_0025081,Darier's sign
http://purl.obolibrary.org/obo/HP_0025082,Abnormal cutaneous elastic fiber morphology
http://purl.obolibrary.org/obo/HP_0025083,Elevated dermal desmosine content
http://purl.obolibrary.org/obo/HP_0025084,Folliculitis
http://purl.obolibrary.org/obo/HP_0025085,Bloody diarrhea
http://purl.obolibrary.org/obo/HP_0025086,Bloody mucoid diarrhea
http://purl.obolibrary.org/obo/HP_0025087,Delayed recoil upon stretching of skin
http://purl.obolibrary.org/obo/HP_0025088,Onychomadesis
http://purl.obolibrary.org/obo/HP_0025089,Feculent vomiting
http://purl.obolibrary.org/obo/HP_0025091,Wrist sign
http://purl.obolibrary.org/obo/HP_0025093,Peripapillary exudate
http://purl.obolibrary.org/obo/HP_0025094,Disciform macular scar
http://purl.obolibrary.org/obo/HP_0025095,Sneeze
http://purl.obolibrary.org/obo/HP_0025096,Paroxysmal sneezing
http://purl.obolibrary.org/obo/HP_0025097,Eyelid myoclonus
http://purl.obolibrary.org/obo/HP_0025103,Umbilicated nodule
http://purl.obolibrary.org/obo/HP_0025104,Capillary malformation
http://purl.obolibrary.org/obo/HP_0025105,Nevus anemicus
http://purl.obolibrary.org/obo/HP_0025106,Nevus roseus
http://purl.obolibrary.org/obo/HP_0025107,Cutis marmorata telangiectatica congenita
http://purl.obolibrary.org/obo/HP_0025108,Angioma serpentinum
http://purl.obolibrary.org/obo/HP_0025109,Reduced red cell pyruvate kinase level
http://purl.obolibrary.org/obo/HP_0025110,Placoid macular lesion
http://purl.obolibrary.org/obo/HP_0025111,Acquired aphakia
http://purl.obolibrary.org/obo/HP_0025112,Auditory sensitivity
http://purl.obolibrary.org/obo/HP_0025113,Misophonia
http://purl.obolibrary.org/obo/HP_0025114,Hypergranulosis
http://purl.obolibrary.org/obo/HP_0025115,Civatte bodies
http://purl.obolibrary.org/obo/HP_0025116,Fetal distress
http://purl.obolibrary.org/obo/HP_0025117,Rete ridge flattening
http://purl.obolibrary.org/obo/HP_0025120,Abnormal circulating reverse T3 concentration
http://purl.obolibrary.org/obo/HP_0025122,Sawtooth acanthosis
http://purl.obolibrary.org/obo/HP_0025123,White streaks/specks on enamel
http://purl.obolibrary.org/obo/HP_0025127,Actinic keratosis
http://purl.obolibrary.org/obo/HP_0025142,Constitutional symptom
http://purl.obolibrary.org/obo/HP_0025143,Chills
http://purl.obolibrary.org/obo/HP_0025144,Shivering
http://purl.obolibrary.org/obo/HP_0025145,Rigors
http://purl.obolibrary.org/obo/HP_0025147,Beaten bronze macular sheen
http://purl.obolibrary.org/obo/HP_0025149,Atrophic muscularis propria
http://purl.obolibrary.org/obo/HP_0025150,Hypoganglionosis
http://purl.obolibrary.org/obo/HP_0025151,Ganglioneuromatosis
http://purl.obolibrary.org/obo/HP_0025152,Poor visual behavior for age
http://purl.obolibrary.org/obo/HP_0025154,Portosystemic collateral veins
http://purl.obolibrary.org/obo/HP_0025156,Dependency on intravenous nutrition
http://purl.obolibrary.org/obo/HP_0025157,Increased urinary sedoheptulose
http://purl.obolibrary.org/obo/HP_0025158,Hyperautofluorescent retinal lesion
http://purl.obolibrary.org/obo/HP_0025159,Hypoautofluorescent retinal lesion
http://purl.obolibrary.org/obo/HP_0025160,Abnormal temper tantrums
http://purl.obolibrary.org/obo/HP_0025161,Frequent temper tantrums
http://purl.obolibrary.org/obo/HP_0025162,Severe temper tantrums
http://purl.obolibrary.org/obo/HP_0025164,Increased number of elastic fibers in the dermis
http://purl.obolibrary.org/obo/HP_0025165,Clumping of elastic fibers in the dermis
http://purl.obolibrary.org/obo/HP_0025166,Thickened elastic fibers in the dermis
http://purl.obolibrary.org/obo/HP_0025167,Fragmented elastic fibers in the dermis
http://purl.obolibrary.org/obo/HP_0025168,Left ventricular diastolic dysfunction
http://purl.obolibrary.org/obo/HP_0025169,Left ventricular systolic dysfunction
http://purl.obolibrary.org/obo/HP_0025171,Rosette-forming glioneuronal tumor
http://purl.obolibrary.org/obo/HP_0025176,Intralobular interstitial thickening
http://purl.obolibrary.org/obo/HP_0025177,Peribronchovascular interstitial thickening
http://purl.obolibrary.org/obo/HP_0025178,Subpleural interstitial thickening
http://purl.obolibrary.org/obo/HP_0025179,Ground-glass opacification
http://purl.obolibrary.org/obo/HP_0025180,Centrilobular ground-glass opacification on pulmonary HRCT
http://purl.obolibrary.org/obo/HP_0025182,Localized area of pendulous skin
http://purl.obolibrary.org/obo/HP_0025183,Abnormal total CD4+ T cell number
http://purl.obolibrary.org/obo/HP_0025184,Arousal parasomnia
http://purl.obolibrary.org/obo/HP_0025186,Marcus Gunn jaw winking synkinesis
http://purl.obolibrary.org/obo/HP_0025187,Sleep talking
http://purl.obolibrary.org/obo/HP_0025189,Hypnic jerks
http://purl.obolibrary.org/obo/HP_0025190,Bilateral tonic-clonic seizure with generalized onset
http://purl.obolibrary.org/obo/HP_0025192,Subtentorial periventricular white matter hyperdensity
http://purl.obolibrary.org/obo/HP_0025193,Posterolateral diaphragmatic hernia
http://purl.obolibrary.org/obo/HP_0025194,Morgagni diaphragmatic hernia
http://purl.obolibrary.org/obo/HP_0025195,Central diaphragmatic hernia
http://purl.obolibrary.org/obo/HP_0025196,Increased total iron binding capacity
http://purl.obolibrary.org/obo/HP_0025197,Inclusion body fibromatosis
http://purl.obolibrary.org/obo/HP_0025198,Inflammatory cap polyp
http://purl.obolibrary.org/obo/HP_0025199,Fragmented sleep
http://purl.obolibrary.org/obo/HP_0025200,Muscle fiber actin filament accumulation
http://purl.obolibrary.org/obo/HP_0025203,Caput medusae
http://purl.obolibrary.org/obo/HP_0025230,Tendonitis
http://purl.obolibrary.org/obo/HP_0025231,Abnormal synovial bursa morphology
http://purl.obolibrary.org/obo/HP_0025232,Bursitis
http://purl.obolibrary.org/obo/HP_0025233,Sleep paralysis
http://purl.obolibrary.org/obo/HP_0025234,Parasomnia
http://purl.obolibrary.org/obo/HP_0025235,NREM parasomnia
http://purl.obolibrary.org/obo/HP_0025236,Sleep walking
http://purl.obolibrary.org/obo/HP_0025238,Foot pain
http://purl.obolibrary.org/obo/HP_0025240,Preretinal hemorrhage
http://purl.obolibrary.org/obo/HP_0025243,Subretinal hemorrhage
http://purl.obolibrary.org/obo/HP_0025245,Cutaneous cyst
http://purl.obolibrary.org/obo/HP_0025246,Trichilemmal cyst
http://purl.obolibrary.org/obo/HP_0025247,Dermoid cyst
http://purl.obolibrary.org/obo/HP_0025248,Eruptive vellus hair cyst
http://purl.obolibrary.org/obo/HP_0025249,Comedo
http://purl.obolibrary.org/obo/HP_0025250,Closed comedo
http://purl.obolibrary.org/obo/HP_0025251,Open comedo
http://purl.obolibrary.org/obo/HP_0025253,Claustrophobia
http://purl.obolibrary.org/obo/HP_0025259,Stiff elbow
http://purl.obolibrary.org/obo/HP_0025260,Stiff wrist
http://purl.obolibrary.org/obo/HP_0025261,Stiff finger
http://purl.obolibrary.org/obo/HP_0025262,Stiff hip
http://purl.obolibrary.org/obo/HP_0025263,Stiff knee
http://purl.obolibrary.org/obo/HP_0025264,Stiff ankle
http://purl.obolibrary.org/obo/HP_0025265,Stiff toe
http://purl.obolibrary.org/obo/HP_0025267,Snoring
http://purl.obolibrary.org/obo/HP_0025268,Stuttering
http://purl.obolibrary.org/obo/HP_0025269,Panic attack
http://purl.obolibrary.org/obo/HP_0025272,Melasma
http://purl.obolibrary.org/obo/HP_0025273,Achilles tendonitis
http://purl.obolibrary.org/obo/HP_0025276,Abnormality of skin adnexa physiology
http://purl.obolibrary.org/obo/HP_0025277,Gustatory sweating
http://purl.obolibrary.org/obo/HP_0025278,Cold-induced sweating
http://purl.obolibrary.org/obo/HP_0025288,Excessive sleep
http://purl.obolibrary.org/obo/HP_0025289,Cervical lymphadenopathy
http://purl.obolibrary.org/obo/HP_0025298,Extended nighttime sleep
http://purl.obolibrary.org/obo/HP_0025299,Frequent napping
http://purl.obolibrary.org/obo/HP_0025300,Malar rash
http://purl.obolibrary.org/obo/HP_0025312,Esophoria
http://purl.obolibrary.org/obo/HP_0025313,Exophoria
http://purl.obolibrary.org/obo/HP_0025317,Cubitus varus
http://purl.obolibrary.org/obo/HP_0025320,Leakage of dye on fundus fluorescein angiography
http://purl.obolibrary.org/obo/HP_0025328,Antepartum hemorrhage
http://purl.obolibrary.org/obo/HP_0025329,Anti-glutamic acid decarboxylase antibody positivity
http://purl.obolibrary.org/obo/HP_0025330,Downgaze palsy
http://purl.obolibrary.org/obo/HP_0025331,Upgaze palsy
http://purl.obolibrary.org/obo/HP_0025333,Cortical thinning of foot bones
http://purl.obolibrary.org/obo/HP_0025335,Delayed ability to stand
http://purl.obolibrary.org/obo/HP_0025336,Delayed ability to sit
http://purl.obolibrary.org/obo/HP_0025337,Red eye
http://purl.obolibrary.org/obo/HP_0025338,Circumlimbal hyperemia
http://purl.obolibrary.org/obo/HP_0025339,Superficial episcleral hyperemia
http://purl.obolibrary.org/obo/HP_0025340,Deep episcleral hyperemia
http://purl.obolibrary.org/obo/HP_0025343,Lupus anticoagulant
http://purl.obolibrary.org/obo/HP_0025344,Interlobular bile duct destruction
http://purl.obolibrary.org/obo/HP_0025351,Recurrent interdigital mycosis
http://purl.obolibrary.org/obo/HP_0025353,Anti-multiple nuclear dots antibody positivity
http://purl.obolibrary.org/obo/HP_0025354,Abnormal cellular phenotype
http://purl.obolibrary.org/obo/HP_0025357,Erratic myoclonus
http://purl.obolibrary.org/obo/HP_0025360,Polycalycosis
http://purl.obolibrary.org/obo/HP_0025361,Abnormal medullary pyramid morphology
http://purl.obolibrary.org/obo/HP_0025363,Glomerular endocapillary hypercellularity
http://purl.obolibrary.org/obo/HP_0025364,Glomerular extracapillary hypercellularity
http://purl.obolibrary.org/obo/HP_0025365,Free-running sleep pattern
http://purl.obolibrary.org/obo/HP_0025367,Trichoepithelioma
http://purl.obolibrary.org/obo/HP_0025368,Abnormal growth plate morphology
http://purl.obolibrary.org/obo/HP_0025369,Thick growth plates
http://purl.obolibrary.org/obo/HP_0025372,Loud snoring
http://purl.obolibrary.org/obo/HP_0025373,Interictal EEG abnormality
http://purl.obolibrary.org/obo/HP_0025375,Orthotopic os odontoideum
http://purl.obolibrary.org/obo/HP_0025379,Anti-thyroid peroxidase antibody positivity
http://purl.obolibrary.org/obo/HP_0025380,Increased circulating androstenedione concentration
http://purl.obolibrary.org/obo/HP_0025381,Anti-pituitary antibody positivity
http://purl.obolibrary.org/obo/HP_0025382,Hypodipsia
http://purl.obolibrary.org/obo/HP_0025386,Bitemporal hollowing
http://purl.obolibrary.org/obo/HP_0025387,Pill-rolling tremor
http://purl.obolibrary.org/obo/HP_0025391,Crazy paving pattern
http://purl.obolibrary.org/obo/HP_0025395,Combined cystic and ground-glass pattern on pulmonary HRCT
http://purl.obolibrary.org/obo/HP_0025401,Staring gaze
http://purl.obolibrary.org/obo/HP_0025402,Square-wave jerks
http://purl.obolibrary.org/obo/HP_0025403,Stooped posture
http://purl.obolibrary.org/obo/HP_0025404,Abnormal visual fixation
http://purl.obolibrary.org/obo/HP_0025405,Visual fixation instability
http://purl.obolibrary.org/obo/HP_0025406,Asthenia
http://purl.obolibrary.org/obo/HP_0025407,Rectourethral fistula
http://purl.obolibrary.org/obo/HP_0025410,Splenogonadal fusion
http://purl.obolibrary.org/obo/HP_0025420,Diffuse alveolar hemorrhage
http://purl.obolibrary.org/obo/HP_0025421,Pneumomediastinum
http://purl.obolibrary.org/obo/HP_0025425,Laryngospasm
http://purl.obolibrary.org/obo/HP_0025429,Abnormal cry
http://purl.obolibrary.org/obo/HP_0025430,High-pitched cry
http://purl.obolibrary.org/obo/HP_0025431,Staccato cry
http://purl.obolibrary.org/obo/HP_0025432,Acanthoma
http://purl.obolibrary.org/obo/HP_0025433,Decreased lecithin cholesterol acyl transferase level
http://purl.obolibrary.org/obo/HP_0025434,Reduced circulating CH50 activity
http://purl.obolibrary.org/obo/HP_0025435,Increased circulating lactate dehydrogenase concentration
http://purl.obolibrary.org/obo/HP_0025436,Elevated serum 11-deoxycortisol
http://purl.obolibrary.org/obo/HP_0025437,Macrozoospermia
http://purl.obolibrary.org/obo/HP_0025440,Warm reactive autoantibody positivity
http://purl.obolibrary.org/obo/HP_0025443,Abnormal cardiac atrial physiology
http://purl.obolibrary.org/obo/HP_0025444,Reduced amygdala volume
http://purl.obolibrary.org/obo/HP_0025445,Abnormal papillary muscle morphology
http://purl.obolibrary.org/obo/HP_0025446,Anomalous insertion of papillary muscle directly into anterior mitral leaflet
http://purl.obolibrary.org/obo/HP_0025447,Displacement of the papillary muscles
http://purl.obolibrary.org/obo/HP_0025448,Anterior displacement of the papillary muscles
http://purl.obolibrary.org/obo/HP_0025449,Apically displaced anterolateral papillary muscle
http://purl.obolibrary.org/obo/HP_0025452,Pyoderma gangrenosum
http://purl.obolibrary.org/obo/HP_0025453,Delayed adrenarche
http://purl.obolibrary.org/obo/HP_0025460,High myoinositol in brain by MRS
http://purl.obolibrary.org/obo/HP_0025461,Abnormal cell morphology
http://purl.obolibrary.org/obo/HP_0025463,Abnormality of redox activity
http://purl.obolibrary.org/obo/HP_0025464,Increased reactive oxygen species production
http://purl.obolibrary.org/obo/HP_0025465,Abnormal circulating beta globulin concentration
http://purl.obolibrary.org/obo/HP_0025466,Beta 2-microglobulinuria
http://purl.obolibrary.org/obo/HP_0025469,Anagen effluvium
http://purl.obolibrary.org/obo/HP_0025470,Telogen effluvium
http://purl.obolibrary.org/obo/HP_0025471,Congenital panfollicular nevus
http://purl.obolibrary.org/obo/HP_0025472,Recurrent plantar mycosis
http://purl.obolibrary.org/obo/HP_0025473,Hyperpigmented papule
http://purl.obolibrary.org/obo/HP_0025474,Erythematous plaque
http://purl.obolibrary.org/obo/HP_0025475,Erythematous macule
http://purl.obolibrary.org/obo/HP_0025478,Atrial standstill
http://purl.obolibrary.org/obo/HP_0025479,Self-neglect
http://purl.obolibrary.org/obo/HP_0025480,Lipomyelomeningocele
http://purl.obolibrary.org/obo/HP_0025481,Cervical hemivertebrae
http://purl.obolibrary.org/obo/HP_0025482,Positive perchlorate discharge test
http://purl.obolibrary.org/obo/HP_0025488,Detrusor sphincter dyssynergia
http://purl.obolibrary.org/obo/HP_0025490,Myocardial bridging
http://purl.obolibrary.org/obo/HP_0025492,Microcoria
http://purl.obolibrary.org/obo/HP_0025493,Palmoplantar erythema
http://purl.obolibrary.org/obo/HP_0025498,Aceruloplasminemia
http://purl.obolibrary.org/obo/HP_0025499,Class I obesity
http://purl.obolibrary.org/obo/HP_0025500,Class II obesity
http://purl.obolibrary.org/obo/HP_0025501,Class III obesity
http://purl.obolibrary.org/obo/HP_0025502,Overweight
http://purl.obolibrary.org/obo/HP_0025505,Anomalous origin of the circumflex artery from the right sinus of Valsalva
http://purl.obolibrary.org/obo/HP_0025507,Yellow papule
http://purl.obolibrary.org/obo/HP_0025508,Gottron's papules
http://purl.obolibrary.org/obo/HP_0025509,Piezogenic pedal papules
http://purl.obolibrary.org/obo/HP_0025510,Nevus spilus
http://purl.obolibrary.org/obo/HP_0025511,Nevus sebaceus
http://purl.obolibrary.org/obo/HP_0025512,Skin-colored papule
http://purl.obolibrary.org/obo/HP_0025514,Morning glory anomaly
http://purl.obolibrary.org/obo/HP_0025515,Delayed thelarche
http://purl.obolibrary.org/obo/HP_0025516,Coronary-pulmonary artery fistula
http://purl.obolibrary.org/obo/HP_0025517,Hypoplastic hippocampus
http://purl.obolibrary.org/obo/HP_0025518,Visual gaze preference
http://purl.obolibrary.org/obo/HP_0025519,Multiple biliary hamartomas
http://purl.obolibrary.org/obo/HP_0025520,Calcinosis cutis
http://purl.obolibrary.org/obo/HP_0025521,Increased body fat percentage
http://purl.obolibrary.org/obo/HP_0025524,Palmoplantar scaling skin
http://purl.obolibrary.org/obo/HP_0025525,Scaling skin on fingertip
http://purl.obolibrary.org/obo/HP_0025526,Psoriasiform lesion
http://purl.obolibrary.org/obo/HP_0025527,Serpiginous cutaneous lesion
http://purl.obolibrary.org/obo/HP_0025528,Annular cutaneous lesion
http://purl.obolibrary.org/obo/HP_0025529,Hyperpigmented nodule
http://purl.obolibrary.org/obo/HP_0025530,Xanthomas of the palmar creases
http://purl.obolibrary.org/obo/HP_0025531,Harlequin phenomenon
http://purl.obolibrary.org/obo/HP_0025532,Positive pathergy test
http://purl.obolibrary.org/obo/HP_0025533,Peau d'orange
http://purl.obolibrary.org/obo/HP_0025534,Ocular melanocytosis
http://purl.obolibrary.org/obo/HP_0025535,Shawl sign
http://purl.obolibrary.org/obo/HP_0025536,V-sign
http://purl.obolibrary.org/obo/HP_0025537,Plantar edema
http://purl.obolibrary.org/obo/HP_0025539,Abnormal B cell subset distribution
http://purl.obolibrary.org/obo/HP_0025540,Abnormal T cell subset number
http://purl.obolibrary.org/obo/HP_0025546,Abnormal mean corpuscular hemoglobin concentration
http://purl.obolibrary.org/obo/HP_0025547,Decreased mean corpuscular hemoglobin concentration
http://purl.obolibrary.org/obo/HP_0025548,Increased mean corpuscular hemoglobin concentration
http://purl.obolibrary.org/obo/HP_0025549,Eccentric visual fixation
http://purl.obolibrary.org/obo/HP_0025551,Optic nerve misrouting
http://purl.obolibrary.org/obo/HP_0025552,Periorbital purpura
http://purl.obolibrary.org/obo/HP_0025553,Periorbital ecchymosis with tarsal plate sparing
http://purl.obolibrary.org/obo/HP_0025554,Yellow nodule
http://purl.obolibrary.org/obo/HP_0025555,Periungual teleangiectasia
http://purl.obolibrary.org/obo/HP_0025558,Lamellar cataract with riders
http://purl.obolibrary.org/obo/HP_0025559,Coronary cataract
http://purl.obolibrary.org/obo/HP_0025567,Central serous chorioretinopathy
http://purl.obolibrary.org/obo/HP_0025571,Christmas tree cataract
http://purl.obolibrary.org/obo/HP_0025572,Punctal stenosis
http://purl.obolibrary.org/obo/HP_0025573,Mild myopia
http://purl.obolibrary.org/obo/HP_0025574,Macular hemorrhage
http://purl.obolibrary.org/obo/HP_0025581,Foveal hemorrhage
http://purl.obolibrary.org/obo/HP_0025582,Submacular hemorrhage
http://purl.obolibrary.org/obo/HP_0025583,Tapetal-like fundal reflex
http://purl.obolibrary.org/obo/HP_0025584,Hypotropia
http://purl.obolibrary.org/obo/HP_0025585,Hyperphoria
http://purl.obolibrary.org/obo/HP_0025586,Hypertropia
http://purl.obolibrary.org/obo/HP_0025587,Hyperdeviation
http://purl.obolibrary.org/obo/HP_0025588,Hypodeviation
http://purl.obolibrary.org/obo/HP_0025589,Cyclodeviation
http://purl.obolibrary.org/obo/HP_0025590,Abnormal extraocular muscle physiology
http://purl.obolibrary.org/obo/HP_0025591,Abnormal superior oblique muscle physiology
http://purl.obolibrary.org/obo/HP_0025592,Superior oblique muscle weakness
http://purl.obolibrary.org/obo/HP_0025593,Superior oblique muscle restriction
http://purl.obolibrary.org/obo/HP_0025594,Superior oblique muscle overaction
http://purl.obolibrary.org/obo/HP_0025595,Superior oblique muscle underaction
http://purl.obolibrary.org/obo/HP_0025596,Abnormal inferior oblique muscle physiology
http://purl.obolibrary.org/obo/HP_0025597,Inferior oblique muscle restriction
http://purl.obolibrary.org/obo/HP_0025598,Inferior oblique muscle weakness
http://purl.obolibrary.org/obo/HP_0025599,Inferior oblique muscle overaction
http://purl.obolibrary.org/obo/HP_0025600,Abnormal inferior rectus muscle physiology
http://purl.obolibrary.org/obo/HP_0025601,Inferior rectus muscle weakness
http://purl.obolibrary.org/obo/HP_0025602,Inferior rectus muscle restriction
http://purl.obolibrary.org/obo/HP_0025603,Abnormal superior rectus muscle physiology
http://purl.obolibrary.org/obo/HP_0025604,Orbital schwannoma
http://purl.obolibrary.org/obo/HP_0025605,Lid lag on downgaze
http://purl.obolibrary.org/obo/HP_0025606,Abnormal medial rectus muscle physiology
http://purl.obolibrary.org/obo/HP_0025608,Cicatricial ectropion
http://purl.obolibrary.org/obo/HP_0025609,Anterior blepharitis
http://purl.obolibrary.org/obo/HP_0025610,Posterior blepharitis
http://purl.obolibrary.org/obo/HP_0025613,Focal emotional seizure
http://purl.obolibrary.org/obo/HP_0025615,Abscess
http://purl.obolibrary.org/obo/HP_0025616,Sterile abscess
http://purl.obolibrary.org/obo/HP_0025617,Abnormal total plasma cell count
http://purl.obolibrary.org/obo/HP_0025618,Reduced plasma cell count
http://purl.obolibrary.org/obo/HP_0025619,Elevated plasma cell count
http://purl.obolibrary.org/obo/HP_0025626,Increased circulating oleate level
http://purl.obolibrary.org/obo/HP_0025627,Increased circulating octadecanoate level
http://purl.obolibrary.org/obo/HP_0025628,Increased circulating myristoleate level
http://purl.obolibrary.org/obo/HP_0025629,Anti-myelin-associated glycoprotein antibody positivity
http://purl.obolibrary.org/obo/HP_0025630,Argininosuccinic aciduria
http://purl.obolibrary.org/obo/HP_0025631,Alpha-aminobutyric aciduria
http://purl.obolibrary.org/obo/HP_0025636,Endometritis
http://purl.obolibrary.org/obo/HP_0025637,Vasospasm
http://purl.obolibrary.org/obo/HP_0025638,Elevated urinary N-butyrylglycine
http://purl.obolibrary.org/obo/HP_0025639,Increased urinary zinc level
http://purl.obolibrary.org/obo/HP_0025640,Abnormal urinary mineral level
http://purl.obolibrary.org/obo/HP_0025643,Tarlov cyst
http://purl.obolibrary.org/obo/HP_0025644,Fixation-off epileptiform discharges
http://purl.obolibrary.org/obo/HP_0025646,Bilateral polymicrogyria
http://purl.obolibrary.org/obo/HP_0025647,Steroid-sensitive nephrotic syndrome
http://purl.obolibrary.org/obo/HP_0025648,Steroid-sensitive nephrotic syndrome with infrequent relapses
http://purl.obolibrary.org/obo/HP_0025649,Steroid-sensitive nephrotic syndrome with frequent relapses
http://purl.obolibrary.org/obo/HP_0025650,Steroid-dependent nephrotic syndrome
http://purl.obolibrary.org/obo/HP_0025656,Prenatal double bubble sign
http://purl.obolibrary.org/obo/HP_0025660,Chiari type II malformation
http://purl.obolibrary.org/obo/HP_0025661,Chiari type III malformation
http://purl.obolibrary.org/obo/HP_0025663,Reduced fetal femur/foot length ratio
http://purl.obolibrary.org/obo/HP_0025664,Moderate to late preterm birth
http://purl.obolibrary.org/obo/HP_0025665,Extremely preterm birth
http://purl.obolibrary.org/obo/HP_0025666,Very preterm birth
http://purl.obolibrary.org/obo/HP_0025670,Syntelencephaly
http://purl.obolibrary.org/obo/HP_0025671,Fetal pericardial effusion
http://purl.obolibrary.org/obo/HP_0025672,Fetal skin edema
http://purl.obolibrary.org/obo/HP_0025673,Loculated ascites
http://purl.obolibrary.org/obo/HP_0025674,Meconium pseudocyst
http://purl.obolibrary.org/obo/HP_0025675,Premature closure of the ductus arteriosus
http://purl.obolibrary.org/obo/HP_0025676,Fetal pleural effusion
http://purl.obolibrary.org/obo/HP_0025677,Fetal chylothorax
http://purl.obolibrary.org/obo/HP_0025678,Fetal hydrothorax
http://purl.obolibrary.org/obo/HP_0025679,Diskitis
http://purl.obolibrary.org/obo/HP_0025680,Compound muscle action potential amplitude facilitation
http://purl.obolibrary.org/obo/HP_0025682,Crouch gait
http://purl.obolibrary.org/obo/HP_0025691,Impaired fasting glucose
http://purl.obolibrary.org/obo/HP_0025692,Atelencephaly
http://purl.obolibrary.org/obo/HP_0025695,Mucus plug
http://purl.obolibrary.org/obo/HP_0025696,Airway casts
http://purl.obolibrary.org/obo/HP_0025697,Fibrin casts
http://purl.obolibrary.org/obo/HP_0025698,Mucin casts
http://purl.obolibrary.org/obo/HP_0025699,Perisylvian FDG hypermetabolism
http://purl.obolibrary.org/obo/HP_0025700,Anhydramnios
http://purl.obolibrary.org/obo/HP_0025701,Distended jugular lymphatic sacs
http://purl.obolibrary.org/obo/HP_0025702,Type 1 schizencephaly
http://purl.obolibrary.org/obo/HP_0025703,Type 2 schizencephaly
http://purl.obolibrary.org/obo/HP_0025704,Type 3 schizencephaly
http://purl.obolibrary.org/obo/HP_0025705,Abnormal fetal nasal bone visualization
http://purl.obolibrary.org/obo/HP_0025706,Absent fetal nasal bone
http://purl.obolibrary.org/obo/HP_0025707,Hypoplastic fetal nasal bone
http://purl.obolibrary.org/obo/HP_0025711,Convergence-retraction nystagmus
http://purl.obolibrary.org/obo/HP_0025712,Spontaneous chorioamniotic separation
http://purl.obolibrary.org/obo/HP_0025713,Neurite dystrophy
http://purl.obolibrary.org/obo/HP_0025716,Fetal anemia
http://purl.obolibrary.org/obo/HP_0025717,Skeletal muscle autophagosome accumulation
http://purl.obolibrary.org/obo/HP_0025718,Skeletal muscle hyperechogenicity
http://purl.obolibrary.org/obo/HP_0025719,Maternal vascular malperfusion
http://purl.obolibrary.org/obo/HP_0025720,Limited horizontal extraocular movement
http://purl.obolibrary.org/obo/HP_0025721,Limited vertical extraocular movement
http://purl.obolibrary.org/obo/HP_0025723,Abnormal fetal skin morphology
http://purl.obolibrary.org/obo/HP_0025724,Caseous vernix-like desquamation
http://purl.obolibrary.org/obo/HP_0025728,Periventricular pseudocyst
http://purl.obolibrary.org/obo/HP_0025729,Fetal vascular malperfusion
http://purl.obolibrary.org/obo/HP_0025730,Foramen ovale aneurysm
http://purl.obolibrary.org/obo/HP_0025731,Anti-glycosylphosphatidylinositol anchored high-density lipoprotein binding protein 1 antibody positivity
http://purl.obolibrary.org/obo/HP_0025732,Abnormal social development
http://purl.obolibrary.org/obo/HP_0025734,Elevated urinary 5-hydroxyhexanoic acid level
http://purl.obolibrary.org/obo/HP_0025737,Abnormal subthalamic nucleus morphology
http://purl.obolibrary.org/obo/HP_0025739,Optic nerve mass
http://purl.obolibrary.org/obo/HP_0025740,Elevated brain succinate level by MRS
http://purl.obolibrary.org/obo/HP_0025753,Elevated urinary 2-aminoisobutyric acid
http://purl.obolibrary.org/obo/HP_0025754,Reduced beta-hexosaminidase A activity
http://purl.obolibrary.org/obo/HP_0025762,Anti-ganglionic acetylcholine receptor antibody positivity
http://purl.obolibrary.org/obo/HP_0025764,Nasoethmoidal encephalocele
http://purl.obolibrary.org/obo/HP_0025766,Abnormal affect
http://purl.obolibrary.org/obo/HP_0025769,Disordered formal thought process
http://purl.obolibrary.org/obo/HP_0025771,Ruminations
http://purl.obolibrary.org/obo/HP_0025772,Abnormal lexical patterns
http://purl.obolibrary.org/obo/HP_0025773,Abnormal semantics
http://purl.obolibrary.org/obo/HP_0025774,Idiosyncratic use of words
http://purl.obolibrary.org/obo/HP_0025775,Tangential speech
http://purl.obolibrary.org/obo/HP_0025776,Thought insertion
http://purl.obolibrary.org/obo/HP_0025777,Thought broadcasting
http://purl.obolibrary.org/obo/HP_0025778,Thought echo
http://purl.obolibrary.org/obo/HP_0025779,Disorder of thought content
http://purl.obolibrary.org/obo/HP_0025780,Abnormal volitional state
http://purl.obolibrary.org/obo/HP_0025781,Abnormally rapid thought process
http://purl.obolibrary.org/obo/HP_0025782,Abnormal syntax
http://purl.obolibrary.org/obo/HP_0025783,Diagnostic behavioral phenotype
http://purl.obolibrary.org/obo/HP_0025784,Word salad
http://purl.obolibrary.org/obo/HP_0025785,Abnormal preoccupation
http://purl.obolibrary.org/obo/HP_0025786,Intraosseous lipoma
http://purl.obolibrary.org/obo/HP_0025787,Paraphilia
http://purl.obolibrary.org/obo/HP_0025791,Delusion of guilt
http://purl.obolibrary.org/obo/HP_0025792,Abnormal cognitive process
http://purl.obolibrary.org/obo/HP_0025793,Abnormal change in sexual drive
http://purl.obolibrary.org/obo/HP_0025794,Reduced MHC I cell surface expression
http://purl.obolibrary.org/obo/HP_0025795,Positive urine infectious agent test
http://purl.obolibrary.org/obo/HP_0025796,Positive urine Legionella pneumophila antigen test
http://purl.obolibrary.org/obo/HP_0025797,Unilateral sensorineural hearing impairment
http://purl.obolibrary.org/obo/HP_0025802,Talipes varus
http://purl.obolibrary.org/obo/HP_0025805,Absent circulating T cells
http://purl.obolibrary.org/obo/HP_0025807,Decreased natural killer cell degranulation
http://purl.obolibrary.org/obo/HP_0025808,Decreased natural killer cell-induced killing of target cells
http://purl.obolibrary.org/obo/HP_0025809,Generalized scaling
http://purl.obolibrary.org/obo/HP_0025810,Ichthyosis linearis circumflexa
http://purl.obolibrary.org/obo/HP_0025811,Trichorrhexis invaginata
http://purl.obolibrary.org/obo/HP_0025812,Seborrheic scales on scalp
http://purl.obolibrary.org/obo/HP_0025813,Eyebrow scaling skin
http://purl.obolibrary.org/obo/HP_0025814,Patchy stratum granulosum of epidermis
http://purl.obolibrary.org/obo/HP_0025815,Absent stratum granulosum of epidermis
http://purl.obolibrary.org/obo/HP_0025816,Hypogranulosis
http://purl.obolibrary.org/obo/HP_0025817,Psoriasiform acanthosis
http://purl.obolibrary.org/obo/HP_0025818,Intraepidermal microabscess formation
http://purl.obolibrary.org/obo/HP_0025819,Palmoplantar peeling
http://purl.obolibrary.org/obo/HP_0025823,Positive provocative functional shoulder test
http://purl.obolibrary.org/obo/HP_0025824,Decreased neutrophil phagocytosis
http://purl.obolibrary.org/obo/HP_0025825,Decreased neutrophil adhesion
http://purl.obolibrary.org/obo/HP_0025826,Severely decreased neutrophil count
http://purl.obolibrary.org/obo/HP_0025827,Abnormal Th1 T cell proportion
http://purl.obolibrary.org/obo/HP_0025828,Increased Th1 T cell proportion
http://purl.obolibrary.org/obo/HP_0025829,Decreased Th1 T cell proportion
http://purl.obolibrary.org/obo/HP_0025830,Abnormal Th17 T cell proportion
http://purl.obolibrary.org/obo/HP_0025831,Increased Th17 T cell proportion
http://purl.obolibrary.org/obo/HP_0025832,Decreased Th17 T cell proportion
http://purl.obolibrary.org/obo/HP_0025833,Decreased PMA/ionomycin-induced T-cell proliferation
http://purl.obolibrary.org/obo/HP_0025834,Impaired phytohemagglutinin-induced T lymphocyte transformation
http://purl.obolibrary.org/obo/HP_0025835,Decreased CD8+ T cell degranulation
http://purl.obolibrary.org/obo/HP_0025836,Increased total CD8+ T cell proportion
http://purl.obolibrary.org/obo/HP_0025837,Abnormal RTE CD4+ T cell proportion
http://purl.obolibrary.org/obo/HP_0025838,Increased RTE CD4+ T cell proportion
http://purl.obolibrary.org/obo/HP_0025839,Decreased RTE CD4+ T cell proportion
http://purl.obolibrary.org/obo/HP_0025840,Abnormal HLA-DR+ CD4+ T cell proportion
http://purl.obolibrary.org/obo/HP_0025841,Decreased HLA-DR+ CD4+ T cell proportion
http://purl.obolibrary.org/obo/HP_0025842,Abnormal HLA-DR+ CD8+ T cell proportion
http://purl.obolibrary.org/obo/HP_0025843,Increased HLA-DR+ CD8+ T cell proportion
http://purl.obolibrary.org/obo/HP_0025844,Decreased HLA-DR+ CD8+ T cell proportion
http://purl.obolibrary.org/obo/HP_0025845,Abnormal TCR repertoire
http://purl.obolibrary.org/obo/HP_0025846,Decreased natural killer cell perforin expression
http://purl.obolibrary.org/obo/HP_0025847,Fish allergy
http://purl.obolibrary.org/obo/HP_0025848,Shellfish allergy
http://purl.obolibrary.org/obo/HP_0025850,Abnormal synovial cavity morphology
http://purl.obolibrary.org/obo/HP_0030000,EMG: repetitive nerve stimulation abnormality
http://purl.obolibrary.org/obo/HP_0030001,Lagophthalmos
http://purl.obolibrary.org/obo/HP_0030002,Nocturnal lagophthalmos
http://purl.obolibrary.org/obo/HP_0030003,Paralytic lagophthalmos
http://purl.obolibrary.org/obo/HP_0030004,Cicatricial lagophthalmos
http://purl.obolibrary.org/obo/HP_0030006,Single fiber EMG abnormality
http://purl.obolibrary.org/obo/HP_0030007,EMG: positive sharp waves
http://purl.obolibrary.org/obo/HP_0030010,Hydrometrocolpos
http://purl.obolibrary.org/obo/HP_0030011,Imperforate hymen
http://purl.obolibrary.org/obo/HP_0030014,Female sexual dysfunction
http://purl.obolibrary.org/obo/HP_0030015,Female anorgasmia
http://purl.obolibrary.org/obo/HP_0030016,Dyspareunia
http://purl.obolibrary.org/obo/HP_0030017,Vaginismus
http://purl.obolibrary.org/obo/HP_0030018,Decreased female libido
http://purl.obolibrary.org/obo/HP_0030019,Increased female libido
http://purl.obolibrary.org/obo/HP_0030023,Quelprud nodule
http://purl.obolibrary.org/obo/HP_0030024,Pretragal ectopia
http://purl.obolibrary.org/obo/HP_0030030,Absent ray
http://purl.obolibrary.org/obo/HP_0030034,Glomerular basement membrane lamellation
http://purl.obolibrary.org/obo/HP_0030035,Struvite nephrolithiasis
http://purl.obolibrary.org/obo/HP_0030036,Isothenuria
http://purl.obolibrary.org/obo/HP_0030038,Enchondroma
http://purl.obolibrary.org/obo/HP_0030041,Schmorl's node
http://purl.obolibrary.org/obo/HP_0030043,Hip subluxation
http://purl.obolibrary.org/obo/HP_0030046,Hypoglycosylation of alpha-dystroglycan
http://purl.obolibrary.org/obo/HP_0030048,Colpocephaly
http://purl.obolibrary.org/obo/HP_0030051,Tip-toe gait
http://purl.obolibrary.org/obo/HP_0030052,Inguinal freckling
http://purl.obolibrary.org/obo/HP_0030054,Perifollicular fibrosis
http://purl.obolibrary.org/obo/HP_0030055,Hyperconvex toenail
http://purl.obolibrary.org/obo/HP_0030057,Autoimmune antibody positivity
http://purl.obolibrary.org/obo/HP_0030058,Sickled erythrocytes
http://purl.obolibrary.org/obo/HP_0030059,Mitochondrial depletion
http://purl.obolibrary.org/obo/HP_0030060,Nervous tissue neoplasm
http://purl.obolibrary.org/obo/HP_0030061,Neuroectodermal neoplasm
http://purl.obolibrary.org/obo/HP_0030062,Craniopharyngioma
http://purl.obolibrary.org/obo/HP_0030063,Neuroepithelial neoplasm
http://purl.obolibrary.org/obo/HP_0030064,Neurocytoma
http://purl.obolibrary.org/obo/HP_0030065,Primitive neuroectodermal tumor
http://purl.obolibrary.org/obo/HP_0030066,Ependymoblastoma
http://purl.obolibrary.org/obo/HP_0030067,Peripheral primitive neuroectodermal neoplasm
http://purl.obolibrary.org/obo/HP_0030068,Olfactory esthesioneuroblastoma
http://purl.obolibrary.org/obo/HP_0030069,Primary central nervous system lymphoma
http://purl.obolibrary.org/obo/HP_0030070,Central primitive neuroectodermal tumor
http://purl.obolibrary.org/obo/HP_0030071,Medulloepithelioma
http://purl.obolibrary.org/obo/HP_0030074,Chemodectoma
http://purl.obolibrary.org/obo/HP_0030075,Ductal carcinoma in situ
http://purl.obolibrary.org/obo/HP_0030076,Lobular carcinoma in situ
http://purl.obolibrary.org/obo/HP_0030079,Cervix cancer
http://purl.obolibrary.org/obo/HP_0030080,Burkitt lymphoma
http://purl.obolibrary.org/obo/HP_0030081,Punctate periventricular T2 hyperintense foci
http://purl.obolibrary.org/obo/HP_0030082,Abnormal drinking behavior
http://purl.obolibrary.org/obo/HP_0030083,Salt craving
http://purl.obolibrary.org/obo/HP_0030089,Abnormal muscle fiber protein expression
http://purl.obolibrary.org/obo/HP_0030090,Abnormal muscle fiber merosin expression
http://purl.obolibrary.org/obo/HP_0030091,Absent muscle fiber merosin
http://purl.obolibrary.org/obo/HP_0030092,Reduced muscle fiber merosin
http://purl.obolibrary.org/obo/HP_0030093,Abnormal muscle fiber laminin beta 1
http://purl.obolibrary.org/obo/HP_0030094,Reduced muscle fiber laminin beta 1
http://purl.obolibrary.org/obo/HP_0030095,Reduced muscle collagen VI
http://purl.obolibrary.org/obo/HP_0030096,Abnormal muscle fiber dystrophin expression
http://purl.obolibrary.org/obo/HP_0030097,Absent muscle dystrophin expression
http://purl.obolibrary.org/obo/HP_0030098,Reduced muscle dystrophin expression
http://purl.obolibrary.org/obo/HP_0030099,Reduced muscle fiber alpha dystroglycan
http://purl.obolibrary.org/obo/HP_0030100,Abnormal muscle fiber alpha sarcoglycan
http://purl.obolibrary.org/obo/HP_0030101,Absent muscle fiber alpha sarcoglycan
http://purl.obolibrary.org/obo/HP_0030102,Reduced muscle fiber alpha sarcoglycan
http://purl.obolibrary.org/obo/HP_0030103,Abnormal muscle fiber beta sarcoglycan
http://purl.obolibrary.org/obo/HP_0030104,Abnormal muscle fiber gamma sarcoglycan
http://purl.obolibrary.org/obo/HP_0030105,Abnormal muscle fiber delta sarcoglycan
http://purl.obolibrary.org/obo/HP_0030106,Absent muscle fiber beta sarcoglycan
http://purl.obolibrary.org/obo/HP_0030107,Reduced muscle fiber beta sarcoglycan
http://purl.obolibrary.org/obo/HP_0030108,Reduced muscle fiber gamma sarcoglycan
http://purl.obolibrary.org/obo/HP_0030109,Absent muscle fiber gamma sarcoglycan
http://purl.obolibrary.org/obo/HP_0030110,Absent muscle fiber delta sarcoglycan
http://purl.obolibrary.org/obo/HP_0030111,Reduced muscle fiber delta sarcoglycan
http://purl.obolibrary.org/obo/HP_0030112,Abnormal muscle fiber alpha dystroglycan
http://purl.obolibrary.org/obo/HP_0030113,Abnormal muscle fiber dysferlin
http://purl.obolibrary.org/obo/HP_0030114,Absent muscle fiber dysferlin
http://purl.obolibrary.org/obo/HP_0030115,Reduced muscle fiber dysferlin
http://purl.obolibrary.org/obo/HP_0030116,Abnormal muscle fiber emerin
http://purl.obolibrary.org/obo/HP_0030117,Absent muscle fiber emerin
http://purl.obolibrary.org/obo/HP_0030118,Reduced muscle fiber emerin
http://purl.obolibrary.org/obo/HP_0030119,Abnormal muscle fiber calpain-3
http://purl.obolibrary.org/obo/HP_0030120,Absent muscle fiber calpain-3
http://purl.obolibrary.org/obo/HP_0030121,Reduced muscle fiber calpain-3
http://purl.obolibrary.org/obo/HP_0030122,Reduced muscle fiber perlecan
http://purl.obolibrary.org/obo/HP_0030123,Abnormal muscle fiber lamin A/C
http://purl.obolibrary.org/obo/HP_0030124,Reduced muscle fiber lamin A/C
http://purl.obolibrary.org/obo/HP_0030127,Endometriosis
http://purl.obolibrary.org/obo/HP_0030129,Impaired ristocetin cofactor assay activity
http://purl.obolibrary.org/obo/HP_0030130,Impaired von Willebrand factor collagen binding activity
http://purl.obolibrary.org/obo/HP_0030131,Abnormal von Willebrand factor multimer distribution
http://purl.obolibrary.org/obo/HP_0030132,Absence of large von Willebrand factor multimers
http://purl.obolibrary.org/obo/HP_0030133,Abnormal presence of ultra-large von Willebrand factor multimers
http://purl.obolibrary.org/obo/HP_0030134,Total absence von Willebrand factor multimers
http://purl.obolibrary.org/obo/HP_0030135,Absence of intermediate von Willebrand factor multimers
http://purl.obolibrary.org/obo/HP_0030136,Enhanced ristocetin cofactor assay activity
http://purl.obolibrary.org/obo/HP_0030137,Prolonged bleeding following circumcision
http://purl.obolibrary.org/obo/HP_0030138,Excessive bleeding from superficial cuts
http://purl.obolibrary.org/obo/HP_0030139,Excessive bleeding after a venipuncture
http://purl.obolibrary.org/obo/HP_0030142,Abnormal bowel sounds
http://purl.obolibrary.org/obo/HP_0030143,Hyperactive bowel sounds
http://purl.obolibrary.org/obo/HP_0030144,Hypoactive bowel sounds
http://purl.obolibrary.org/obo/HP_0030145,Lack of bowel sounds
http://purl.obolibrary.org/obo/HP_0030147,Truncal titubation
http://purl.obolibrary.org/obo/HP_0030148,Heart murmur
http://purl.obolibrary.org/obo/HP_0030149,Cardiogenic shock
http://purl.obolibrary.org/obo/HP_0030150,Plasmacytosis
http://purl.obolibrary.org/obo/HP_0030153,Cholangiocarcinoma
http://purl.obolibrary.org/obo/HP_0030156,Bence Jones Proteinuria
http://purl.obolibrary.org/obo/HP_0030157,Flank pain
http://purl.obolibrary.org/obo/HP_0030160,Cervicitis
http://purl.obolibrary.org/obo/HP_0030164,Jaw claudication
http://purl.obolibrary.org/obo/HP_0030165,Temporal artery tortuosity
http://purl.obolibrary.org/obo/HP_0030166,Night sweats
http://purl.obolibrary.org/obo/HP_0030167,Antimitochondrial antibody positivity
http://purl.obolibrary.org/obo/HP_0030169,Gastric varix
http://purl.obolibrary.org/obo/HP_0030170,Cystic artery pseudoaneurysm
http://purl.obolibrary.org/obo/HP_0030171,Perirenal hematoma
http://purl.obolibrary.org/obo/HP_0030172,Peripheral amyelination
http://purl.obolibrary.org/obo/HP_0030176,Asymmetric peripheral demyelination
http://purl.obolibrary.org/obo/HP_0030179,Abnormal peripheral action potential amplitude
http://purl.obolibrary.org/obo/HP_0030180,Oppenheim reflex
http://purl.obolibrary.org/obo/HP_0030181,Gordon reflex
http://purl.obolibrary.org/obo/HP_0030182,Tetraplegia/tetraparesis
http://purl.obolibrary.org/obo/HP_0030183,Impaired visually enhanced vestibulo-ocular reflex
http://purl.obolibrary.org/obo/HP_0030185,Isometric tremor
http://purl.obolibrary.org/obo/HP_0030186,Kinetic tremor
http://purl.obolibrary.org/obo/HP_0030187,Titubation
http://purl.obolibrary.org/obo/HP_0030188,Tremor by anatomical site
http://purl.obolibrary.org/obo/HP_0030190,Oral motor hypotonia
http://purl.obolibrary.org/obo/HP_0030192,Fatigable weakness of bulbar muscles
http://purl.obolibrary.org/obo/HP_0030193,Fatigable weakness of chewing muscles
http://purl.obolibrary.org/obo/HP_0030194,Fatigable weakness of speech muscles
http://purl.obolibrary.org/obo/HP_0030195,Fatigable weakness of swallowing muscles
http://purl.obolibrary.org/obo/HP_0030196,Fatigable weakness of respiratory muscles
http://purl.obolibrary.org/obo/HP_0030197,Fatigable weakness of skeletal muscles
http://purl.obolibrary.org/obo/HP_0030198,Fatigable weakness of distal limb muscles
http://purl.obolibrary.org/obo/HP_0030199,Fatigable weakness of neck muscles
http://purl.obolibrary.org/obo/HP_0030200,Fatiguable weakness of proximal limb muscles
http://purl.obolibrary.org/obo/HP_0030201,Response to drugs acting on neuromuscular transmission
http://purl.obolibrary.org/obo/HP_0030202,Favorable response of weakness to acetylcholine esterase inhibitors
http://purl.obolibrary.org/obo/HP_0030203,Unfavorable response of muscle weakness to acetylcholine esterase inhibitors
http://purl.obolibrary.org/obo/HP_0030205,Increased jitter at single fiber EMG
http://purl.obolibrary.org/obo/HP_0030206,EMG: incremental response of compound muscle action potential to repetitive nerve stimulation
http://purl.obolibrary.org/obo/HP_0030207,Paradoxical respiration
http://purl.obolibrary.org/obo/HP_0030208,Anti-neuromuscular Junction acetylcholine receptor antibody positivity
http://purl.obolibrary.org/obo/HP_0030209,Calcium channel antibody positivity
http://purl.obolibrary.org/obo/HP_0030210,Anti-muscle-specific tyrosine kinase antibody
http://purl.obolibrary.org/obo/HP_0030211,Slow pupillary light response
http://purl.obolibrary.org/obo/HP_0030212,Collectionism
http://purl.obolibrary.org/obo/HP_0030213,Emotional dearth
http://purl.obolibrary.org/obo/HP_0030215,Inappropriate crying
http://purl.obolibrary.org/obo/HP_0030216,Inertia
http://purl.obolibrary.org/obo/HP_0030217,Limb apraxia
http://purl.obolibrary.org/obo/HP_0030218,Punding
http://purl.obolibrary.org/obo/HP_0030219,Semantic dementia
http://purl.obolibrary.org/obo/HP_0030221,Sweet craving
http://purl.obolibrary.org/obo/HP_0030222,Visual agnosia
http://purl.obolibrary.org/obo/HP_0030223,Perseverative thought
http://purl.obolibrary.org/obo/HP_0030224,Abnormal muscle fiber desmin
http://purl.obolibrary.org/obo/HP_0030225,Accumulation of muscle fiber desmin
http://purl.obolibrary.org/obo/HP_0030226,Abnormal muscle fiber myotilin
http://purl.obolibrary.org/obo/HP_0030227,Accumulation of muscle fiber myotilin
http://purl.obolibrary.org/obo/HP_0030228,Abnormal muscle fiber valosin-containing protein
http://purl.obolibrary.org/obo/HP_0030229,Accumulation of muscle fiber valosin-containing protein
http://purl.obolibrary.org/obo/HP_0030230,Central core regions in muscle fibers
http://purl.obolibrary.org/obo/HP_0030231,Glycogen accumulation in muscle fiber lysosomes
http://purl.obolibrary.org/obo/HP_0030232,Increased sarcoplasmic glycogen
http://purl.obolibrary.org/obo/HP_0030233,Bethlem sign
http://purl.obolibrary.org/obo/HP_0030234,Highly elevated creatine kinase
http://purl.obolibrary.org/obo/HP_0030235,Extremely elevated creatine kinase
http://purl.obolibrary.org/obo/HP_0030236,Abnormality of muscle size
http://purl.obolibrary.org/obo/HP_0030249,Enanthema
http://purl.obolibrary.org/obo/HP_0030252,Absent circulating B cells
http://purl.obolibrary.org/obo/HP_0030257,Freckled genitalia
http://purl.obolibrary.org/obo/HP_0030258,Hyperpigmented genitalia
http://purl.obolibrary.org/obo/HP_0030259,Hypopigmented genitalia
http://purl.obolibrary.org/obo/HP_0030260,Microphallus
http://purl.obolibrary.org/obo/HP_0030268,Hyperplastic callus formation
http://purl.obolibrary.org/obo/HP_0030269,Increased circulating insulin-like growth factor 1 concentration
http://purl.obolibrary.org/obo/HP_0030270,Elevated red cell adenosine deaminase activity
http://purl.obolibrary.org/obo/HP_0030271,"Reduced erythrocyte 2,3-diphosphoglycerate concentration"
http://purl.obolibrary.org/obo/HP_0030272,Abnormal erythrocyte enzyme concentration or activity
http://purl.obolibrary.org/obo/HP_0030273,Reduced red cell adenosine deaminase level
http://purl.obolibrary.org/obo/HP_0030294,Metaphyseal chondromatosis of tibia
http://purl.obolibrary.org/obo/HP_0030295,Metaphyseal chondromatosis of femur
http://purl.obolibrary.org/obo/HP_0030296,Metaphyseal chondromatosis of radius
http://purl.obolibrary.org/obo/HP_0030297,Metaphyseal chondromatosis of ulna
http://purl.obolibrary.org/obo/HP_0030298,Metaphyseal chondromatosis of humerus
http://purl.obolibrary.org/obo/HP_0030310,Upper extremity joint dislocation
http://purl.obolibrary.org/obo/HP_0030311,Lower extremity joint dislocation
http://purl.obolibrary.org/obo/HP_0030312,Obliteration of the calvarial diploe
http://purl.obolibrary.org/obo/HP_0030314,Periostosis
http://purl.obolibrary.org/obo/HP_0030318,Angular cheilitis
http://purl.obolibrary.org/obo/HP_0030325,Cervicomedullary schisis
http://purl.obolibrary.org/obo/HP_0030326,Abnormal macrophage count
http://purl.obolibrary.org/obo/HP_0030327,Abnormal osteoclast count
http://purl.obolibrary.org/obo/HP_0030328,Decreased osteoclast count
http://purl.obolibrary.org/obo/HP_0030329,Retinal thinning on OCT
http://purl.obolibrary.org/obo/HP_0030331,Impaired stimulus-induced skin wrinkling
http://purl.obolibrary.org/obo/HP_0030341,Decreased circulating follicle stimulating hormone concentration
http://purl.obolibrary.org/obo/HP_0030346,Abnormal circulating follicle-stimulating hormone concentration
http://purl.obolibrary.org/obo/HP_0030350,Erythematous papule
http://purl.obolibrary.org/obo/HP_0030351,Urticarial plaque
http://purl.obolibrary.org/obo/HP_0030352,Abnormal circulating insulin-like growth factor 1 concentration
http://purl.obolibrary.org/obo/HP_0030353,Decreased circulating insulin-like growth factor 1 concentration
http://purl.obolibrary.org/obo/HP_0030355,Abnormal circulating interferon-gamma concentration
http://purl.obolibrary.org/obo/HP_0030356,Increased circulating interferon-gamma concentration
http://purl.obolibrary.org/obo/HP_0030362,Reduced muscle carnitine level
http://purl.obolibrary.org/obo/HP_0030363,Primary Caesarian section
http://purl.obolibrary.org/obo/HP_0030364,Secondary Caesarian section
http://purl.obolibrary.org/obo/HP_0030365,Vaginal birth after Caesarean
http://purl.obolibrary.org/obo/HP_0030366,Delivery by Odon device
http://purl.obolibrary.org/obo/HP_0030369,Induced vaginal delivery
http://purl.obolibrary.org/obo/HP_0030390,Reduced circulating leukotriene C4 concentration
http://purl.obolibrary.org/obo/HP_0030391,Spoken word recognition deficit
http://purl.obolibrary.org/obo/HP_0030393,Endolymphatic sac tumor
http://purl.obolibrary.org/obo/HP_0030394,Fallopian tube carcinoma
http://purl.obolibrary.org/obo/HP_0030396,Abnormal platelet granule secretion
http://purl.obolibrary.org/obo/HP_0030397,Abnormal platelet dense granule secretion
http://purl.obolibrary.org/obo/HP_0030398,Abnormal platelet ATP dense granule secretion
http://purl.obolibrary.org/obo/HP_0030399,Abnormal platelet alpha granule secretion
http://purl.obolibrary.org/obo/HP_0030400,Abnormal platelet lysosome secretion
http://purl.obolibrary.org/obo/HP_0030401,Abnormal platelet dense granule ATP/ADP ratio
http://purl.obolibrary.org/obo/HP_0030402,Abnormal platelet aggregation
http://purl.obolibrary.org/obo/HP_0030403,Spontaneous platelet aggregation
http://purl.obolibrary.org/obo/HP_0030404,Glucagonoma
http://purl.obolibrary.org/obo/HP_0030406,Primary peritoneal carcinoma
http://purl.obolibrary.org/obo/HP_0030407,Pineocytoma
http://purl.obolibrary.org/obo/HP_0030408,Pineoblastoma
http://purl.obolibrary.org/obo/HP_0030410,Sebaceous gland carcinoma
http://purl.obolibrary.org/obo/HP_0030411,Jejunal adenocarcinoma
http://purl.obolibrary.org/obo/HP_0030412,Ileal adenocarcinoma
http://purl.obolibrary.org/obo/HP_0030416,Vulvar neoplasm
http://purl.obolibrary.org/obo/HP_0030417,Squamous cell carcinoma of the vulva
http://purl.obolibrary.org/obo/HP_0030418,Vulvar melanoma
http://purl.obolibrary.org/obo/HP_0030419,Bartholin gland carcinoma
http://purl.obolibrary.org/obo/HP_0030420,Vulvar adenocarcinoma
http://purl.obolibrary.org/obo/HP_0030421,Epididymal neoplasm
http://purl.obolibrary.org/obo/HP_0030426,Ossifying fibroma
http://purl.obolibrary.org/obo/HP_0030427,Ossifying fibroma of the jaw
http://purl.obolibrary.org/obo/HP_0030428,Cutaneous myxoma
http://purl.obolibrary.org/obo/HP_0030429,Juvenile nasopharyngeal angiofibroma
http://purl.obolibrary.org/obo/HP_0030430,Neuroma
http://purl.obolibrary.org/obo/HP_0030431,Osteochondroma
http://purl.obolibrary.org/obo/HP_0030432,Chondroblastoma
http://purl.obolibrary.org/obo/HP_0030433,Osteoid osteoma
http://purl.obolibrary.org/obo/HP_0030434,Pilomatrixoma
http://purl.obolibrary.org/obo/HP_0030436,Fibrofolliculoma
http://purl.obolibrary.org/obo/HP_0030440,Anal margin neoplasm
http://purl.obolibrary.org/obo/HP_0030441,Anal margin Paget's disease
http://purl.obolibrary.org/obo/HP_0030442,Anal margin squamous cell carcinoma
http://purl.obolibrary.org/obo/HP_0030443,Anal margin basal cell carcinoma
http://purl.obolibrary.org/obo/HP_0030444,Anal margin melanoma
http://purl.obolibrary.org/obo/HP_0030445,Pulmonary carcinoid tumor
http://purl.obolibrary.org/obo/HP_0030446,Atypical pulmonary carcinoid tumor
http://purl.obolibrary.org/obo/HP_0030447,Merkel cell skin cancer
http://purl.obolibrary.org/obo/HP_0030448,Soft tissue sarcoma
http://purl.obolibrary.org/obo/HP_0030449,Therapeutic abortion
http://purl.obolibrary.org/obo/HP_0030453,Abnormal visual electrophysiology
http://purl.obolibrary.org/obo/HP_0030454,Abnormal electrooculogram
http://purl.obolibrary.org/obo/HP_0030455,Abnormality of pattern visual evoked potentials
http://purl.obolibrary.org/obo/HP_0030456,Abnormality of pattern onset/offset visual evoked potentials
http://purl.obolibrary.org/obo/HP_0030457,Abnormal amplitude of pattern onset/offset visual evoked potentials
http://purl.obolibrary.org/obo/HP_0030458,Abnormal timing of pattern onset/offset visual evoked potentials
http://purl.obolibrary.org/obo/HP_0030460,Abnormal timing of pattern reversal visual evoked potentials
http://purl.obolibrary.org/obo/HP_0030461,Abnormal timing of flash visual evoked potentials
http://purl.obolibrary.org/obo/HP_0030462,Abnormal amplitude of flash visual evoked potentials
http://purl.obolibrary.org/obo/HP_0030463,Asymmetrical distribution of flash visual evoked potentials
http://purl.obolibrary.org/obo/HP_0030464,Asymmetrical distribution of pattern reversal visual evoked potentials
http://purl.obolibrary.org/obo/HP_0030465,Undetectable light-adapted electroretinogram
http://purl.obolibrary.org/obo/HP_0030466,Abnormal full-field electroretinogram
http://purl.obolibrary.org/obo/HP_0030467,Abnormal pattern electroretinogram
http://purl.obolibrary.org/obo/HP_0030468,Abnormal multifocal electroretinogram
http://purl.obolibrary.org/obo/HP_0030469,Abnormal dark-adapted electroretinogram
http://purl.obolibrary.org/obo/HP_0030470,Abnormal dark-adapted bright flash electroretinogram
http://purl.obolibrary.org/obo/HP_0030471,Abnormal dark-adapted dim flash electroretinogram
http://purl.obolibrary.org/obo/HP_0030472,Abnormal light-adapted single flash electroretinogram
http://purl.obolibrary.org/obo/HP_0030473,Abnormal light-adapted flicker electroretinogram
http://purl.obolibrary.org/obo/HP_0030474,Undetectable dark-adapted electroretinogram
http://purl.obolibrary.org/obo/HP_0030475,Abnormal timing of dark-adapted dim flash electroretinogram
http://purl.obolibrary.org/obo/HP_0030476,Abnormal amplitude of dark-adapted dim flash electroretinogram
http://purl.obolibrary.org/obo/HP_0030477,Abnormal timing of dark-adapted bright flash electroretinogram
http://purl.obolibrary.org/obo/HP_0030478,Abnormal amplitude of dark-adapted bright flash electroretinogram
http://purl.obolibrary.org/obo/HP_0030479,Abnormal amplitude of light-adapted flicker electroretinogram
http://purl.obolibrary.org/obo/HP_0030480,Abnormal timing of light-adapted flicker electroretinogram
http://purl.obolibrary.org/obo/HP_0030481,Abnormal amplitude of light-adapted single flash electroretinogram
http://purl.obolibrary.org/obo/HP_0030482,Abnormal timing of light-adapted single flash electroretinogram
http://purl.obolibrary.org/obo/HP_0030483,Reduced amplitude of dark-adapted bright flash electroretinogram a-wave
http://purl.obolibrary.org/obo/HP_0030484,Supernormal dark-adapted bright flash electroretinogram b-wave
http://purl.obolibrary.org/obo/HP_0030485,Abnormal amplitude of pattern electroretinogram
http://purl.obolibrary.org/obo/HP_0030486,Abnormal timing of pattern electroretinogram
http://purl.obolibrary.org/obo/HP_0030487,Abnormal P50/N95 ratio of pattern electroretinogram
http://purl.obolibrary.org/obo/HP_0030488,Abnormal central response of multifocal electroretinogram
http://purl.obolibrary.org/obo/HP_0030489,Abnormal paracentral response of multifocal electroretinogram
http://purl.obolibrary.org/obo/HP_0030490,Exudative vitreoretinopathy
http://purl.obolibrary.org/obo/HP_0030491,Choriocapillaris atrophy
http://purl.obolibrary.org/obo/HP_0030496,Macular exudate
http://purl.obolibrary.org/obo/HP_0030497,Macular cotton wool spot
http://purl.obolibrary.org/obo/HP_0030498,Macular thickening
http://purl.obolibrary.org/obo/HP_0030499,Macular drusen
http://purl.obolibrary.org/obo/HP_0030500,Yellow/white macular lesion
http://purl.obolibrary.org/obo/HP_0030501,Macular crystals
http://purl.obolibrary.org/obo/HP_0030502,Retinoschisis
http://purl.obolibrary.org/obo/HP_0030503,Macular telangiectasia
http://purl.obolibrary.org/obo/HP_0030504,Clustered congenital hypertrophy of retinal pigment epithelium
http://purl.obolibrary.org/obo/HP_0030511,Bradyopsia
http://purl.obolibrary.org/obo/HP_0030512,Difficulty adjusting to changes in luminance
http://purl.obolibrary.org/obo/HP_0030513,Difficulty adjusting from light to dark
http://purl.obolibrary.org/obo/HP_0030514,Difficulty adjusting from dark to light
http://purl.obolibrary.org/obo/HP_0030515,Moderately reduced visual acuity
http://purl.obolibrary.org/obo/HP_0030516,Homonymous hemianopia
http://purl.obolibrary.org/obo/HP_0030517,Heteronymous hemianopia
http://purl.obolibrary.org/obo/HP_0030518,Congruous homonymous hemianopia
http://purl.obolibrary.org/obo/HP_0030519,Congruous heteronymous hemianopia
http://purl.obolibrary.org/obo/HP_0030520,Binasal hemianopia
http://purl.obolibrary.org/obo/HP_0030521,Bitemporal hemianopia
http://purl.obolibrary.org/obo/HP_0030522,Mild constriction of peripheral visual field
http://purl.obolibrary.org/obo/HP_0030525,Moderate constriction of peripheral visual field
http://purl.obolibrary.org/obo/HP_0030526,Severe constriction of peripheral visual field
http://purl.obolibrary.org/obo/HP_0030527,Very severe constriction of peripheral visual field
http://purl.obolibrary.org/obo/HP_0030528,Paracentral scotoma
http://purl.obolibrary.org/obo/HP_0030529,Ring scotoma
http://purl.obolibrary.org/obo/HP_0030530,Arcuate scotoma
http://purl.obolibrary.org/obo/HP_0030531,Altitudinal visual field defect
http://purl.obolibrary.org/obo/HP_0030532,Visual acuity test abnormality
http://purl.obolibrary.org/obo/HP_0030533,Abnormal unaided visual acuity test
http://purl.obolibrary.org/obo/HP_0030534,Abnormal best corrected visual acuity test
http://purl.obolibrary.org/obo/HP_0030535,Abnormal pinhole visual acuity test
http://purl.obolibrary.org/obo/HP_0030536,Unaided visual acuity 0.1 LogMAR
http://purl.obolibrary.org/obo/HP_0030537,Unaided visual acuity 0.2 LogMAR
http://purl.obolibrary.org/obo/HP_0030538,Unaided visual acuity 0.3 LogMAR
http://purl.obolibrary.org/obo/HP_0030539,Unaided visual acuity 0.4 LogMAR
http://purl.obolibrary.org/obo/HP_0030540,Unaided visual acuity 0.5 LogMAR
http://purl.obolibrary.org/obo/HP_0030541,Unaided visual acuity 0.6 LogMAR
http://purl.obolibrary.org/obo/HP_0030542,Unaided visual acuity 0.7 LogMAR
http://purl.obolibrary.org/obo/HP_0030543,Unaided visual acuity 0.8 LogMAR
http://purl.obolibrary.org/obo/HP_0030544,Unaided visual acuity 0.9 LogMAR
http://purl.obolibrary.org/obo/HP_0030545,Unaided visual acuity 1.0 LogMAR
http://purl.obolibrary.org/obo/HP_0030546,Unaided visual acuity 1.1 LogMAR
http://purl.obolibrary.org/obo/HP_0030547,Unaided visual acuity 1.2 LogMAR
http://purl.obolibrary.org/obo/HP_0030548,Unaided visual acuity 1.3 LogMAR
http://purl.obolibrary.org/obo/HP_0030549,Unaided visual acuity 2.0 LogMAR
http://purl.obolibrary.org/obo/HP_0030550,Unaided visual acuity 3.0 LogMAR
http://purl.obolibrary.org/obo/HP_0030551,Visual acuity light perception with projection
http://purl.obolibrary.org/obo/HP_0030552,Visual acuity light perception without projection
http://purl.obolibrary.org/obo/HP_0030553,Visual acuity no light perception
http://purl.obolibrary.org/obo/HP_0030554,Best corrected visual acuity 0.1 LogMAR
http://purl.obolibrary.org/obo/HP_0030555,Best corrected visual acuity 0.2 LogMAR
http://purl.obolibrary.org/obo/HP_0030556,Best corrected visual acuity 0.3 LogMAR
http://purl.obolibrary.org/obo/HP_0030557,Best corrected visual acuity 0.4 LogMAR
http://purl.obolibrary.org/obo/HP_0030558,Best corrected visual acuity 0.5 LogMAR
http://purl.obolibrary.org/obo/HP_0030559,Best corrected visual acuity 0.7 LogMAR
http://purl.obolibrary.org/obo/HP_0030560,Best corrected visual acuity 0.6 LogMAR
http://purl.obolibrary.org/obo/HP_0030561,Best corrected visual acuity 0.8 LogMAR
http://purl.obolibrary.org/obo/HP_0030562,Best corrected visual acuity 0.9 LogMAR
http://purl.obolibrary.org/obo/HP_0030563,Best corrected visual acuity 1.0 LogMAR
http://purl.obolibrary.org/obo/HP_0030564,Best corrected visual acuity 1.1 LogMAR
http://purl.obolibrary.org/obo/HP_0030565,Best corrected visual acuity 1.2 LogMAR
http://purl.obolibrary.org/obo/HP_0030566,Best corrected visual acuity 1.3 LogMAR
http://purl.obolibrary.org/obo/HP_0030567,Best corrected visual acuity 2.0 LogMAR
http://purl.obolibrary.org/obo/HP_0030568,Best corrected visual acuity 3.0 LogMAR
http://purl.obolibrary.org/obo/HP_0030569,Pinhole visual acuity 0.1 LogMAR
http://purl.obolibrary.org/obo/HP_0030570,Pinhole visual acuity 0.2 LogMAR
http://purl.obolibrary.org/obo/HP_0030571,Pinhole visual acuity 0.3 LogMAR
http://purl.obolibrary.org/obo/HP_0030572,Pinhole visual acuity 0.4 LogMAR
http://purl.obolibrary.org/obo/HP_0030573,Pinhole visual acuity 0.5 LogMAR
http://purl.obolibrary.org/obo/HP_0030574,Pinhole visual acuity 0.6 LogMAR
http://purl.obolibrary.org/obo/HP_0030575,Pinhole visual acuity 0.7 LogMAR
http://purl.obolibrary.org/obo/HP_0030576,Pinhole visual acuity 0.8 LogMAR
http://purl.obolibrary.org/obo/HP_0030577,Pinhole visual acuity 0.9 LogMAR
http://purl.obolibrary.org/obo/HP_0030578,Pinhole visual acuity 1.0 LogMAR
http://purl.obolibrary.org/obo/HP_0030579,Pinhole visual acuity 1.1 LogMAR
http://purl.obolibrary.org/obo/HP_0030580,Pinhole visual acuity 1.2 LogMAR
http://purl.obolibrary.org/obo/HP_0030581,Pinhole visual acuity 1.3 LogMAR
http://purl.obolibrary.org/obo/HP_0030582,Pinhole visual acuity 2.0 LogMAR
http://purl.obolibrary.org/obo/HP_0030583,Pinhole visual acuity 3.0 LogMAR
http://purl.obolibrary.org/obo/HP_0030584,Color vision test abnormality
http://purl.obolibrary.org/obo/HP_0030585,Red desaturation
http://purl.obolibrary.org/obo/HP_0030586,Abnormal Ishihara plate test
http://purl.obolibrary.org/obo/HP_0030587,Abnormal Hardy-Rand-Rittler plate test
http://purl.obolibrary.org/obo/HP_0030588,Abnormal visual field test
http://purl.obolibrary.org/obo/HP_0030589,Abnormal confrontational visual field test
http://purl.obolibrary.org/obo/HP_0030590,Abnormal Amsler grid test
http://purl.obolibrary.org/obo/HP_0030591,Abnormal kinetic perimetry test
http://purl.obolibrary.org/obo/HP_0030592,Abnormal static perimetry test
http://purl.obolibrary.org/obo/HP_0030593,Abnormal manual kinetic perimetry test
http://purl.obolibrary.org/obo/HP_0030594,Abnormal automated kinetic perimetry test
http://purl.obolibrary.org/obo/HP_0030595,Abnormal static automated perimetry test
http://purl.obolibrary.org/obo/HP_0030596,Abnormal Humphrey SITA 30-2 perimetry test
http://purl.obolibrary.org/obo/HP_0030597,Abnormal Humphrey SITA 24-2 perimetry test
http://purl.obolibrary.org/obo/HP_0030598,Abnormal Humphrey SITA 10-2 perimetry test
http://purl.obolibrary.org/obo/HP_0030599,Abnormal Esterman grid perimetry test
http://purl.obolibrary.org/obo/HP_0030601,Abnormal posterior segment imaging
http://purl.obolibrary.org/obo/HP_0030602,Abnormal fundus autofluorescence imaging
http://purl.obolibrary.org/obo/HP_0030603,Abnormal optical coherence tomography
http://purl.obolibrary.org/obo/HP_0030604,Abnormal fundus fluorescein angiography
http://purl.obolibrary.org/obo/HP_0030605,Abnormal indocyanine green angiography
http://purl.obolibrary.org/obo/HP_0030606,Abnormal OCT-measured macular thickness
http://purl.obolibrary.org/obo/HP_0030607,Reduced OCT-measured macular thickness
http://purl.obolibrary.org/obo/HP_0030608,Increased OCT-measured macular thickness
http://purl.obolibrary.org/obo/HP_0030609,Photoreceptor layer loss on macular OCT
http://purl.obolibrary.org/obo/HP_0030610,Photoreceptor outer segment loss on macular OCT
http://purl.obolibrary.org/obo/HP_0030611,Retinal pigment epithelial loss on macular OCT
http://purl.obolibrary.org/obo/HP_0030612,Abnormal retinal morphology on macular OCT
http://purl.obolibrary.org/obo/HP_0030613,Abnormal foveal morphology on macular OCT
http://purl.obolibrary.org/obo/HP_0030614,Foveal photoreceptor layer loss on macular OCT
http://purl.obolibrary.org/obo/HP_0030615,Foveal photoreceptor outer segment loss on macular OCT
http://purl.obolibrary.org/obo/HP_0030616,Foveal retinal pigment epithelial loss on macular OCT
http://purl.obolibrary.org/obo/HP_0030617,Abnormal OCT-measured foveal thickness
http://purl.obolibrary.org/obo/HP_0030618,Increased OCT-measured foveal thickness
http://purl.obolibrary.org/obo/HP_0030619,Reduced OCT-measured foveal thickness
http://purl.obolibrary.org/obo/HP_0030620,Inner retinal layer loss on macular OCT
http://purl.obolibrary.org/obo/HP_0030621,Foveal inner retinal layer loss on macular OCT
http://purl.obolibrary.org/obo/HP_0030622,Abnormal foveal pit on macular OCT
http://purl.obolibrary.org/obo/HP_0030623,Intraretinal hyporeflective spaces on macular OCT
http://purl.obolibrary.org/obo/HP_0030624,Subretinal hyporeflective spaces on macular OCT
http://purl.obolibrary.org/obo/HP_0030625,Hyporeflective spaces on macular OCT
http://purl.obolibrary.org/obo/HP_0030626,Foveal intraretinal hyporeflective spaces on macular OCT
http://purl.obolibrary.org/obo/HP_0030627,Foveal hyporeflective spaces on macular OCT
http://purl.obolibrary.org/obo/HP_0030628,Foveal subretinal hyporeflective spaces on macular OCT
http://purl.obolibrary.org/obo/HP_0030629,Perifoveal ring of hyperautofluorescence
http://purl.obolibrary.org/obo/HP_0030630,Irregular central macular autofluorescence
http://purl.obolibrary.org/obo/HP_0030631,Hyperautofluorescent macular lesion
http://purl.obolibrary.org/obo/HP_0030632,Hypoautofluorescent macular lesion
http://purl.obolibrary.org/obo/HP_0030633,Perifoveal ring of hyperautofluorescence surrounded by normal autofluorescence
http://purl.obolibrary.org/obo/HP_0030634,Perifoveal ring of hyperautofluorescence surrounded by abnormal autofluorescence
http://purl.obolibrary.org/obo/HP_0030636,Occult macular dystrophy
http://purl.obolibrary.org/obo/HP_0030637,Congenital stationary cone dysfunction
http://purl.obolibrary.org/obo/HP_0030644,Blind-spot enlargement
http://purl.obolibrary.org/obo/HP_0030659,Velamentous cord insertion
http://purl.obolibrary.org/obo/HP_0030660,Furcate cord insertion
http://purl.obolibrary.org/obo/HP_0030664,Beevor's sign
http://purl.obolibrary.org/obo/HP_0030665,Rubral tremor
http://purl.obolibrary.org/obo/HP_0030668,Periorbital dermoid cyst
http://purl.obolibrary.org/obo/HP_0030672,Asteroid hyalosis
http://purl.obolibrary.org/obo/HP_0030673,Erosive vitreoretinopathy
http://purl.obolibrary.org/obo/HP_0030679,Ash-leaf spot
http://purl.obolibrary.org/obo/HP_0030682,Left ventricular noncompaction
http://purl.obolibrary.org/obo/HP_0030684,Abnormal adiponectin level
http://purl.obolibrary.org/obo/HP_0030685,Decreased adiponectin level
http://purl.obolibrary.org/obo/HP_0030686,Increased adiponectin level
http://purl.obolibrary.org/obo/HP_0030691,Divergence nystagmus
http://purl.obolibrary.org/obo/HP_0030693,Supratentorial neoplasm
http://purl.obolibrary.org/obo/HP_0030694,Pineal parenchymal cell neoplasm
http://purl.obolibrary.org/obo/HP_0030706,Ranula
http://purl.obolibrary.org/obo/HP_0030708,Myeloschisis
http://purl.obolibrary.org/obo/HP_0030709,Myelocystocele
http://purl.obolibrary.org/obo/HP_0030710,Lipomeningocele
http://purl.obolibrary.org/obo/HP_0030711,Hydrocolpos
http://purl.obolibrary.org/obo/HP_0030713,Vein of Galen aneurysmal malformation
http://purl.obolibrary.org/obo/HP_0030714,Subchorionic thrombohematoma
http://purl.obolibrary.org/obo/HP_0030716,Acrania
http://purl.obolibrary.org/obo/HP_0030717,Meconium peritonitis
http://purl.obolibrary.org/obo/HP_0030720,Subchorionic septal cyst
http://purl.obolibrary.org/obo/HP_0030721,Tetraphocomelia
http://purl.obolibrary.org/obo/HP_0030723,Congenital megalourethra
http://purl.obolibrary.org/obo/HP_0030725,Neurenteric cyst
http://purl.obolibrary.org/obo/HP_0030726,Spinal neurenteric cyst
http://purl.obolibrary.org/obo/HP_0030727,Intracranial neurenteric cyst
http://purl.obolibrary.org/obo/HP_0030728,Meromelia
http://purl.obolibrary.org/obo/HP_0030729,Frontoethmoidal meningocele
http://purl.obolibrary.org/obo/HP_0030730,Parietal meningocele
http://purl.obolibrary.org/obo/HP_0030731,Carcinoma
http://purl.obolibrary.org/obo/HP_0030733,Vesicoallantoic abdominal wall defect
http://purl.obolibrary.org/obo/HP_0030736,Sacrococcygeal teratoma
http://purl.obolibrary.org/obo/HP_0030737,Altman type I sacrococcygeal teratoma
http://purl.obolibrary.org/obo/HP_0030738,Altman type II sacrococcygeal teratoma
http://purl.obolibrary.org/obo/HP_0030739,Altman type III sacrococcygeal teratoma
http://purl.obolibrary.org/obo/HP_0030741,Mediastinal teratoma
http://purl.obolibrary.org/obo/HP_0030742,Glial remnants posterior to lens
http://purl.obolibrary.org/obo/HP_0030743,Glial remnants anterior to the optic disc
http://purl.obolibrary.org/obo/HP_0030744,Hyaloid vascular remnant and retrolental mass
http://purl.obolibrary.org/obo/HP_0030745,Dilatation of the ductus arteriosus
http://purl.obolibrary.org/obo/HP_0030746,Intraventricular hemorrhage
http://purl.obolibrary.org/obo/HP_0030747,Preterm intraventricular hemorrhage
http://purl.obolibrary.org/obo/HP_0030748,Grade I preterm intraventricular hemorrhage
http://purl.obolibrary.org/obo/HP_0030749,Grade II preterm intraventricular hemorrhage
http://purl.obolibrary.org/obo/HP_0030750,Grade III preterm intraventricular hemorrhage
http://purl.obolibrary.org/obo/HP_0030751,Grade IV preterm intraventricular hemorrhage
http://purl.obolibrary.org/obo/HP_0030752,Dacryocystocele
http://purl.obolibrary.org/obo/HP_0030753,Intrauterine fetal demise of one twin after midgestation
http://purl.obolibrary.org/obo/HP_0030754,Allantoic cyst
http://purl.obolibrary.org/obo/HP_0030755,Craniofacial teratoma
http://purl.obolibrary.org/obo/HP_0030756,Erythrodontia
http://purl.obolibrary.org/obo/HP_0030759,Adipocyte hypertrophy
http://purl.obolibrary.org/obo/HP_0030762,Mesangiolysis
http://purl.obolibrary.org/obo/HP_0030763,Amniotic Sheet
http://purl.obolibrary.org/obo/HP_0030764,Ochronosis
http://purl.obolibrary.org/obo/HP_0030765,Sleep terror
http://purl.obolibrary.org/obo/HP_0030767,Epignathus
http://purl.obolibrary.org/obo/HP_0030769,Exencephaly
http://purl.obolibrary.org/obo/HP_0030770,Craniorachischisis
http://purl.obolibrary.org/obo/HP_0030773,Internuclear ophthalmoplegia
http://purl.obolibrary.org/obo/HP_0030774,Mitochondrial swelling
http://purl.obolibrary.org/obo/HP_0030775,Modic type vertebral endplate changes
http://purl.obolibrary.org/obo/HP_0030776,Modic type I vertebral endplate changes
http://purl.obolibrary.org/obo/HP_0030777,Modic type II vertebral endplate changes
http://purl.obolibrary.org/obo/HP_0030778,Modic type III vertebral endplate changes
http://purl.obolibrary.org/obo/HP_0030779,Ethmocephaly
http://purl.obolibrary.org/obo/HP_0030780,Abnormality of the protein C anticoagulant pathway
http://purl.obolibrary.org/obo/HP_0030781,Increased circulating free fatty acid level
http://purl.obolibrary.org/obo/HP_0030783,Increased circulating interleukin 6 concentration
http://purl.obolibrary.org/obo/HP_0030784,Anomic aphasia
http://purl.obolibrary.org/obo/HP_0030785,Mediastinal cystic lymphangioma
http://purl.obolibrary.org/obo/HP_0030786,Photopsia
http://purl.obolibrary.org/obo/HP_0030787,Cerumen abnormality
http://purl.obolibrary.org/obo/HP_0030788,Impacted cerumen
http://purl.obolibrary.org/obo/HP_0030789,Excessive cerumen
http://purl.obolibrary.org/obo/HP_0030790,Abnormal cerumen color
http://purl.obolibrary.org/obo/HP_0030791,Abnormal jaw morphology
http://purl.obolibrary.org/obo/HP_0030792,Jaw neoplasm
http://purl.obolibrary.org/obo/HP_0030793,Jaw swelling
http://purl.obolibrary.org/obo/HP_0030797,Reduced volume of central subdivision of bed nucleus of stria terminalis
http://purl.obolibrary.org/obo/HP_0030798,Abnormality of the bed nucleus of stria terminalis
http://purl.obolibrary.org/obo/HP_0030799,Scaphocephaly
http://purl.obolibrary.org/obo/HP_0030800,Abnormal visual accommodation
http://purl.obolibrary.org/obo/HP_0030801,Reduced visual accommodation
http://purl.obolibrary.org/obo/HP_0030803,Platonychia
http://purl.obolibrary.org/obo/HP_0030804,Trachyonychia
http://purl.obolibrary.org/obo/HP_0030805,Absent lunula
http://purl.obolibrary.org/obo/HP_0030808,Ragged cuticle
http://purl.obolibrary.org/obo/HP_0030824,Mizuo phenomenon
http://purl.obolibrary.org/obo/HP_0030828,Wheezing
http://purl.obolibrary.org/obo/HP_0030829,Abnormal breath sound
http://purl.obolibrary.org/obo/HP_0030830,Crackles
http://purl.obolibrary.org/obo/HP_0030831,Rhonchi
http://purl.obolibrary.org/obo/HP_0030833,Neck pain
http://purl.obolibrary.org/obo/HP_0030834,Shoulder pain
http://purl.obolibrary.org/obo/HP_0030835,Elbow pain
http://purl.obolibrary.org/obo/HP_0030836,Wrist pain
http://purl.obolibrary.org/obo/HP_0030837,Finger pain
http://purl.obolibrary.org/obo/HP_0030838,Hip pain
http://purl.obolibrary.org/obo/HP_0030839,Knee pain
http://purl.obolibrary.org/obo/HP_0030840,Ankle pain
http://purl.obolibrary.org/obo/HP_0030841,Toe pain
http://purl.obolibrary.org/obo/HP_0030842,Choking episodes
http://purl.obolibrary.org/obo/HP_0030844,Undetectable pattern electroretinogram
http://purl.obolibrary.org/obo/HP_0030849,Hepatojugular reflux
http://purl.obolibrary.org/obo/HP_0030850,Abnormal pulse pressure
http://purl.obolibrary.org/obo/HP_0030851,Low pulse pressure
http://purl.obolibrary.org/obo/HP_0030852,High pulse pressure
http://purl.obolibrary.org/obo/HP_0030853,Heterotaxy
http://purl.obolibrary.org/obo/HP_0030855,Anterior staphyloma
http://purl.obolibrary.org/obo/HP_0030856,Posterior staphyloma
http://purl.obolibrary.org/obo/HP_0030857,Eye movement-induced pain
http://purl.obolibrary.org/obo/HP_0030858,Addictive behavior
http://purl.obolibrary.org/obo/HP_0030859,Anti-topoisomerase I antibody positivity
http://purl.obolibrary.org/obo/HP_0030863,Nasal flaring
http://purl.obolibrary.org/obo/HP_0030864,Intercostal retractions
http://purl.obolibrary.org/obo/HP_0030867,Vertical orbital dystopia
http://purl.obolibrary.org/obo/HP_0030868,Monorchism
http://purl.obolibrary.org/obo/HP_0030869,Anorchism
http://purl.obolibrary.org/obo/HP_0030872,Abnormal cardiac ventricular function
http://purl.obolibrary.org/obo/HP_0030873,Anti-centromere antibody positivity
http://purl.obolibrary.org/obo/HP_0030874,Oxygen desaturation on exertion
http://purl.obolibrary.org/obo/HP_0030875,Abnormality of pulmonary circulation
http://purl.obolibrary.org/obo/HP_0030876,Increased pulmonary capillary wedge pressure
http://purl.obolibrary.org/obo/HP_0030877,Reduced FEV1/FVC ratio
http://purl.obolibrary.org/obo/HP_0030878,Abnormality on pulmonary function testing
http://purl.obolibrary.org/obo/HP_0030879,Interlobular septal thickening
http://purl.obolibrary.org/obo/HP_0030880,Raynaud phenomenon
http://purl.obolibrary.org/obo/HP_0030881,Shoulder impingement
http://purl.obolibrary.org/obo/HP_0030883,Femoroacetabular impingement
http://purl.obolibrary.org/obo/HP_0030884,Gastrojejunal tube feeding in infancy
http://purl.obolibrary.org/obo/HP_0030885,Recurrent parasitic infections
http://purl.obolibrary.org/obo/HP_0030886,Abnormal T cell apoptosis
http://purl.obolibrary.org/obo/HP_0030887,Increased T cell apoptosis
http://purl.obolibrary.org/obo/HP_0030888,C3 nephritic factor positivity
http://purl.obolibrary.org/obo/HP_0030891,Periventricular white matter hyperintensities
http://purl.obolibrary.org/obo/HP_0030893,Abnormal response to short acting pulmonary vasodilator
http://purl.obolibrary.org/obo/HP_0030894,Insufficient response to short acting pulmonary vasodilator
http://purl.obolibrary.org/obo/HP_0030895,Abnormal gastrointestinal motility
http://purl.obolibrary.org/obo/HP_0030896,Abnormal gastrointestinal transit time
http://purl.obolibrary.org/obo/HP_0030897,Decreased intestinal transit time
http://purl.obolibrary.org/obo/HP_0030898,Pruritis on abdomen
http://purl.obolibrary.org/obo/HP_0030899,Pruritis on hand
http://purl.obolibrary.org/obo/HP_0030900,Pruritus on foot
http://purl.obolibrary.org/obo/HP_0030901,Pruritis on breast
http://purl.obolibrary.org/obo/HP_0030902,Palmomental reflex
http://purl.obolibrary.org/obo/HP_0030903,Grasp reflex
http://purl.obolibrary.org/obo/HP_0030904,Glabellar reflex
http://purl.obolibrary.org/obo/HP_0030905,Snout reflex
http://purl.obolibrary.org/obo/HP_0030906,Suck reflex
http://purl.obolibrary.org/obo/HP_0030907,Thunderclap headache
http://purl.obolibrary.org/obo/HP_0030908,Liver kidney microsome type 1 antibody positivity
http://purl.obolibrary.org/obo/HP_0030909,Anti-liver cytosolic antigen type 1 antibody positivity
http://purl.obolibrary.org/obo/HP_0030917,Low APGAR score
http://purl.obolibrary.org/obo/HP_0030918,Low 1-minute APGAR score
http://purl.obolibrary.org/obo/HP_0030919,Low 5-minute APGAR score
http://purl.obolibrary.org/obo/HP_0030920,5-minute APGAR score of 0
http://purl.obolibrary.org/obo/HP_0030921,5-minute APGAR score of 1
http://purl.obolibrary.org/obo/HP_0030922,5-minute APGAR score of 2
http://purl.obolibrary.org/obo/HP_0030923,5-minute APGAR score of 3
http://purl.obolibrary.org/obo/HP_0030924,5-minute APGAR score of 4
http://purl.obolibrary.org/obo/HP_0030925,5-minute APGAR score of 5
http://purl.obolibrary.org/obo/HP_0030926,5-minute APGAR score of 6
http://purl.obolibrary.org/obo/HP_0030927,1-minute APGAR score of 0
http://purl.obolibrary.org/obo/HP_0030928,1-minute APGAR score of 1
http://purl.obolibrary.org/obo/HP_0030929,1-minute APGAR score of 2
http://purl.obolibrary.org/obo/HP_0030930,1-minute APGAR score of 3
http://purl.obolibrary.org/obo/HP_0030931,1-minute APGAR score of 4
http://purl.obolibrary.org/obo/HP_0030932,1-minute APGAR score of 5
http://purl.obolibrary.org/obo/HP_0030933,1-minute APGAR score of 6
http://purl.obolibrary.org/obo/HP_0030936,Abnormal layering of muscularis propria
http://purl.obolibrary.org/obo/HP_0030937,Fibrotic muscularis propria
http://purl.obolibrary.org/obo/HP_0030938,Enteric intraneuronal nuclear inclusion bodies
http://purl.obolibrary.org/obo/HP_0030943,Vulvodynia
http://purl.obolibrary.org/obo/HP_0030948,Elevated gamma-glutamyltransferase level
http://purl.obolibrary.org/obo/HP_0030949,Glomerular deposits
http://purl.obolibrary.org/obo/HP_0030950,Pulmonary venous hypertension
http://purl.obolibrary.org/obo/HP_0030951,Skeletal muscle fibrosis
http://purl.obolibrary.org/obo/HP_0030955,Addictive alcohol use
http://purl.obolibrary.org/obo/HP_0030957,Ventricular septal aneurysm
http://purl.obolibrary.org/obo/HP_0030959,Muscular ventricular septal aneurysm
http://purl.obolibrary.org/obo/HP_0030961,Microspherophakia
http://purl.obolibrary.org/obo/HP_0030970,Abnormal vena cava physiology
http://purl.obolibrary.org/obo/HP_0030973,Postexertional symptom exacerbation
http://purl.obolibrary.org/obo/HP_0030974,Cryptozoospermia
http://purl.obolibrary.org/obo/HP_0030975,Pontine tegmental cap
http://purl.obolibrary.org/obo/HP_0030976,Abnormal factor VIII activity
http://purl.obolibrary.org/obo/HP_0030977,Increased factor VIII activity
http://purl.obolibrary.org/obo/HP_0030980,Reduced brain glutamine level by MRS
http://purl.obolibrary.org/obo/HP_0030986,Biliary epithelial hyperplasia
http://purl.obolibrary.org/obo/HP_0030987,Suppurative cholangitis
http://purl.obolibrary.org/obo/HP_0030988,Granulomatous cholangitis
http://purl.obolibrary.org/obo/HP_0030989,Lymphoid cholangitis
http://purl.obolibrary.org/obo/HP_0030990,Pleomorphic cholangitis
http://purl.obolibrary.org/obo/HP_0030991,Sclerosing cholangitis
http://purl.obolibrary.org/obo/HP_0030996,Megaduodenum
http://purl.obolibrary.org/obo/HP_0030997,Atretic vas deferens
http://purl.obolibrary.org/obo/HP_0030999,Abnormal vestibular saccule morphology
http://purl.obolibrary.org/obo/HP_0031000,Vestibular saccular degeneration
http://purl.obolibrary.org/obo/HP_0031001,Minifascicle formation
http://purl.obolibrary.org/obo/HP_0031002,Neuritis
http://purl.obolibrary.org/obo/HP_0031003,Polyneuritis
http://purl.obolibrary.org/obo/HP_0031004,Hemiareflexia
http://purl.obolibrary.org/obo/HP_0031006,Acroparesthesia
http://purl.obolibrary.org/obo/HP_0031007,Orofacial action-specific dystonia induced by speech
http://purl.obolibrary.org/obo/HP_0031008,Lingual dystonia
http://purl.obolibrary.org/obo/HP_0031009,Ainhum
http://purl.obolibrary.org/obo/HP_0031011,Fatty streak
http://purl.obolibrary.org/obo/HP_0031012,Thin-cap fibroatheroma
http://purl.obolibrary.org/obo/HP_0031013,Ankylosis
http://purl.obolibrary.org/obo/HP_0031016,Alternating radiolucent and radiodense metaphyseal lines
http://purl.obolibrary.org/obo/HP_0031017,Swiss cheese atrial septal defect
http://purl.obolibrary.org/obo/HP_0031018,Eccrine syringofibroadenoma
http://purl.obolibrary.org/obo/HP_0031019,Pyknotic bone marrow neutrophils
http://purl.obolibrary.org/obo/HP_0031020,Bone marrow hypercellularity
http://purl.obolibrary.org/obo/HP_0031021,Squamous Papilloma
http://purl.obolibrary.org/obo/HP_0031022,Oropharyngeal squamous papilloma
http://purl.obolibrary.org/obo/HP_0031023,Multiple mucosal neuromas
http://purl.obolibrary.org/obo/HP_0031024,Cylindroma
http://purl.obolibrary.org/obo/HP_0031025,Gastric leiomyosarcoma
http://purl.obolibrary.org/obo/HP_0031026,Snail-like ilia
http://purl.obolibrary.org/obo/HP_0031028,Lactescent serum
http://purl.obolibrary.org/obo/HP_0031029,Elevated circulating CEA concentration
http://purl.obolibrary.org/obo/HP_0031031,Abnormal circulating retinol-binding protein concentration
http://purl.obolibrary.org/obo/HP_0031032,Decreased circulating retinol-binding protein concentration
http://purl.obolibrary.org/obo/HP_0031033,Impaired urinary acidification
http://purl.obolibrary.org/obo/HP_0031035,Chronic infection
http://purl.obolibrary.org/obo/HP_0031036,Decreased circulating GH-binding protein concentration
http://purl.obolibrary.org/obo/HP_0031037,Reduced insulin-like factor 3 level
http://purl.obolibrary.org/obo/HP_0031038,Spermatogenesis maturation arrest
http://purl.obolibrary.org/obo/HP_0031039,Spermatocyte maturation arrest
http://purl.obolibrary.org/obo/HP_0031040,Round spermatid arrest
http://purl.obolibrary.org/obo/HP_0031043,Type A4 brachydactyly
http://purl.obolibrary.org/obo/HP_0031044,Type A5 brachydactyly
http://purl.obolibrary.org/obo/HP_0031045,Acral blistering
http://purl.obolibrary.org/obo/HP_0031047,Paraproteinemia
http://purl.obolibrary.org/obo/HP_0031048,Light-chain paraproteinemia
http://purl.obolibrary.org/obo/HP_0031049,Heavy-chain paraproteinemia
http://purl.obolibrary.org/obo/HP_0031050,Whole-immunoglobulin paraproteinemia
http://purl.obolibrary.org/obo/HP_0031052,Elevated vascular endothelial growth factor level
http://purl.obolibrary.org/obo/HP_0031056,Fusiform cerebral aneurysm
http://purl.obolibrary.org/obo/HP_0031057,Skin fissure
http://purl.obolibrary.org/obo/HP_0031058,Impairment of activities of daily living
http://purl.obolibrary.org/obo/HP_0031059,Impaired ability to bathe oneself
http://purl.obolibrary.org/obo/HP_0031060,Impaired ability to dress oneself
http://purl.obolibrary.org/obo/HP_0031061,Impaired toileting ability
http://purl.obolibrary.org/obo/HP_0031062,Impaired transferring ability
http://purl.obolibrary.org/obo/HP_0031063,Impaired feeding ability
http://purl.obolibrary.org/obo/HP_0031064,Impaired continence
http://purl.obolibrary.org/obo/HP_0031074,Abnormal response to ACTH stimulation test
http://purl.obolibrary.org/obo/HP_0031075,Abnormal response to insulin tolerance test
http://purl.obolibrary.org/obo/HP_0031076,Impaired cortisol response to insulin stimulation test
http://purl.obolibrary.org/obo/HP_0031077,Abnormal response to corticotropin releasing hormone stimulation test
http://purl.obolibrary.org/obo/HP_0031078,Impaired cortisol response to corticotropin releasing hormone stimulation test
http://purl.obolibrary.org/obo/HP_0031079,Impaired growth-hormone response to insulin stimulation test
http://purl.obolibrary.org/obo/HP_0031080,Abnormal response to glucagon stimulation test
http://purl.obolibrary.org/obo/HP_0031081,Impaired cortisol response to glucagon stimulation test
http://purl.obolibrary.org/obo/HP_0031082,Impaired growth-hormone response to glucagon stimulation test
http://purl.obolibrary.org/obo/HP_0031083,Abnormal response to human chorionic gonadotrophin stimulation test
http://purl.obolibrary.org/obo/HP_0031084,Excessive insulin response to glucagon test
http://purl.obolibrary.org/obo/HP_0031087,Absent pubertal growth spurt
http://purl.obolibrary.org/obo/HP_0031096,Delayed vertebral ossification
http://purl.obolibrary.org/obo/HP_0031097,Abnormal circulating thyroid-stimulating hormone concentration
http://purl.obolibrary.org/obo/HP_0031098,Decreased thyroid-stimulating hormone level
http://purl.obolibrary.org/obo/HP_0031099,Abnormal circulating inhibin level
http://purl.obolibrary.org/obo/HP_0031100,Decreased circulating inhibin B concentration
http://purl.obolibrary.org/obo/HP_0031101,Abnormal circulating antimullerian hormone concentration
http://purl.obolibrary.org/obo/HP_0031102,Increased circulating antimullerian hormone concentration
http://purl.obolibrary.org/obo/HP_0031103,Decreased circulating antimullerian hormone circulation
http://purl.obolibrary.org/obo/HP_0031104,Insulin receptor antibody positivity
http://purl.obolibrary.org/obo/HP_0031108,Triceps weakness
http://purl.obolibrary.org/obo/HP_0031109,Agalactia
http://purl.obolibrary.org/obo/HP_0031110,Twin-to-twin transfusion
http://purl.obolibrary.org/obo/HP_0031111,Cutaneous hamartoma
http://purl.obolibrary.org/obo/HP_0031123,Recurrent gastroenteritis
http://purl.obolibrary.org/obo/HP_0031124,Decreased platelet thromboxane A2 receptor
http://purl.obolibrary.org/obo/HP_0031125,Decreased platelet alpha-2A-adrenergic receptor
http://purl.obolibrary.org/obo/HP_0031126,Impaired clot retraction
http://purl.obolibrary.org/obo/HP_0031127,Impaired convulxin-induced platelet aggregation
http://purl.obolibrary.org/obo/HP_0031128,Impaired collagen-related peptide-induced platelet aggregation
http://purl.obolibrary.org/obo/HP_0031129,Impaired phorbol myristate acetate-induced platelet aggregation
http://purl.obolibrary.org/obo/HP_0031130,Impaired calcium ionophore-induced platelet aggregation
http://purl.obolibrary.org/obo/HP_0031131,Abnormal platelet phosphatidylserine exposure
http://purl.obolibrary.org/obo/HP_0031132,Impaired annexin V binding to platelet phosphatidylserine
http://purl.obolibrary.org/obo/HP_0031133,Increased annexin V binding to platelet phosphatidylserine
http://purl.obolibrary.org/obo/HP_0031134,Cor triatriatum sinister
http://purl.obolibrary.org/obo/HP_0031136,Decreased acrosin in sperm head
http://purl.obolibrary.org/obo/HP_0031137,Storage in hepatocytes
http://purl.obolibrary.org/obo/HP_0031138,Abnormal circulating B-type natriuretic peptide concentration
http://purl.obolibrary.org/obo/HP_0031139,Frog-leg posture
http://purl.obolibrary.org/obo/HP_0031146,Impaired oral bolus formation
http://purl.obolibrary.org/obo/HP_0031150,Vitreomacular adhesion
http://purl.obolibrary.org/obo/HP_0031151,Vitreomacular traction
http://purl.obolibrary.org/obo/HP_0031155,Increased Arden ratio of electrooculogram
http://purl.obolibrary.org/obo/HP_0031156,Decreased platelet glycoprotein Ib
http://purl.obolibrary.org/obo/HP_0031157,Carotid cavernous fistula
http://purl.obolibrary.org/obo/HP_0031158,Widened atrophic scar
http://purl.obolibrary.org/obo/HP_0031160,Myelokathexis
http://purl.obolibrary.org/obo/HP_0031161,Reduced brain glutamate level by MRS
http://purl.obolibrary.org/obo/HP_0031162,Impaired oropharyngeal swallow response
http://purl.obolibrary.org/obo/HP_0031164,Growth arrest lines
http://purl.obolibrary.org/obo/HP_0031165,Multifocal seizures
http://purl.obolibrary.org/obo/HP_0031166,Eyelid myokymia
http://purl.obolibrary.org/obo/HP_0031169,Postterm pregnancy
http://purl.obolibrary.org/obo/HP_0031170,Female fetal virilization
http://purl.obolibrary.org/obo/HP_0031172,Sectoral retinitis pigmentosa
http://purl.obolibrary.org/obo/HP_0031173,Tibial spur
http://purl.obolibrary.org/obo/HP_0031177,Finger flexor weakness
http://purl.obolibrary.org/obo/HP_0031179,Nuchal rigidity
http://purl.obolibrary.org/obo/HP_0031180,Erythema migrans
http://purl.obolibrary.org/obo/HP_0031181,Necrolytic migratory erythema
http://purl.obolibrary.org/obo/HP_0031185,Elevated circulating NT-proBNP concentration
http://purl.obolibrary.org/obo/HP_0031186,Abnormal circulating deoxycorticosterone level
http://purl.obolibrary.org/obo/HP_0031187,Abnormal circulating pregnenolone concentration
http://purl.obolibrary.org/obo/HP_0031188,Genital edema
http://purl.obolibrary.org/obo/HP_0031189,Wrist drop
http://purl.obolibrary.org/obo/HP_0031190,Superficial dermal perivascular inflammatory infiltrate
http://purl.obolibrary.org/obo/HP_0031191,Deep dermal perivascular inflammatory infiltrate
http://purl.obolibrary.org/obo/HP_0031192,Abnormal morphology of left ventricular trabeculae
http://purl.obolibrary.org/obo/HP_0031193,Abnormal morphology of right ventricular trabeculae
http://purl.obolibrary.org/obo/HP_0031194,Increased density of left ventricular trabeculae
http://purl.obolibrary.org/obo/HP_0031195,Apical hypertrabeculation of the left ventricle
http://purl.obolibrary.org/obo/HP_0031197,Cellular urinary casts
http://purl.obolibrary.org/obo/HP_0031198,Renal tubular epithelial cell casts
http://purl.obolibrary.org/obo/HP_0031199,Acellular urinary casts
http://purl.obolibrary.org/obo/HP_0031200,Hyaline casts
http://purl.obolibrary.org/obo/HP_0031201,Granular casts
http://purl.obolibrary.org/obo/HP_0031202,Waxy casts
http://purl.obolibrary.org/obo/HP_0031203,Fatty casts
http://purl.obolibrary.org/obo/HP_0031204,Bacterial cell casts
http://purl.obolibrary.org/obo/HP_0031205,Reduced lysosomal acid lipase activity
http://purl.obolibrary.org/obo/HP_0031208,Increased pituitary glycoprotein hormone alpha subunit level
http://purl.obolibrary.org/obo/HP_0031209,Decreased circulating lipoprotein lipase concentration
http://purl.obolibrary.org/obo/HP_0031213,Elevated circulating 17-hydroxyprogesterone concentration
http://purl.obolibrary.org/obo/HP_0031214,Decreased circulating dehydroepiandrosterone concentration
http://purl.obolibrary.org/obo/HP_0031215,Decreased circulating dehydroepiandrosterone-sulfate concentration
http://purl.obolibrary.org/obo/HP_0031217,Hot flashes
http://purl.obolibrary.org/obo/HP_0031218,Inappropriate antidiuretic hormone secretion
http://purl.obolibrary.org/obo/HP_0031219,Reduced radioactive iodine uptake
http://purl.obolibrary.org/obo/HP_0031220,Increased radioactive iodine uptake
http://purl.obolibrary.org/obo/HP_0031221,Abnormal radioactive iodine uptake test result
http://purl.obolibrary.org/obo/HP_0031225,Intrapulmonary shunt
http://purl.obolibrary.org/obo/HP_0031226,Perinephric fluid collection
http://purl.obolibrary.org/obo/HP_0031227,Nasopharyngeal teratoma
http://purl.obolibrary.org/obo/HP_0031228,Abnormal incisura morphology
http://purl.obolibrary.org/obo/HP_0031229,Increased incisura length
http://purl.obolibrary.org/obo/HP_0031230,Decreased incisura length
http://purl.obolibrary.org/obo/HP_0031231,Narrow incisura width
http://purl.obolibrary.org/obo/HP_0031232,Increased incisura width
http://purl.obolibrary.org/obo/HP_0031234,Neutrophilic infiltration of the skin
http://purl.obolibrary.org/obo/HP_0031235,Predominantly epidermal neutrophilic infiltrate
http://purl.obolibrary.org/obo/HP_0031236,Predominantly dermal neutrophilic infiltrate
http://purl.obolibrary.org/obo/HP_0031237,Internally nucleated skeletal muscle fibers
http://purl.obolibrary.org/obo/HP_0031238,Necklace skeletal muscle fibers
http://purl.obolibrary.org/obo/HP_0031245,Productive cough
http://purl.obolibrary.org/obo/HP_0031246,Nonproductive cough
http://purl.obolibrary.org/obo/HP_0031247,Whooping cough
http://purl.obolibrary.org/obo/HP_0031248,Palmar pruritus
http://purl.obolibrary.org/obo/HP_0031249,Parageusia
http://purl.obolibrary.org/obo/HP_0031251,Abnormal subclavian artery morphology
http://purl.obolibrary.org/obo/HP_0031252,Dilated left subclavian artery
http://purl.obolibrary.org/obo/HP_0031253,Anomalous origin of left subclavian artery
http://purl.obolibrary.org/obo/HP_0031254,Thalamic arteriovenous malformation
http://purl.obolibrary.org/obo/HP_0031256,Optic nerve arteriovenous malformation
http://purl.obolibrary.org/obo/HP_0031258,Delirium
http://purl.obolibrary.org/obo/HP_0031259,Oophoritis
http://purl.obolibrary.org/obo/HP_0031261,Bladder polyp
http://purl.obolibrary.org/obo/HP_0031264,Abnormal Bowman capsule morphology
http://purl.obolibrary.org/obo/HP_0031265,Abnormal glomerular visceral epithelial cell morphology
http://purl.obolibrary.org/obo/HP_0031266,Podocyte foot process effacement
http://purl.obolibrary.org/obo/HP_0031267,Abnormal CD69 upregulation upon TCR activation
http://purl.obolibrary.org/obo/HP_0031268,Decreased CD69 upregulation upon TCR activation
http://purl.obolibrary.org/obo/HP_0031269,Abnormal CD25 upregulation upon TCR activation
http://purl.obolibrary.org/obo/HP_0031270,Decreased CD25 upregulation upon TCR activation
http://purl.obolibrary.org/obo/HP_0031271,Absent ankle pulse
http://purl.obolibrary.org/obo/HP_0031273,Shock
http://purl.obolibrary.org/obo/HP_0031274,Hypovolemic shock
http://purl.obolibrary.org/obo/HP_0031275,Distributive shock
http://purl.obolibrary.org/obo/HP_0031276,Obstructive shock
http://purl.obolibrary.org/obo/HP_0031279,Abnormal response to gonadotropin-releasing hormone stimulation test
http://purl.obolibrary.org/obo/HP_0031280,Increased LH response to gonadotropin-releasing hormone stimulation test
http://purl.obolibrary.org/obo/HP_0031284,Flushing
http://purl.obolibrary.org/obo/HP_0031285,Abnormal perifollicular morphology
http://purl.obolibrary.org/obo/HP_0031286,Perifollicular erythema
http://purl.obolibrary.org/obo/HP_0031287,Seborrheic keratosis
http://purl.obolibrary.org/obo/HP_0031288,Cobblestone-like hyperkeratosis
http://purl.obolibrary.org/obo/HP_0031289,White papule
http://purl.obolibrary.org/obo/HP_0031290,Tuberous xanthoma
http://purl.obolibrary.org/obo/HP_0031291,Ichthyosis follicularis
http://purl.obolibrary.org/obo/HP_0031292,Cutaneous abscess
http://purl.obolibrary.org/obo/HP_0031293,Digital pitting scar
http://purl.obolibrary.org/obo/HP_0031296,Atrial septal hypertrophy
http://purl.obolibrary.org/obo/HP_0031299,Elevated left atrial pressure
http://purl.obolibrary.org/obo/HP_0031318,Myofiber disarray
http://purl.obolibrary.org/obo/HP_0031319,Cardiomyocyte hypertrophy
http://purl.obolibrary.org/obo/HP_0031320,Cardiomyocyte mitochondrial proliferation
http://purl.obolibrary.org/obo/HP_0031331,Abnormal cardiomyocyte morphology
http://purl.obolibrary.org/obo/HP_0031332,Cardiomyocyte degeneration
http://purl.obolibrary.org/obo/HP_0031333,Myocardial sarcomeric disarray
http://purl.obolibrary.org/obo/HP_0031334,Cardiomyocyte inclusion bodies
http://purl.obolibrary.org/obo/HP_0031335,Abnormal cardiomyocyte mitochondrial morphology
http://purl.obolibrary.org/obo/HP_0031336,Intranuclear cardiomyocyte mitochondria
http://purl.obolibrary.org/obo/HP_0031337,Abnormal cardiomyocyte connexin43 staining
http://purl.obolibrary.org/obo/HP_0031338,Abnormal cardiomyocyte plakoglobin staining
http://purl.obolibrary.org/obo/HP_0031339,Abnormal cardiomyocyte dystrophin staining
http://purl.obolibrary.org/obo/HP_0031340,Abnormal lysosomal morphology
http://purl.obolibrary.org/obo/HP_0031341,Gastric arteriovenous malformation
http://purl.obolibrary.org/obo/HP_0031342,Duodenal arteriovenous malformation
http://purl.obolibrary.org/obo/HP_0031343,Jejunal arteriovenous malformation
http://purl.obolibrary.org/obo/HP_0031344,Pelvic arteriovenous malformation
http://purl.obolibrary.org/obo/HP_0031345,Colonic arteriovenous malformation
http://purl.obolibrary.org/obo/HP_0031346,Rectal arteriovenous malformation
http://purl.obolibrary.org/obo/HP_0031347,Uterine arteriovenous malformation
http://purl.obolibrary.org/obo/HP_0031348,Dextrotransposition of the great arteries
http://purl.obolibrary.org/obo/HP_0031352,Chest tightness
http://purl.obolibrary.org/obo/HP_0031353,Otitis media with effusion
http://purl.obolibrary.org/obo/HP_0031354,Sleep onset insomnia
http://purl.obolibrary.org/obo/HP_0031355,Maintenance insomnia
http://purl.obolibrary.org/obo/HP_0031356,Terminal insomnia
http://purl.obolibrary.org/obo/HP_0031357,Glomeruloid hemangioma
http://purl.obolibrary.org/obo/HP_0031358,Vegetative state
http://purl.obolibrary.org/obo/HP_0031359,Cutaneous sclerotic plaque
http://purl.obolibrary.org/obo/HP_0031360,Yellow skin plaque
http://purl.obolibrary.org/obo/HP_0031361,Zebra bodies
http://purl.obolibrary.org/obo/HP_0031363,Palpable purpura
http://purl.obolibrary.org/obo/HP_0031364,Ecchymosis
http://purl.obolibrary.org/obo/HP_0031365,Macular purpura
http://purl.obolibrary.org/obo/HP_0031366,Palate neoplasm
http://purl.obolibrary.org/obo/HP_0031367,Metaphyseal striations
http://purl.obolibrary.org/obo/HP_0031369,Colon perforation
http://purl.obolibrary.org/obo/HP_0031371,Rectal perforation
http://purl.obolibrary.org/obo/HP_0031372,Cold paresis
http://purl.obolibrary.org/obo/HP_0031374,Ankle weakness
http://purl.obolibrary.org/obo/HP_0031377,Abnormal cell proliferation
http://purl.obolibrary.org/obo/HP_0031378,Abnormal lymphocyte proliferation
http://purl.obolibrary.org/obo/HP_0031379,Abnormal T cell proliferation
http://purl.obolibrary.org/obo/HP_0031380,Abnormal B cell proliferation
http://purl.obolibrary.org/obo/HP_0031381,Decreased mitogen-induced T-cell proliferation
http://purl.obolibrary.org/obo/HP_0031382,Decreased anti-CD3/28-induced T-cell proliferation
http://purl.obolibrary.org/obo/HP_0031383,Abnormal lymphocyte surface marker expression
http://purl.obolibrary.org/obo/HP_0031384,Reduced T cell CD40 expression
http://purl.obolibrary.org/obo/HP_0031385,Megakaryocyte nucleus hypolobulation
http://purl.obolibrary.org/obo/HP_0031386,Increased micromegakaryocyte count
http://purl.obolibrary.org/obo/HP_0031387,Increased multinucleated megakaryocyte count
http://purl.obolibrary.org/obo/HP_0031388,Megakaryocyte nucleus hyperlobulation
http://purl.obolibrary.org/obo/HP_0031389,Abnormal MHC II cell surface expression
http://purl.obolibrary.org/obo/HP_0031390,Reduced MHC II cell surface expression
http://purl.obolibrary.org/obo/HP_0031391,Elevated MHC II cell surface expression
http://purl.obolibrary.org/obo/HP_0031394,Abnormal CD4:CD8 ratio
http://purl.obolibrary.org/obo/HP_0031399,Abnormal double-negative T cell proportion
http://purl.obolibrary.org/obo/HP_0031401,Decreased double-negative T cell number
http://purl.obolibrary.org/obo/HP_0031402,Decreased antigen-specific T cell proliferation
http://purl.obolibrary.org/obo/HP_0031403,Impaired pathogen-specific CD8 cytoxicity
http://purl.obolibrary.org/obo/HP_0031404,Impaired antigen-specific response
http://purl.obolibrary.org/obo/HP_0031405,Poroma
http://purl.obolibrary.org/obo/HP_0031406,Abnormal cytokine signaling
http://purl.obolibrary.org/obo/HP_0031407,Impaired cytokine signaling
http://purl.obolibrary.org/obo/HP_0031408,Increased CD25+ mast cell proportion
http://purl.obolibrary.org/obo/HP_0031409,Abnormal lymphocyte physiology
http://purl.obolibrary.org/obo/HP_0031410,Abnormal distribution of CD56 bright/dim natural killer cells
http://purl.obolibrary.org/obo/HP_0031411,Abnormal chromosome morphology
http://purl.obolibrary.org/obo/HP_0031412,Abnormal telomere morphology
http://purl.obolibrary.org/obo/HP_0031413,Short telomere length
http://purl.obolibrary.org/obo/HP_0031416,Abnormal nasal mucus secretion
http://purl.obolibrary.org/obo/HP_0031417,Rhinorrhea
http://purl.obolibrary.org/obo/HP_0031418,Increased body mass index
http://purl.obolibrary.org/obo/HP_0031420,Small yellow/white macular lesion
http://purl.obolibrary.org/obo/HP_0031421,Small superior frontal cortex
http://purl.obolibrary.org/obo/HP_0031424,Abnormal circulating beta-CTX concentration
http://purl.obolibrary.org/obo/HP_0031425,Elevated circulating beta-CTX concentration
http://purl.obolibrary.org/obo/HP_0031426,Decreased circulating beta-CTX concentration
http://purl.obolibrary.org/obo/HP_0031427,Abnormal circulating osteocalcin level
http://purl.obolibrary.org/obo/HP_0031428,Increased circulating osteocalcin level
http://purl.obolibrary.org/obo/HP_0031429,Decreased circulating osteocalcin level
http://purl.obolibrary.org/obo/HP_0031430,Oligoclonal T cell expansion
http://purl.obolibrary.org/obo/HP_0031431,Persistent repetition of sounds
http://purl.obolibrary.org/obo/HP_0031432,Restricted or repetitive behaviors or interests
http://purl.obolibrary.org/obo/HP_0031433,Alexithymia
http://purl.obolibrary.org/obo/HP_0031434,Abnormal prosody
http://purl.obolibrary.org/obo/HP_0031435,Monotonic speech
http://purl.obolibrary.org/obo/HP_0031436,Singsong Intonation
http://purl.obolibrary.org/obo/HP_0031439,Abnormal circulating angiostatin concentration
http://purl.obolibrary.org/obo/HP_0031444,Dilatation of the tricuspid annulus
http://purl.obolibrary.org/obo/HP_0031448,Herpetiform vesicles
http://purl.obolibrary.org/obo/HP_0031449,Perineal hemangioma
http://purl.obolibrary.org/obo/HP_0031452,Lichenoid skin lesion
http://purl.obolibrary.org/obo/HP_0031454,Apocrine hidrocystoma
http://purl.obolibrary.org/obo/HP_0031455,Presacral ganglioneuroma
http://purl.obolibrary.org/obo/HP_0031457,Pulmonary opacity
http://purl.obolibrary.org/obo/HP_0031458,Adenoiditis
http://purl.obolibrary.org/obo/HP_0031459,Soft tissue neoplasm
http://purl.obolibrary.org/obo/HP_0031460,Benign muscle neoplasm
http://purl.obolibrary.org/obo/HP_0031461,Intramuscular myxoma
http://purl.obolibrary.org/obo/HP_0031462,Musculotendinous retraction
http://purl.obolibrary.org/obo/HP_0031464,Genital blistering
http://purl.obolibrary.org/obo/HP_0031465,Abnormal vasa vasorum morphology
http://purl.obolibrary.org/obo/HP_0031466,Impairment in personality functioning
http://purl.obolibrary.org/obo/HP_0031467,Dysregulated negative emotional state
http://purl.obolibrary.org/obo/HP_0031468,Separation insecurity
http://purl.obolibrary.org/obo/HP_0031469,Low self-esteem
http://purl.obolibrary.org/obo/HP_0031472,Risky behavior
http://purl.obolibrary.org/obo/HP_0031473,Anger
http://purl.obolibrary.org/obo/HP_0031475,Status epilepticus without prominent motor symptoms
http://purl.obolibrary.org/obo/HP_0031476,Abnormal buccal mucosa cell morphology
http://purl.obolibrary.org/obo/HP_0031479,Dilatation of the mitral annulus
http://purl.obolibrary.org/obo/HP_0031482,Abnormal regional left ventricular contraction
http://purl.obolibrary.org/obo/HP_0031483,Reduced contraction of the left ventricular apex
http://purl.obolibrary.org/obo/HP_0031484,Cold-induced hemolysis
http://purl.obolibrary.org/obo/HP_0031485,Subperiosteal bone formation
http://purl.obolibrary.org/obo/HP_0031491,Continuous spike and waves during slow sleep
http://purl.obolibrary.org/obo/HP_0031492,Epithelial neoplasm
http://purl.obolibrary.org/obo/HP_0031493,Glandular cell neoplasm
http://purl.obolibrary.org/obo/HP_0031494,Ovarian mucinous tumor
http://purl.obolibrary.org/obo/HP_0031495,Mucinous neoplasm
http://purl.obolibrary.org/obo/HP_0031496,Mucinous cystic neoplasm of the pancreas
http://purl.obolibrary.org/obo/HP_0031497,Mucinous colorectal carcinoma
http://purl.obolibrary.org/obo/HP_0031498,Mucinous gastric carcinoma
http://purl.obolibrary.org/obo/HP_0031499,Appendiceal mucinous neoplasm
http://purl.obolibrary.org/obo/HP_0031501,Pelvic mass
http://purl.obolibrary.org/obo/HP_0031502,Trophoblastic tumor
http://purl.obolibrary.org/obo/HP_0031503,Night gasping
http://purl.obolibrary.org/obo/HP_0031505,Abnormal circulating T4 concentration
http://purl.obolibrary.org/obo/HP_0031506,Increased circulating T4 concentration
http://purl.obolibrary.org/obo/HP_0031507,Decreased circulating T4 concentration
http://purl.obolibrary.org/obo/HP_0031512,Abnormal cutaneous collagen fibril morphology
http://purl.obolibrary.org/obo/HP_0031513,Luse bodies
http://purl.obolibrary.org/obo/HP_0031515,Abnormal meiosis
http://purl.obolibrary.org/obo/HP_0031516,Metaphase I oocyte maturation arrest
http://purl.obolibrary.org/obo/HP_0031517,Verruciform xanthoma
http://purl.obolibrary.org/obo/HP_0031518,Absent posterior alpha rhythm
http://purl.obolibrary.org/obo/HP_0031519,Cauliflower deformity of dermal collagen fibrils
http://purl.obolibrary.org/obo/HP_0031520,Groin pain
http://purl.obolibrary.org/obo/HP_0031522,Cervical clear cell adenocarcinoma
http://purl.obolibrary.org/obo/HP_0031524,Ampulla of Vater carcinoma
http://purl.obolibrary.org/obo/HP_0031525,Keratoacanthoma
http://purl.obolibrary.org/obo/HP_0031526,Subretinal fluid
http://purl.obolibrary.org/obo/HP_0031528,Subretinal deposits
http://purl.obolibrary.org/obo/HP_0031531,Sub-RPE deposits
http://purl.obolibrary.org/obo/HP_0031535,Increased theta frequency activity in EEG
http://purl.obolibrary.org/obo/HP_0031536,Separate origin of the left anterior descending and left circumflex artery
http://purl.obolibrary.org/obo/HP_0031538,Abnormal dermoepidermal junction morphology
http://purl.obolibrary.org/obo/HP_0031539,Linear IgA deposits along the epidermal basement membrane zone
http://purl.obolibrary.org/obo/HP_0031540,Linear IgG deposits along the epidermal basement membrane zone
http://purl.obolibrary.org/obo/HP_0031541,Linear C3 deposits along the epidermal basement membrane zone
http://purl.obolibrary.org/obo/HP_0031542,Myelin-like whorls in vacuolated fibers
http://purl.obolibrary.org/obo/HP_0031544,Elevated circulating palmitoleylcarnitine concentration
http://purl.obolibrary.org/obo/HP_0031545,Abnormally low T cell receptor excision circle level
http://purl.obolibrary.org/obo/HP_0031546,Cardiac conduction abnormality
http://purl.obolibrary.org/obo/HP_0031547,Abnormal QT interval
http://purl.obolibrary.org/obo/HP_0031548,Follicular infundibulum tumor
http://purl.obolibrary.org/obo/HP_0031549,Lymphocytoma cutis
http://purl.obolibrary.org/obo/HP_0031550,Abnormal flow cytometry test result
http://purl.obolibrary.org/obo/HP_0031551,Reduced cell surface marker level
http://purl.obolibrary.org/obo/HP_0031552,Reduced fibroblast surface marker level
http://purl.obolibrary.org/obo/HP_0031553,Reduced granulocyte surface marker level
http://purl.obolibrary.org/obo/HP_0031554,Reduced granulocyte CD55 level
http://purl.obolibrary.org/obo/HP_0031555,Reduced granulocyte CD59 level
http://purl.obolibrary.org/obo/HP_0031556,Reduced granulocyte CD16 level
http://purl.obolibrary.org/obo/HP_0031557,Reduced fibroblast CD55 level
http://purl.obolibrary.org/obo/HP_0031558,Reduced fibroblast CD59 level
http://purl.obolibrary.org/obo/HP_0031559,Reduced fibroblast CD16 level
http://purl.obolibrary.org/obo/HP_0031560,Coronary cameral fistula
http://purl.obolibrary.org/obo/HP_0031561,Coronary cameral fistula to right ventricle
http://purl.obolibrary.org/obo/HP_0031563,Coronary arteriovenous fistula
http://purl.obolibrary.org/obo/HP_0031564,Bronchial isomerism
http://purl.obolibrary.org/obo/HP_0031565,Abdominal situs ambiguus
http://purl.obolibrary.org/obo/HP_0031574,Orbital cleft
http://purl.obolibrary.org/obo/HP_0031588,Unhappy demeanor
http://purl.obolibrary.org/obo/HP_0031589,Suicidal ideation
http://purl.obolibrary.org/obo/HP_0031590,Asthenopia
http://purl.obolibrary.org/obo/HP_0031591,Enlarged Eustachian valve
http://purl.obolibrary.org/obo/HP_0031592,Situs inversus with levocardia
http://purl.obolibrary.org/obo/HP_0031593,Abnormal PR interval
http://purl.obolibrary.org/obo/HP_0031594,PR segment depression
http://purl.obolibrary.org/obo/HP_0031595,Abnormal P wave
http://purl.obolibrary.org/obo/HP_0031596,Abnormal PR segment
http://purl.obolibrary.org/obo/HP_0031597,PR segment elevation
http://purl.obolibrary.org/obo/HP_0031598,Notched P wave
http://purl.obolibrary.org/obo/HP_0031599,P mitrale
http://purl.obolibrary.org/obo/HP_0031600,P wave inversion
http://purl.obolibrary.org/obo/HP_0031601,P pulmonale
http://purl.obolibrary.org/obo/HP_0031602,Abnormal mucociliary clearance
http://purl.obolibrary.org/obo/HP_0031603,Impaired nasal mucociliary clearance
http://purl.obolibrary.org/obo/HP_0031607,Pelvic organ prolapse
http://purl.obolibrary.org/obo/HP_0031609,Macular geographic atrophy
http://purl.obolibrary.org/obo/HP_0031613,Inferior chorioretinal coloboma
http://purl.obolibrary.org/obo/HP_0031615,Hypopyon
http://purl.obolibrary.org/obo/HP_0031622,Brown anomaly
http://purl.obolibrary.org/obo/HP_0031623,Brow ptosis
http://purl.obolibrary.org/obo/HP_0031624,Moderate myopia
http://purl.obolibrary.org/obo/HP_0031625,Pseudoaneurysm
http://purl.obolibrary.org/obo/HP_0031626,Coronary ostial atresia
http://purl.obolibrary.org/obo/HP_0031628,Aborted sudden cardiac death
http://purl.obolibrary.org/obo/HP_0031629,Impaired tandem gait
http://purl.obolibrary.org/obo/HP_0031630,Abnormal subpleural morphology
http://purl.obolibrary.org/obo/HP_0031631,Subpleural honeycombing
http://purl.obolibrary.org/obo/HP_0031632,Aberrant right subclavian artery
http://purl.obolibrary.org/obo/HP_0031633,Isolation of the left subclavian artery
http://purl.obolibrary.org/obo/HP_0031638,Anomalous origin of the left anterior descending artery from the pulmonary artery
http://purl.obolibrary.org/obo/HP_0031640,Abnormal radial artery morphology
http://purl.obolibrary.org/obo/HP_0031654,Abnormal pulmonary valve physiology
http://purl.obolibrary.org/obo/HP_0031657,Abnormal heart sound
http://purl.obolibrary.org/obo/HP_0031658,Third heart sound
http://purl.obolibrary.org/obo/HP_0031659,Fourth heart sound
http://purl.obolibrary.org/obo/HP_0031660,Loud first heart sound
http://purl.obolibrary.org/obo/HP_0031661,Abnormal second heart sound
http://purl.obolibrary.org/obo/HP_0031662,Fixed splitting of the second heart sound
http://purl.obolibrary.org/obo/HP_0031663,Paradoxical splitting of the second heart sound
http://purl.obolibrary.org/obo/HP_0031664,Systolic heart murmur
http://purl.obolibrary.org/obo/HP_0031665,Midsystolic murmur
http://purl.obolibrary.org/obo/HP_0031666,Late systolic murmur
http://purl.obolibrary.org/obo/HP_0031667,Holosystolic murmur
http://purl.obolibrary.org/obo/HP_0031668,Diastolic heart murmur
http://purl.obolibrary.org/obo/HP_0031669,Middiastolic murmur
http://purl.obolibrary.org/obo/HP_0031670,Continuous heart murmur
http://purl.obolibrary.org/obo/HP_0031671,Typical atrial flutter
http://purl.obolibrary.org/obo/HP_0031672,Reverse typical atrial flutter
http://purl.obolibrary.org/obo/HP_0031673,Orthodromic atrioventricular reentrant tachycardia
http://purl.obolibrary.org/obo/HP_0031674,Antidromic atrioventricular reentrant tachycardia
http://purl.obolibrary.org/obo/HP_0031675,Fascicular left ventricular tachycardia
http://purl.obolibrary.org/obo/HP_0031676,Monomorphic ventricular tachycardia
http://purl.obolibrary.org/obo/HP_0031677,Polymorphic ventricular tachycardia
http://purl.obolibrary.org/obo/HP_0031678,Atherosclerotic lesion
http://purl.obolibrary.org/obo/HP_0031679,Type I atherosclerotic lesion
http://purl.obolibrary.org/obo/HP_0031680,Type II atherosclerotic lesion
http://purl.obolibrary.org/obo/HP_0031681,Type III atherosclerotic lesion
http://purl.obolibrary.org/obo/HP_0031682,Type V atherosclerotic lesion
http://purl.obolibrary.org/obo/HP_0031683,Type VI atherosclerotic lesion
http://purl.obolibrary.org/obo/HP_0031687,Abnormally loud pulmonic component of the second heart sound
http://purl.obolibrary.org/obo/HP_0031688,Erythroid dysplasia
http://purl.obolibrary.org/obo/HP_0031689,Megakaryocyte dysplasia
http://purl.obolibrary.org/obo/HP_0031690,Opportunistic infection
http://purl.obolibrary.org/obo/HP_0031691,Severe viral infection
http://purl.obolibrary.org/obo/HP_0031692,Severe cytomegalovirus infection
http://purl.obolibrary.org/obo/HP_0031693,Severe Epstein Barr virus infection
http://purl.obolibrary.org/obo/HP_0031694,Severe adenovirus infection
http://purl.obolibrary.org/obo/HP_0031695,Severe parainfluenza infection
http://purl.obolibrary.org/obo/HP_0031696,Disseminated viral infection
http://purl.obolibrary.org/obo/HP_0031697,Disseminated infection with live vaccine virus
http://purl.obolibrary.org/obo/HP_0031699,Disseminated cryptosporidium infection
http://purl.obolibrary.org/obo/HP_0031700,Invasive parasitic infection
http://purl.obolibrary.org/obo/HP_0031705,Compensatory head posture
http://purl.obolibrary.org/obo/HP_0031706,Compensatory chin depression
http://purl.obolibrary.org/obo/HP_0031707,Compensatory face turn to the right
http://purl.obolibrary.org/obo/HP_0031708,Compensatory face turn to the left
http://purl.obolibrary.org/obo/HP_0031709,Compensatory head tilt to the right shoulder
http://purl.obolibrary.org/obo/HP_0031710,Compensatory head tilt to the left shoulder
http://purl.obolibrary.org/obo/HP_0031713,Constant exotropia
http://purl.obolibrary.org/obo/HP_0031714,Distance exotropia
http://purl.obolibrary.org/obo/HP_0031715,Near exotropia
http://purl.obolibrary.org/obo/HP_0031716,Cyclic exotropia
http://purl.obolibrary.org/obo/HP_0031717,Alternating exotropia
http://purl.obolibrary.org/obo/HP_0031718,Consecutive exotropia
http://purl.obolibrary.org/obo/HP_0031719,True distance exotropia
http://purl.obolibrary.org/obo/HP_0031720,Simulated distance exotropia
http://purl.obolibrary.org/obo/HP_0031721,Sensory exotropia
http://purl.obolibrary.org/obo/HP_0031722,Near esotropia
http://purl.obolibrary.org/obo/HP_0031723,Secondary esotropia
http://purl.obolibrary.org/obo/HP_0031724,Microtropia
http://purl.obolibrary.org/obo/HP_0031725,Hypophoria
http://purl.obolibrary.org/obo/HP_0031726,Incyclotropia
http://purl.obolibrary.org/obo/HP_0031727,Excyclotropia
http://purl.obolibrary.org/obo/HP_0031728,Mild hypermetropia
http://purl.obolibrary.org/obo/HP_0031729,Moderate hypermetropia
http://purl.obolibrary.org/obo/HP_0031730,Axial myopia
http://purl.obolibrary.org/obo/HP_0031731,Increased tear production
http://purl.obolibrary.org/obo/HP_0031732,Increased basal tear production
http://purl.obolibrary.org/obo/HP_0031733,Reflex tearing
http://purl.obolibrary.org/obo/HP_0031734,Lacrimal pump failure
http://purl.obolibrary.org/obo/HP_0031736,Involutional entropion
http://purl.obolibrary.org/obo/HP_0031737,Cicatricial entropion
http://purl.obolibrary.org/obo/HP_0031738,Mechanical entropion
http://purl.obolibrary.org/obo/HP_0031739,Abnormal oblique muscle physiology
http://purl.obolibrary.org/obo/HP_0031740,Abnormal horizontal rectus muscle physiology
http://purl.obolibrary.org/obo/HP_0031741,Inferior oblique muscle underaction
http://purl.obolibrary.org/obo/HP_0031742,Inferior rectus muscle underaction
http://purl.obolibrary.org/obo/HP_0031743,Inferior rectus muscle overaction
http://purl.obolibrary.org/obo/HP_0031744,Superior rectus muscle weakness
http://purl.obolibrary.org/obo/HP_0031745,Superior rectus muscle overaction
http://purl.obolibrary.org/obo/HP_0031746,Superior rectus muscle restriction
http://purl.obolibrary.org/obo/HP_0031747,Superior rectus muscle underaction
http://purl.obolibrary.org/obo/HP_0031748,Abnormal vertical rectus muscle physiology
http://purl.obolibrary.org/obo/HP_0031749,Abnormal lateral rectus muscle physiology
http://purl.obolibrary.org/obo/HP_0031750,Lateral rectus muscle weakness
http://purl.obolibrary.org/obo/HP_0031751,Lateral rectus muscle underaction
http://purl.obolibrary.org/obo/HP_0031752,Lateral rectus muscle overaction
http://purl.obolibrary.org/obo/HP_0031753,Medial rectus muscle weakness
http://purl.obolibrary.org/obo/HP_0031754,Medial rectus muscle overaction
http://purl.obolibrary.org/obo/HP_0031755,Abnormal rectus muscle physiology
http://purl.obolibrary.org/obo/HP_0031756,Medial rectus muscle underaction
http://purl.obolibrary.org/obo/HP_0031757,Medial rectus muscle restriction
http://purl.obolibrary.org/obo/HP_0031758,Lateral rectus muscle restriction
http://purl.obolibrary.org/obo/HP_0031759,Basic constant esotropia
http://purl.obolibrary.org/obo/HP_0031760,Non-accomodative esotropia
http://purl.obolibrary.org/obo/HP_0031761,Infantile constant esotropia
http://purl.obolibrary.org/obo/HP_0031762,Distance esotropia
http://purl.obolibrary.org/obo/HP_0031763,Cyclic esotropia
http://purl.obolibrary.org/obo/HP_0031764,Fully accomodative esotropia
http://purl.obolibrary.org/obo/HP_0031765,Partially accomodative esotropia
http://purl.obolibrary.org/obo/HP_0031766,Convergence excess esotropia
http://purl.obolibrary.org/obo/HP_0031767,Consecutive esotropia
http://purl.obolibrary.org/obo/HP_0031768,Parafoveal fixation
http://purl.obolibrary.org/obo/HP_0031769,Peripheral fixation
http://purl.obolibrary.org/obo/HP_0031772,Abnormal posterior circulating artery morphology
http://purl.obolibrary.org/obo/HP_0031773,Posterior communicating artery aneurysm
http://purl.obolibrary.org/obo/HP_0031774,Posterior communicating artery infundibulum
http://purl.obolibrary.org/obo/HP_0031775,Neurogenic strabismus
http://purl.obolibrary.org/obo/HP_0031776,Cyclotropia
http://purl.obolibrary.org/obo/HP_0031777,Cyclophoria
http://purl.obolibrary.org/obo/HP_0031778,Incyclophoria
http://purl.obolibrary.org/obo/HP_0031779,Excyclophoria
http://purl.obolibrary.org/obo/HP_0031780,Eosinophilic ascites
http://purl.obolibrary.org/obo/HP_0031781,Microtropia with identity
http://purl.obolibrary.org/obo/HP_0031782,Microtropia without identity
http://purl.obolibrary.org/obo/HP_0031786,Cogan lid twitch
http://purl.obolibrary.org/obo/HP_0031787,Oblique astigmatism
http://purl.obolibrary.org/obo/HP_0031788,With the rule astigmatism
http://purl.obolibrary.org/obo/HP_0031789,Against the rule astigmatism
http://purl.obolibrary.org/obo/HP_0031790,Mixed astigmatism
http://purl.obolibrary.org/obo/HP_0031791,Lenticular astigmatism
http://purl.obolibrary.org/obo/HP_0031792,Irregular astigmatism
http://purl.obolibrary.org/obo/HP_0031798,Elevated circulating apolipoprotein B concentration
http://purl.obolibrary.org/obo/HP_0031805,Intraretinal hemorrhage
http://purl.obolibrary.org/obo/HP_0031806,Abnormal total basophil count
http://purl.obolibrary.org/obo/HP_0031807,Increased total basophil count
http://purl.obolibrary.org/obo/HP_0031808,Decreased total basophil count
http://purl.obolibrary.org/obo/HP_0031809,Archibald's sign
http://purl.obolibrary.org/obo/HP_0031810,Anti-ganglioside antibody positivity
http://purl.obolibrary.org/obo/HP_0031811,Bilirubinuria
http://purl.obolibrary.org/obo/HP_0031812,Nitrituria
http://purl.obolibrary.org/obo/HP_0031813,Colonic eosinophilia
http://purl.obolibrary.org/obo/HP_0031814,Palilalia
http://purl.obolibrary.org/obo/HP_0031817,Decreased circulating parathyroid hormone level
http://purl.obolibrary.org/obo/HP_0031818,Abnormal waist to hip ratio
http://purl.obolibrary.org/obo/HP_0031819,Increased waist to hip ratio
http://purl.obolibrary.org/obo/HP_0031820,Decreased waist to hip ratio
http://purl.obolibrary.org/obo/HP_0031821,Abnormal hypoxanthine-guanine phosphoribosyltransferase level
http://purl.obolibrary.org/obo/HP_0031822,Elevated hypoxanthine-guanine phosphoribosyltransferase level
http://purl.obolibrary.org/obo/HP_0031823,Reduced hypoxanthine-guanine phosphoribosyltransferase level
http://purl.obolibrary.org/obo/HP_0031824,Hepatic mastocytosis
http://purl.obolibrary.org/obo/HP_0031825,Freezing of gait
http://purl.obolibrary.org/obo/HP_0031826,Abnormal reflex
http://purl.obolibrary.org/obo/HP_0031827,Absent abdominal reflex
http://purl.obolibrary.org/obo/HP_0031828,Abnormal superficial reflex
http://purl.obolibrary.org/obo/HP_0031829,Absent cremaster reflex
http://purl.obolibrary.org/obo/HP_0031830,Pinguecula
http://purl.obolibrary.org/obo/HP_0031832,Hypermetric downward saccades
http://purl.obolibrary.org/obo/HP_0031833,Hypometric upward saccades
http://purl.obolibrary.org/obo/HP_0031834,Aortopulmonary collateral arteries
http://purl.obolibrary.org/obo/HP_0031835,Abnormal circulating superoxide dismutase activity
http://purl.obolibrary.org/obo/HP_0031836,Increased circulating superoxide dismutase concentration
http://purl.obolibrary.org/obo/HP_0031837,Decreased circulating superoxide dismutase concentration
http://purl.obolibrary.org/obo/HP_0031838,Presence of xenobiotic
http://purl.obolibrary.org/obo/HP_0031840,Urine xenobiotic
http://purl.obolibrary.org/obo/HP_0031841,Positive urine methadone test
http://purl.obolibrary.org/obo/HP_0031843,Abnormally slow thought process
http://purl.obolibrary.org/obo/HP_0031844,Euphoria
http://purl.obolibrary.org/obo/HP_0031845,Abnormal libido
http://purl.obolibrary.org/obo/HP_0031847,Difficulty walking backward
http://purl.obolibrary.org/obo/HP_0031848,Cock-walk gait
http://purl.obolibrary.org/obo/HP_0031849,Sleep-wake inversion
http://purl.obolibrary.org/obo/HP_0031850,Abnormal hematocrit
http://purl.obolibrary.org/obo/HP_0031851,Reduced hematocrit
http://purl.obolibrary.org/obo/HP_0031853,Isomerism
http://purl.obolibrary.org/obo/HP_0031854,Left Isomerism
http://purl.obolibrary.org/obo/HP_0031855,Right isomerism
http://purl.obolibrary.org/obo/HP_0031856,Hobby horse gait
http://purl.obolibrary.org/obo/HP_0031860,Abnormal heart rate variability
http://purl.obolibrary.org/obo/HP_0031861,Decreased heart rate variability
http://purl.obolibrary.org/obo/HP_0031862,Increased heart rate variability
http://purl.obolibrary.org/obo/HP_0031863,Bloodstream infectious agent
http://purl.obolibrary.org/obo/HP_0031864,Bacteremia
http://purl.obolibrary.org/obo/HP_0031866,Clasp-knife sign
http://purl.obolibrary.org/obo/HP_0031867,Neck hypertonia
http://purl.obolibrary.org/obo/HP_0031868,Optic ataxia
http://purl.obolibrary.org/obo/HP_0031869,Recurrent joint dislocation
http://purl.obolibrary.org/obo/HP_0031870,Phosphohydroxylysinuria
http://purl.obolibrary.org/obo/HP_0031871,Abnormal Langerhans cell morphology
http://purl.obolibrary.org/obo/HP_0031872,Absent Birbeck granules in Langerhans cells
http://purl.obolibrary.org/obo/HP_0031873,Early chronotype
http://purl.obolibrary.org/obo/HP_0031874,Late chronotype
http://purl.obolibrary.org/obo/HP_0031875,Abnormal circulating hepcidin concentration
http://purl.obolibrary.org/obo/HP_0031876,Decreased circulating hepcidin concentration
http://purl.obolibrary.org/obo/HP_0031877,Elevated circulating hepcidin concentration
http://purl.obolibrary.org/obo/HP_0031878,Acromicria
http://purl.obolibrary.org/obo/HP_0031881,Decreased tear drainage
http://purl.obolibrary.org/obo/HP_0031882,Agyria
http://purl.obolibrary.org/obo/HP_0031883,Increased proinsulin:insulin ratio
http://purl.obolibrary.org/obo/HP_0031885,Hyperglycorrhachia
http://purl.obolibrary.org/obo/HP_0031898,Rouleaux formation
http://purl.obolibrary.org/obo/HP_0031899,Abnormal coagulation factor V activity
http://purl.obolibrary.org/obo/HP_0031901,Elevated total serum tryptase
http://purl.obolibrary.org/obo/HP_0031903,Abnormal circulating selenium concentration
http://purl.obolibrary.org/obo/HP_0031904,Abnormal total hemolytic complement activity
http://purl.obolibrary.org/obo/HP_0031905,Increased total hemolytic complement activity
http://purl.obolibrary.org/obo/HP_0031907,Anti-mitochondrial M2 antibody positivity
http://purl.obolibrary.org/obo/HP_0031908,Micrographia
http://purl.obolibrary.org/obo/HP_0031912,Trigeminal anesthesia
http://purl.obolibrary.org/obo/HP_0031913,Rhombencephalosynapsis
http://purl.obolibrary.org/obo/HP_0031917,Digital ulcer
http://purl.obolibrary.org/obo/HP_0031921,Gastrocnemius myalgia
http://purl.obolibrary.org/obo/HP_0031923,Hematocolpos
http://purl.obolibrary.org/obo/HP_0031924,Rope sign
http://purl.obolibrary.org/obo/HP_0031925,Rosette
http://purl.obolibrary.org/obo/HP_0031926,Homer Wright rosette
http://purl.obolibrary.org/obo/HP_0031927,Flexner-Wintersteiner rosette
http://purl.obolibrary.org/obo/HP_0031928,True ependymal rosette
http://purl.obolibrary.org/obo/HP_0031929,Perivascular pseudorosette
http://purl.obolibrary.org/obo/HP_0031930,Neurocytic rosette
http://purl.obolibrary.org/obo/HP_0031931,Ocular flutter
http://purl.obolibrary.org/obo/HP_0031932,Aorto-left ventricular tunnel
http://purl.obolibrary.org/obo/HP_0031933,Aorto-right ventricular tunnel
http://purl.obolibrary.org/obo/HP_0031936,Delayed ability to walk
http://purl.obolibrary.org/obo/HP_0031937,Tachylalia
http://purl.obolibrary.org/obo/HP_0031938,Abnormal conus terminalis morphology
http://purl.obolibrary.org/obo/HP_0031939,Conus terminalis arteriovenous malformation
http://purl.obolibrary.org/obo/HP_0031943,Akathisia
http://purl.obolibrary.org/obo/HP_0031946,"Elevated urinary N,N-dimethylglycine level"
http://purl.obolibrary.org/obo/HP_0031947,Tongue tremor
http://purl.obolibrary.org/obo/HP_0031950,Usual interstitial pneumonia
http://purl.obolibrary.org/obo/HP_0031951,Nocturnal seizures
http://purl.obolibrary.org/obo/HP_0031952,Neurogenic claudication
http://purl.obolibrary.org/obo/HP_0031953,Cautious gait
http://purl.obolibrary.org/obo/HP_0031954,Dystonic gait
http://purl.obolibrary.org/obo/HP_0031955,Antalgic gait
http://purl.obolibrary.org/obo/HP_0031956,Elevated circulating aspartate aminotransferase concentration
http://purl.obolibrary.org/obo/HP_0031957,Spastic hemiparetic gait
http://purl.obolibrary.org/obo/HP_0031958,Spastic paraparetic gait
http://purl.obolibrary.org/obo/HP_0031959,Leg dystonia
http://purl.obolibrary.org/obo/HP_0031960,Arm dystonia
http://purl.obolibrary.org/obo/HP_0031961,Abnormal serum anion gap
http://purl.obolibrary.org/obo/HP_0031962,Elevated serum anion gap
http://purl.obolibrary.org/obo/HP_0031963,Decreased serum anion gap
http://purl.obolibrary.org/obo/HP_0031964,Elevated circulating alanine aminotransferase concentration
http://purl.obolibrary.org/obo/HP_0031965,Increased RBC distribution width
http://purl.obolibrary.org/obo/HP_0031971,Subaortic ventricular septal bulge
http://purl.obolibrary.org/obo/HP_0031972,Presyncope
http://purl.obolibrary.org/obo/HP_0031973,Increased vertical cup-to-disc ratio
http://purl.obolibrary.org/obo/HP_0031974,Increased vertical cup-to-disc ratio - 0.6
http://purl.obolibrary.org/obo/HP_0031975,Increased vertical cup-to-disc ratio - 0.7
http://purl.obolibrary.org/obo/HP_0031976,Increased vertical cup-to-disc ratio - 0.8
http://purl.obolibrary.org/obo/HP_0031977,Increased vertical cup-to-disc ratio - 0.9
http://purl.obolibrary.org/obo/HP_0031978,Increased vertical cup-to-disc ratio - 1.0
http://purl.obolibrary.org/obo/HP_0031983,Abnormal pulmonary thoracic imaging finding
http://purl.obolibrary.org/obo/HP_0031986,Polyminimyoclonus
http://purl.obolibrary.org/obo/HP_0031987,Diminished ability to concentrate
http://purl.obolibrary.org/obo/HP_0031989,Perioral spasm
http://purl.obolibrary.org/obo/HP_0031990,Chvostek sign
http://purl.obolibrary.org/obo/HP_0031991,Increased urinary excretion of galactosyl hydroxylysine
http://purl.obolibrary.org/obo/HP_0031992,Apical hypertrophic cardiomyopathy
http://purl.obolibrary.org/obo/HP_0031993,Hoffmann sign
http://purl.obolibrary.org/obo/HP_0031994,Bronchial breath sound
http://purl.obolibrary.org/obo/HP_0031995,Squawks
http://purl.obolibrary.org/obo/HP_0031996,Inspiratory crackles
http://purl.obolibrary.org/obo/HP_0031997,Early inspiratory crackles
http://purl.obolibrary.org/obo/HP_0031998,Late inspiratory crackles
http://purl.obolibrary.org/obo/HP_0031999,Expiratory crackles
http://purl.obolibrary.org/obo/HP_0032000,Pleural rub
http://purl.obolibrary.org/obo/HP_0032004,Pruritus vulvae
http://purl.obolibrary.org/obo/HP_0032005,Hemidystonia
http://purl.obolibrary.org/obo/HP_0032006,Lip tremor
http://purl.obolibrary.org/obo/HP_0032007,Maceration
http://purl.obolibrary.org/obo/HP_0032008,Pulmonary fat embolism
http://purl.obolibrary.org/obo/HP_0032009,Infantile constant exotropia
http://purl.obolibrary.org/obo/HP_0032010,Basic constant exotropia
http://purl.obolibrary.org/obo/HP_0032011,Heterophoria
http://purl.obolibrary.org/obo/HP_0032012,Heterotropia
http://purl.obolibrary.org/obo/HP_0032013,Hypermetric horizontal saccades
http://purl.obolibrary.org/obo/HP_0032014,Dysmetric vertical saccades
http://purl.obolibrary.org/obo/HP_0032015,Dysmetric horizontal saccades
http://purl.obolibrary.org/obo/HP_0032016,Abnormal sputum
http://purl.obolibrary.org/obo/HP_0032017,Sputum eosinophilia
http://purl.obolibrary.org/obo/HP_0032018,Multiple mononeuropathy
http://purl.obolibrary.org/obo/HP_0032019,Muscle eosinophilia
http://purl.obolibrary.org/obo/HP_0032020,Eosinophilic bladder infiltration
http://purl.obolibrary.org/obo/HP_0032022,Eosinophilic dermal infiltration
http://purl.obolibrary.org/obo/HP_0032026,Anetoderma
http://purl.obolibrary.org/obo/HP_0032028,Macular dots
http://purl.obolibrary.org/obo/HP_0032030,Lateral canthal tendon laxity
http://purl.obolibrary.org/obo/HP_0032031,Medial canthal tendon laxity
http://purl.obolibrary.org/obo/HP_0032036,Reduced contrast sensitivity
http://purl.obolibrary.org/obo/HP_0032037,Mildly reduced visual acuity
http://purl.obolibrary.org/obo/HP_0032043,Odynophagia
http://purl.obolibrary.org/obo/HP_0032044,Decreased vigilance
http://purl.obolibrary.org/obo/HP_0032046,Focal cortical dysplasia
http://purl.obolibrary.org/obo/HP_0032047,Focal cortical dysplasia type I
http://purl.obolibrary.org/obo/HP_0032048,Focal cortical dysplasia type Ia
http://purl.obolibrary.org/obo/HP_0032049,Focal cortical dysplasia type Ib
http://purl.obolibrary.org/obo/HP_0032050,Focal cortical dysplasia type Ic
http://purl.obolibrary.org/obo/HP_0032051,Focal cortical dysplasia type II
http://purl.obolibrary.org/obo/HP_0032052,Focal cortical dysplasia type IIa
http://purl.obolibrary.org/obo/HP_0032053,Focal cortical dysplasia type IIb
http://purl.obolibrary.org/obo/HP_0032054,Focal cortical dysplasia type III
http://purl.obolibrary.org/obo/HP_0032055,Focal cortical dysplasia type IIIa
http://purl.obolibrary.org/obo/HP_0032056,Focal cortical dysplasia type IIIb
http://purl.obolibrary.org/obo/HP_0032057,Focal cortical dysplasia type IIIc
http://purl.obolibrary.org/obo/HP_0032058,Focal cortical dysplasia type IIId
http://purl.obolibrary.org/obo/HP_0032059,Mild malformation of cortical development
http://purl.obolibrary.org/obo/HP_0032060,Epithelioid hemangioma
http://purl.obolibrary.org/obo/HP_0032061,Severely increased total eosinophil count
http://purl.obolibrary.org/obo/HP_0032062,Mallory-Weiss tear
http://purl.obolibrary.org/obo/HP_0032064,Gastrointestinal eosinophilia
http://purl.obolibrary.org/obo/HP_0032065,Abnormal circulating bicarbonate concentration
http://purl.obolibrary.org/obo/HP_0032066,Decreased serum bicarbonate concentration
http://purl.obolibrary.org/obo/HP_0032067,Elevated serum bicarbonate concentration
http://purl.obolibrary.org/obo/HP_0032068,Increased urinary mucus
http://purl.obolibrary.org/obo/HP_0032069,Anti-thyroglobulin antibody positivity
http://purl.obolibrary.org/obo/HP_0032070,Leptomeningeal enhancement
http://purl.obolibrary.org/obo/HP_0032071,Eosinophilic pneumonia
http://purl.obolibrary.org/obo/HP_0032072,Popliteal synovial cyst
http://purl.obolibrary.org/obo/HP_0032075,Splenopancreatic fusion
http://purl.obolibrary.org/obo/HP_0032076,Abnormal male urethral meatus morphology
http://purl.obolibrary.org/obo/HP_0032078,Angel-shaped phalanx
http://purl.obolibrary.org/obo/HP_0032079,Medial degeneration
http://purl.obolibrary.org/obo/HP_0032081,Intralamellar mucoid extracellular matrix accumulation
http://purl.obolibrary.org/obo/HP_0032082,Translamellar mucoid extracellular matrix accumulation
http://purl.obolibrary.org/obo/HP_0032092,Left ventricular outflow tract obstruction
http://purl.obolibrary.org/obo/HP_0032094,Elevated circulating surfactant protein concentration
http://purl.obolibrary.org/obo/HP_0032099,Perioral radial furrowing
http://purl.obolibrary.org/obo/HP_0032100,Abnormal doll's eye reflex
http://purl.obolibrary.org/obo/HP_0032101,Unusual infection
http://purl.obolibrary.org/obo/HP_0032102,Wilson sign
http://purl.obolibrary.org/obo/HP_0032104,Saccadic oscillation
http://purl.obolibrary.org/obo/HP_0032105,Macrosaccadic oscillations
http://purl.obolibrary.org/obo/HP_0032107,Limbal stem cell deficiency
http://purl.obolibrary.org/obo/HP_0032108,Mildly reduced contrast sensitivity
http://purl.obolibrary.org/obo/HP_0032109,Moderately reduced contrast sensitivity
http://purl.obolibrary.org/obo/HP_0032110,Severely reduced contrast sensitivity
http://purl.obolibrary.org/obo/HP_0032111,Abnormal Vistech contrast sensitivity test
http://purl.obolibrary.org/obo/HP_0032112,Abnormal Pelli Robson contrast sensitivity chart test
http://purl.obolibrary.org/obo/HP_0032114,Saccadic intrusion
http://purl.obolibrary.org/obo/HP_0032116,Macrosquare-wave jerks
http://purl.obolibrary.org/obo/HP_0032118,Retinitis
http://purl.obolibrary.org/obo/HP_0032121,Froment sign
http://purl.obolibrary.org/obo/HP_0032122,Very low visual acuity
http://purl.obolibrary.org/obo/HP_0032123,Ultra-low vision
http://purl.obolibrary.org/obo/HP_0032130,Mycobacterium abscessus abscessus infection
http://purl.obolibrary.org/obo/HP_0032132,Decreased circulating total IgG concentration
http://purl.obolibrary.org/obo/HP_0032133,Transient decreased circulating total IgG concentration
http://purl.obolibrary.org/obo/HP_0032134,Chronic decreased circulating total IgG concentration
http://purl.obolibrary.org/obo/HP_0032135,Decreased circulating IgG subclass concentration
http://purl.obolibrary.org/obo/HP_0032136,Decreased circulating IgG1 concentration
http://purl.obolibrary.org/obo/HP_0032137,Decreased circulating IgG3 concentration
http://purl.obolibrary.org/obo/HP_0032138,Decreased circulating IgG4 concentration
http://purl.obolibrary.org/obo/HP_0032139,Decreased circulating isohemagglutinin concentration
http://purl.obolibrary.org/obo/HP_0032140,Decreased specific antibody response to vaccination
http://purl.obolibrary.org/obo/HP_0032141,Precordial pain
http://purl.obolibrary.org/obo/HP_0032142,Fetor hepaticus
http://purl.obolibrary.org/obo/HP_0032144,Coffee ground vomitus
http://purl.obolibrary.org/obo/HP_0032146,HbC hemoglobin
http://purl.obolibrary.org/obo/HP_0032147,Erythromelalgia
http://purl.obolibrary.org/obo/HP_0032148,Episodic pain
http://purl.obolibrary.org/obo/HP_0032149,Breakthrough pain
http://purl.obolibrary.org/obo/HP_0032150,Paroxysmal rectal pain
http://purl.obolibrary.org/obo/HP_0032151,Episodic eosinophilia
http://purl.obolibrary.org/obo/HP_0032152,Keratosis pilaris
http://purl.obolibrary.org/obo/HP_0032154,Aphthous ulcer
http://purl.obolibrary.org/obo/HP_0032155,Abdominal cramps
http://purl.obolibrary.org/obo/HP_0032156,Skin detachment
http://purl.obolibrary.org/obo/HP_0032157,Recurrent genital herpes
http://purl.obolibrary.org/obo/HP_0032158,Unusual infection by anatomical site
http://purl.obolibrary.org/obo/HP_0032159,Fungal meningitis
http://purl.obolibrary.org/obo/HP_0032160,Cryptococcal meningitis
http://purl.obolibrary.org/obo/HP_0032161,Coccidioidal meningitis
http://purl.obolibrary.org/obo/HP_0032162,Unusual skin infection
http://purl.obolibrary.org/obo/HP_0032163,Unusual molluscum contagiosum
http://purl.obolibrary.org/obo/HP_0032166,Unusual gastrointestinal infection
http://purl.obolibrary.org/obo/HP_0032167,Clostridium difficile enteritis
http://purl.obolibrary.org/obo/HP_0032168,Clostridium difficile colitis
http://purl.obolibrary.org/obo/HP_0032169,Severe infection
http://purl.obolibrary.org/obo/HP_0032170,Severe varicella zoster infection
http://purl.obolibrary.org/obo/HP_0032171,Bladder pain
http://purl.obolibrary.org/obo/HP_0032173,Continuous diaphragm sign
http://purl.obolibrary.org/obo/HP_0032174,Tree-in-bud pattern
http://purl.obolibrary.org/obo/HP_0032175,Signet ring sign
http://purl.obolibrary.org/obo/HP_0032176,Apical pulmonary opacity
http://purl.obolibrary.org/obo/HP_0032177,Parenchymal consolidation
http://purl.obolibrary.org/obo/HP_0032178,Flaky paint dermatosis
http://purl.obolibrary.org/obo/HP_0032179,Abnormal circulating globulin concentration
http://purl.obolibrary.org/obo/HP_0032185,Disseminated molluscum contagiosum
http://purl.obolibrary.org/obo/HP_0032188,Cellular hypersensitivity to mitomycin C
http://purl.obolibrary.org/obo/HP_0032189,Cellular hypersensitivity to diepoxybutane
http://purl.obolibrary.org/obo/HP_0032190,Abnormal meniscus morphology
http://purl.obolibrary.org/obo/HP_0032191,Torn meniscus
http://purl.obolibrary.org/obo/HP_0032192,Hydatidiform mole
http://purl.obolibrary.org/obo/HP_0032193,Decreased low-density lipoprotein particle size
http://purl.obolibrary.org/obo/HP_0032195,Abnormal S wave
http://purl.obolibrary.org/obo/HP_0032196,Prominent S wave in lead I
http://purl.obolibrary.org/obo/HP_0032197,Deep S wave in lead V5
http://purl.obolibrary.org/obo/HP_0032198,Decreased prothrombin time
http://purl.obolibrary.org/obo/HP_0032199,Abnormal prothrombin time
http://purl.obolibrary.org/obo/HP_0032200,Perivascular fibrosis
http://purl.obolibrary.org/obo/HP_0032201,Rotator cuff tear
http://purl.obolibrary.org/obo/HP_0032202,Vulvar intraepithelial neoplasia
http://purl.obolibrary.org/obo/HP_0032203,Lymphoid nodular hyperplasia
http://purl.obolibrary.org/obo/HP_0032204,Chronic active EBV infection
http://purl.obolibrary.org/obo/HP_0032208,Increased urinary type 1 collagen N-terminal telopeptide level
http://purl.obolibrary.org/obo/HP_0032211,Increased urinary epithelial cell count
http://purl.obolibrary.org/obo/HP_0032212,Increased urinary squamous epithelial cell count
http://purl.obolibrary.org/obo/HP_0032213,Increased urinary renal tubular epithelial cell count
http://purl.obolibrary.org/obo/HP_0032214,Increased urinary transitional epithelial cell count
http://purl.obolibrary.org/obo/HP_0032215,Disseminated cutaneous warts
http://purl.obolibrary.org/obo/HP_0032216,Lymphocytic infiltration of the colorectal mucosa
http://purl.obolibrary.org/obo/HP_0032217,Indurated nodule
http://purl.obolibrary.org/obo/HP_0032220,Interface hepatitis
http://purl.obolibrary.org/obo/HP_0032221,Periportal emperipolesis
http://purl.obolibrary.org/obo/HP_0032225,Perifollicular fibroma
http://purl.obolibrary.org/obo/HP_0032226,Abnormal sebaceous gland morphology
http://purl.obolibrary.org/obo/HP_0032227,Sebaceous hyperplasia
http://purl.obolibrary.org/obo/HP_0032228,Trichodiscoma
http://purl.obolibrary.org/obo/HP_0032229,Perinuclear antineutrophil antibody positivity
http://purl.obolibrary.org/obo/HP_0032230,Cytoplasmic antineutrophil antibody positivity
http://purl.obolibrary.org/obo/HP_0032231,Hypochromia
http://purl.obolibrary.org/obo/HP_0032232,Elevated circulating CK-MB concentration
http://purl.obolibrary.org/obo/HP_0032235,Anti-La/SS-B antibody positivity
http://purl.obolibrary.org/obo/HP_0032236,Increased circulating immature neutrophil count
http://purl.obolibrary.org/obo/HP_0032237,Increased circulating myelocyte count
http://purl.obolibrary.org/obo/HP_0032238,Increased circulating metamyelocyte count
http://purl.obolibrary.org/obo/HP_0032239,Increased circulating band cell count
http://purl.obolibrary.org/obo/HP_0032243,Abnormal tissue metabolite concentration
http://purl.obolibrary.org/obo/HP_0032244,Decreased serum thromboxane B2
http://purl.obolibrary.org/obo/HP_0032245,Abnormal metabolism
http://purl.obolibrary.org/obo/HP_0032247,Persistent CMV viremia
http://purl.obolibrary.org/obo/HP_0032248,Persistent viremia
http://purl.obolibrary.org/obo/HP_0032249,Coccidioidomycosis
http://purl.obolibrary.org/obo/HP_0032250,Acinetobacter infection
http://purl.obolibrary.org/obo/HP_0032252,Granuloma
http://purl.obolibrary.org/obo/HP_0032253,Eosinophilic granuloma
http://purl.obolibrary.org/obo/HP_0032255,Opportunistic fungal infection
http://purl.obolibrary.org/obo/HP_0032256,Unusual Histoplasma capsulatum infection
http://purl.obolibrary.org/obo/HP_0032257,Severe Histoplasma capsulatum infection
http://purl.obolibrary.org/obo/HP_0032258,Pulmonary histoplasmosis
http://purl.obolibrary.org/obo/HP_0032259,Chronic tinea infection
http://purl.obolibrary.org/obo/HP_0032260,Opportunistic bacterial infection
http://purl.obolibrary.org/obo/HP_0032261,Nontuberculous mycobacterial pulmonary infection
http://purl.obolibrary.org/obo/HP_0032262,Pulmonary tuberculosis
http://purl.obolibrary.org/obo/HP_0032264,Anti-NMDA receptor antibody positivity
http://purl.obolibrary.org/obo/HP_0032265,CSF autoimmune antibody positivity
http://purl.obolibrary.org/obo/HP_0032266,CSF anti-NMDA receptor antibody positivity
http://purl.obolibrary.org/obo/HP_0032267,Empty delta sign
http://purl.obolibrary.org/obo/HP_0032268,Dural tail sign
http://purl.obolibrary.org/obo/HP_0032269,Lemon sign
http://purl.obolibrary.org/obo/HP_0032270,Optic nerve tram-track sign
http://purl.obolibrary.org/obo/HP_0032271,Extrapulmonary tuberculosis
http://purl.obolibrary.org/obo/HP_0032275,Recurrent shingles
http://purl.obolibrary.org/obo/HP_0032276,Prominent subcalcaneal fat pad
http://purl.obolibrary.org/obo/HP_0032278,2-hydroxyglutarate aciduria
http://purl.obolibrary.org/obo/HP_0032281,Abnormal base excess
http://purl.obolibrary.org/obo/HP_0032282,Contact dermatitis
http://purl.obolibrary.org/obo/HP_0032283,Disseminated non-tuberculous mycobacterial infection
http://purl.obolibrary.org/obo/HP_0032284,Ultra-low vision with retained motion projection
http://purl.obolibrary.org/obo/HP_0032285,Ultra-low vision with retained light projection
http://purl.obolibrary.org/obo/HP_0032286,Ultra-low vision with retained light perception
http://purl.obolibrary.org/obo/HP_0032287,Ultra-low vision with no light perception
http://purl.obolibrary.org/obo/HP_0032288,Polyclonal elevation of circulating IgG concentration
http://purl.obolibrary.org/obo/HP_0032289,Oligoclonal elevation of circulating IgG concentration
http://purl.obolibrary.org/obo/HP_0032290,Monoclonal elevation of circulating IgG concentration
http://purl.obolibrary.org/obo/HP_0032291,Monoclonal elevation of circulating intact IgG concentration
http://purl.obolibrary.org/obo/HP_0032292,Monoclonal elevation of circulating IgG light chain concentration
http://purl.obolibrary.org/obo/HP_0032293,Monoclonal elevation of circulating IgG heavy chain concentration
http://purl.obolibrary.org/obo/HP_0032294,Monoclonal elevation of IgG kappa chain
http://purl.obolibrary.org/obo/HP_0032295,Monoclonal elevation of IgG lambda chain
http://purl.obolibrary.org/obo/HP_0032296,Increased circulating IgG subclass concentration
http://purl.obolibrary.org/obo/HP_0032297,Increased circulating IgG3 concentration
http://purl.obolibrary.org/obo/HP_0032298,Increased circulating IgG1 concentration
http://purl.obolibrary.org/obo/HP_0032299,Increased circulating IgG2 concentration
http://purl.obolibrary.org/obo/HP_0032300,Increased circulating IgG4 concentration
http://purl.obolibrary.org/obo/HP_0032301,Genital warts
http://purl.obolibrary.org/obo/HP_0032302,Kappa Bence Jones proteinuria
http://purl.obolibrary.org/obo/HP_0032303,Lambda Bence Jones proteinuria
http://purl.obolibrary.org/obo/HP_0032304,Abnormal circulating mannose-binding protein concentration
http://purl.obolibrary.org/obo/HP_0032305,Decreased circulating mannose-binding protein concentration
http://purl.obolibrary.org/obo/HP_0032306,Elevated circulating mannose-binding protein concentration
http://purl.obolibrary.org/obo/HP_0032308,Increased circulating procalcitonin concentration
http://purl.obolibrary.org/obo/HP_0032309,Abnormal granulocyte count
http://purl.obolibrary.org/obo/HP_0032310,Increased total granulocyte count
http://purl.obolibrary.org/obo/HP_0032311,Elevated circulating globulin concentration
http://purl.obolibrary.org/obo/HP_0032312,Decreased circulating globulin concentration
http://purl.obolibrary.org/obo/HP_0032313,Frontotemporal hypertrichosis
http://purl.obolibrary.org/obo/HP_0032323,Periodic fever
http://purl.obolibrary.org/obo/HP_0032324,Non-periodic recurrent fever
http://purl.obolibrary.org/obo/HP_0032325,Lacunar stroke
http://purl.obolibrary.org/obo/HP_0032326,Methicillin-resistant Staphylococcus aureus infection
http://purl.obolibrary.org/obo/HP_0032327,Interhemispheric cyst
http://purl.obolibrary.org/obo/HP_0032329,Increased urinary 11-deoxycortisol level
http://purl.obolibrary.org/obo/HP_0032330,Increased urinary 11-deoxycorticosterone level
http://purl.obolibrary.org/obo/HP_0032331,Increased urinary 11-deoxytetrahydrocorticosterone level
http://purl.obolibrary.org/obo/HP_0032332,Oligoclonal elevation of circulating IgM concentration
http://purl.obolibrary.org/obo/HP_0032333,Polyclonal elevation of circulating IgA
http://purl.obolibrary.org/obo/HP_0032334,Oligoclonal elevation of circulating IgA
http://purl.obolibrary.org/obo/HP_0032335,Monoclonal elevation of circulating IgA
http://purl.obolibrary.org/obo/HP_0032336,Increased circulating specific IgE antibody concentration
http://purl.obolibrary.org/obo/HP_0032337,Monoclonal elevated circulating IgE concentration
http://purl.obolibrary.org/obo/HP_0032338,Oligoclonal elevated circulating IgE concentration
http://purl.obolibrary.org/obo/HP_0032339,Polyclonal elevated circulating IgE concentration
http://purl.obolibrary.org/obo/HP_0032341,Reduced forced vital capacity
http://purl.obolibrary.org/obo/HP_0032342,Reduced forced expiratory volume in one second
http://purl.obolibrary.org/obo/HP_0032346,Cutaneous lichen amyloidosis
http://purl.obolibrary.org/obo/HP_0032347,Cutaneous macular amyloidosis
http://purl.obolibrary.org/obo/HP_0032348,Cutaneous nodular amyloidosis
http://purl.obolibrary.org/obo/HP_0032349,Serinuria
http://purl.obolibrary.org/obo/HP_0032350,Sulfocysteinuria
http://purl.obolibrary.org/obo/HP_0032352,Methioninuria
http://purl.obolibrary.org/obo/HP_0032353,Leucinuria
http://purl.obolibrary.org/obo/HP_0032355,Decreased peak expiratory flow
http://purl.obolibrary.org/obo/HP_0032356,Decreased pre-bronchodilator forced vital capacity
http://purl.obolibrary.org/obo/HP_0032357,Decreased post-bronchodilator forced vital capacity
http://purl.obolibrary.org/obo/HP_0032358,Decreased post-bronchodilator forced expiratory volume in one second
http://purl.obolibrary.org/obo/HP_0032359,Decreased forced expiratory flow 25-75%
http://purl.obolibrary.org/obo/HP_0032360,Decreased pre-bronchodilator forced expiratory flow 25-75%
http://purl.obolibrary.org/obo/HP_0032361,Decreased post-bronchodilator forced expiratory flow 25-75%
http://purl.obolibrary.org/obo/HP_0032366,Positive direct antiglobulin test
http://purl.obolibrary.org/obo/HP_0032367,Abnormal circulating growth hormone concentration
http://purl.obolibrary.org/obo/HP_0032371,Isoleucinuria
http://purl.obolibrary.org/obo/HP_0032372,Increased peripheral blast count
http://purl.obolibrary.org/obo/HP_0032376,Anti-beta 2 glycoprotein I antibody positivity
http://purl.obolibrary.org/obo/HP_0032377,Increased urinary orosomucoid
http://purl.obolibrary.org/obo/HP_0032378,Immediate-type hypersensitivity drug reaction
http://purl.obolibrary.org/obo/HP_0032379,Polymorphous light eruption
http://purl.obolibrary.org/obo/HP_0032381,Hydroa vacciniforme
http://purl.obolibrary.org/obo/HP_0032388,Periventricular nodular heterotopia
http://purl.obolibrary.org/obo/HP_0032389,Periventricular laminar heterotopia
http://purl.obolibrary.org/obo/HP_0032390,Periventricular ribbonlike heterotopia
http://purl.obolibrary.org/obo/HP_0032391,Subcortical heterotopia
http://purl.obolibrary.org/obo/HP_0032392,Nodular subcortical heterotopia in peritrigonal regions
http://purl.obolibrary.org/obo/HP_0032393,Diffuse ribbon-like subcortical heterotopia
http://purl.obolibrary.org/obo/HP_0032394,Mesial parasagittal subcortical heterotopia
http://purl.obolibrary.org/obo/HP_0032395,Curvilinear subcortical heterotopia
http://purl.obolibrary.org/obo/HP_0032396,Transmantle columnar heterotopia
http://purl.obolibrary.org/obo/HP_0032397,Citrullinuria
http://purl.obolibrary.org/obo/HP_0032398,Dysgyria
http://purl.obolibrary.org/obo/HP_0032399,Dysgyria with normal cortical thickness
http://purl.obolibrary.org/obo/HP_0032400,Dysgyria with thickened cortex
http://purl.obolibrary.org/obo/HP_0032401,Aspartic aciduria
http://purl.obolibrary.org/obo/HP_0032403,Asparaginuria
http://purl.obolibrary.org/obo/HP_0032405,Increased urinary phosphoserine level
http://purl.obolibrary.org/obo/HP_0032406,Unilateral perisylvian polymicrogyria
http://purl.obolibrary.org/obo/HP_0032407,Bilateral perisylvian polymicrogyria
http://purl.obolibrary.org/obo/HP_0032409,Subcortical band heterotopia
http://purl.obolibrary.org/obo/HP_0032410,Bilateral generalized polymicrogyria
http://purl.obolibrary.org/obo/HP_0032411,Posterior predominant subcortical band heterotopia
http://purl.obolibrary.org/obo/HP_0032412,Anterior predominant subcortical band heterotopia
http://purl.obolibrary.org/obo/HP_0032413,Diffuse subcortical band heterotopia
http://purl.obolibrary.org/obo/HP_0032414,Hydroxylysinuria
http://purl.obolibrary.org/obo/HP_0032415,Parasagittal parieto-occipital polymicrogyria
http://purl.obolibrary.org/obo/HP_0032417,Periglomerular fibrosis
http://purl.obolibrary.org/obo/HP_0032418,Abnormal HDL subfraction concentration
http://purl.obolibrary.org/obo/HP_0032419,Abnormal HDL2a concentration
http://purl.obolibrary.org/obo/HP_0032420,Increased HDL2a concentration
http://purl.obolibrary.org/obo/HP_0032421,Decreased HDL2a concentration
http://purl.obolibrary.org/obo/HP_0032422,Abnormal HDL2b concentration
http://purl.obolibrary.org/obo/HP_0032423,Decreased HDL2b concentration
http://purl.obolibrary.org/obo/HP_0032424,Increased HDL2b concentration
http://purl.obolibrary.org/obo/HP_0032425,Abnormal HDL3a concentration
http://purl.obolibrary.org/obo/HP_0032426,Abnormal HDL3b concentration
http://purl.obolibrary.org/obo/HP_0032427,Abnormal HDL3c concentration
http://purl.obolibrary.org/obo/HP_0032428,Increased HDL3a concentration
http://purl.obolibrary.org/obo/HP_0032429,Decreased HDL3a concentration
http://purl.obolibrary.org/obo/HP_0032430,Increased HDL3b concentration
http://purl.obolibrary.org/obo/HP_0032431,Decreased HDL3b concentration
http://purl.obolibrary.org/obo/HP_0032432,Increased HDL3c concentration
http://purl.obolibrary.org/obo/HP_0032433,Decreased HDL3c concentration
http://purl.obolibrary.org/obo/HP_0032435,Neonatal omphalitis
http://purl.obolibrary.org/obo/HP_0032438,Platelet anisocytosis
http://purl.obolibrary.org/obo/HP_0032439,Airborn particle hypersensitivity
http://purl.obolibrary.org/obo/HP_0032448,Achlorhydria
http://purl.obolibrary.org/obo/HP_0032449,Abnormal dermoepidermal hemidesmosome morphology
http://purl.obolibrary.org/obo/HP_0032450,Positive blood arsenic test
http://purl.obolibrary.org/obo/HP_0032455,Reduced granulocyte CD18 level
http://purl.obolibrary.org/obo/HP_0032456,Unlayered lissencephaly
http://purl.obolibrary.org/obo/HP_0032457,2-3-layered lissencephaly
http://purl.obolibrary.org/obo/HP_0032458,Narrowing of medullary canal
http://purl.obolibrary.org/obo/HP_0032459,Abnormal phosphoribosylpyrophosphate synthetase level
http://purl.obolibrary.org/obo/HP_0032460,Decreased phosphoribosylpyrophosphate synthetase level
http://purl.obolibrary.org/obo/HP_0032462,Increased circulating palmitate level
http://purl.obolibrary.org/obo/HP_0032463,Reduced circulating fibronectin level
http://purl.obolibrary.org/obo/HP_0032465,Bladder trabeculation
http://purl.obolibrary.org/obo/HP_0032469,Anti-asialoglycoprotein receptor antibody positivity
http://purl.obolibrary.org/obo/HP_0032470,Monilethrix
http://purl.obolibrary.org/obo/HP_0032471,Focal polymicrogyria
http://purl.obolibrary.org/obo/HP_0032475,6-layered lissencephaly
http://purl.obolibrary.org/obo/HP_0032476,Abnormal circulating vitamin B6 concentration
http://purl.obolibrary.org/obo/HP_0032477,Elevated circulating vitamin B6 concentration
http://purl.obolibrary.org/obo/HP_0032478,Lateral spinal meningocele
http://purl.obolibrary.org/obo/HP_0032479,Preimplantation lethality
http://purl.obolibrary.org/obo/HP_0032480,Beta-aminoisobutyric aciduria
http://purl.obolibrary.org/obo/HP_0032481,Abnormal pituitary glycoprotein hormone alpha subunit level
http://purl.obolibrary.org/obo/HP_0032482,Decreased pituitary glycoprotein hormone alpha subunit level
http://purl.obolibrary.org/obo/HP_0032492,Anti-myelin oligodendrocyte glycoprotein antibody positivity
http://purl.obolibrary.org/obo/HP_0032493,Elevated circulating trypsinogen concentration
http://purl.obolibrary.org/obo/HP_0032495,Abnormal terminal:vellus ratio
http://purl.obolibrary.org/obo/HP_0032496,Elevated terminal:vellus ratio
http://purl.obolibrary.org/obo/HP_0032497,Reduced terminal:vellus ratio
http://purl.obolibrary.org/obo/HP_0032499,Giant neutrophil granules
http://purl.obolibrary.org/obo/HP_0032504,Lhermitte's sign
http://purl.obolibrary.org/obo/HP_0032505,Hydrophobia
http://purl.obolibrary.org/obo/HP_0032506,Alien limb phenomenon
http://purl.obolibrary.org/obo/HP_0032507,Labiomental fasciculations
http://purl.obolibrary.org/obo/HP_0032508,Polyembolokoilamania
http://purl.obolibrary.org/obo/HP_0032509,Onychotillomania
http://purl.obolibrary.org/obo/HP_0032510,Tendon pain
http://purl.obolibrary.org/obo/HP_0032515,Deep dermatophytosis
http://purl.obolibrary.org/obo/HP_0032516,Severe dermatophyte infection
http://purl.obolibrary.org/obo/HP_0032517,Majocchi's granuloma
http://purl.obolibrary.org/obo/HP_0032518,Disseminated dermatophytosis
http://purl.obolibrary.org/obo/HP_0032519,Increased Burr cell count
http://purl.obolibrary.org/obo/HP_0032520,Masseter muscular weakness
http://purl.obolibrary.org/obo/HP_0032521,Self hugging
http://purl.obolibrary.org/obo/HP_0032524,Long thumb
http://purl.obolibrary.org/obo/HP_0032528,Elevated urinary 4-hydroxybutyric acid
http://purl.obolibrary.org/obo/HP_0032530,Decreased tissue succinic semialdehyde dehydrogenase activity
http://purl.obolibrary.org/obo/HP_0032533,Elevated circulating acetone concentration
http://purl.obolibrary.org/obo/HP_0032537,Delayed fracture healing
http://purl.obolibrary.org/obo/HP_0032538,Pretibial dimple
http://purl.obolibrary.org/obo/HP_0032541,Knuckle pad
http://purl.obolibrary.org/obo/HP_0032543,Lithoptysis
http://purl.obolibrary.org/obo/HP_0032545,Abdominal rigidity
http://purl.obolibrary.org/obo/HP_0032546,Abdominal guarding
http://purl.obolibrary.org/obo/HP_0032547,Low intraocular pressure
http://purl.obolibrary.org/obo/HP_0032549,Persistent asymmetrical tonic neck reflex
http://purl.obolibrary.org/obo/HP_0032550,Howell-Jolly bodies
http://purl.obolibrary.org/obo/HP_0032551,Hemorrhoids
http://purl.obolibrary.org/obo/HP_0032552,Abnormal pulse
http://purl.obolibrary.org/obo/HP_0032553,Weak pulse
http://purl.obolibrary.org/obo/HP_0032554,Absent pulse
http://purl.obolibrary.org/obo/HP_0032555,Bounding pulse
http://purl.obolibrary.org/obo/HP_0032556,Circumoral cyanosis
http://purl.obolibrary.org/obo/HP_0032558,Absent sperm flagella
http://purl.obolibrary.org/obo/HP_0032559,Short sperm flagella
http://purl.obolibrary.org/obo/HP_0032560,Coiled sperm flagella
http://purl.obolibrary.org/obo/HP_0032561,Microcephalic sperm head
http://purl.obolibrary.org/obo/HP_0032562,Tapered sperm head
http://purl.obolibrary.org/obo/HP_0032563,Dacryocytosis
http://purl.obolibrary.org/obo/HP_0032564,Ileitis
http://purl.obolibrary.org/obo/HP_0032566,Oval macrocytosis
http://purl.obolibrary.org/obo/HP_0032567,Lipiduria
http://purl.obolibrary.org/obo/HP_0032568,Urinary mulberry cells
http://purl.obolibrary.org/obo/HP_0032569,Temporal bossing
http://purl.obolibrary.org/obo/HP_0032570,Pontine ischemic lacunes
http://purl.obolibrary.org/obo/HP_0032571,Increased oocyte death
http://purl.obolibrary.org/obo/HP_0032573,Elevated urinary cytidine
http://purl.obolibrary.org/obo/HP_0032574,Elevated urinary uridine level
http://purl.obolibrary.org/obo/HP_0032575,Decreased circulating 12-HETE
http://purl.obolibrary.org/obo/HP_0032576,Intracellular accumulation of Dol-PP-GlcNAc2Man5
http://purl.obolibrary.org/obo/HP_0032577,Clonal T cell receptor rearrangement
http://purl.obolibrary.org/obo/HP_0032579,Vascular hamartoma
http://purl.obolibrary.org/obo/HP_0032580,Abnormal bulbus cordis morphology
http://purl.obolibrary.org/obo/HP_0032588,Hand apraxia
http://purl.obolibrary.org/obo/HP_0032592,Aplasia of the right hemidiaphragm
http://purl.obolibrary.org/obo/HP_0032593,Myoglobin casts
http://purl.obolibrary.org/obo/HP_0032608,Thyroidization-type tubular atrophy
http://purl.obolibrary.org/obo/HP_0032609,Endocrine-type tubular atrophy
http://purl.obolibrary.org/obo/HP_0032610,Tubulointerstitial mycobacterial infiltration
http://purl.obolibrary.org/obo/HP_0032619,Perinephric abscess
http://purl.obolibrary.org/obo/HP_0032624,Intratubular bilirubin casts
http://purl.obolibrary.org/obo/HP_0032625,Intratubular erythrocyte cast
http://purl.obolibrary.org/obo/HP_0032626,Intratubular vancomycin casts
http://purl.obolibrary.org/obo/HP_0032627,Intratubular leukocyte casts
http://purl.obolibrary.org/obo/HP_0032629,Intratubular dihydroxyadenuria crystals
http://purl.obolibrary.org/obo/HP_0032630,Intratubular light-chain casts
http://purl.obolibrary.org/obo/HP_0032631,Intratubular hemoglobin casts
http://purl.obolibrary.org/obo/HP_0032633,Intratubular hyaline casts
http://purl.obolibrary.org/obo/HP_0032634,Intratubular myoglobin cast
http://purl.obolibrary.org/obo/HP_0032635,Tubulointerstitial microganismal infiltration
http://purl.obolibrary.org/obo/HP_0032636,Tubulointerstitial viral infiltration
http://purl.obolibrary.org/obo/HP_0032639,Elevated leukocyte cystine
http://purl.obolibrary.org/obo/HP_0032648,Tubularization of Bowman capsule
http://purl.obolibrary.org/obo/HP_0032649,Skewfoot
http://purl.obolibrary.org/obo/HP_0032653,Elevated lactate:pyruvate ratio
http://purl.obolibrary.org/obo/HP_0032655,Decreased adipose tissue tocopherol level
http://purl.obolibrary.org/obo/HP_0032656,Febrile status epilepticus
http://purl.obolibrary.org/obo/HP_0032657,Elevated circulating globotriaosyl lysosphingolipid concentration
http://purl.obolibrary.org/obo/HP_0032658,Status epilepticus with prominent motor symptoms
http://purl.obolibrary.org/obo/HP_0032659,Non-convulsive status epilepticus with coma
http://purl.obolibrary.org/obo/HP_0032660,Convulsive status epilepticus
http://purl.obolibrary.org/obo/HP_0032661,Generalized convulsive status epilepticus
http://purl.obolibrary.org/obo/HP_0032662,Focal-onset seizure evolving into bilateral convulsive status epilepticus
http://purl.obolibrary.org/obo/HP_0032663,Focal motor status epilepticus
http://purl.obolibrary.org/obo/HP_0032664,Adversive status epilepticus
http://purl.obolibrary.org/obo/HP_0032665,Repeated focal motor seizures
http://purl.obolibrary.org/obo/HP_0032666,Hyperkinetic status epilepticus
http://purl.obolibrary.org/obo/HP_0032667,Myoclonic status epilepticus
http://purl.obolibrary.org/obo/HP_0032668,Myoclonic status epilepticus without coma
http://purl.obolibrary.org/obo/HP_0032669,Myoclonic status epilepticus with coma
http://purl.obolibrary.org/obo/HP_0032670,Tonic status epilepticus
http://purl.obolibrary.org/obo/HP_0032671,Non-convulsive status epilepticus without coma
http://purl.obolibrary.org/obo/HP_0032672,Autonomic status epilepticus
http://purl.obolibrary.org/obo/HP_0032673,Focal non-convulsive status epilepticus without coma
http://purl.obolibrary.org/obo/HP_0032674,Cutaneous wound
http://purl.obolibrary.org/obo/HP_0032675,Acute cutaneous wound
http://purl.obolibrary.org/obo/HP_0032676,Chronic cutaneous wound
http://purl.obolibrary.org/obo/HP_0032677,Generalized-onset motor seizure
http://purl.obolibrary.org/obo/HP_0032678,Eyelid myoclonia seizure
http://purl.obolibrary.org/obo/HP_0032679,Focal non-motor seizure
http://purl.obolibrary.org/obo/HP_0032680,Focal cognitive seizure
http://purl.obolibrary.org/obo/HP_0032681,Focal aware cognitive seizure
http://purl.obolibrary.org/obo/HP_0032682,Focal aware non-motor seizure
http://purl.obolibrary.org/obo/HP_0032684,Focal aware cognitive seizure with auditory agnosia
http://purl.obolibrary.org/obo/HP_0032685,Focal cognitive seizure with auditory agnosia
http://purl.obolibrary.org/obo/HP_0032686,Focal aware cognitive seizure with memory impairment
http://purl.obolibrary.org/obo/HP_0032687,Focal cognitive seizure with memory impairment
http://purl.obolibrary.org/obo/HP_0032688,Focal aware cognitive seizure with dissociation
http://purl.obolibrary.org/obo/HP_0032689,Focal cognitive seizure with dissociation
http://purl.obolibrary.org/obo/HP_0032690,Focal aware cognitive seizure with dyscalculia/acalculia
http://purl.obolibrary.org/obo/HP_0032691,Focal cognitive seizure with dyscalculia/acalculia
http://purl.obolibrary.org/obo/HP_0032692,Focal cognitive seizure with forced thinking
http://purl.obolibrary.org/obo/HP_0032693,Focal cognitive seizure with neglect
http://purl.obolibrary.org/obo/HP_0032694,Focal cognitive seizure with dyslexia/alexia
http://purl.obolibrary.org/obo/HP_0032696,Focal cognitive seizure with receptive dysphasia/aphasia
http://purl.obolibrary.org/obo/HP_0032698,Focal cognitive seizure with conduction dysphasia/aphasia
http://purl.obolibrary.org/obo/HP_0032699,Focal cognitive seizure with dysgraphia/agraphia
http://purl.obolibrary.org/obo/HP_0032700,Focal cognitive seizure with left-right confusion
http://purl.obolibrary.org/obo/HP_0032701,Focal cognitive seizure with anomia
http://purl.obolibrary.org/obo/HP_0032702,Focal cognitive seizure with expressive dysphasia/aphasia
http://purl.obolibrary.org/obo/HP_0032704,Focal aware cognitive seizure with illusion
http://purl.obolibrary.org/obo/HP_0032705,Focal aware cognitive seizure with forced thinking
http://purl.obolibrary.org/obo/HP_0032706,Focal aware cognitive seizure with left-right confusion
http://purl.obolibrary.org/obo/HP_0032707,Focal aware cognitive seizure with dyslexia/alexia
http://purl.obolibrary.org/obo/HP_0032708,Focal aware cognitive seizure with anomia
http://purl.obolibrary.org/obo/HP_0032709,Focal aware cognitive seizure with dysgraphia/agraphia
http://purl.obolibrary.org/obo/HP_0032710,Focal aware cognitive seizure with receptive dysphasia/aphasia
http://purl.obolibrary.org/obo/HP_0032711,Focal aware clonic seizure
http://purl.obolibrary.org/obo/HP_0032712,Focal impaired awareness motor seizure
http://purl.obolibrary.org/obo/HP_0032713,Focal impaired awareness motor seizure with version
http://purl.obolibrary.org/obo/HP_0032714,Focal impaired awareness bilateral motor seizure
http://purl.obolibrary.org/obo/HP_0032715,Focal bilateral motor seizure
http://purl.obolibrary.org/obo/HP_0032716,Focal impaired awareness non-motor seizure
http://purl.obolibrary.org/obo/HP_0032717,Focal impaired awareness motor seizure with dystonia
http://purl.obolibrary.org/obo/HP_0032718,Focal motor seizure with dystonia
http://purl.obolibrary.org/obo/HP_0032719,Focal impaired awareness motor seizure with dysarthria/anarthria
http://purl.obolibrary.org/obo/HP_0032720,Focal motor seizure with dysarthria/anarthria
http://purl.obolibrary.org/obo/HP_0032721,Focal motor seizure with paresis/paralysis
http://purl.obolibrary.org/obo/HP_0032722,Focal aware tonic seizure
http://purl.obolibrary.org/obo/HP_0032723,Focal aware motor seizure with dystonia
http://purl.obolibrary.org/obo/HP_0032724,Focal impaired awareness tonic seizure
http://purl.obolibrary.org/obo/HP_0032725,Focal impaired awareness clonic seizure
http://purl.obolibrary.org/obo/HP_0032726,Focal impaired awareness hyperkinetic seizure
http://purl.obolibrary.org/obo/HP_0032727,Focal emotional seizure with agitation
http://purl.obolibrary.org/obo/HP_0032728,Focal impaired awareness atonic seizure
http://purl.obolibrary.org/obo/HP_0032729,Focal emotional seizure with pleasure
http://purl.obolibrary.org/obo/HP_0032730,Focal impaired awareness myoclonic seizure
http://purl.obolibrary.org/obo/HP_0032731,Focal aware hyperkinetic seizure
http://purl.obolibrary.org/obo/HP_0032732,Focal aware motor seizure with paresis/paralysis
http://purl.obolibrary.org/obo/HP_0032733,Focal aware motor seizure with dysarthria/anarthria
http://purl.obolibrary.org/obo/HP_0032734,Focal aware emotional seizure
http://purl.obolibrary.org/obo/HP_0032735,Focal aware emotional seizure with anger
http://purl.obolibrary.org/obo/HP_0032736,Focal emotional seizure with anger
http://purl.obolibrary.org/obo/HP_0032737,Focal emotional seizure with paranoia
http://purl.obolibrary.org/obo/HP_0032738,Focal aware emotional seizure with fear/anxiety/panic
http://purl.obolibrary.org/obo/HP_0032739,Focal emotional seizure with fear/anxiety/panic
http://purl.obolibrary.org/obo/HP_0032740,Focal aware autonomic seizure
http://purl.obolibrary.org/obo/HP_0032741,Focal aware emotional seizure with paranoia
http://purl.obolibrary.org/obo/HP_0032742,Focal aware emotional seizure with pleasure
http://purl.obolibrary.org/obo/HP_0032743,Focal aware emotional seizure with crying
http://purl.obolibrary.org/obo/HP_0032744,Focal aware emotional seizure with agitation
http://purl.obolibrary.org/obo/HP_0032745,Focal aware emotional seizure with laughing
http://purl.obolibrary.org/obo/HP_0032746,Focal impaired awareness emotional seizure
http://purl.obolibrary.org/obo/HP_0032747,Focal impaired awareness emotional seizure with pleasure
http://purl.obolibrary.org/obo/HP_0032748,Focal impaired awareness emotional seizure with anger
http://purl.obolibrary.org/obo/HP_0032749,Focal impaired awareness emotional seizure with paranoia
http://purl.obolibrary.org/obo/HP_0032750,Focal impaired awareness emotional seizure with laughing
http://purl.obolibrary.org/obo/HP_0032751,Focal impaired awareness emotional seizure with crying
http://purl.obolibrary.org/obo/HP_0032752,Focal impaired awareness emotional seizure with fear/anxiety/panic
http://purl.obolibrary.org/obo/HP_0032753,Focal impaired awareness emotional seizure with agitation
http://purl.obolibrary.org/obo/HP_0032754,Focal aware sensory seizure
http://purl.obolibrary.org/obo/HP_0032755,Focal impaired awareness autonomic seizure
http://purl.obolibrary.org/obo/HP_0032756,Focal impaired awareness cognitive seizure
http://purl.obolibrary.org/obo/HP_0032757,Focal aware hemiclonic seizure
http://purl.obolibrary.org/obo/HP_0032758,Focal aware myoclonic seizure
http://purl.obolibrary.org/obo/HP_0032759,Focal sensory seizure with vestibular features
http://purl.obolibrary.org/obo/HP_0032760,Focal sensory seizure with hot-cold sensations
http://purl.obolibrary.org/obo/HP_0032761,Focal aware autonomic seizure with pallor/flushing
http://purl.obolibrary.org/obo/HP_0032762,Focal autonomic seizure with pallor/flushing
http://purl.obolibrary.org/obo/HP_0032763,Focal autonomic seizure with pupillary dilation/constriction
http://purl.obolibrary.org/obo/HP_0032764,Focal autonomic seizure with erection
http://purl.obolibrary.org/obo/HP_0032765,Focal autonomic seizure with urge to urinate/defecate
http://purl.obolibrary.org/obo/HP_0032766,Focal autonomic seizure with hypoventilation/hyperventilation/altered respiration
http://purl.obolibrary.org/obo/HP_0032767,Focal autonomic seizure with piloerection
http://purl.obolibrary.org/obo/HP_0032768,Focal aware autonomic seizure with pupillary dilation/constriction
http://purl.obolibrary.org/obo/HP_0032769,Focal aware autonomic seizure with hypoventilation/hyperventilation/altered respiration
http://purl.obolibrary.org/obo/HP_0032770,Focal aware autonomic seizure with erection
http://purl.obolibrary.org/obo/HP_0032771,Focal autonomic seizure with lacrimation
http://purl.obolibrary.org/obo/HP_0032772,Focal impaired awareness autonomic seizure with piloerection
http://purl.obolibrary.org/obo/HP_0032773,Focal autonomic seizure with palpitations/tachycardia/bradycardia/asystole
http://purl.obolibrary.org/obo/HP_0032774,Focal impaired awareness autonomic seizure with urge to urinate/defecate
http://purl.obolibrary.org/obo/HP_0032775,Focal impaired awareness autonomic seizure with hypoventilation/hyperventilation/altered respiration
http://purl.obolibrary.org/obo/HP_0032776,Focal aware autonomic seizure with lacrimation
http://purl.obolibrary.org/obo/HP_0032777,Focal impaired awareness autonomic seizure with pallor/flushing
http://purl.obolibrary.org/obo/HP_0032778,Focal impaired awareness autonomic seizure with epigastric sensation/nausea/vomiting/other gastrointestinal phenomena
http://purl.obolibrary.org/obo/HP_0032779,Focal impaired awareness autonomic seizure with pupillary dilation/constriction
http://purl.obolibrary.org/obo/HP_0032780,Focal impaired awareness autonomic seizure with erection
http://purl.obolibrary.org/obo/HP_0032781,Focal aware autonomic seizure with urge to urinate/defecate
http://purl.obolibrary.org/obo/HP_0032782,Focal impaired awareness autonomic seizure with lacrimation
http://purl.obolibrary.org/obo/HP_0032783,Focal aware autonomic seizure with piloerection
http://purl.obolibrary.org/obo/HP_0032784,Focal aware autonomic seizure with palpitations/tachycardia/bradycardia/asystole
http://purl.obolibrary.org/obo/HP_0032785,Focal aware autonomic seizure with epigastric sensation/nausea/vomiting/other gastrointestinal phenomena
http://purl.obolibrary.org/obo/HP_0032786,Migrating focal seizure
http://purl.obolibrary.org/obo/HP_0032787,Focal impaired awareness sensory seizure
http://purl.obolibrary.org/obo/HP_0032788,Focal impaired awareness autonomic seizure with palpitations/tachycardia/bradycardia/asystole
http://purl.obolibrary.org/obo/HP_0032789,Focal aware behavior arrest seizure
http://purl.obolibrary.org/obo/HP_0032790,Focal impaired awareness behavior arrest seizure
http://purl.obolibrary.org/obo/HP_0032791,Focal impaired awareness cognitive seizure with anomia
http://purl.obolibrary.org/obo/HP_0032792,Tonic seizure
http://purl.obolibrary.org/obo/HP_0032793,Focal impaired awareness cognitive seizure with receptive dysphasia/aphasia
http://purl.obolibrary.org/obo/HP_0032794,Myoclonic seizure
http://purl.obolibrary.org/obo/HP_0032795,Generalized myoclonic-tonic-clonic seizure
http://purl.obolibrary.org/obo/HP_0032796,Focal impaired awareness cognitive seizure with left-right confusion
http://purl.obolibrary.org/obo/HP_0032797,Focal aware sensory seizure with olfactory features
http://purl.obolibrary.org/obo/HP_0032798,Focal impaired awareness cognitive seizure with neglect
http://purl.obolibrary.org/obo/HP_0032799,Focal impaired awareness hemiclonic seizure
http://purl.obolibrary.org/obo/HP_0032800,Focal aware sensory seizure with vestibular features
http://purl.obolibrary.org/obo/HP_0032801,Focal impaired awareness cognitive seizure with memory impairment
http://purl.obolibrary.org/obo/HP_0032802,Focal impaired awareness cognitive seizure with dyscalculia/acalculia
http://purl.obolibrary.org/obo/HP_0032803,Focal impaired awareness cognitive seizure with dysgraphia/agraphia
http://purl.obolibrary.org/obo/HP_0032804,Focal impaired awareness sensory seizure with olfactory features
http://purl.obolibrary.org/obo/HP_0032805,Focal impaired awareness sensory seizure with vestibular features
http://purl.obolibrary.org/obo/HP_0032806,Focal impaired awareness sensory seizure with visual features
http://purl.obolibrary.org/obo/HP_0032807,Neonatal seizure
http://purl.obolibrary.org/obo/HP_0032808,Neonatal seizure with electrographic correlate
http://purl.obolibrary.org/obo/HP_0032809,Neonatal electro-clinical seizure
http://purl.obolibrary.org/obo/HP_0032810,Focal sensory seizure with cephalic sensation
http://purl.obolibrary.org/obo/HP_0032811,Neonatal electrographic only seizure
http://purl.obolibrary.org/obo/HP_0032812,Neonatal electro-clinical non-motor seizure
http://purl.obolibrary.org/obo/HP_0032813,Neonatal electro-clinical motor seizure
http://purl.obolibrary.org/obo/HP_0032814,Neonatal electro-clinical clonic seizure
http://purl.obolibrary.org/obo/HP_0032815,Neonatal electro-clinical myoclonic seizure
http://purl.obolibrary.org/obo/HP_0032816,Neonatal multifocal myoclonic seizure
http://purl.obolibrary.org/obo/HP_0032817,Neonatal focal myoclonic seizure
http://purl.obolibrary.org/obo/HP_0032818,Neonatal focal clonic seizure
http://purl.obolibrary.org/obo/HP_0032819,Neonatal bilateral clonic seizure
http://purl.obolibrary.org/obo/HP_0032820,Neonatal multifocal clonic seizure
http://purl.obolibrary.org/obo/HP_0032821,Neonatal electro-clinical tonic seizure
http://purl.obolibrary.org/obo/HP_0032822,Neonatal electro-clinical autonomic seizure
http://purl.obolibrary.org/obo/HP_0032823,Neonatal electro-clinical seizure with behavior arrest
http://purl.obolibrary.org/obo/HP_0032824,Neonatal focal tonic seizure
http://purl.obolibrary.org/obo/HP_0032825,Neonatal electro-clinical sequential seizure
http://purl.obolibrary.org/obo/HP_0032826,Focal neonatal sequential seizure
http://purl.obolibrary.org/obo/HP_0032827,Multifocal neonatal sequential seizure
http://purl.obolibrary.org/obo/HP_0032828,Neonatal bilateral symmetric tonic seizure
http://purl.obolibrary.org/obo/HP_0032829,Neonatal electro-clinical motor seizure with automatism
http://purl.obolibrary.org/obo/HP_0032830,Neonatal seizure with bilateral asymmetric automatism
http://purl.obolibrary.org/obo/HP_0032831,Neonatal bilateral asymmetric tonic seizure
http://purl.obolibrary.org/obo/HP_0032832,Neonatal bilateral asymmetric myoclonic seizure
http://purl.obolibrary.org/obo/HP_0032833,Neonatal epileptic spasm
http://purl.obolibrary.org/obo/HP_0032834,Neonatal seizure with unilateral automatism
http://purl.obolibrary.org/obo/HP_0032835,Neonatal seizure with bilateral symmetric automatism
http://purl.obolibrary.org/obo/HP_0032836,Neonatal bilateral symmetric myoclonic seizure
http://purl.obolibrary.org/obo/HP_0032837,Bilateral asymmetric neonatal sequential seizure
http://purl.obolibrary.org/obo/HP_0032838,Neonatal unilateral epileptic spasm
http://purl.obolibrary.org/obo/HP_0032839,Bilateral symmetric neonatal sequential seizure
http://purl.obolibrary.org/obo/HP_0032840,Neonatal bilateral symmetric epileptic spasm
http://purl.obolibrary.org/obo/HP_0032841,Neonatal bilateral asymmetric epileptic spasm
http://purl.obolibrary.org/obo/HP_0032842,Generalized-onset epileptic spasm
http://purl.obolibrary.org/obo/HP_0032843,Focal-onset epileptic spasm
http://purl.obolibrary.org/obo/HP_0032844,Focal impaired awareness epileptic spasm
http://purl.obolibrary.org/obo/HP_0032845,Focal aware epileptic spasm
http://purl.obolibrary.org/obo/HP_0032846,Focal motor seizure with negative myoclonus
http://purl.obolibrary.org/obo/HP_0032847,Focal impaired awareness hemifacial clonic seizure
http://purl.obolibrary.org/obo/HP_0032848,Focal aware cognitive seizure with neglect
http://purl.obolibrary.org/obo/HP_0032849,Aphasic status epilepticus
http://purl.obolibrary.org/obo/HP_0032850,Focal aware cognitive seizure with expressive dysphasia/aphasia
http://purl.obolibrary.org/obo/HP_0032851,Focal aware sensory seizure with visual features
http://purl.obolibrary.org/obo/HP_0032852,Focal impaired awareness cognitive seizure with conduction dysphasia/aphasia
http://purl.obolibrary.org/obo/HP_0032853,Focal impaired awareness sensory seizure with hot-cold sensations
http://purl.obolibrary.org/obo/HP_0032854,Focal aware hemifacial clonic seizure
http://purl.obolibrary.org/obo/HP_0032855,Photosensitive myoclonic-tonic-clonic seizure
http://purl.obolibrary.org/obo/HP_0032856,Focal aware bilateral motor seizure
http://purl.obolibrary.org/obo/HP_0032857,Focal aware motor seizure with negative myoclonus
http://purl.obolibrary.org/obo/HP_0032858,Focal impaired awareness motor seizure with negative myoclonus
http://purl.obolibrary.org/obo/HP_0032859,Focal impaired awareness motor seizure with paresis/paralysis
http://purl.obolibrary.org/obo/HP_0032860,Generalized non-convulsive status epilepticus without coma
http://purl.obolibrary.org/obo/HP_0032861,Focal non-convulsive status epilepticus with impairment of consciousness
http://purl.obolibrary.org/obo/HP_0032862,Status epilepticus with ictal paresis
http://purl.obolibrary.org/obo/HP_0032863,Typical absence status epilepticus
http://purl.obolibrary.org/obo/HP_0032864,Focal aware sensory seizure with auditory features
http://purl.obolibrary.org/obo/HP_0032865,Myoclonic absence status epilepticus
http://purl.obolibrary.org/obo/HP_0032866,Oculoclonic status epilepticus
http://purl.obolibrary.org/obo/HP_0032867,Refractory status epilepticus
http://purl.obolibrary.org/obo/HP_0032868,Super-refractory status epilepticus
http://purl.obolibrary.org/obo/HP_0032869,Focal non-convulsive status epilepticus without impairment of consciousness
http://purl.obolibrary.org/obo/HP_0032870,Focal impaired awareness cognitive seizure with dyslexia/alexia
http://purl.obolibrary.org/obo/HP_0032871,Focal aware cognitive seizure with hallucination
http://purl.obolibrary.org/obo/HP_0032872,Focal impaired awareness cognitive seizure with illusion
http://purl.obolibrary.org/obo/HP_0032873,Focal aware sensory seizure with cephalic sensation
http://purl.obolibrary.org/obo/HP_0032874,Focal impaired awareness cognitive seizure with auditory agnosia
http://purl.obolibrary.org/obo/HP_0032876,Focal aware cognitive seizure with conduction dysphasia/aphasia
http://purl.obolibrary.org/obo/HP_0032877,Focal aware sensory seizure with hot-cold sensations
http://purl.obolibrary.org/obo/HP_0032878,Focal impaired awareness sensory seizure with cephalic sensation
http://purl.obolibrary.org/obo/HP_0032879,Focal impaired awareness seizure with dissociation at onset
http://purl.obolibrary.org/obo/HP_0032880,Focal impaired awareness sensory seizure with auditory features
http://purl.obolibrary.org/obo/HP_0032882,Focal impaired awareness cognitive seizure with deja vu/jamais vu
http://purl.obolibrary.org/obo/HP_0032883,Focal aware cognitive seizure with deja vu/jamais vu
http://purl.obolibrary.org/obo/HP_0032884,Focal aware sensory seizure with somatosensory features
http://purl.obolibrary.org/obo/HP_0032885,Focal impaired awareness cognitive seizure with hallucination
http://purl.obolibrary.org/obo/HP_0032886,Focal impaired awareness cognitive seizure with expressive dysphasia/aphasia
http://purl.obolibrary.org/obo/HP_0032887,Generalized atonic seizure
http://purl.obolibrary.org/obo/HP_0032888,Focal impaired awareness cognitive seizure with forced thinking
http://purl.obolibrary.org/obo/HP_0032889,Focal aware sensory seizure with gustatory features
http://purl.obolibrary.org/obo/HP_0032890,Focal impaired awareness sensory seizure with somatosensory features
http://purl.obolibrary.org/obo/HP_0032891,Focal aware motor seizure with version
http://purl.obolibrary.org/obo/HP_0032892,Infection-related seizure
http://purl.obolibrary.org/obo/HP_0032893,Gastroenteritis-related afebrile seizure
http://purl.obolibrary.org/obo/HP_0032894,Seizure precipitated by febrile infection
http://purl.obolibrary.org/obo/HP_0032895,Febrile seizure outside the age of 3 months to 6 years
http://purl.obolibrary.org/obo/HP_0032896,Music-induced seizure
http://purl.obolibrary.org/obo/HP_0032897,Focal impaired awareness sensory seizure with gustatory features
http://purl.obolibrary.org/obo/HP_0032898,Focal automatism seizure
http://purl.obolibrary.org/obo/HP_0032899,Focal orofacial automatism seizure
http://purl.obolibrary.org/obo/HP_0032900,Focal manual automatism seizure
http://purl.obolibrary.org/obo/HP_0032901,Focal pedal automatism seizure
http://purl.obolibrary.org/obo/HP_0032902,Focal perseverative automatism seizure
http://purl.obolibrary.org/obo/HP_0032903,Focal vocal automatism seizure
http://purl.obolibrary.org/obo/HP_0032904,Focal verbal automatism seizure
http://purl.obolibrary.org/obo/HP_0032905,Focal sexual automatism seizure
http://purl.obolibrary.org/obo/HP_0032906,Focal head nodding automatism seizure
http://purl.obolibrary.org/obo/HP_0032907,Focal undressing automatism seizure
http://purl.obolibrary.org/obo/HP_0032908,Focal aware undressing automatism seizure
http://purl.obolibrary.org/obo/HP_0032909,Focal impaired awareness automatism seizure
http://purl.obolibrary.org/obo/HP_0032910,Focal aware automatism seizure
http://purl.obolibrary.org/obo/HP_0032911,Focal aware orofacial automatism seizure
http://purl.obolibrary.org/obo/HP_0032912,Focal aware manual automatism seizure
http://purl.obolibrary.org/obo/HP_0032913,Focal aware pedal automatism seizure
http://purl.obolibrary.org/obo/HP_0032914,Focal aware perseverative automatism seizure
http://purl.obolibrary.org/obo/HP_0032915,Focal aware vocal automatism seizure
http://purl.obolibrary.org/obo/HP_0032916,Focal aware verbal automatism seizure
http://purl.obolibrary.org/obo/HP_0032917,Focal aware sexual automatism seizure
http://purl.obolibrary.org/obo/HP_0032918,Focal impaired awareness orofacial automatism seizure
http://purl.obolibrary.org/obo/HP_0032919,Focal aware head nodding automatism seizure
http://purl.obolibrary.org/obo/HP_0032920,Focal impaired awareness manual automatism seizure
http://purl.obolibrary.org/obo/HP_0032921,Focal impaired awareness pedal automatism seizure
http://purl.obolibrary.org/obo/HP_0032922,Focal impaired awareness perseverative automatism seizure
http://purl.obolibrary.org/obo/HP_0032923,Focal impaired awareness vocal automatism seizure
http://purl.obolibrary.org/obo/HP_0032924,Focal impaired awareness verbal automatism seizure
http://purl.obolibrary.org/obo/HP_0032925,Focal impaired awareness sexual automatism seizure
http://purl.obolibrary.org/obo/HP_0032926,Focal impaired awareness head nodding automatism seizure
http://purl.obolibrary.org/obo/HP_0032927,Focal impaired awareness undressing automatism seizure
http://purl.obolibrary.org/obo/HP_0032929,Abnormal chondrocyte morphology
http://purl.obolibrary.org/obo/HP_0032930,Lacunar halos around chondrocytes
http://purl.obolibrary.org/obo/HP_0032932,Increased circulating pancreatic triacylglycerol lipase level
http://purl.obolibrary.org/obo/HP_0032933,Airway hyperresponsiveness
http://purl.obolibrary.org/obo/HP_0032934,Spontaneous cerebrospinal fluid leak
http://purl.obolibrary.org/obo/HP_0032936,Intrusion symptom
http://purl.obolibrary.org/obo/HP_0032937,Intrusive mental imagery
http://purl.obolibrary.org/obo/HP_0032938,Recurrent trauma-related distressing dreams
http://purl.obolibrary.org/obo/HP_0032939,Physiological reactivity to cues
http://purl.obolibrary.org/obo/HP_0032940,Dissociation
http://purl.obolibrary.org/obo/HP_0032941,Intense psychological distress to cues
http://purl.obolibrary.org/obo/HP_0032942,Avoidance of stimuli associated with traumatic event
http://purl.obolibrary.org/obo/HP_0032952,Usual-type tubular atrophy
http://purl.obolibrary.org/obo/HP_0032957,Dysmorphic hematuria
http://purl.obolibrary.org/obo/HP_0032958,Urinary oval fat bodies
http://purl.obolibrary.org/obo/HP_0032959,Intratubular calcium oxalate casts
http://purl.obolibrary.org/obo/HP_0032960,Intratubular calcium phosphate casts
http://purl.obolibrary.org/obo/HP_0032961,Magnesium ammonium phosphate crystalluria
http://purl.obolibrary.org/obo/HP_0032962,Tubular microcystic change
http://purl.obolibrary.org/obo/HP_0032964,Uric acid crystalluria
http://purl.obolibrary.org/obo/HP_0032965,Interstitial emphysema
http://purl.obolibrary.org/obo/HP_0032966,Centrilobular emphysema
http://purl.obolibrary.org/obo/HP_0032967,Panacinar emphysema
http://purl.obolibrary.org/obo/HP_0032968,Expiratory air trapping
http://purl.obolibrary.org/obo/HP_0032969,Traction bronchiectasis
http://purl.obolibrary.org/obo/HP_0032970,Traction bronchiolectasis
http://purl.obolibrary.org/obo/HP_0032971,Computed tomographic halo sign
http://purl.obolibrary.org/obo/HP_0032973,Abnormal bronchoalveolar lavage fluid morphology
http://purl.obolibrary.org/obo/HP_0032974,Abnormal cellular composition of bronchoalveolar fluid
http://purl.obolibrary.org/obo/HP_0032975,Abnormal bronchoalveolar fluid protein level
http://purl.obolibrary.org/obo/HP_0032976,Elevated bronchoalveolar lavage fluid lymphocyte proportion
http://purl.obolibrary.org/obo/HP_0032977,Elevated bronchoalveolar lavage fluid neutrophil proportion
http://purl.obolibrary.org/obo/HP_0032978,Lipid-laden macrophages in bronchoalveolar fluid
http://purl.obolibrary.org/obo/HP_0032979,Hemosiderin-laden macrophages in bronchoalveolar fluid
http://purl.obolibrary.org/obo/HP_0032980,Absent bronchoalveolar surfactant-protein C
http://purl.obolibrary.org/obo/HP_0032981,Absent bronchoalveolar dimeric surfactant-protein B
http://purl.obolibrary.org/obo/HP_0032983,Atoll sign
http://purl.obolibrary.org/obo/HP_0032984,Abnormal alveolar macrophage morphology
http://purl.obolibrary.org/obo/HP_0032985,Dust particle inclusion in alveolar macrophages
http://purl.obolibrary.org/obo/HP_0032986,Smoker-inclusions in alveolar macrophages
http://purl.obolibrary.org/obo/HP_0032987,Elevated bronchoalveolar lavage fluid eosinophil proportion
http://purl.obolibrary.org/obo/HP_0032988,Persistent head lag
http://purl.obolibrary.org/obo/HP_0032989,Delayed ability to roll over
http://purl.obolibrary.org/obo/HP_0033000,Subglottic laryngitis
http://purl.obolibrary.org/obo/HP_0033004,Palmar warts
http://purl.obolibrary.org/obo/HP_0033005,Plantar warts
http://purl.obolibrary.org/obo/HP_0033006,Diffuse alveolar damage
http://purl.obolibrary.org/obo/HP_0033008,Increased Z-disc width
http://purl.obolibrary.org/obo/HP_0033011,Platystencephaly
http://purl.obolibrary.org/obo/HP_0033012,Abnormal salivary metabolite concentration
http://purl.obolibrary.org/obo/HP_0033013,Abnormal salivary cortisol level
http://purl.obolibrary.org/obo/HP_0033014,Decreased salivary cortisol level
http://purl.obolibrary.org/obo/HP_0033015,Increased salivary cortisol level
http://purl.obolibrary.org/obo/HP_0033016,Chronic decreased circulating IgD concentration
http://purl.obolibrary.org/obo/HP_0033017,Transient decreased circulating IgD concentration
http://purl.obolibrary.org/obo/HP_0033018,Chronic absent circulating IgD
http://purl.obolibrary.org/obo/HP_0033021,Transient decreased circulating IgE concentration
http://purl.obolibrary.org/obo/HP_0033022,Chronic decreased circulating IgE concentration
http://purl.obolibrary.org/obo/HP_0033023,Chronic absent circulating IgE
http://purl.obolibrary.org/obo/HP_0033024,Transient decreased circulating IgA concentration
http://purl.obolibrary.org/obo/HP_0033025,Chronic absent circulating total IgG
http://purl.obolibrary.org/obo/HP_0033028,Anti-U1 ribonucleoprotein antibody positivity
http://purl.obolibrary.org/obo/HP_0033030,Anti-glomerular basement membrane-antibody positivity
http://purl.obolibrary.org/obo/HP_0033031,Hyperpyrexia
http://purl.obolibrary.org/obo/HP_0033033,Anti-MDA5 antibody positivity
http://purl.obolibrary.org/obo/HP_0033034,Anti-citrullinated protein antibody positivity
http://purl.obolibrary.org/obo/HP_0033035,Abnormal Schwann cell morphology
http://purl.obolibrary.org/obo/HP_0033036,Decreased nasal nitric oxide
http://purl.obolibrary.org/obo/HP_0033037,Migratory arthritis
http://purl.obolibrary.org/obo/HP_0033038,Anti-RNA-polymerase-III-autoantibody positivity
http://purl.obolibrary.org/obo/HP_0033039,Increased circulating precipitin concentration
http://purl.obolibrary.org/obo/HP_0033040,Anti-Sm antibody positivity
http://purl.obolibrary.org/obo/HP_0033041,Cytokine storm
http://purl.obolibrary.org/obo/HP_0033044,Motor regression
http://purl.obolibrary.org/obo/HP_0033046,Michaelis-Gutmann bodies
http://purl.obolibrary.org/obo/HP_0033047,Body ache
http://purl.obolibrary.org/obo/HP_0033050,Pharyngalgia
http://purl.obolibrary.org/obo/HP_0033051,Impaired executive functioning
http://purl.obolibrary.org/obo/HP_0033052,Non-epileptic seizure
http://purl.obolibrary.org/obo/HP_0033053,Pseudoseizure
http://purl.obolibrary.org/obo/HP_0033054,Myoclonic tremor
http://purl.obolibrary.org/obo/HP_0033055,Impaired ability to plan
http://purl.obolibrary.org/obo/HP_0033056,Impaired ability to organize
http://purl.obolibrary.org/obo/HP_0033057,Decreased circulating terminal complement component concentration
http://purl.obolibrary.org/obo/HP_0033058,Decreased circulating complement C7 concentration
http://purl.obolibrary.org/obo/HP_0033059,Decreased circulating complement C6 concentration
http://purl.obolibrary.org/obo/HP_0033060,Decreased circulating complement C5 concentration
http://purl.obolibrary.org/obo/HP_0033061,Increased factor IX activity
http://purl.obolibrary.org/obo/HP_0033062,Abnormal factor IX activity
http://purl.obolibrary.org/obo/HP_0033063,Shortened sleep phase
http://purl.obolibrary.org/obo/HP_0033065,Mild albuminuria
http://purl.obolibrary.org/obo/HP_0033066,Severe albuminuria
http://purl.obolibrary.org/obo/HP_0033067,Cystine crystalluria
http://purl.obolibrary.org/obo/HP_0033068,Medication crystalluria
http://purl.obolibrary.org/obo/HP_0033070,Impaired self monitoring
http://purl.obolibrary.org/obo/HP_0033071,Impaired task monitoring
http://purl.obolibrary.org/obo/HP_0033073,Urate tophus
http://purl.obolibrary.org/obo/HP_0033074,Steroid-responsive anemia
http://purl.obolibrary.org/obo/HP_0033075,Inappropriately normal thyroid-stimulating hormone level
http://purl.obolibrary.org/obo/HP_0033076,Abnormal circulating free T4 concentration
http://purl.obolibrary.org/obo/HP_0033077,Increased circulating free T4 concentration
http://purl.obolibrary.org/obo/HP_0033078,Decreased circulating free T4 concentration
http://purl.obolibrary.org/obo/HP_0033080,Abnormal TSH response to thyrotrophin-releasing hormone stimulation test
http://purl.obolibrary.org/obo/HP_0033081,Absent TSH response to thyrotrophin-releasing hormone stimulation test
http://purl.obolibrary.org/obo/HP_0033082,Reduced TSH response to thyrotrophin-releasing hormone stimulation test
http://purl.obolibrary.org/obo/HP_0033084,Abnormal antral follicle count
http://purl.obolibrary.org/obo/HP_0033085,Reduced antral follicle count
http://purl.obolibrary.org/obo/HP_0033086,Increased antral follicle count
http://purl.obolibrary.org/obo/HP_0033087,Quotidian fever
http://purl.obolibrary.org/obo/HP_0033088,Valinuria
http://purl.obolibrary.org/obo/HP_0033089,Branched-chain aminoaciduria
http://purl.obolibrary.org/obo/HP_0033098,Increased urinary non-proteinogenic amino acid level
http://purl.obolibrary.org/obo/HP_0033104,Inappropriate absence of fever
http://purl.obolibrary.org/obo/HP_0033105,Interhypothalamic adhesion
http://purl.obolibrary.org/obo/HP_0033106,Elevated circulating D-dimer concentration
http://purl.obolibrary.org/obo/HP_0033111,3-hydroxyisovaleric aciduria
http://purl.obolibrary.org/obo/HP_0033113,Gallop rhythm
http://purl.obolibrary.org/obo/HP_0033114,Quadruple gallop rhythm
http://purl.obolibrary.org/obo/HP_0033115,Elevated circulating tenascin-C concentration
http://purl.obolibrary.org/obo/HP_0033118,Abnormal right ventricular function
http://purl.obolibrary.org/obo/HP_0033119,Elevated right ventricular systolic pressure
http://purl.obolibrary.org/obo/HP_0033120,Nummular eczema
http://purl.obolibrary.org/obo/HP_0033121,Barking cough
http://purl.obolibrary.org/obo/HP_0033122,Absent P wave
http://purl.obolibrary.org/obo/HP_0033125,Follicular lymphoma
http://purl.obolibrary.org/obo/HP_0033126,Cutaneous necrosis
http://purl.obolibrary.org/obo/HP_0033127,Abnormality of the musculoskeletal system
http://purl.obolibrary.org/obo/HP_0033128,Delayed ability to crawl
http://purl.obolibrary.org/obo/HP_0033129,Abnormal shoulder physiology
http://purl.obolibrary.org/obo/HP_0033138,Right atrial thrombus
http://purl.obolibrary.org/obo/HP_0033140,Blake's pouch cyst
http://purl.obolibrary.org/obo/HP_0033141,Severe SARS-CoV-2 infection
http://purl.obolibrary.org/obo/HP_0033150,Anorectal abscess
http://purl.obolibrary.org/obo/HP_0033154,Elevated circulating deoxypyridinoline concentration
http://purl.obolibrary.org/obo/HP_0033158,Reduced respiratory ciliary beating frequency
http://purl.obolibrary.org/obo/HP_0033159,Reduced urinary inosine level
http://purl.obolibrary.org/obo/HP_0033160,Decreased urinary guanosine level
http://purl.obolibrary.org/obo/HP_0033161,Abnormal urinary purine level
http://purl.obolibrary.org/obo/HP_0033162,Abnormal urinary pyrimidine level
http://purl.obolibrary.org/obo/HP_0033164,Focal active colitis
http://purl.obolibrary.org/obo/HP_0033165,Necrotizing enterocolitis
http://purl.obolibrary.org/obo/HP_0033167,Neutrophilic urticarial dermatosis
http://purl.obolibrary.org/obo/HP_0033168,Reduced mevalonate kinase activity
http://purl.obolibrary.org/obo/HP_0033169,Reduced total lung capacity
http://purl.obolibrary.org/obo/HP_0033170,Abnormal skinfold thickness measurement
http://purl.obolibrary.org/obo/HP_0033171,Abnormal triceps skinfold thickness
http://purl.obolibrary.org/obo/HP_0033172,Increased triceps skinfold thickness
http://purl.obolibrary.org/obo/HP_0033173,Milky appearance of bronchoalveolar lavage fluid
http://purl.obolibrary.org/obo/HP_0033174,Bloody bronchoalveolar lavage fluid
http://purl.obolibrary.org/obo/HP_0033178,Increased circulating interleukin 8 concentration
http://purl.obolibrary.org/obo/HP_0033179,Elevated circulating aconitic acid concentration
http://purl.obolibrary.org/obo/HP_0033181,Spinal epidural abscess
http://purl.obolibrary.org/obo/HP_0033182,Increased circulating cathepsin D level
http://purl.obolibrary.org/obo/HP_0033187,Hyperimidodipeptiduria
http://purl.obolibrary.org/obo/HP_0033188,Cystic acne
http://purl.obolibrary.org/obo/HP_0033189,Radiculomegaly
http://purl.obolibrary.org/obo/HP_0033190,Hypertrichotic hyperpigmented patch
http://purl.obolibrary.org/obo/HP_0033191,Increased circulating selenium concentration
http://purl.obolibrary.org/obo/HP_0033192,Decreased circulating selenium concentration
http://purl.obolibrary.org/obo/HP_0033193,Ballooning hepatocyte degeneration
http://purl.obolibrary.org/obo/HP_0033194,Perioral erythema
http://purl.obolibrary.org/obo/HP_0033195,Perianal erythema
http://purl.obolibrary.org/obo/HP_0033196,Portal inflammation
http://purl.obolibrary.org/obo/HP_0033199,Increased circulating interleukin 10 concentration
http://purl.obolibrary.org/obo/HP_0033200,Triceps hyporeflexia
http://purl.obolibrary.org/obo/HP_0033201,Biceps hyporeflexia
http://purl.obolibrary.org/obo/HP_0033202,Brachioradialis hyporeflexia
http://purl.obolibrary.org/obo/HP_0033203,Brachioradialis hyperreflexia
http://purl.obolibrary.org/obo/HP_0033204,Triceps hyperreflexia
http://purl.obolibrary.org/obo/HP_0033205,Biceps hyperreflexia
http://purl.obolibrary.org/obo/HP_0033206,Hyperactive Achilles reflex
http://purl.obolibrary.org/obo/HP_0033207,Increased CD21low B cell proportion
http://purl.obolibrary.org/obo/HP_0033208,Alveolar capillary dysplasia
http://purl.obolibrary.org/obo/HP_0033209,Acinar dysplasia
http://purl.obolibrary.org/obo/HP_0033210,Congenital alveolar dysplasia
http://purl.obolibrary.org/obo/HP_0033211,Decreased total iron binding capacity
http://purl.obolibrary.org/obo/HP_0033212,Abnormal total iron binding capacity
http://purl.obolibrary.org/obo/HP_0033214,Recurrent viral pneumonia
http://purl.obolibrary.org/obo/HP_0033216,Glomerular hyalinosis
http://purl.obolibrary.org/obo/HP_0033217,Perihilar glomerular hyalinosis
http://purl.obolibrary.org/obo/HP_0033218,Glomerular hyalinosis at the tubular pole
http://purl.obolibrary.org/obo/HP_0033219,Glomerular hyalinosis away from the vascular and tubular poles
http://purl.obolibrary.org/obo/HP_0033220,2-ethylhydracylic aciduria
http://purl.obolibrary.org/obo/HP_0033221,Increased CD4:CD8 ratio
http://purl.obolibrary.org/obo/HP_0033222,Inverted CD4:CD8 ratio
http://purl.obolibrary.org/obo/HP_0033223,Abnormal glomerular parietal epithelial cell morphology
http://purl.obolibrary.org/obo/HP_0033224,Glomerular parietal epithelial cell hyperplasia
http://purl.obolibrary.org/obo/HP_0033225,Glomerular parietal epithelial cell hypertrophy
http://purl.obolibrary.org/obo/HP_0033226,Bowman capsular hyaline drops
http://purl.obolibrary.org/obo/HP_0033227,Glomerular synechial adhesion
http://purl.obolibrary.org/obo/HP_0033228,Triceps areflexia
http://purl.obolibrary.org/obo/HP_0033229,Brachioradialis areflexia
http://purl.obolibrary.org/obo/HP_0033230,Biceps areflexia
http://purl.obolibrary.org/obo/HP_0033233,Paramesangial deposits
http://purl.obolibrary.org/obo/HP_0033235,Difficulty descending stairs
http://purl.obolibrary.org/obo/HP_0033236,Cognitive fatigue
http://purl.obolibrary.org/obo/HP_0033237,Visceral epithelial cell detachment
http://purl.obolibrary.org/obo/HP_0033238,Podocyte microvillous transformation
http://purl.obolibrary.org/obo/HP_0033239,Visceral epithelial cell capping
http://purl.obolibrary.org/obo/HP_0033240,Elevated RV/TLC ratio
http://purl.obolibrary.org/obo/HP_0033241,Polyalveolar lobe
http://purl.obolibrary.org/obo/HP_0033245,Abnormal alveolar type II pneumocyte morphology
http://purl.obolibrary.org/obo/HP_0033246,Type II pneumocyte hypertrophy
http://purl.obolibrary.org/obo/HP_0033250,Nailfold capillary tortuosity
http://purl.obolibrary.org/obo/HP_0033251,Elevated residual volume
http://purl.obolibrary.org/obo/HP_0033252,Palmar hyperlinearity
http://purl.obolibrary.org/obo/HP_0033253,Reduced circulating interferon gamma concentration
http://purl.obolibrary.org/obo/HP_0033254,Anorectal stricture
http://purl.obolibrary.org/obo/HP_0033255,Congenital lobar overinflation
http://purl.obolibrary.org/obo/HP_0033256,Pancolitis
http://purl.obolibrary.org/obo/HP_0033257,Delayed ability to walk with support
http://purl.obolibrary.org/obo/HP_0033258,Sudden unexpected death in epilepsy
http://purl.obolibrary.org/obo/HP_0033259,Non-motor seizure
http://purl.obolibrary.org/obo/HP_0033260,Livedo racemosa
http://purl.obolibrary.org/obo/HP_0033263,Absent platelet dense granules
http://purl.obolibrary.org/obo/HP_0033264,Enlarged platelet dense granules
http://purl.obolibrary.org/obo/HP_0033265,Podocyte myelin figures
http://purl.obolibrary.org/obo/HP_0033266,Glomerular pseudocrescent
http://purl.obolibrary.org/obo/HP_0033267,Abnormal glomerular capillary lumen morphology
http://purl.obolibrary.org/obo/HP_0033268,Deflation of the glomerular tuft
http://purl.obolibrary.org/obo/HP_0033269,Glomerular capillary collapse
http://purl.obolibrary.org/obo/HP_0033270,Glomerular capillary congestion
http://purl.obolibrary.org/obo/HP_0033271,Glomerular capillary microaneurysm
http://purl.obolibrary.org/obo/HP_0033272,Abnormal glomerular endothelial cell morphology
http://purl.obolibrary.org/obo/HP_0033273,Loss of glomerular endothelial cell fenestration
http://purl.obolibrary.org/obo/HP_0033274,Glomerular endotheliosis
http://purl.obolibrary.org/obo/HP_0033275,Glomerular endothelial tubuloreticular inclusion
http://purl.obolibrary.org/obo/HP_0033277,Glomerular fibrinoid necrosis
http://purl.obolibrary.org/obo/HP_0033278,Reduced CD95-induced lymphocyte apoptosis
http://purl.obolibrary.org/obo/HP_0033279,Enterocutaneous fistula
http://purl.obolibrary.org/obo/HP_0033280,Paratracheal lymphadenopathy
http://purl.obolibrary.org/obo/HP_0033281,Circulating nucleated red blood cells
http://purl.obolibrary.org/obo/HP_0033282,Abnormal glomerular basement membrane morphology
http://purl.obolibrary.org/obo/HP_0033283,Segmentally thickened glomerular basement membrane
http://purl.obolibrary.org/obo/HP_0033284,Diffusely thickened glomerular basement membrane
http://purl.obolibrary.org/obo/HP_0033285,Thickened glomerular basement membranes with no electron dense deposits
http://purl.obolibrary.org/obo/HP_0033286,Thickened glomerular basement membranes with electron dense deposits
http://purl.obolibrary.org/obo/HP_0033287,Glomerular basement membrane lucencies
http://purl.obolibrary.org/obo/HP_0033288,Glomerular basement membrane spikes
http://purl.obolibrary.org/obo/HP_0033289,Glomerular basement membrane wrinkling
http://purl.obolibrary.org/obo/HP_0033290,Glomerular subendothelial widening
http://purl.obolibrary.org/obo/HP_0033291,Glomerular karyhorrhectic debris
http://purl.obolibrary.org/obo/HP_0033292,Glomerular fibrin thrombus
http://purl.obolibrary.org/obo/HP_0033293,Glomerular hyaline pseudothrombus
http://purl.obolibrary.org/obo/HP_0033294,Glomerular lipoprotein thrombus
http://purl.obolibrary.org/obo/HP_0033296,Binucleated visceral epithelial cells
http://purl.obolibrary.org/obo/HP_0033297,Multinucleated visceral epithelial cells
http://purl.obolibrary.org/obo/HP_0033309,Ileoileal intussusception
http://purl.obolibrary.org/obo/HP_0033310,Osmotic diarrhea
http://purl.obolibrary.org/obo/HP_0033312,Abnormal Bowman space morphology
http://purl.obolibrary.org/obo/HP_0033313,Urinary space collagenization
http://purl.obolibrary.org/obo/HP_0033314,Visceral epithelial cell hyperplasia
http://purl.obolibrary.org/obo/HP_0033315,Visceral epithelial hyaline droplets
http://purl.obolibrary.org/obo/HP_0033316,Glomerular crescent formation
http://purl.obolibrary.org/obo/HP_0033317,Cellular crescent
http://purl.obolibrary.org/obo/HP_0033318,Fibrocellular crescent
http://purl.obolibrary.org/obo/HP_0033319,Fibrous crescent
http://purl.obolibrary.org/obo/HP_0033321,Glomerular obsolescence
http://purl.obolibrary.org/obo/HP_0033322,Glomerular capillary wall duplication without cellular interposition
http://purl.obolibrary.org/obo/HP_0033323,Glomerular capillary wall duplication with cellular interposition
http://purl.obolibrary.org/obo/HP_0033326,Elevated circulating hydroxyphenyllactic acid concentration
http://purl.obolibrary.org/obo/HP_0033328,Type II pneumocyte hyperplasia
http://purl.obolibrary.org/obo/HP_0033329,Abnormal postural reflex
http://purl.obolibrary.org/obo/HP_0033330,Impaired neck-righting reflex
http://purl.obolibrary.org/obo/HP_0033331,Acute phase response
http://purl.obolibrary.org/obo/HP_0033333,Jaw contracture
http://purl.obolibrary.org/obo/HP_0033334,Abnormal embryonic development
http://purl.obolibrary.org/obo/HP_0033335,Abnormal preimplantation embryonic development
http://purl.obolibrary.org/obo/HP_0033336,Zygotic cleavage failure
http://purl.obolibrary.org/obo/HP_0033337,Abnormal gametogenesis
http://purl.obolibrary.org/obo/HP_0033338,Abnormal female meiosis
http://purl.obolibrary.org/obo/HP_0033339,Increased circulating inosine concentration
http://purl.obolibrary.org/obo/HP_0033342,Anti-aquaporin 4 antibody positivity
http://purl.obolibrary.org/obo/HP_0033343,Mucoid diarrhea
http://purl.obolibrary.org/obo/HP_0033344,Pleural cobblestoning
http://purl.obolibrary.org/obo/HP_0033345,Neuralgia
http://purl.obolibrary.org/obo/HP_0033346,Psychic epileptic aura
http://purl.obolibrary.org/obo/HP_0033347,Cognitive epileptic aura
http://purl.obolibrary.org/obo/HP_0033348,Epileptic aura
http://purl.obolibrary.org/obo/HP_0033350,Elevated forced expiratory volume in one second
http://purl.obolibrary.org/obo/HP_0033351,Candida esophagitis
http://purl.obolibrary.org/obo/HP_0033352,Pulmonary hypertensive crisis
http://purl.obolibrary.org/obo/HP_0033353,Abnormal blood vessel morphology
http://purl.obolibrary.org/obo/HP_0033357,Limited head rotation
http://purl.obolibrary.org/obo/HP_0033359,Hyperosthenuria
http://purl.obolibrary.org/obo/HP_0033360,Impaired ability to shift attention
http://purl.obolibrary.org/obo/HP_0033361,Nasal ulcer
http://purl.obolibrary.org/obo/HP_0033362,Recurrent coughing spasms
http://purl.obolibrary.org/obo/HP_0033363,Hyaline membranes
http://purl.obolibrary.org/obo/HP_0033364,Lipoid pneumonia
http://purl.obolibrary.org/obo/HP_0033365,Endogenous lipoid pneumonia
http://purl.obolibrary.org/obo/HP_0033366,Exogenous lipoid pneumonia
http://purl.obolibrary.org/obo/HP_0033367,Orthodeoxia
http://purl.obolibrary.org/obo/HP_0033368,Platypnea
http://purl.obolibrary.org/obo/HP_0033369,Cavitating leukodystrophy
http://purl.obolibrary.org/obo/HP_0033370,Bronchial telangiectasia
http://purl.obolibrary.org/obo/HP_0033371,Bronchocentric granulomatosis
http://purl.obolibrary.org/obo/HP_0033372,Abnormal KCO
http://purl.obolibrary.org/obo/HP_0033373,Increased KCO
http://purl.obolibrary.org/obo/HP_0033374,Decreased KCO
http://purl.obolibrary.org/obo/HP_0033375,Anthracosis
http://purl.obolibrary.org/obo/HP_0033376,Alveolar septal thickening
http://purl.obolibrary.org/obo/HP_0033377,Increased airway neuroendocrine cells
http://purl.obolibrary.org/obo/HP_0033378,Increased airway neuroepithelial bodies
http://purl.obolibrary.org/obo/HP_0033381,Elevated circulating stearoylcarnitine concentration
http://purl.obolibrary.org/obo/HP_0033382,Elevated circulating palmitoylcarnitine concentration
http://purl.obolibrary.org/obo/HP_0033383,Decreased compound muscle action potential amplitude
http://purl.obolibrary.org/obo/HP_0033384,Elevated urinary collagen degradation products
http://purl.obolibrary.org/obo/HP_0033386,Abnormal circulating collagen degradation product concentration
http://purl.obolibrary.org/obo/HP_0033388,Abnormal bronchial artery morphology
http://purl.obolibrary.org/obo/HP_0033389,Bronchopulmonary anastomosis
http://purl.obolibrary.org/obo/HP_0033390,Bronchial artery dilatation
http://purl.obolibrary.org/obo/HP_0033391,Bronchial artery hypertrophy
http://purl.obolibrary.org/obo/HP_0033393,Irregularly shaped sperm tail
http://purl.obolibrary.org/obo/HP_0033394,Anti-carbonic anhydrase II antibody positivity
http://purl.obolibrary.org/obo/HP_0033395,Antilactoferrin antibody positivity
http://purl.obolibrary.org/obo/HP_0033396,Glomerular extracapillary fibrin
http://purl.obolibrary.org/obo/HP_0033397,Bowman-space proteinaceous debris
http://purl.obolibrary.org/obo/HP_0033399,Persistent fever
http://purl.obolibrary.org/obo/HP_0033400,Acute abdomen
http://purl.obolibrary.org/obo/HP_0033401,Tissue ischemia
http://purl.obolibrary.org/obo/HP_0033402,Digital ischemia
http://purl.obolibrary.org/obo/HP_0033403,Testicular ischemia
http://purl.obolibrary.org/obo/HP_0033404,Intestinal ischemia
http://purl.obolibrary.org/obo/HP_0033406,Elevated circulating phosphoethanolamine concentration
http://purl.obolibrary.org/obo/HP_0033408,Elevated circulating acetoacetic acid concentration
http://purl.obolibrary.org/obo/HP_0033409,Elevated urinary 2-hydroxybutyric acid
http://purl.obolibrary.org/obo/HP_0033411,Lower extremity akinesia
http://purl.obolibrary.org/obo/HP_0033412,Upper extremity akinesia
http://purl.obolibrary.org/obo/HP_0033413,Upper extremity hypokinesia
http://purl.obolibrary.org/obo/HP_0033414,Lower extremity hypokinesia
http://purl.obolibrary.org/obo/HP_0033415,Cardiac tamponade
http://purl.obolibrary.org/obo/HP_0033416,Hip adductor weakness
http://purl.obolibrary.org/obo/HP_0033418,Elevated circulating 2-hydroxybutyric acid concentration
http://purl.obolibrary.org/obo/HP_0033423,Pulmonary arterial hypertension with positive acute response to NO challenge
http://purl.obolibrary.org/obo/HP_0033424,Pulmonary arterial hypertension with lack of acute response to NO challenge
http://purl.obolibrary.org/obo/HP_0033425,Periungual erythema
http://purl.obolibrary.org/obo/HP_0033426,Pulmonary air embolism
http://purl.obolibrary.org/obo/HP_0033428,Systemic autoinflammation
http://purl.obolibrary.org/obo/HP_0033429,Neuroinflammation
http://purl.obolibrary.org/obo/HP_0033430,Non-infectious meningitis
http://purl.obolibrary.org/obo/HP_0033431,Cytomegalovirus colitis
http://purl.obolibrary.org/obo/HP_0033432,Opportunistic viral infection
http://purl.obolibrary.org/obo/HP_0033433,Ileocecal ulcer
http://purl.obolibrary.org/obo/HP_0033436,Elevated circulating 3-methyl-2-oxovaleric acid concentration
http://purl.obolibrary.org/obo/HP_0033438,Elevated circulating myoglobin concentration
http://purl.obolibrary.org/obo/HP_0033442,Elevated circulating glutarylcarnitine concentration
http://purl.obolibrary.org/obo/HP_0033444,Elevated circulating dodecanoylcarnitine concentration
http://purl.obolibrary.org/obo/HP_0033446,Elevated circulating butyrylcarnitine concentration
http://purl.obolibrary.org/obo/HP_0033447,Elevated circulating isovalerylcarnitine concentration
http://purl.obolibrary.org/obo/HP_0033454,Tube feeding
http://purl.obolibrary.org/obo/HP_0033461,Elevated circulating 3-hydroxylinoleylcarnitine concentration
http://purl.obolibrary.org/obo/HP_0033462,Elevated circulating oleylcarnitine concentration
http://purl.obolibrary.org/obo/HP_0033464,Elevated circulating 3-hydroxypalmitoleylcarnitine concentration
http://purl.obolibrary.org/obo/HP_0033466,Weak grip
http://purl.obolibrary.org/obo/HP_0033467,Low 10-minute APGAR score
http://purl.obolibrary.org/obo/HP_0033468,10-minute APGAR score of 0
http://purl.obolibrary.org/obo/HP_0033469,10-minute APGAR score of 1
http://purl.obolibrary.org/obo/HP_0033470,10-minute APGAR score of 2
http://purl.obolibrary.org/obo/HP_0033471,10-minute APGAR score of 3
http://purl.obolibrary.org/obo/HP_0033472,10-minute APGAR score of 4
http://purl.obolibrary.org/obo/HP_0033473,10-minute APGAR score of 5
http://purl.obolibrary.org/obo/HP_0033474,10-minute APGAR score of 6
http://purl.obolibrary.org/obo/HP_0033475,Limited shoulder abduction
http://purl.obolibrary.org/obo/HP_0033476,Extractable nuclear antigen positivity
http://purl.obolibrary.org/obo/HP_0033477,Abnormal circulating lipoprotein lipase concentration
http://purl.obolibrary.org/obo/HP_0033478,Increased circulating lipoprotein lipase concentration
http://purl.obolibrary.org/obo/HP_0033482,Limited shoulder flexion
http://purl.obolibrary.org/obo/HP_0033483,Podocyte infolding
http://purl.obolibrary.org/obo/HP_0033484,Elevated circulating linoleylcarnitine concentration
http://purl.obolibrary.org/obo/HP_0033485,Glomerular basement membrane disruption
http://purl.obolibrary.org/obo/HP_0033486,Abnormal glomerular basement membrane texture
http://purl.obolibrary.org/obo/HP_0033487,Glomerular basement membranes powdery deposit
http://purl.obolibrary.org/obo/HP_0033488,Glomerular endocapillary leukocyte hypercellularity
http://purl.obolibrary.org/obo/HP_0033489,Glomerular endocapillary neutrophil hypercellularity
http://purl.obolibrary.org/obo/HP_0033490,Glomerular endocapillary foam-cell hypercellularity
http://purl.obolibrary.org/obo/HP_0033492,Podocyte cytoskeletal condensation
http://purl.obolibrary.org/obo/HP_0033494,Glomerular basement membrane amyloid spicule
http://purl.obolibrary.org/obo/HP_0033495,Segmental glomerulosclerosis
http://purl.obolibrary.org/obo/HP_0033496,Perihilar segmental glomerulosclerosis
http://purl.obolibrary.org/obo/HP_0033497,Tip variant segmental glomerulosclerosis
http://purl.obolibrary.org/obo/HP_0033498,Segmental glomerulosclerosis away from the vascular and tubular poles
http://purl.obolibrary.org/obo/HP_0033499,Glomerular basement membrane electron dense deposits
http://purl.obolibrary.org/obo/HP_0033500,Subendothelial glomerular basement membrane electron dense deposits
http://purl.obolibrary.org/obo/HP_0033501,Subepithelial glomerular basement membrane electron dense deposits
http://purl.obolibrary.org/obo/HP_0033502,Abnormal esterified to free carnitine ratio
http://purl.obolibrary.org/obo/HP_0033505,Livedo reticularis
http://purl.obolibrary.org/obo/HP_0033506,Increased esterified to free carnitine ratio
http://purl.obolibrary.org/obo/HP_0033507,Decreased esterified to free carnitine ratio
http://purl.obolibrary.org/obo/HP_0033508,EBV meningitis
http://purl.obolibrary.org/obo/HP_0033509,EBV encephalitis
http://purl.obolibrary.org/obo/HP_0033510,Cutaneous horn
http://purl.obolibrary.org/obo/HP_0033511,Addictive substance use
http://purl.obolibrary.org/obo/HP_0033512,Addictive stimulant use
http://purl.obolibrary.org/obo/HP_0033513,Addictive cocaine use
http://purl.obolibrary.org/obo/HP_0033514,Addictive amphetamine use
http://purl.obolibrary.org/obo/HP_0033515,Addictive opioid use
http://purl.obolibrary.org/obo/HP_0033516,Addictive benzodiazepine use
http://purl.obolibrary.org/obo/HP_0033517,Addictive heroin use
http://purl.obolibrary.org/obo/HP_0033518,Addictive methylphenidate use
http://purl.obolibrary.org/obo/HP_0033519,Addictive methamphetamine use
http://purl.obolibrary.org/obo/HP_0033520,Paradoxical embolism
http://purl.obolibrary.org/obo/HP_0033521,Nasal dryness
http://purl.obolibrary.org/obo/HP_0033522,Cerebral cavernous malformation
http://purl.obolibrary.org/obo/HP_0033523,Abnormal sperm principal piece morphology
http://purl.obolibrary.org/obo/HP_0033524,Abnormal sperm axoneme morphology
http://purl.obolibrary.org/obo/HP_0033525,Absent sperm axoneme central pair complex
http://purl.obolibrary.org/obo/HP_0033527,Decreased gonadotropin-stimulated testosterone-to-androstenedione ratio
http://purl.obolibrary.org/obo/HP_0033528,Abnormal cardiac output
http://purl.obolibrary.org/obo/HP_0033529,Abnormal cardiac index
http://purl.obolibrary.org/obo/HP_0033530,Increased cardiac index
http://purl.obolibrary.org/obo/HP_0033531,Decreased cardiac index
http://purl.obolibrary.org/obo/HP_0033532,Decreased cardiac output
http://purl.obolibrary.org/obo/HP_0033533,Increased cardiac output
http://purl.obolibrary.org/obo/HP_0033534,Increased circulating brain natriuretic peptide concentration
http://purl.obolibrary.org/obo/HP_0033535,Reduced platelet dense granules
http://purl.obolibrary.org/obo/HP_0033536,Reduced platelet alpha granules
http://purl.obolibrary.org/obo/HP_0033540,Reversible airflow obstruction
http://purl.obolibrary.org/obo/HP_0033541,Irreversible airflow obstruction
http://purl.obolibrary.org/obo/HP_0033543,Addictive nicotine use
http://purl.obolibrary.org/obo/HP_0033549,Nodular mesangiosclerosis
http://purl.obolibrary.org/obo/HP_0033552,Chronic villitis
http://purl.obolibrary.org/obo/HP_0033553,Septic embolism
http://purl.obolibrary.org/obo/HP_0033554,Anti-Mi2 antibody positivity
http://purl.obolibrary.org/obo/HP_0033555,Anti-Ro/SS-A antibody positivity
http://purl.obolibrary.org/obo/HP_0033556,Anti-nucleoporin 62 antibody positivity
http://purl.obolibrary.org/obo/HP_0033557,Anti-proteinase 3 antibody positivity
http://purl.obolibrary.org/obo/HP_0033558,Anti-histone antibody positivity
http://purl.obolibrary.org/obo/HP_0033559,Anti-myeloperoxidase antibody positivity
http://purl.obolibrary.org/obo/HP_0033560,Anti-PM-Scl antibody positivity
http://purl.obolibrary.org/obo/HP_0033561,Anti-bactericidal/permeability-increasing protein antibody positivity
http://purl.obolibrary.org/obo/HP_0033562,Anti-glycoprotein-210 antibody positivity
http://purl.obolibrary.org/obo/HP_0033563,Anti-tissue transglutaminase antibody positivity
http://purl.obolibrary.org/obo/HP_0033564,Stasis dermatitis
http://purl.obolibrary.org/obo/HP_0033565,Anti-epidermal transglutaminase antibody positivity
http://purl.obolibrary.org/obo/HP_0033566,Abnormal ventricular axis
http://purl.obolibrary.org/obo/HP_0033567,Right axis deviation
http://purl.obolibrary.org/obo/HP_0033568,Left axis deviation
http://purl.obolibrary.org/obo/HP_0033569,Extreme axis deviation
http://purl.obolibrary.org/obo/HP_0033570,Indeterminate ventricular axis
http://purl.obolibrary.org/obo/HP_0033572,Anti-H1 antibody positivity
http://purl.obolibrary.org/obo/HP_0033573,Anti-H4 antibody positivity
http://purl.obolibrary.org/obo/HP_0033574,Anti-H3 antibody positivity
http://purl.obolibrary.org/obo/HP_0033575,Anti-H2A antibody positivity
http://purl.obolibrary.org/obo/HP_0033576,Anti-H2B antibody positivity
http://purl.obolibrary.org/obo/HP_0033578,Pre-capillary pulmonary hypertension
http://purl.obolibrary.org/obo/HP_0033579,Decreased growth hormone responses to growth hormone-releasing hormone challenge
http://purl.obolibrary.org/obo/HP_0033580,Compound motor action potential abnormality
http://purl.obolibrary.org/obo/HP_0033583,Follicular bronchiolitis
http://purl.obolibrary.org/obo/HP_0033584,Nonspecific interstitial pneumonia
http://purl.obolibrary.org/obo/HP_0033585,Fibrotic non-specific interstitial pneumonia
http://purl.obolibrary.org/obo/HP_0033586,Cellular non-specific interstitial pneumonia
http://purl.obolibrary.org/obo/HP_0033587,Vulvar abscess
http://purl.obolibrary.org/obo/HP_0033589,Flatulence
http://purl.obolibrary.org/obo/HP_0033590,Inguinal abscess
http://purl.obolibrary.org/obo/HP_0033591,Staghorn calculus
http://purl.obolibrary.org/obo/HP_0033592,Anti-H3-H4 antibody positivity
http://purl.obolibrary.org/obo/HP_0033593,Anti-H2A-H2B antibody positivity
http://purl.obolibrary.org/obo/HP_0033594,Elevated urinary 7-biopterin level
http://purl.obolibrary.org/obo/HP_0033595,Elevated circulating globotriaosylceramide concentration
http://purl.obolibrary.org/obo/HP_0033596,Elevated urinary 3-methylcrotonylglycine level
http://purl.obolibrary.org/obo/HP_0033597,Decreased mucosal sucrase-isomaltase activity
http://purl.obolibrary.org/obo/HP_0033598,Fibrillar glomerular subepithelial deposits
http://purl.obolibrary.org/obo/HP_0033599,Glomerular amyloid subepithelial deposits
http://purl.obolibrary.org/obo/HP_0033600,Fibrillary glomerular subepithelial deposits
http://purl.obolibrary.org/obo/HP_0033601,Glomerular subepithelial immune-complex deposits
http://purl.obolibrary.org/obo/HP_0033602,Glomerular hyaline subepithelial deposits
http://purl.obolibrary.org/obo/HP_0033603,Glomerular subepithelial deposits
http://purl.obolibrary.org/obo/HP_0033604,Glomerular capillary wire loop deposits
http://purl.obolibrary.org/obo/HP_0033605,Pustular rash
http://purl.obolibrary.org/obo/HP_0033606,Bone marrow maturation arrest
http://purl.obolibrary.org/obo/HP_0033607,Bone marrow arrest at the promyelocytic stage
http://purl.obolibrary.org/obo/HP_0033608,Pulmonary nodule
http://purl.obolibrary.org/obo/HP_0033609,Solid pulmonary nodule
http://purl.obolibrary.org/obo/HP_0033610,Subsolid pulmonary nodule
http://purl.obolibrary.org/obo/HP_0033611,Part-solid pulmonary nodule
http://purl.obolibrary.org/obo/HP_0033612,Pure ground-glass pulmonary nodule
http://purl.obolibrary.org/obo/HP_0033613,Perifissural pulmonary nodule
http://purl.obolibrary.org/obo/HP_0033619,Typical perifissural nodule
http://purl.obolibrary.org/obo/HP_0033620,Atypical perifissural nodule
http://purl.obolibrary.org/obo/HP_0033622,Migratory erythematous plaque
http://purl.obolibrary.org/obo/HP_0033625,Emotional insecurity
http://purl.obolibrary.org/obo/HP_0033626,Increased non-HDL cholesterol concentration
http://purl.obolibrary.org/obo/HP_0033628,Bowel irritability
http://purl.obolibrary.org/obo/HP_0033629,IgG4 autoimmune antibody positivity
http://purl.obolibrary.org/obo/HP_0033630,Brain fog
http://purl.obolibrary.org/obo/HP_0033632,Abnormal alveolar volume
http://purl.obolibrary.org/obo/HP_0033633,Decreased alveolar volume
http://purl.obolibrary.org/obo/HP_0033634,Increased alveolar volume
http://purl.obolibrary.org/obo/HP_0033635,Post-capillary pulmonary hypertension
http://purl.obolibrary.org/obo/HP_0033636,Combined pre- and post-capillary pulmonary hypertension
http://purl.obolibrary.org/obo/HP_0033637,Anti-endomysial antibody positivity
http://purl.obolibrary.org/obo/HP_0033638,Intralobular septal thickening
http://purl.obolibrary.org/obo/HP_0033639,Septic pulmonary embolism
http://purl.obolibrary.org/obo/HP_0033640,Acetabular erosions
http://purl.obolibrary.org/obo/HP_0033644,Elevated circulating erythropoietin concentration
http://purl.obolibrary.org/obo/HP_0033646,Absent hippocampal commissure
http://purl.obolibrary.org/obo/HP_0033647,Silhouette sign
http://purl.obolibrary.org/obo/HP_0033648,Pulmonary pseudocavity
http://purl.obolibrary.org/obo/HP_0033649,Paraseptal emphysema
http://purl.obolibrary.org/obo/HP_0033650,Pulmonary parenchymal band
http://purl.obolibrary.org/obo/HP_0033651,Pulmonary mycetoma
http://purl.obolibrary.org/obo/HP_0033652,Broncholith
http://purl.obolibrary.org/obo/HP_0033653,Bronchocele
http://purl.obolibrary.org/obo/HP_0033654,Beaded septum sign
http://purl.obolibrary.org/obo/HP_0033655,Pulmonary cavity
http://purl.obolibrary.org/obo/HP_0033656,Juxtaphrenic peak
http://purl.obolibrary.org/obo/HP_0033657,Linear atelectasis
http://purl.obolibrary.org/obo/HP_0033658,Rounded atelectasis
http://purl.obolibrary.org/obo/HP_0033660,Hand paresthesia
http://purl.obolibrary.org/obo/HP_0033661,Air crescent
http://purl.obolibrary.org/obo/HP_0033662,Air bronchogram
http://purl.obolibrary.org/obo/HP_0033663,Air trapping
http://purl.obolibrary.org/obo/HP_0033664,Ganglioglioma
http://purl.obolibrary.org/obo/HP_0033665,Diminished health-related quality of life
http://purl.obolibrary.org/obo/HP_0033666,Diminished physical functioning
http://purl.obolibrary.org/obo/HP_0033667,Diminished mental health
http://purl.obolibrary.org/obo/HP_0033668,Abnormal amygdala morphology
http://purl.obolibrary.org/obo/HP_0033669,Enlarged amygdala
http://purl.obolibrary.org/obo/HP_0033670,Organizing pneumonia
http://purl.obolibrary.org/obo/HP_0033671,Pulmonary oligemia
http://purl.obolibrary.org/obo/HP_0033672,Positive carpal Tinel sign
http://purl.obolibrary.org/obo/HP_0033673,Positive Phalen test
http://purl.obolibrary.org/obo/HP_0033674,Pulmonary blood flow redistribution
http://purl.obolibrary.org/obo/HP_0033675,Frailty
http://purl.obolibrary.org/obo/HP_0033676,Posttraumatic stress symptom
http://purl.obolibrary.org/obo/HP_0033677,Acute respiratory distress syndrome
http://purl.obolibrary.org/obo/HP_0033678,Acute coronary syndrome
http://purl.obolibrary.org/obo/HP_0033679,Abnormal red nucleus morphology
http://purl.obolibrary.org/obo/HP_0033680,Pilocytic astrocytoma
http://purl.obolibrary.org/obo/HP_0033681,Oligodendroglioma
http://purl.obolibrary.org/obo/HP_0033682,Pleomorphic xanthoastrocytoma
http://purl.obolibrary.org/obo/HP_0033683,Jaw hyperreflexia
http://purl.obolibrary.org/obo/HP_0033684,Abnormal muscle fiber-type distribution
http://purl.obolibrary.org/obo/HP_0033685,Fiber type grouping
http://purl.obolibrary.org/obo/HP_0033686,Mitochondrial hypertrophy
http://purl.obolibrary.org/obo/HP_0033687,Short term memory impairment
http://purl.obolibrary.org/obo/HP_0033688,Long term memory impairment
http://purl.obolibrary.org/obo/HP_0033689,Anterograde memory impairment
http://purl.obolibrary.org/obo/HP_0033690,Retrograde memory impairment
http://purl.obolibrary.org/obo/HP_0033691,Procedural memory loss
http://purl.obolibrary.org/obo/HP_0033692,Declarative memory loss
http://purl.obolibrary.org/obo/HP_0033693,Phantosmia
http://purl.obolibrary.org/obo/HP_0033694,Tactile hallucination
http://purl.obolibrary.org/obo/HP_0033695,Occupational disability
http://purl.obolibrary.org/obo/HP_0033696,Pseudo-chilblain
http://purl.obolibrary.org/obo/HP_0033697,Vesicular eruption
http://purl.obolibrary.org/obo/HP_0033698,Monomorphic vesicular eruption
http://purl.obolibrary.org/obo/HP_0033699,Polymorphic vesicular eruption
http://purl.obolibrary.org/obo/HP_0033700,Papulovesicular eruption
http://purl.obolibrary.org/obo/HP_0033702,Subpleural curvilinear line
http://purl.obolibrary.org/obo/HP_0033703,Dysembryoplastic neuroepithelial tumor
http://purl.obolibrary.org/obo/HP_0033704,Elevated urinary homogentisic acid
http://purl.obolibrary.org/obo/HP_0033705,Tearfulness
http://purl.obolibrary.org/obo/HP_0033706,Progressive massive fibrosis
http://purl.obolibrary.org/obo/HP_0033707,Perioral hyperkeratosis
http://purl.obolibrary.org/obo/HP_0033708,Anti-3-hydroxy- 3-methylglutaryl-coA reductase antibody positivity
http://purl.obolibrary.org/obo/HP_0033709,Increased sputum production
http://purl.obolibrary.org/obo/HP_0033710,Rest dyspnea
http://purl.obolibrary.org/obo/HP_0033712,Repeated implantation failure
http://purl.obolibrary.org/obo/HP_0033713,Anti-signal recognition particle antibody positivity
http://purl.obolibrary.org/obo/HP_0033714,Multiple meningiomas
http://purl.obolibrary.org/obo/HP_0033715,Hippocampal sclerosis
http://purl.obolibrary.org/obo/HP_0033716,EEG with frontal epileptiform discharges
http://purl.obolibrary.org/obo/HP_0033717,EEG with temporal epileptiform discharges
http://purl.obolibrary.org/obo/HP_0033718,EEG with central epileptiform discharges
http://purl.obolibrary.org/obo/HP_0033719,EEG with parietal epileptiform discharges
http://purl.obolibrary.org/obo/HP_0033720,EEG with occipital epileptiform discharges
http://purl.obolibrary.org/obo/HP_0033721,EEG with centrotemporal epileptiform discharges
http://purl.obolibrary.org/obo/HP_0033722,Autonomic epileptic aura
http://purl.obolibrary.org/obo/HP_0033723,Abnormal cerebral venous sinus morphology
http://purl.obolibrary.org/obo/HP_0033726,Lupus nephritis
http://purl.obolibrary.org/obo/HP_0033727,Diffuse lupus nephritis
http://purl.obolibrary.org/obo/HP_0033728,Mesangial proliferative lupus nephritis
http://purl.obolibrary.org/obo/HP_0033729,Minimal mesangial lupus nephritis
http://purl.obolibrary.org/obo/HP_0033730,Membranous lupus nephritis
http://purl.obolibrary.org/obo/HP_0033731,Focal lupus nephritis
http://purl.obolibrary.org/obo/HP_0033732,Advanced sclerotic lupus nephritis
http://purl.obolibrary.org/obo/HP_0033733,Low-grade vesicoureteral reflux
http://purl.obolibrary.org/obo/HP_0033734,High-grade vesicoureteral reflux
http://purl.obolibrary.org/obo/HP_0033735,Grade I vesicoureteral reflux
http://purl.obolibrary.org/obo/HP_0033736,Grade II vesicoureteral reflux
http://purl.obolibrary.org/obo/HP_0033737,Grade III vesicoureteral reflux
http://purl.obolibrary.org/obo/HP_0033738,Primary vesicoureteral reflux
http://purl.obolibrary.org/obo/HP_0033739,Secondary vesicoureteral reflux
http://purl.obolibrary.org/obo/HP_0033740,Grade V vesicoureteral reflux
http://purl.obolibrary.org/obo/HP_0033741,Grade IV vesicoureteral reflux
http://purl.obolibrary.org/obo/HP_0033742,Intrarenal reflux
http://purl.obolibrary.org/obo/HP_0033743,Macular agenesis
http://purl.obolibrary.org/obo/HP_0033746,Intrascapular pain
http://purl.obolibrary.org/obo/HP_0033747,Abnormal exteroceptive sensation
http://purl.obolibrary.org/obo/HP_0033748,Hypoesthesia
http://purl.obolibrary.org/obo/HP_0033749,Abnormal functional residual capacity
http://purl.obolibrary.org/obo/HP_0033750,Reduced functional residual capacity
http://purl.obolibrary.org/obo/HP_0033751,Elevated functional residual capacity
http://purl.obolibrary.org/obo/HP_0033752,Abnormal residual volume
http://purl.obolibrary.org/obo/HP_0033753,Reduced residual volume
http://purl.obolibrary.org/obo/HP_0033754,Abnormal left ventricular end-diastolic volume
http://purl.obolibrary.org/obo/HP_0033755,Increased left ventricular end-diastolic volume
http://purl.obolibrary.org/obo/HP_0033756,Decreased left ventricular end-diastolic volume
http://purl.obolibrary.org/obo/HP_0033758,Labial abscess
http://purl.obolibrary.org/obo/HP_0033760,Decreased maximal oxygen uptake
http://purl.obolibrary.org/obo/HP_0033761,Xanthogranulomatous pyelonephritis
http://purl.obolibrary.org/obo/HP_0033762,Middle cerebral artery stroke
http://purl.obolibrary.org/obo/HP_0033766,Polymelia
http://purl.obolibrary.org/obo/HP_0033767,Abnormal single motor unit action potential
http://purl.obolibrary.org/obo/HP_0033769,Fundic gland polyposis
http://purl.obolibrary.org/obo/HP_0033770,Gastric adenocarcinoma
http://purl.obolibrary.org/obo/HP_0033771,Pleuritic chest pain
http://purl.obolibrary.org/obo/HP_0033772,Abnormal RV/TLC ratio
http://purl.obolibrary.org/obo/HP_0033773,Decreased RV/TLC ratio
http://purl.obolibrary.org/obo/HP_0033775,Pulmonary imaging sign
http://purl.obolibrary.org/obo/HP_0033777,Supernumerary cusp
http://purl.obolibrary.org/obo/HP_0033778,Leung cusp
http://purl.obolibrary.org/obo/HP_0033783,Molar incisor malformation
http://purl.obolibrary.org/obo/HP_0033790,Thistle tube shaped pulp
http://purl.obolibrary.org/obo/HP_0033792,Cross bite
http://purl.obolibrary.org/obo/HP_0033794,Acral overgrowth
http://purl.obolibrary.org/obo/HP_0033795,Growth without growth hormone
http://purl.obolibrary.org/obo/HP_0033796,Abnormal leukocyte physiology
http://purl.obolibrary.org/obo/HP_0033797,Leukocyte migration defect
http://purl.obolibrary.org/obo/HP_0033799,Abnormal circulating sex hormone concentration
http://purl.obolibrary.org/obo/HP_0033800,Blistering by anatomical location
http://purl.obolibrary.org/obo/HP_0033801,Blistering by histological location
http://purl.obolibrary.org/obo/HP_0033802,Intra-epidermal blistering
http://purl.obolibrary.org/obo/HP_0033803,Sub-lamina densa cleavage
http://purl.obolibrary.org/obo/HP_0033804,Subepidermal blistering
http://purl.obolibrary.org/obo/HP_0033805,Non-necrotizing granuloma
http://purl.obolibrary.org/obo/HP_0033806,Abnormal epidermis stratum granulosum morphology
http://purl.obolibrary.org/obo/HP_0033807,Absent keratohyalin granules
http://purl.obolibrary.org/obo/HP_0033808,Spermatocele
http://purl.obolibrary.org/obo/HP_0033809,Increased circulating 17 hydroxypregnenolone concentration
http://purl.obolibrary.org/obo/HP_0033810,Decreased circulating dihydrotestosterone concentration
http://purl.obolibrary.org/obo/HP_0033811,Abnormal circulating androstenedione concentration
http://purl.obolibrary.org/obo/HP_0033812,Decreased circulating androstenedione concentration
http://purl.obolibrary.org/obo/HP_0033821,Pulmonary mass
http://purl.obolibrary.org/obo/HP_0033822,Mass on thoracic imaging
http://purl.obolibrary.org/obo/HP_0033823,Mediastinal mass
http://purl.obolibrary.org/obo/HP_0033824,Pleural mass
http://purl.obolibrary.org/obo/HP_0033825,Superior mediastinal mass
http://purl.obolibrary.org/obo/HP_0033826,Inferior mediastinal mass
http://purl.obolibrary.org/obo/HP_0033827,Anterior mediastinal mass
http://purl.obolibrary.org/obo/HP_0033828,Middle mediastinal mass
http://purl.obolibrary.org/obo/HP_0033829,Posterior mediastinal mass
http://purl.obolibrary.org/obo/HP_0033830,Hyperdense pulmonary mass
http://purl.obolibrary.org/obo/HP_0033831,Cavitating pulmonary mass
http://purl.obolibrary.org/obo/HP_0033832,Livedo
http://purl.obolibrary.org/obo/HP_0033833,Elevated circulating sCD25 concentration
http://purl.obolibrary.org/obo/HP_0033834,Malaise
http://purl.obolibrary.org/obo/HP_0033836,Abnormal intrarenal artery morphology
http://purl.obolibrary.org/obo/HP_0033837,Abnormal arcuate artery morphology
http://purl.obolibrary.org/obo/HP_0033838,Dysphoria
http://purl.obolibrary.org/obo/HP_0033839,Testicular pain
http://purl.obolibrary.org/obo/HP_0033840,Postmenopausal bleeding
http://purl.obolibrary.org/obo/HP_0033841,Ocular pruritus
http://purl.obolibrary.org/obo/HP_0033842,Early satiety
http://purl.obolibrary.org/obo/HP_0033843,Postprandial fullness
http://purl.obolibrary.org/obo/HP_0033844,Racing thoughts
http://purl.obolibrary.org/obo/HP_0033845,Sense of impending doom
http://purl.obolibrary.org/obo/HP_0033846,Spinal hypomyelination
http://purl.obolibrary.org/obo/HP_0033847,Phantageusia
http://purl.obolibrary.org/obo/HP_0033848,Receptive aphasia
http://purl.obolibrary.org/obo/HP_0033849,Bilingual aphasia
http://purl.obolibrary.org/obo/HP_0033850,Coldness
http://purl.obolibrary.org/obo/HP_0033851,Oculomotor synkinesis
http://purl.obolibrary.org/obo/HP_0033852,Abnormal intrarenal vein morphology
http://purl.obolibrary.org/obo/HP_0033853,Abnormal arcuate vein morphology
http://purl.obolibrary.org/obo/HP_0033854,Abnormal interlobular vein morphology
http://purl.obolibrary.org/obo/HP_0033855,Abnormal interlobular vein lumen morphology
http://purl.obolibrary.org/obo/HP_0033856,Cholesterol emboli within interlobular vein lumen
http://purl.obolibrary.org/obo/HP_0033857,Intraluminal thrombi within interlobular veins
http://purl.obolibrary.org/obo/HP_0033858,Organized thrombi within interlobular vein lumen
http://purl.obolibrary.org/obo/HP_0033859,Abnormal peritubular capillary morphology
http://purl.obolibrary.org/obo/HP_0033860,Abnormal cortical peritubular capillary morphology
http://purl.obolibrary.org/obo/HP_0033861,Multilamellation of cortical peritubular capillary basement membranes
http://purl.obolibrary.org/obo/HP_0033862,Cortical peritubular capillaritis
http://purl.obolibrary.org/obo/HP_0033863,Abnormal cortical peritubular capillary lumen morphology
http://purl.obolibrary.org/obo/HP_0033864,Abnormal medullary peritubular capillary morphology
http://purl.obolibrary.org/obo/HP_0033865,Medullary peritubular capillaritis
http://purl.obolibrary.org/obo/HP_0033866,Medullary peritubular capillary erythrocyte congestion
http://purl.obolibrary.org/obo/HP_0033867,Multilamellation of medullary peritubular capillary basement membranes
http://purl.obolibrary.org/obo/HP_0033868,Abnormal medullary peritubular capillary lumen morphology
http://purl.obolibrary.org/obo/HP_0033869,Medullary peritubular capillary lumen cholesterol emboli
http://purl.obolibrary.org/obo/HP_0033870,Medullary peritubular capillary intraluminal thrombi
http://purl.obolibrary.org/obo/HP_0033871,Medullary peritubular capillary lumen organized thrombi
http://purl.obolibrary.org/obo/HP_0033872,Cortical peritubular capillary lumen cholesterol emboli
http://purl.obolibrary.org/obo/HP_0033873,Cortical peritubular capillary intraluminal thrombi
http://purl.obolibrary.org/obo/HP_0033874,Cortical peritubular capillary lumen organized thrombi
http://purl.obolibrary.org/obo/HP_0033875,Abnormal arcuate vein lumen morphology
http://purl.obolibrary.org/obo/HP_0033876,Arcuate vein lumen cholesterol emboli
http://purl.obolibrary.org/obo/HP_0033877,Arcuate vein intraluminal thrombi
http://purl.obolibrary.org/obo/HP_0033878,Arcuate vein lumen organized thrombi
http://purl.obolibrary.org/obo/HP_0033879,Abnormal arcuate vein intima/media morphology
http://purl.obolibrary.org/obo/HP_0033880,Arcuate vein intimal mucoid edema
http://purl.obolibrary.org/obo/HP_0033881,Arcuate vein intimal/medial myxomatous degeneration
http://purl.obolibrary.org/obo/HP_0033882,Arcuate vein intima/medial amyloidosis
http://purl.obolibrary.org/obo/HP_0033883,Abnormal cortical radial artery morphology
http://purl.obolibrary.org/obo/HP_0033884,Abnormal cortical radial artery lumen morphology
http://purl.obolibrary.org/obo/HP_0033885,Cortical radial artery lumen cholesterol emboli
http://purl.obolibrary.org/obo/HP_0033886,Abnormal arcuate artery intima/media morphology
http://purl.obolibrary.org/obo/HP_0033887,Cortical radial artery intimal/medial amyloidosis
http://purl.obolibrary.org/obo/HP_0033888,Abnormal cortical radial artery intima/media morphology
http://purl.obolibrary.org/obo/HP_0033896,Abnormal arcuate artery lumen morphology
http://purl.obolibrary.org/obo/HP_0033897,Arcuate artery lumen cholesterol emboli
http://purl.obolibrary.org/obo/HP_0033898,Arcuate artery intraluminal thrombi
http://purl.obolibrary.org/obo/HP_0033899,Arcuate artery lumen organized thrombi
http://purl.obolibrary.org/obo/HP_0033901,Abnormal arcuate artery endothelium morphology
http://purl.obolibrary.org/obo/HP_0033902,Arcuate artery endotheliosis
http://purl.obolibrary.org/obo/HP_0033903,Arcuate artery endoarterial hypercellularity
http://purl.obolibrary.org/obo/HP_0033905,Arcuate artery intima/media arteriosclerosis
http://purl.obolibrary.org/obo/HP_0033909,Arcuate vein medial hypertrophy
http://purl.obolibrary.org/obo/HP_0033910,Arcuate vein medial atrophy
http://purl.obolibrary.org/obo/HP_0033911,Cortical radial artery medial hypertrophy
http://purl.obolibrary.org/obo/HP_0033912,Cortical radial artery medial atrophy
http://purl.obolibrary.org/obo/HP_0033913,Cortical radial artery medial/intimal arteriitis
http://purl.obolibrary.org/obo/HP_0033914,Arcuate artery intima/media amyloidosis
http://purl.obolibrary.org/obo/HP_0033915,Arcuate artery intimal mucoid edema
http://purl.obolibrary.org/obo/HP_0033916,Medial/intimal arcuate venosclerosis
http://purl.obolibrary.org/obo/HP_0033917,Arcuate intimal/medial venulitis
http://purl.obolibrary.org/obo/HP_0033927,Arcuate artery endoarterial leukocyte hypercellularity
http://purl.obolibrary.org/obo/HP_0033928,Arcuate artery endoarterial foam cell hypercellularity
http://purl.obolibrary.org/obo/HP_0033929,Arcuate artery endoarterial neutrophil hypercellularity
http://purl.obolibrary.org/obo/HP_0033930,Arcuate artery endoarterial lymphocyte hypercellularity
http://purl.obolibrary.org/obo/HP_0033931,Arcuate artery intima/media necrosis
http://purl.obolibrary.org/obo/HP_0033932,Arcuate artery intima/media coagulative necrosis
http://purl.obolibrary.org/obo/HP_0033933,Arcuate artery intima/media liquefactive necrosis
http://purl.obolibrary.org/obo/HP_0033934,Arcuate vein intimal/medial storage material accumulation
http://purl.obolibrary.org/obo/HP_0033935,Cortical radial artery intima/media necrosis
http://purl.obolibrary.org/obo/HP_0033936,Cortical radial artery intima/media liquefactive necrosis
http://purl.obolibrary.org/obo/HP_0033937,Cortical radial artery intima/media coagulative necrosis
http://purl.obolibrary.org/obo/HP_0033941,Granulomatous arteriolitis of the arteriolar intima/media
http://purl.obolibrary.org/obo/HP_0033942,Arcuate vein medial/intimal necrosis
http://purl.obolibrary.org/obo/HP_0033943,Arcuate vein medial/intimal coagulative necrosis
http://purl.obolibrary.org/obo/HP_0033944,Arcuate vein medial/intimal liquefactive necrosis
http://purl.obolibrary.org/obo/HP_0033945,Arcuate intimal/medial granulomatous venulitis
http://purl.obolibrary.org/obo/HP_0033946,Arcuate vein intima/media crystal accumulation
http://purl.obolibrary.org/obo/HP_0033948,Arcuate artery intima/media arteriitis
http://purl.obolibrary.org/obo/HP_0033949,Arcuate artery intima/media granulomatous arteriitis
http://purl.obolibrary.org/obo/HP_0033950,Cortical radial artery intraluminal thrombi
http://purl.obolibrary.org/obo/HP_0033951,Cortical radial artery intraluminal organized thrombi
http://purl.obolibrary.org/obo/HP_0033952,Abnormal cortical radial artery endothelium morphology
http://purl.obolibrary.org/obo/HP_0033953,Cortical radial artery endotheliosis
http://purl.obolibrary.org/obo/HP_0033954,Cortical radial artery hypercellularity
http://purl.obolibrary.org/obo/HP_0033955,Cortical radial artery leukocyte hypercellularity
http://purl.obolibrary.org/obo/HP_0033956,Cortical radial artery lymphocyte hypercellularity
http://purl.obolibrary.org/obo/HP_0033957,Cortical radial artery neutrophil hypercellularity
http://purl.obolibrary.org/obo/HP_0033958,Cortical radial artery foam cell hypercellularity
http://purl.obolibrary.org/obo/HP_0033959,Cortical radial artery intima/media arteriosclerosis
http://purl.obolibrary.org/obo/HP_0033960,Cortical radial artery intimal mucoid edema
http://purl.obolibrary.org/obo/HP_0033961,Cortical radial artery intima/media multilamellation
http://purl.obolibrary.org/obo/HP_0033962,Cortical radial artery medial/intimal granulomatous arteriitis
http://purl.obolibrary.org/obo/HP_0033963,Abnormal interlobular vein intima/media morphology
http://purl.obolibrary.org/obo/HP_0033964,Interlobular intima/media venosclerosis
http://purl.obolibrary.org/obo/HP_0033965,Interlobular vein intimal mucoid edema
http://purl.obolibrary.org/obo/HP_0033966,Interlobular vein intima/media amyloidosis
http://purl.obolibrary.org/obo/HP_0033967,Interlobular vein intima/media venulitis
http://purl.obolibrary.org/obo/HP_0033968,Interlobular vein intima/media granulomatous venulitis
http://purl.obolibrary.org/obo/HP_0033969,Interlobular vein intima/media necrosis
http://purl.obolibrary.org/obo/HP_0033970,Interlobular vein intima/media liquefactive necrosis
http://purl.obolibrary.org/obo/HP_0033971,Interlobular vein intima/media coagulative necrosis
http://purl.obolibrary.org/obo/HP_0033972,Interlobular vein medial atrophy
http://purl.obolibrary.org/obo/HP_0033973,Interlobular vein medial hypertrophy
http://purl.obolibrary.org/obo/HP_0033974,Interlobular vein intima/media multilamellation
http://purl.obolibrary.org/obo/HP_0033977,Talar aplasia
http://purl.obolibrary.org/obo/HP_0033978,Reduced beta-hexosaminidase B activity
http://purl.obolibrary.org/obo/HP_0033979,Excessive dynamic airway collapse
http://purl.obolibrary.org/obo/HP_0033980,Paroxysmal tonic upgaze
http://purl.obolibrary.org/obo/HP_0033984,"Increased urinary 8-oxo-7,8-dihydroguanosine level"
http://purl.obolibrary.org/obo/HP_0033987,Phosphaturic mesenchymal tumor
http://purl.obolibrary.org/obo/HP_0033988,Amygdala microinfarct
http://purl.obolibrary.org/obo/HP_0033989,Hippocampal microinfarct
http://purl.obolibrary.org/obo/HP_0033990,Cartilaginous tracheobronchomalacia
http://purl.obolibrary.org/obo/HP_0033991,Vasa previa
http://purl.obolibrary.org/obo/HP_0033992,Chronotropic incompetence
http://purl.obolibrary.org/obo/HP_0033993,Viral encephalitis
http://purl.obolibrary.org/obo/HP_0033994,Dependency on parenteral nutrition
http://purl.obolibrary.org/obo/HP_0033995,Microvillus inclusions
http://purl.obolibrary.org/obo/HP_0033996,Microvillar PAS-positive secretory granules
http://purl.obolibrary.org/obo/HP_0033997,Perinuclear cardiomyocyte vacuolization
http://purl.obolibrary.org/obo/HP_0034001,Anti-Complement factor H antibody positivity
http://purl.obolibrary.org/obo/HP_0034002,Anti-phospholipase A2 receptor antibody positivity
http://purl.obolibrary.org/obo/HP_0034004,Parosmia
http://purl.obolibrary.org/obo/HP_0034005,Decreased dendritic spine number
http://purl.obolibrary.org/obo/HP_0034006,Decreased urinary lysyl-pyridinoline-hydroxylysyl-pyridinoline ratio
http://purl.obolibrary.org/obo/HP_0034008,Opto-chiasmatic atrophy
http://purl.obolibrary.org/obo/HP_0034009,Pelvic lipomatosis
http://purl.obolibrary.org/obo/HP_0034010,Increased megakaryocyte colony forming unit count
http://purl.obolibrary.org/obo/HP_0034011,Reduced progressive sperm motility
http://purl.obolibrary.org/obo/HP_0034012,Palmoplantar hypohidrosis
http://purl.obolibrary.org/obo/HP_0034013,Curvilinear pericallosal lipoma
http://purl.obolibrary.org/obo/HP_0034014,Tubulonodular pericallosal lipoma
http://purl.obolibrary.org/obo/HP_0034015,Cavitating pulmonary nodule
http://purl.obolibrary.org/obo/HP_0034016,Anti-HLA antibody positivity
http://purl.obolibrary.org/obo/HP_0034017,Anti-class I HLA antibody positivity
http://purl.obolibrary.org/obo/HP_0034018,Anti-class II HLA antibody positivity
http://purl.obolibrary.org/obo/HP_0034019,Anti-HLA-A antibody positivity
http://purl.obolibrary.org/obo/HP_0034020,Anti-HLA-A IgG1 antibody positivity
http://purl.obolibrary.org/obo/HP_0034021,Anti-HLA-A IgG3 antibody positivity
http://purl.obolibrary.org/obo/HP_0034022,Anti-HLA-B antibody positivity
http://purl.obolibrary.org/obo/HP_0034023,Anti-HLA-B IgG1 antibody positivity
http://purl.obolibrary.org/obo/HP_0034024,Anti-HLA-B IgG3 antibody positivity
http://purl.obolibrary.org/obo/HP_0034026,Elevated circulating saccharopine concentration
http://purl.obolibrary.org/obo/HP_0034030,Lip cyanosis
http://purl.obolibrary.org/obo/HP_0034031,Facial cyanosis
http://purl.obolibrary.org/obo/HP_0034032,Central cyanosis
http://purl.obolibrary.org/obo/HP_0034033,Peripheral cyanosis
http://purl.obolibrary.org/obo/HP_0034034,Differential cyanosis
http://purl.obolibrary.org/obo/HP_0034035,Pharyngeal exudate
http://purl.obolibrary.org/obo/HP_0034036,Pseudo-chilblains on toes
http://purl.obolibrary.org/obo/HP_0034037,Pseudo-chilblains on fingers
http://purl.obolibrary.org/obo/HP_0034038,Silent hypoxemia
http://purl.obolibrary.org/obo/HP_0034039,Ventricular couplet
http://purl.obolibrary.org/obo/HP_0034040,Bidirectional ventricular tachycardia
http://purl.obolibrary.org/obo/HP_0034042,Dorsal hirsutism
http://purl.obolibrary.org/obo/HP_0034044,Trident pelvis
http://purl.obolibrary.org/obo/HP_0034045,Angulated muscle fibers
http://purl.obolibrary.org/obo/HP_0034048,Decreased circulating chenodeoxycholic acid concentration
http://purl.obolibrary.org/obo/HP_0034049,Elevated urinary prostaglandin E2 level
http://purl.obolibrary.org/obo/HP_0034050,Elevated urinary prostaglandin E2 metabolite level
http://purl.obolibrary.org/obo/HP_0034051,Hypoplastic anterior limbs of the internal capsule
http://purl.obolibrary.org/obo/HP_0034052,Impaired toe-walking ability
http://purl.obolibrary.org/obo/HP_0034053,Decreased acid ceramidase activity
http://purl.obolibrary.org/obo/HP_0034054,Probst bundles
http://purl.obolibrary.org/obo/HP_0034055,Anti-side-chain cleavage enzyme antibody positivity
http://purl.obolibrary.org/obo/HP_0034057,Fetal anomaly
http://purl.obolibrary.org/obo/HP_0034058,Abnormal fetal morphology
http://purl.obolibrary.org/obo/HP_0034059,Abnormal fetal physiology
http://purl.obolibrary.org/obo/HP_0034061,Anti-steroid 17alpha-hydroxylase antibody positivity
http://purl.obolibrary.org/obo/HP_0034062,Anti-insulin antibody positivity
http://purl.obolibrary.org/obo/HP_0034063,Anti-islet antigen-2 antibody positivity
http://purl.obolibrary.org/obo/HP_0034064,Anti-salivary protein antibody positivity
http://purl.obolibrary.org/obo/HP_0034065,Anti-Zinc transporter 8 antibody positivity
http://purl.obolibrary.org/obo/HP_0034066,Anti-carbonic anhydrase VI antibody positivity
http://purl.obolibrary.org/obo/HP_0034067,Tonofilament clumping
http://purl.obolibrary.org/obo/HP_0034068,Anti-plasminogen binding peptide antibody positivity
http://purl.obolibrary.org/obo/HP_0034069,Anti-parotid secretory protein antibody positivity
http://purl.obolibrary.org/obo/HP_0034070,Anti-enterocyte antibody positivity
http://purl.obolibrary.org/obo/HP_0034071,Anti-21-hydroxylase antibody positivity
http://purl.obolibrary.org/obo/HP_0034072,Abnormal fetal long-bone echogenicity
http://purl.obolibrary.org/obo/HP_0034073,Reduced fetal long bone echogenicity
http://purl.obolibrary.org/obo/HP_0034074,Increased fetal long bone echogenicity
http://purl.obolibrary.org/obo/HP_0034075,Decreased circulating apolipoprotein B concentration
http://purl.obolibrary.org/obo/HP_0034076,Anti-ribosome Po antibody positivity
http://purl.obolibrary.org/obo/HP_0034077,Anti-complement component C1q antibody positivity
http://purl.obolibrary.org/obo/HP_0034078,Anti-centromere protein A antibody positivity
http://purl.obolibrary.org/obo/HP_0034079,Anti-centromere protein B antibody positivity
http://purl.obolibrary.org/obo/HP_0034080,Anti-U3 RNP antibody positivity
http://purl.obolibrary.org/obo/HP_0034081,Anti-Th/To antibody positivity
http://purl.obolibrary.org/obo/HP_0034082,Anti-bicaudal D2 antibody positivity
http://purl.obolibrary.org/obo/HP_0034083,Anti-nucleolus-organizing region antibody positivity
http://purl.obolibrary.org/obo/HP_0034084,Anti-phosphatidyl ethanolamine antibody positivity
http://purl.obolibrary.org/obo/HP_0034085,Anti-PM-Scl100 antibody positivity
http://purl.obolibrary.org/obo/HP_0034086,Anti-PM-Scl75 antibody positivity
http://purl.obolibrary.org/obo/HP_0034087,Anti-U11/U12 RNP antibody positivity
http://purl.obolibrary.org/obo/HP_0034088,Anti-Ku antibody positivity
http://purl.obolibrary.org/obo/HP_0034089,Anti-B23 antibody positivity
http://purl.obolibrary.org/obo/HP_0034090,Anti-RuvBL1/2 antibody positivity
http://purl.obolibrary.org/obo/HP_0034091,Anti-platelet derived growth factor receptor
http://purl.obolibrary.org/obo/HP_0034092,Anti-cyclic citrullinated peptide antibody positivity
http://purl.obolibrary.org/obo/HP_0034093,Anti-Ro52/TRIM21 antibody positivity
http://purl.obolibrary.org/obo/HP_0034094,Anti-angiotensin receptor type-1 antibody positivity
http://purl.obolibrary.org/obo/HP_0034095,Anti-endothelin-1 type A receptor antibody positivity
http://purl.obolibrary.org/obo/HP_0034096,Anti-phosphatidic acid antibody positivity
http://purl.obolibrary.org/obo/HP_0034097,Anti-phosphatidyl choline antibody positivity
http://purl.obolibrary.org/obo/HP_0034098,Anti-phosphatidyl glycerol antibody positivity
http://purl.obolibrary.org/obo/HP_0034099,Anti-phosphatidyl inositol antibody positivity
http://purl.obolibrary.org/obo/HP_0034100,Anti-phosphatidyl serine antibody positivity
http://purl.obolibrary.org/obo/HP_0034101,Anti-annexin-V antibody positivity
http://purl.obolibrary.org/obo/HP_0034102,Anti-sphingolipid antibody positivity
http://purl.obolibrary.org/obo/HP_0034103,Anti-GM1 antibody positivity
http://purl.obolibrary.org/obo/HP_0034104,Anti-neutrophil elastase antibody positivity
http://purl.obolibrary.org/obo/HP_0034105,Anti-transcription intermediary factor-1gamma antibody positivity
http://purl.obolibrary.org/obo/HP_0034106,Anti-Su antigen/argonaute 2 antibody positivity
http://purl.obolibrary.org/obo/HP_0034107,Anti-p53 antibody positivity
http://purl.obolibrary.org/obo/HP_0034108,Anti-Y-box protein-1 antibody positivity
http://purl.obolibrary.org/obo/HP_0034109,Anti-GW182 antibody positivity
http://purl.obolibrary.org/obo/HP_0034110,Anti-Gerbich phenotype 1 antibody positivity
http://purl.obolibrary.org/obo/HP_0034111,Anti-MIT3 antibody positivity
http://purl.obolibrary.org/obo/HP_0034112,Anti-GM1 IgG antibody positivity
http://purl.obolibrary.org/obo/HP_0034114,Anti-hexokinase-1 antibody positivity
http://purl.obolibrary.org/obo/HP_0034115,Anti-Kelch like protein 12 antibody positivity
http://purl.obolibrary.org/obo/HP_0034117,Anti-angiotensin-converting enzyme 2 antibody positivity
http://purl.obolibrary.org/obo/HP_0034118,Anti-GM1 IgM antibody positivity
http://purl.obolibrary.org/obo/HP_0034119,Anti-GD1a IgG antibody positivity
http://purl.obolibrary.org/obo/HP_0034120,Anti-GD1a IgM antibody positivity
http://purl.obolibrary.org/obo/HP_0034121,Anti-GD1a antibody positivity
http://purl.obolibrary.org/obo/HP_0034122,Anti-GQ1b antibody positivity
http://purl.obolibrary.org/obo/HP_0034123,Anti-GQ1b IgM antibody positivity
http://purl.obolibrary.org/obo/HP_0034124,Anti-GD1b antibody positivity
http://purl.obolibrary.org/obo/HP_0034125,Anti-GD1b IgM antibody positivity
http://purl.obolibrary.org/obo/HP_0034126,Anti-GD1b IgG antibody positivity
http://purl.obolibrary.org/obo/HP_0034127,Anti-GQ1b IgG antibody positivity
http://purl.obolibrary.org/obo/HP_0034128,Anti-GT1a antibody positivity
http://purl.obolibrary.org/obo/HP_0034129,Anti-GT1a IgM antibody positivity
http://purl.obolibrary.org/obo/HP_0034130,Anti-GT1a IgG antibody positivity
http://purl.obolibrary.org/obo/HP_0034131,Anti-GT1b antibody positivity
http://purl.obolibrary.org/obo/HP_0034132,Anti-GM2 antibody positivity
http://purl.obolibrary.org/obo/HP_0034133,Anti-GM3 antibody positivity
http://purl.obolibrary.org/obo/HP_0034134,Anti-GM4 antibody positivity
http://purl.obolibrary.org/obo/HP_0034135,Anti-neurofascin-155 antibody positivity
http://purl.obolibrary.org/obo/HP_0034136,Anti-neurofascin 186 antibody positivity
http://purl.obolibrary.org/obo/HP_0034137,Anti-contactin-1 antibody positivity
http://purl.obolibrary.org/obo/HP_0034138,Anti-contactin-associated protein 1 antibody positivity
http://purl.obolibrary.org/obo/HP_0034139,Anti-SUMO-activating enzyme antibody positivity
http://purl.obolibrary.org/obo/HP_0034140,Anti-SUMO-activating enzyme subunit 1 antibody positivity
http://purl.obolibrary.org/obo/HP_0034141,Anti-SUMO-activating enzyme subunit 2 antibody positivity
http://purl.obolibrary.org/obo/HP_0034142,Anti-nuclear matrix protein-2 antibody positivity
http://purl.obolibrary.org/obo/HP_0034143,Anti-threonyl-tRNA synthetase antibody positivity
http://purl.obolibrary.org/obo/HP_0034144,Anti-hY-RNA complex antibody positivity
http://purl.obolibrary.org/obo/HP_0034145,Anti-alanyl-tRNA synthetase antibody positivity
http://purl.obolibrary.org/obo/HP_0034146,Anti-glycyl tRNA-synthetase antibody positivity
http://purl.obolibrary.org/obo/HP_0034147,Anti-aminoacyl-tRNA synthetase antibody positivity
http://purl.obolibrary.org/obo/HP_0034148,Anti-isoleucyl tRNA-synthetase antibody positivity
http://purl.obolibrary.org/obo/HP_0034149,Anti-phenylalanyl tRNA synthetase antibody positivity
http://purl.obolibrary.org/obo/HP_0034150,Anti-tyrosyl-tRNA synthetase antibody positivity
http://purl.obolibrary.org/obo/HP_0034151,Anti-asparaginyl-tRNA synthetase antibody positivity
http://purl.obolibrary.org/obo/HP_0034152,Anti-histidyl tRNA synthetase antibody positivity
http://purl.obolibrary.org/obo/HP_0034153,Anti-cytosolic-5-nucleotidase-1A antibody positivity
http://purl.obolibrary.org/obo/HP_0034154,Anti-Ki antibody positivity
http://purl.obolibrary.org/obo/HP_0034155,Anti-sp100 antibody positivity
http://purl.obolibrary.org/obo/HP_0034156,Anti-beta-2-Glycoprotein I IgG antibody positivity
http://purl.obolibrary.org/obo/HP_0034157,Anti-beta-2-Glycoprotein I IgM antibody positivity
http://purl.obolibrary.org/obo/HP_0034158,Anti-tyrosine phosphatase region of islet antigen-2 antibody positivity
http://purl.obolibrary.org/obo/HP_0034159,Pagetic bone lesion
http://purl.obolibrary.org/obo/HP_0034160,Abnormal circulating interleukin 9 concentration
http://purl.obolibrary.org/obo/HP_0034161,Reduced circulating interleukin 9 concentration
http://purl.obolibrary.org/obo/HP_0034162,Abnormal circulating interleukin 10 concentration
http://purl.obolibrary.org/obo/HP_0034163,Reduced circulating interleukin 10 concentration
http://purl.obolibrary.org/obo/HP_0034164,Abnormal circulating interleukin 21 concentration
http://purl.obolibrary.org/obo/HP_0034165,Reduced circulating interleukin 21 concentration
http://purl.obolibrary.org/obo/HP_0034166,Increased circulating interleukin 21 concentration
http://purl.obolibrary.org/obo/HP_0034167,Abnormal circulating interleukin 22 concentration
http://purl.obolibrary.org/obo/HP_0034168,Reduced circulating interleukin 22 concentration
http://purl.obolibrary.org/obo/HP_0034169,Increased circulating interleukin 22 concentration
http://purl.obolibrary.org/obo/HP_0034170,Abnormal circulating interleukin 23 concentration
http://purl.obolibrary.org/obo/HP_0034171,Reduced circulating interleukin 23 concentration
http://purl.obolibrary.org/obo/HP_0034172,Increased circulating interleukin 23 concentration
http://purl.obolibrary.org/obo/HP_0034173,Abnormal circulating interleukin 27 concentration
http://purl.obolibrary.org/obo/HP_0034174,Reduced circulating interleukin 27 concentration
http://purl.obolibrary.org/obo/HP_0034175,Increased circulating interleukin 27 concentration
http://purl.obolibrary.org/obo/HP_0034176,Abnormal circulating interleukin 17A concentration
http://purl.obolibrary.org/obo/HP_0034177,Reduced circulating interleukin 17A concentration
http://purl.obolibrary.org/obo/HP_0034178,Increased circulating interleukin 17A concentration
http://purl.obolibrary.org/obo/HP_0034183,Spastic triplegia
http://purl.obolibrary.org/obo/HP_0034189,Anti-thyroid-stimulating hormone receptor antibody positivity
http://purl.obolibrary.org/obo/HP_0034190,Abnormal fetal cardiovascular physiology
http://purl.obolibrary.org/obo/HP_0034191,Elevated fetal middle cerebral artery peak systolic velocity
http://purl.obolibrary.org/obo/HP_0034192,Pulmonary thromboembolism
http://purl.obolibrary.org/obo/HP_0034193,Stratum basale cleavage
http://purl.obolibrary.org/obo/HP_0034194,Suprabasal cleavage
http://purl.obolibrary.org/obo/HP_0034196,Ductus venosus agenesis
http://purl.obolibrary.org/obo/HP_0034202,Abnormal iduronate sulfatase concentration
http://purl.obolibrary.org/obo/HP_0034204,Decreased circulating C1-esterase inhibitor concentration
http://purl.obolibrary.org/obo/HP_0034205,Iniencephaly
http://purl.obolibrary.org/obo/HP_0034206,Abnormal fetal central nervous system morphology
http://purl.obolibrary.org/obo/HP_0034207,Abnormal fetal gastrointestinal system morphology
http://purl.obolibrary.org/obo/HP_0034208,Fetal intracranial hemorrhage
http://purl.obolibrary.org/obo/HP_0034209,Fetal subependymal hemorrhage
http://purl.obolibrary.org/obo/HP_0034210,Fetal intraventricular hemorrhage
http://purl.obolibrary.org/obo/HP_0034211,Fetal cerebral parenchymal hemorrhage
http://purl.obolibrary.org/obo/HP_0034212,Fetal extra-axial hemorrhage
http://purl.obolibrary.org/obo/HP_0034213,Fetal posterior fossa hemorrhage
http://purl.obolibrary.org/obo/HP_0034214,Fetal intraventricular hemorrhage without ventriculomegaly
http://purl.obolibrary.org/obo/HP_0034215,Fetal cerebellar hemisphere hemorrhage
http://purl.obolibrary.org/obo/HP_0034216,Fetal cerebellar vermis hemorrhage
http://purl.obolibrary.org/obo/HP_0034217,Sonographic non-visualized fetal bladder
http://purl.obolibrary.org/obo/HP_0034218,Fetal intraventricular hemorrhage with ventriculomegaly
http://purl.obolibrary.org/obo/HP_0034219,Fetal intraventricular hemorrhage with periventricular hemorrhage
http://purl.obolibrary.org/obo/HP_0034226,Champagne cork sign
http://purl.obolibrary.org/obo/HP_0034236,Apnea of prematurity
http://purl.obolibrary.org/obo/HP_0034242,Abnormal fetal genitourinary system morphology
http://purl.obolibrary.org/obo/HP_0034243,Abnormal fetal pulmonary morphology
http://purl.obolibrary.org/obo/HP_0034244,Gastric pseudomass
http://purl.obolibrary.org/obo/HP_0034245,Fetal head anomaly
http://purl.obolibrary.org/obo/HP_0034246,Fetal scalp mass
http://purl.obolibrary.org/obo/HP_0034247,Fetal lower urinary tract obstruction
http://purl.obolibrary.org/obo/HP_0034248,Increased fetal lens echogenicity
http://purl.obolibrary.org/obo/HP_0034249,Severe influenza infection
http://purl.obolibrary.org/obo/HP_0034250,Fetal nuchal edema
http://purl.obolibrary.org/obo/HP_0034251,Abnormal corneal reflex
http://purl.obolibrary.org/obo/HP_0034252,Absent corneal reflex
http://purl.obolibrary.org/obo/HP_0034253,Eosinophil nuclear hypersegmentation
http://purl.obolibrary.org/obo/HP_0034254,Face of the giant panda sign
http://purl.obolibrary.org/obo/HP_0034255,Colovesical fistula
http://purl.obolibrary.org/obo/HP_0034256,Absent dermoepidermal hemidesmosomes
http://purl.obolibrary.org/obo/HP_0034257,C4 nephritic factor positivity
http://purl.obolibrary.org/obo/HP_0034261,Aplasia/Hypoplasia of facial bones
http://purl.obolibrary.org/obo/HP_0034262,Absent lanugo
http://purl.obolibrary.org/obo/HP_0034263,Abnormal vaginal bleeding
http://purl.obolibrary.org/obo/HP_0034264,Postcoital vaginal bleeding
http://purl.obolibrary.org/obo/HP_0034265,Mastalgia
http://purl.obolibrary.org/obo/HP_0034266,Vaginal bleeding during sex
http://purl.obolibrary.org/obo/HP_0034267,Pelvic pain
http://purl.obolibrary.org/obo/HP_0034268,Abnormal vaginal physiology
http://purl.obolibrary.org/obo/HP_0034269,Abnormal vaginal discharge
http://purl.obolibrary.org/obo/HP_0034272,Perifoveal hypoautofluorescence
http://purl.obolibrary.org/obo/HP_0034274,Gastrointestinal ulcer
http://purl.obolibrary.org/obo/HP_0034275,Verrucous epidermal nevus
http://purl.obolibrary.org/obo/HP_0034278,Multinucleated erythroblast
http://purl.obolibrary.org/obo/HP_0034279,"2,8-dihydroxyadenine crystalluria"
http://purl.obolibrary.org/obo/HP_0034280,Target cells
http://purl.obolibrary.org/obo/HP_0034282,Subcutaneous ossification
http://purl.obolibrary.org/obo/HP_0034284,Recurrent gingivitis
http://purl.obolibrary.org/obo/HP_0034285,Enteroviral encephalitis
http://purl.obolibrary.org/obo/HP_0034287,Afibrinogenemia
http://purl.obolibrary.org/obo/HP_0034288,Elevated circulating reverse T3 concentration
http://purl.obolibrary.org/obo/HP_0034289,Elevated circulating rT3/T3 ratio
http://purl.obolibrary.org/obo/HP_0034293,Temporal lobe calcification
http://purl.obolibrary.org/obo/HP_0034294,Ductal bile plugs
http://purl.obolibrary.org/obo/HP_0034296,"Elevated urine 3,5,6-trichloro-2-pyridinol level"
http://purl.obolibrary.org/obo/HP_0034299,Sertoli cell-only phenotype
http://purl.obolibrary.org/obo/HP_0034300,Decreased acid sphingomyelinase activity
http://purl.obolibrary.org/obo/HP_0034301,Congenital pouch colon
http://purl.obolibrary.org/obo/HP_0034302,Megalopapilla
http://purl.obolibrary.org/obo/HP_0034303,Notched T wave
http://purl.obolibrary.org/obo/HP_0034304,Epsilon wave
http://purl.obolibrary.org/obo/HP_0034305,2:1 atrioventricular block
http://purl.obolibrary.org/obo/HP_0034306,Ventricular bigeminy
http://purl.obolibrary.org/obo/HP_0034307,Elevated left ventricular end-diastolic diameter
http://purl.obolibrary.org/obo/HP_0034308,Prolonged P wave
http://purl.obolibrary.org/obo/HP_0034309,Multiflagellar spermatozoa
http://purl.obolibrary.org/obo/HP_0034310,Post-vaccination yellow fever
http://purl.obolibrary.org/obo/HP_0034312,Nocturnal hypoxemia
http://purl.obolibrary.org/obo/HP_0034313,Hyperdynamic left ventricular ejection fraction
http://purl.obolibrary.org/obo/HP_0034314,Abnormal left ventricular ejection fraction
http://purl.obolibrary.org/obo/HP_0034315,Chronic cough
http://purl.obolibrary.org/obo/HP_0034317,Unusual viral infection
http://purl.obolibrary.org/obo/HP_0034318,Unusual virus reactivation
http://purl.obolibrary.org/obo/HP_0034319,CNS vasculitis with reactivation of varicella-zoster virus
http://purl.obolibrary.org/obo/HP_0034320,Muscle fiber intracytoplasmic reducing inclusion bodies
http://purl.obolibrary.org/obo/HP_0034322,Reduced tissue galactocerebrosidase activity
http://purl.obolibrary.org/obo/HP_0034323,Reduced circulating growth hormone concentration
http://purl.obolibrary.org/obo/HP_0034324,Brachiocephalic artery aneurysm
http://purl.obolibrary.org/obo/HP_0034326,Adenomyosis
http://purl.obolibrary.org/obo/HP_0034328,Fibro-obliterative bile-duct lesion
http://purl.obolibrary.org/obo/HP_0034329,Dysplastic megalencephaly
http://purl.obolibrary.org/obo/HP_0034330,Regional right ventricular hypokinesis
http://purl.obolibrary.org/obo/HP_0034331,McConnell sign
http://purl.obolibrary.org/obo/HP_0034332,Cognitive regression
http://purl.obolibrary.org/obo/HP_0034342,Trapezius muscle aplasia
http://purl.obolibrary.org/obo/HP_0034346,Nesidioblastosis
http://purl.obolibrary.org/obo/HP_0034348,Subpulmonary stenosis
http://purl.obolibrary.org/obo/HP_0034349,Supravalvar pulmonary stenosis
http://purl.obolibrary.org/obo/HP_0034350,Valvular pulmonary stenosis
http://purl.obolibrary.org/obo/HP_0034351,Neuromyotonia
http://purl.obolibrary.org/obo/HP_0034352,Bile duct polyp
http://purl.obolibrary.org/obo/HP_0034353,Appendicular spasticity
http://purl.obolibrary.org/obo/HP_0034354,Trichoschisis
http://purl.obolibrary.org/obo/HP_0034360,Action myoclonus
http://purl.obolibrary.org/obo/HP_0034361,Redundant umbilical skin
http://purl.obolibrary.org/obo/HP_0034363,Corneal pterygium
http://purl.obolibrary.org/obo/HP_0034364,Fibrofatty replacement of right ventricular myocardium
http://purl.obolibrary.org/obo/HP_0034365,Elevated circulating alpha-aminoadipic semialdehyde concentration
http://purl.obolibrary.org/obo/HP_0034366,Fracture blister
http://purl.obolibrary.org/obo/HP_0034367,Decreased circulating beta-mannosidase activity
http://purl.obolibrary.org/obo/HP_0034368,Urolithiasis
http://purl.obolibrary.org/obo/HP_0034369,Decreased level of coenzyme Q10 in skeletal muscle
http://purl.obolibrary.org/obo/HP_0034370,Abnormal muscle tissue metabolite concentration
http://purl.obolibrary.org/obo/HP_0034371,Decreased circulating prekallikrein concentration
http://purl.obolibrary.org/obo/HP_0034372,Internal tibial torsion
http://purl.obolibrary.org/obo/HP_0034373,External tibial torsion
http://purl.obolibrary.org/obo/HP_0034375,Spherophakia
http://purl.obolibrary.org/obo/HP_0034378,Urethrovesical occlusion
http://purl.obolibrary.org/obo/HP_0034384,Elevated circulating insulin:C-peptide ratio
http://purl.obolibrary.org/obo/HP_0034385,Abnormal left ventricular endsystolic diameter
http://purl.obolibrary.org/obo/HP_0034386,Reduced left ventricular endsystolic diameter
http://purl.obolibrary.org/obo/HP_0034387,Bacterial encephalitis
http://purl.obolibrary.org/obo/HP_0034391,Elbow contracture
http://purl.obolibrary.org/obo/HP_0034392,Joint contracture
http://purl.obolibrary.org/obo/HP_0034393,Elbow extension contracture
http://purl.obolibrary.org/obo/HP_0034394,Forearm supination contracture
http://purl.obolibrary.org/obo/HP_0034395,Forearm pronation contracture
http://purl.obolibrary.org/obo/HP_0034396,Hippocampal malrotation
http://purl.obolibrary.org/obo/HP_0034399,Prolonged central motor conduction time
http://purl.obolibrary.org/obo/HP_0034400,Circumferential skin creases on extremities
http://purl.obolibrary.org/obo/HP_0034401,Atypical teratoid/rhabdoid tumor
http://purl.obolibrary.org/obo/HP_0034403,Subcutaneous panniculitis-like T-cell lymphoma
http://purl.obolibrary.org/obo/HP_0034404,Fungal hyphae in sputum
http://purl.obolibrary.org/obo/HP_0034405,Enlarged tectum
http://purl.obolibrary.org/obo/HP_0034407,Reduced circulating 3-ketoacyl-CoA thiolase concentration
http://purl.obolibrary.org/obo/HP_0034408,Solitary angiokeratoma
http://purl.obolibrary.org/obo/HP_0034409,Fordyce angiokeratoma
http://purl.obolibrary.org/obo/HP_0034410,Angiokeratoma circumscriptum naeviforme
http://purl.obolibrary.org/obo/HP_0034411,Angiokeratoma of Mibelli
http://purl.obolibrary.org/obo/HP_0034413,Palate mass
http://purl.obolibrary.org/obo/HP_0034417,Intraoral laceration
http://purl.obolibrary.org/obo/HP_0034419,Mitral chordae tendinae rupture
http://purl.obolibrary.org/obo/HP_0034421,Ejection click
http://purl.obolibrary.org/obo/HP_0034422,Cryofibrinogenemia
http://purl.obolibrary.org/obo/HP_0034424,Clicking tinnitus
http://purl.obolibrary.org/obo/HP_0034426,Chromhidrosis
http://purl.obolibrary.org/obo/HP_0034427,Purulent eye discharge
http://purl.obolibrary.org/obo/HP_0034428,Megaloblepharon
http://purl.obolibrary.org/obo/HP_0034430,Abnormal joint physiology
http://purl.obolibrary.org/obo/HP_0034431,Joint crepitus
http://purl.obolibrary.org/obo/HP_0034434,Abnormal communication
http://purl.obolibrary.org/obo/HP_0034435,Abnormal eye contact
http://purl.obolibrary.org/obo/HP_0034436,Gaze avoidance
http://purl.obolibrary.org/obo/HP_0034437,Excessive eye contact
http://purl.obolibrary.org/obo/HP_0034442,Abnormal circulating erythropoietin concentration
http://purl.obolibrary.org/obo/HP_0034443,Reduced circulating erythropoietin concentration
http://purl.obolibrary.org/obo/HP_0034444,Abnormal gamma-glutamyltransferase level
http://purl.obolibrary.org/obo/HP_0034445,Reduced gamma-glutamyltransferase level
http://purl.obolibrary.org/obo/HP_0034446,Elevated circulating histamine concentration
http://purl.obolibrary.org/obo/HP_0034447,Increased circulating interleukin 18 concentration
http://purl.obolibrary.org/obo/HP_0034448,Abnormal phytanic acid:pristanic acid ratio
http://purl.obolibrary.org/obo/HP_0034449,Increased phytanic acid:pristanic acid ratio
http://purl.obolibrary.org/obo/HP_0034450,Decreased phytanic acid:pristanic acid ratio
http://purl.obolibrary.org/obo/HP_0034451,Rectovesical fistula
http://purl.obolibrary.org/obo/HP_0034452,Rectoureteral fistula
http://purl.obolibrary.org/obo/HP_0034457,Hawkinsinuria
http://purl.obolibrary.org/obo/HP_0034458,Elevated urinary phenylpyruvic acid level
http://purl.obolibrary.org/obo/HP_0034463,Hydroxylysinemia
http://purl.obolibrary.org/obo/HP_0034464,Homocitrullinuria
http://purl.obolibrary.org/obo/HP_0034465,2-hydroxyadipic aciduria
http://purl.obolibrary.org/obo/HP_0034466,Homoargininuria
http://purl.obolibrary.org/obo/HP_0034467,Increased urinary cysteine level
http://purl.obolibrary.org/obo/HP_0034468,Gastric xanthoma
http://purl.obolibrary.org/obo/HP_0034477,Perihepatic adhesions
http://purl.obolibrary.org/obo/HP_0034478,Dilated vas deferens
http://purl.obolibrary.org/obo/HP_0034480,Absent epididymidis
http://purl.obolibrary.org/obo/HP_0034481,Atypical gestures
http://purl.obolibrary.org/obo/HP_0034482,Abnormal spinal cord physiology
http://purl.obolibrary.org/obo/HP_0034483,Bone marrow vacuolated lymphocytes
http://purl.obolibrary.org/obo/HP_0034485,Neuroepithelial cyst
http://purl.obolibrary.org/obo/HP_0034486,Reduced circulating interleukin 7 concentration
http://purl.obolibrary.org/obo/HP_0034487,Increased circulating interleukin 12 concentration
http://purl.obolibrary.org/obo/HP_0034488,Increased circulating interleukin 13 concentration
http://purl.obolibrary.org/obo/HP_0034489,Increased circulating interleukin 2 concentration
http://purl.obolibrary.org/obo/HP_0034490,Increased circulating interleukin 4 concentration
http://purl.obolibrary.org/obo/HP_0034491,Increased circulating interleukin 5 concentration
http://purl.obolibrary.org/obo/HP_0034492,Salpingitis
http://purl.obolibrary.org/obo/HP_0034493,Tubo-ovarian abscess
http://purl.obolibrary.org/obo/HP_0034495,Elevated brain glutamine level by MRS
http://purl.obolibrary.org/obo/HP_0034496,Abnormal brain glutamine level by MRS
http://purl.obolibrary.org/obo/HP_0034497,Increased urinary hexanoic acid level
http://purl.obolibrary.org/obo/HP_0034499,Increased bone marrow iron
http://purl.obolibrary.org/obo/HP_0034508,Fingerprint bodies
http://purl.obolibrary.org/obo/HP_0034509,Spheroid bodies
http://purl.obolibrary.org/obo/HP_0034510,Abnormal muscle tissue enzyme activity or level
http://purl.obolibrary.org/obo/HP_0034511,Reduced muscle aconitase activity
http://purl.obolibrary.org/obo/HP_0034513,Increased circulating Interferon-alpha concentration
http://purl.obolibrary.org/obo/HP_0034515,Ameloblastoma
http://purl.obolibrary.org/obo/HP_0034517,Pretibial plaque
http://purl.obolibrary.org/obo/HP_0034519,Muscle fiber fuchsinophilic inclusion bodies
http://purl.obolibrary.org/obo/HP_0034521,Periorificial hyperkeratosis
http://purl.obolibrary.org/obo/HP_0034523,Blood parasite
http://purl.obolibrary.org/obo/HP_0034524,Bloodstream trypomastigotes
http://purl.obolibrary.org/obo/HP_0034525,Adamantinoma
http://purl.obolibrary.org/obo/HP_0034526,Abnormal enzyme activity in muscle tissue
http://purl.obolibrary.org/obo/HP_0034527,Reduced muscle phosphoglycerate kinase activity
http://purl.obolibrary.org/obo/HP_0034528,Reduced fibroblast type III procollagen synthesis
http://purl.obolibrary.org/obo/HP_0034529,Reduced muscle myoadenylate deaminase activity
http://purl.obolibrary.org/obo/HP_0034541,Reduced bone-marrow megakaryocyte size
http://purl.obolibrary.org/obo/HP_0034542,Hairshafts with longitudinal grooves
http://purl.obolibrary.org/obo/HP_0034543,Mycobacterium bacteremia
http://purl.obolibrary.org/obo/HP_0034544,Decreased delta-aminolevulinate dehydratase activity
http://purl.obolibrary.org/obo/HP_0034545,Elevated circulating pancreatic secretory trypsin inhibitor activity
http://purl.obolibrary.org/obo/HP_0034546,"Presence of uterus in 46,XY individual"
http://purl.obolibrary.org/obo/HP_0034547,Intraluminal meconium calcification
http://purl.obolibrary.org/obo/HP_0034549,Adrenal leiomyoma
http://purl.obolibrary.org/obo/HP_0034552,Abnormal peroxisomal morphology
http://purl.obolibrary.org/obo/HP_0034553,Absence of peroxisomes
http://purl.obolibrary.org/obo/HP_0034554,Paucity of peroxisomes
http://purl.obolibrary.org/obo/HP_0034555,Reduced sulfide:quinone oxidoreductase activity
http://purl.obolibrary.org/obo/HP_0034557,Rhabdoid tumor
http://purl.obolibrary.org/obo/HP_0034558,Rhabdoid tumor of the ovary
http://purl.obolibrary.org/obo/HP_0034559,Cardiac rhabdoid tumor
http://purl.obolibrary.org/obo/HP_0034560,Malignant rhabdoid tumor of the bladder
http://purl.obolibrary.org/obo/HP_0034561,Malignant rhabdoid tumor of liver
http://purl.obolibrary.org/obo/HP_0034562,Malignant rhabdoid tumor of muscle
http://purl.obolibrary.org/obo/HP_0034563,Neck teratoma
http://purl.obolibrary.org/obo/HP_0034564,Kidney teratoma
http://purl.obolibrary.org/obo/HP_0034565,Elevated urinary 5-amino-4-imidazolecarboxamide-riboside level
http://purl.obolibrary.org/obo/HP_0034566,Aplasia of posterior communicating artery
http://purl.obolibrary.org/obo/HP_0034567,Optic pit
http://purl.obolibrary.org/obo/HP_0034570,Thickened intrahepatic portal venules
http://purl.obolibrary.org/obo/HP_0034572,Pigment incontinence
http://purl.obolibrary.org/obo/HP_0034581,Bloodstream Trypanosoma cruzi
http://purl.obolibrary.org/obo/HP_0034586,Glutathionuria
http://purl.obolibrary.org/obo/HP_0034587,Nevus psiloliparus
http://purl.obolibrary.org/obo/HP_0034588,Crypt hyperplasia
http://purl.obolibrary.org/obo/HP_0034589,Increased circulating dehydroepiandrosterone-sulfate concentration
http://purl.obolibrary.org/obo/HP_0034595,Elevated circulating N-carbamoyl-beta-alanine concentration
http://purl.obolibrary.org/obo/HP_0034596,Elevated ciculating 5-hydroxymethyluracil concentration
http://purl.obolibrary.org/obo/HP_0034598,Elevated urinary creatine level
http://purl.obolibrary.org/obo/HP_0034599,Decreased circulating biotin concentration
http://purl.obolibrary.org/obo/HP_0034600,Elevated circulating thrombopoietin concentration
http://purl.obolibrary.org/obo/HP_0034601,Decreased circulating C1q concentration
http://purl.obolibrary.org/obo/HP_0034604,Elevated circulating DOPA concentration
http://purl.obolibrary.org/obo/HP_0034607,Decreased circulating 17-hydroxyprogesterone concentration
http://purl.obolibrary.org/obo/HP_0034609,Polychromasia
http://purl.obolibrary.org/obo/HP_0034610,Decreased circulating myo-inositol concentration
http://purl.obolibrary.org/obo/HP_0034622,Adrenal xanthomatosis
http://purl.obolibrary.org/obo/HP_0034627,Bone marrow xanthomatosis
http://purl.obolibrary.org/obo/HP_0034629,Xanthoma of bone
http://purl.obolibrary.org/obo/HP_0034633,Reduced muscle enolase activity
http://purl.obolibrary.org/obo/HP_0034635,Muscle fiber granulofilamentous inclusion bodies
http://purl.obolibrary.org/obo/HP_0034636,Bone marrow myeloid vacuolization
http://purl.obolibrary.org/obo/HP_0034638,Colonic fibrinopurulent exudate
http://purl.obolibrary.org/obo/HP_0034639,Bloodstream microfilaria
http://purl.obolibrary.org/obo/HP_0034640,Skin infectious agent
http://purl.obolibrary.org/obo/HP_0034641,Dermal microfilaria
http://purl.obolibrary.org/obo/HP_0034642,Dermal papillary IgA deposition
http://purl.obolibrary.org/obo/HP_0034643,Dermal immune complex deposition
http://purl.obolibrary.org/obo/HP_0034646,Urinary bladder neurofibroma
http://purl.obolibrary.org/obo/HP_0034647,Synovial granuloma
http://purl.obolibrary.org/obo/HP_0034667,Thumb extension contracture
http://purl.obolibrary.org/obo/HP_0034678,Forefoot pronation contracture
http://purl.obolibrary.org/obo/HP_0034679,Forefoot supination contracture
http://purl.obolibrary.org/obo/HP_0034680,Forefoot adduction contracture
http://purl.obolibrary.org/obo/HP_0034683,Reduced muscle telethonin level
http://purl.obolibrary.org/obo/HP_0034684,Abnormal enzyme concentration or activity
http://purl.obolibrary.org/obo/HP_0034685,Abnormal liver enzyme activity or concentration
http://purl.obolibrary.org/obo/HP_0034686,Reduced hepatic urocanase activity
http://purl.obolibrary.org/obo/HP_0034687,Impaired cerebroside sulfate hydrolysis
http://purl.obolibrary.org/obo/HP_0034688,Reduced peroxisomal glutaryl-CoA oxidase activity
http://purl.obolibrary.org/obo/HP_0034689,Reduced sterol 27-hydroxylase activity
http://purl.obolibrary.org/obo/HP_0034690,Reduced short-chain acyl-CoA dehydrogenase activity
http://purl.obolibrary.org/obo/HP_0034691,Reduced 3-phosphoglycerate dehydrogenase activity
http://purl.obolibrary.org/obo/HP_0034692,Elongated mitochondria
http://purl.obolibrary.org/obo/HP_0034693,Reduced hepatic methionine adenosyltransferase activity
http://purl.obolibrary.org/obo/HP_0034696,Intramuscular lipoma
http://purl.obolibrary.org/obo/HP_0034697,Cutaneous telangiectasia
http://purl.obolibrary.org/obo/HP_0034698,Abnormal aromatase activity
http://purl.obolibrary.org/obo/HP_0034699,Elevated aromatase activity
http://purl.obolibrary.org/obo/HP_0034700,Reduced aromatase activity
http://purl.obolibrary.org/obo/HP_0034701,Corneal amyloidosis
http://purl.obolibrary.org/obo/HP_0034702,Abnormal keratinocyte morphology
http://purl.obolibrary.org/obo/HP_0034703,Keratinocyte vacuolization
http://purl.obolibrary.org/obo/HP_0034704,Parotid gland adenocarcinoma
http://purl.obolibrary.org/obo/HP_0034705,Pulmonary vasculitis
http://purl.obolibrary.org/obo/HP_0034706,Reduced hepatic D-glycerate kinase activity
http://purl.obolibrary.org/obo/HP_0034707,Lymph-node hemophagocytosis
http://purl.obolibrary.org/obo/HP_0034711,Peripheral axonal distension
http://purl.obolibrary.org/obo/HP_0034712,Decreased circulating alpha-mannosidase activity
http://purl.obolibrary.org/obo/HP_0034713,Abnormal hepatocyte morphology
http://purl.obolibrary.org/obo/HP_0034715,Reduced uroporphyrinogen decarboxylase activity
http://purl.obolibrary.org/obo/HP_0034716,Reduced heme oxygenase activity
http://purl.obolibrary.org/obo/HP_0034718,Vacuolated hepatocytes
http://purl.obolibrary.org/obo/HP_0034719,Lack of oocyte pronucleus formation
http://purl.obolibrary.org/obo/HP_0034720,Self-healing squamous epithelioma
http://purl.obolibrary.org/obo/HP_0034721,Elevated circulating pristanic acid concentration
http://purl.obolibrary.org/obo/HP_0034722,Sarcoplasmic bodies
http://purl.obolibrary.org/obo/HP_0034725,Abnormal circulating beta-mannosidase activity
http://purl.obolibrary.org/obo/HP_0034726,Elevated circulating beta-mannosidase activity
http://purl.obolibrary.org/obo/HP_0034727,Reduced circulating alpha-L-fucosidase activity
http://purl.obolibrary.org/obo/HP_0034728,Abnormal circulating alpha-L-fucosidase activity
http://purl.obolibrary.org/obo/HP_0034729,Elevated circulating alpha-L-fucosidase activity
http://purl.obolibrary.org/obo/HP_0034732,Exercise-triggered malignant hyperthermia
http://purl.obolibrary.org/obo/HP_0034733,Anesthesic-triggered malignant hyperthermia
http://purl.obolibrary.org/obo/HP_0034737,Abnormal erythrocyte metabolite concentration
http://purl.obolibrary.org/obo/HP_0034738,Reduced erythrocyte glutathione concentration
http://purl.obolibrary.org/obo/HP_0034742,Elevated urinary formiminoglutamic acid level
http://purl.obolibrary.org/obo/HP_0034744,Elevated urinary S-sulfocysteine level
http://purl.obolibrary.org/obo/HP_0034746,Sertoli cell hyperplasia
http://purl.obolibrary.org/obo/HP_0034749,Fungemia
http://purl.obolibrary.org/obo/HP_0034750,Supraclavicular lymphadenopathy
http://purl.obolibrary.org/obo/HP_0034751,Inguinal lymphadenopathy
http://purl.obolibrary.org/obo/HP_0034752,Axillary lymphadenopathy
http://purl.obolibrary.org/obo/HP_0034753,Positive Murphy sign
http://purl.obolibrary.org/obo/HP_0034754,Bilious emesis
http://purl.obolibrary.org/obo/HP_0034761,Neurofibroma by anatomical location
http://purl.obolibrary.org/obo/HP_0034762,Tongue neurofibroma
http://purl.obolibrary.org/obo/HP_0034763,Cardiac neurofibroma
http://purl.obolibrary.org/obo/HP_0034764,Gastric neurofibroma
http://purl.obolibrary.org/obo/HP_0034765,Renal neurofibroma
http://purl.obolibrary.org/obo/HP_0034766,Muscle fiber polyglucosan inclusion bodies
http://purl.obolibrary.org/obo/HP_0034767,Abnormal rete ridge morphology
http://purl.obolibrary.org/obo/HP_0034768,Rete ridge elongation
http://purl.obolibrary.org/obo/HP_0034770,Lumbar hypolordosis
http://purl.obolibrary.org/obo/HP_0034771,Battle sign
http://purl.obolibrary.org/obo/HP_0034773,Oscillopsia
http://purl.obolibrary.org/obo/HP_0034774,Decreased blink rate
http://purl.obolibrary.org/obo/HP_0034775,Abnormal blink rate
http://purl.obolibrary.org/obo/HP_0034776,Elevated blink rate
http://purl.obolibrary.org/obo/HP_0034777,Purulent sputum
http://purl.obolibrary.org/obo/HP_0034782,Obstipation
http://purl.obolibrary.org/obo/HP_0034783,Posttussive emesis
http://purl.obolibrary.org/obo/HP_0034784,Vasculitis by anatomical site
http://purl.obolibrary.org/obo/HP_0034785,Vasculitis by histology
http://purl.obolibrary.org/obo/HP_0034786,Leukocytoclastic vasculitis
http://purl.obolibrary.org/obo/HP_0034788,Pericardial friction rub
http://purl.obolibrary.org/obo/HP_0034789,Muscular vasculitis
http://purl.obolibrary.org/obo/HP_0034790,Abnormal muscle succinate dehydrogenase staining
http://purl.obolibrary.org/obo/HP_0034791,Increased muscle succinate dehydrogenase staining
http://purl.obolibrary.org/obo/HP_0034792,Decreased muscle succinate dehydrogenase staining
http://purl.obolibrary.org/obo/HP_0034793,Small intestinal hamartoma
http://purl.obolibrary.org/obo/HP_0034794,Pyriform sperm head
http://purl.obolibrary.org/obo/HP_0034795,Excess residual spermatozoal cytoplasm
http://purl.obolibrary.org/obo/HP_0034796,Cardiomyocyte hyaline bodies
http://purl.obolibrary.org/obo/HP_0034797,Hepatic hemophagocytosis
http://purl.obolibrary.org/obo/HP_0034798,CSF hemophagocytosis
http://purl.obolibrary.org/obo/HP_0034799,Splenic hemophagocytosis
http://purl.obolibrary.org/obo/HP_0034800,Urinary bladder granulomatosis
http://purl.obolibrary.org/obo/HP_0034803,Hemolacria
http://purl.obolibrary.org/obo/HP_0034804,Corneal foreign body sensation
http://purl.obolibrary.org/obo/HP_0034805,Buttock pain
http://purl.obolibrary.org/obo/HP_0034806,Vaginal foreign body sensation
http://purl.obolibrary.org/obo/HP_0034807,Paroxysmal nocturnal dyspnea
http://purl.obolibrary.org/obo/HP_0034809,Abnormal sperm physiology
http://purl.obolibrary.org/obo/HP_0034810,Small acrosomal area
http://purl.obolibrary.org/obo/HP_0034811,Bent sperm flagella
http://purl.obolibrary.org/obo/HP_0034812,Spermiation failure
http://purl.obolibrary.org/obo/HP_0034813,Hypospermatogenesis
http://purl.obolibrary.org/obo/HP_0034815,Extreme oligozoospermia
http://purl.obolibrary.org/obo/HP_0034816,Mild oligozoospermia
http://purl.obolibrary.org/obo/HP_0034817,Moderate oligozoospermia
http://purl.obolibrary.org/obo/HP_0034818,Severe oligozoospermia
http://purl.obolibrary.org/obo/HP_0034820,Koeppe nodules
http://purl.obolibrary.org/obo/HP_0034821,Bussaca nodules
http://purl.obolibrary.org/obo/HP_0034828,Reduced muscle laminin alpha-2 chain staining
http://purl.obolibrary.org/obo/HP_0034829,Adrenal cortical sclerosis
http://purl.obolibrary.org/obo/HP_0034830,"Reduced hepatic fructose-1,6-phosphate aldolase activity"
http://purl.obolibrary.org/obo/HP_0034831,Pancreatic hamartoma
http://purl.obolibrary.org/obo/HP_0034833,Cardiac lipoma
http://purl.obolibrary.org/obo/HP_0034834,Peripheral nerve polyglucosan inclusion bodies
http://purl.obolibrary.org/obo/HP_0034836,Cystic nephroma
http://purl.obolibrary.org/obo/HP_0034837,Absent dermal elastic fibers
http://purl.obolibrary.org/obo/HP_0034838,Cleavage at junction of stratum corneum and stratum granulosum
http://purl.obolibrary.org/obo/HP_0034839,Lymphoid hyperplasia
http://purl.obolibrary.org/obo/HP_0034841,Gastrointestinal granulomatosis
http://purl.obolibrary.org/obo/HP_0034842,Enlarged sperm head vacuole
http://purl.obolibrary.org/obo/HP_0034858,Abnormal leukocyte enzyme concentration or activity
http://purl.obolibrary.org/obo/HP_0034859,Reduced tissue beta-glucuronidase activity
http://purl.obolibrary.org/obo/HP_0034860,Reduced leukocyte alpha-L-fucosidase activity
http://purl.obolibrary.org/obo/HP_0034861,Reduced leukocyte arylsulfatase B activity
http://purl.obolibrary.org/obo/HP_0034862,Reduced leukocyte steroid sulfatase activity
http://purl.obolibrary.org/obo/HP_0034863,Reduced leukocyte arylsulfatase A activity
http://purl.obolibrary.org/obo/HP_0034864,Decreased alpha-galactosidase A activity
http://purl.obolibrary.org/obo/HP_0034871,Decreased urinary epinephrine level
http://purl.obolibrary.org/obo/HP_0034873,Decreased circulating epinephrine concentration
http://purl.obolibrary.org/obo/HP_0034874,Decreased circulating norepinephrine concentration
http://purl.obolibrary.org/obo/HP_0034875,Decreased urinary norepinephrine level
http://purl.obolibrary.org/obo/HP_0034876,Decreased urinary metaepinephrine level
http://purl.obolibrary.org/obo/HP_0034878,Decreased circulating metanephrine concentration
http://purl.obolibrary.org/obo/HP_0034880,Adrenal mass
http://purl.obolibrary.org/obo/HP_0034883,Decreased portal vein velocity
http://purl.obolibrary.org/obo/HP_0034885,Abnormal urinary uromodulin level
http://purl.obolibrary.org/obo/HP_0034886,Decreased urinary uromodulin level
http://purl.obolibrary.org/obo/HP_0034893,Elevated brain glycine level by MRS
http://purl.obolibrary.org/obo/HP_0034894,Elevated brain polyol compounds by MRS
http://purl.obolibrary.org/obo/HP_0034895,Elevated brain gamma-aminobutyric acid by MRS
http://purl.obolibrary.org/obo/HP_0034897,Decreased circulating antidiuretic hormone concentration
http://purl.obolibrary.org/obo/HP_0034898,Elevated circulating growth hormone-releasing hormone concentration
http://purl.obolibrary.org/obo/HP_0034901,Increased circulating vitamin E concentration
http://purl.obolibrary.org/obo/HP_0034902,Abnormal circulating calcitonin concentration
http://purl.obolibrary.org/obo/HP_0034903,Decreased circulating calcitonin concentration
http://purl.obolibrary.org/obo/HP_0034904,Decreased circulating thyrotropin releasing hormone concentration
http://purl.obolibrary.org/obo/HP_0034905,Elevated circulating uroporphyrin concentration
http://purl.obolibrary.org/obo/HP_0034908,Increased circulating dehydroepiandrosterone concentration
http://purl.obolibrary.org/obo/HP_0034909,Increased erythrocyte coproporphyrin concentration
http://purl.obolibrary.org/obo/HP_0034910,Increased erythrocyte uroproporphyrin concentration
http://purl.obolibrary.org/obo/HP_0034913,Acrosomal hypoplasia
http://purl.obolibrary.org/obo/HP_0034914,Oocyte maturation arrest
http://purl.obolibrary.org/obo/HP_0034918,"Reduced muscle 2,4-dienoyl-CoA reductase activity"
http://purl.obolibrary.org/obo/HP_0034919,"Reduced liver 2,4-dienoyl-CoA reductase activity"
http://purl.obolibrary.org/obo/HP_0034920,Nasal mucosa vasculitis
http://purl.obolibrary.org/obo/HP_0034922,Peripheral axon spheroid formation
http://purl.obolibrary.org/obo/HP_0034923,Reduced liver carboxylesterase 1 activity
http://purl.obolibrary.org/obo/HP_0034924,Abnormal dermis morphology
http://purl.obolibrary.org/obo/HP_0034925,Perivascular dermis hyaline deposition
http://purl.obolibrary.org/obo/HP_0034927,Large keratohyaline granules
http://purl.obolibrary.org/obo/HP_0034928,Decreased muscle lipoic acid content
http://purl.obolibrary.org/obo/HP_0034929,Reduced hepatic cystathionine gamma-lyase activity
http://purl.obolibrary.org/obo/HP_0034932,Decreased circulating acid maltase activity
http://purl.obolibrary.org/obo/HP_0034937,Elevated circulating desmosterol concentration
http://purl.obolibrary.org/obo/HP_0034939,Purulent synovial fluid
http://purl.obolibrary.org/obo/HP_0034940,Muscle fiber calsequestrin 1-containing inclusion bodies
http://purl.obolibrary.org/obo/HP_0034941,Palatine myxoma
http://purl.obolibrary.org/obo/HP_0034943,Decreased dermal collagen
http://purl.obolibrary.org/obo/HP_0034944,Irregularly shaped keratohyaline granules
http://purl.obolibrary.org/obo/HP_0034945,Tubular shadows
http://purl.obolibrary.org/obo/HP_0034947,Altered location of the longitudinal column in the fibrous sheath
http://purl.obolibrary.org/obo/HP_0034951,Osteochondromyxoma
http://purl.obolibrary.org/obo/HP_0034952,Gangliocytoma
http://purl.obolibrary.org/obo/HP_0034953,Duodenal gastrinoma
http://purl.obolibrary.org/obo/HP_0034955,Bone marrow eosinophilia
http://purl.obolibrary.org/obo/HP_0034957,Reduced hepatic glycogen debrancher enzyme activity
http://purl.obolibrary.org/obo/HP_0034958,Asymmetrical insertion of the midpiece into the head
http://purl.obolibrary.org/obo/HP_0034959,Bent sperm neck
http://purl.obolibrary.org/obo/HP_0034965,Hypoplastic trochlear nerve
http://purl.obolibrary.org/obo/HP_0034969,Endosteal scalloping
http://purl.obolibrary.org/obo/HP_0034970,Urinary bladder hamartoma
http://purl.obolibrary.org/obo/HP_0034974,Bathrocephaly
http://purl.obolibrary.org/obo/HP_0034975,Occipital horn
http://purl.obolibrary.org/obo/HP_0034976,Absent pituitary stalk
http://purl.obolibrary.org/obo/HP_0034977,Abnormal pituitary stalk morphology
http://purl.obolibrary.org/obo/HP_0034978,Interrupted pituitary stalk
http://purl.obolibrary.org/obo/HP_0034979,Facial synkinesis
http://purl.obolibrary.org/obo/HP_0034980,Synkinesis
http://purl.obolibrary.org/obo/HP_0034982,Perianal anesthesia
http://purl.obolibrary.org/obo/HP_0034983,Failure of phenylephrine to induce blanching of eye redness
http://purl.obolibrary.org/obo/HP_0034985,Reduced cellular cobalamin uptake
http://purl.obolibrary.org/obo/HP_0034987,Focal necrotic optic nerve lesion
http://purl.obolibrary.org/obo/HP_0034988,Focal necrotic thalamus lesion
http://purl.obolibrary.org/obo/HP_0034989,Interstitial dermal edema
http://purl.obolibrary.org/obo/HP_0034992,Thumb adduction contracture
http://purl.obolibrary.org/obo/HP_0034995,"Reduced tissue fructose-1,6-bisphosphatase activity"
http://purl.obolibrary.org/obo/HP_0034996,Reduced hepatic carbamoylphosphate synthetase 1 activity
http://purl.obolibrary.org/obo/HP_0034997,Reduced intraepidermal small nerve fiber density
http://purl.obolibrary.org/obo/HP_0034998,Femoral artery duplication
http://purl.obolibrary.org/obo/HP_0034999,Intracellular accumulation of collagen VII
http://purl.obolibrary.org/obo/HP_0035000,Reduced reticular lamina anchoring fibril density
http://purl.obolibrary.org/obo/HP_0035001,Reduced lamina lucida anchoring filament density
http://purl.obolibrary.org/obo/HP_0035005,Reduced hepatic alanine-glyoxylate aminotransferase activity
http://purl.obolibrary.org/obo/HP_0035007,Thin spermatozoon midpiece
http://purl.obolibrary.org/obo/HP_0035008,Thick spermatozoon midpiece insertion
http://purl.obolibrary.org/obo/HP_0035012,Abnormal femoral artery morphology
http://purl.obolibrary.org/obo/HP_0035013,Abnormal extrahepatic bile duct morphology
http://purl.obolibrary.org/obo/HP_0035014,Extrahepatic bile duct fibrosis
http://purl.obolibrary.org/obo/HP_0035015,Elevated circulating short-chain acylcarnitine concentration
http://purl.obolibrary.org/obo/HP_0035017,Elevated circulating medium-chain acylcarnitine concentration
http://purl.obolibrary.org/obo/HP_0035018,Elevated circulating long-chain acylcarnitine concentration
http://purl.obolibrary.org/obo/HP_0035019,Elevated circulating C5 acylcarnitine concentration
http://purl.obolibrary.org/obo/HP_0035020,Elevated circulating C18 acylcarnitine concentration
http://purl.obolibrary.org/obo/HP_0035021,Elevated circulating C16 acylcarnitine concentration
http://purl.obolibrary.org/obo/HP_0035022,Elevated circulating very long-chain acylcarnitine concentration
http://purl.obolibrary.org/obo/HP_0035023,Elevated circulating acetylcarnitine concentration
http://purl.obolibrary.org/obo/HP_0035024,Elevated circulating methylmalonylcarnitine concentration
http://purl.obolibrary.org/obo/HP_0035025,Elevated circulating 3-hydroxyhexadecanoylcarnitine concentration
http://purl.obolibrary.org/obo/HP_0035026,Elevated circulating C6 acylcarnitine concentration
http://purl.obolibrary.org/obo/HP_0035028,Elevated circulating 3-hydroxyisovalerylcarnitine concentration
http://purl.obolibrary.org/obo/HP_0035029,Elevated circulating 3-hydroxyhexanoylcarnitine concentration
http://purl.obolibrary.org/obo/HP_0035031,Elevated circulating tiglylcarnitine concentration
http://purl.obolibrary.org/obo/HP_0035032,Reduced circulating acetylcarnitine concentration
http://purl.obolibrary.org/obo/HP_0040009,Hyperparakeratosis
http://purl.obolibrary.org/obo/HP_0040012,Chromosome breakage
http://purl.obolibrary.org/obo/HP_0040013,Decreased mitochondrial number
http://purl.obolibrary.org/obo/HP_0040014,Increased mitochondrial number
http://purl.obolibrary.org/obo/HP_0040015,Increased activity of mitochondrial respiratory chain
http://purl.obolibrary.org/obo/HP_0040045,Abnormal hemidiaphragm morphology
http://purl.obolibrary.org/obo/HP_0040046,Abnormal left hemidiaphragm morphology
http://purl.obolibrary.org/obo/HP_0040047,Abnormal right hemidiaphragm morphology
http://purl.obolibrary.org/obo/HP_0040078,Axonal degeneration
http://purl.obolibrary.org/obo/HP_0040082,Happy demeanor
http://purl.obolibrary.org/obo/HP_0040086,Abnormal prolactin level
http://purl.obolibrary.org/obo/HP_0040088,Abnormal lymphocyte count
http://purl.obolibrary.org/obo/HP_0040089,Abnormal total natural killer cell count
http://purl.obolibrary.org/obo/HP_0040097,Neoplasm of the ceruminal gland
http://purl.obolibrary.org/obo/HP_0040099,Abnormality of the round window
http://purl.obolibrary.org/obo/HP_0040100,Abnormality of the vestibular window
http://purl.obolibrary.org/obo/HP_0040109,Abnormal utricle morphology
http://purl.obolibrary.org/obo/HP_0040112,Abnormal number of tubercles
http://purl.obolibrary.org/obo/HP_0040113,Old-aged sensorineural hearing impairment
http://purl.obolibrary.org/obo/HP_0040114,Absence of the reflex of the tensor tympani muscle
http://purl.obolibrary.org/obo/HP_0040115,Abnormal Eustachian tube morphology
http://purl.obolibrary.org/obo/HP_0040116,Aplasia of the Eustachian tube
http://purl.obolibrary.org/obo/HP_0040119,Unilateral conductive hearing impairment
http://purl.obolibrary.org/obo/HP_0040120,Abnormality of the reflex of the tensor tympani muscle
http://purl.obolibrary.org/obo/HP_0040121,Abnormality of the acoustic reflex
http://purl.obolibrary.org/obo/HP_0040122,Impairment of the the acoustic reflex
http://purl.obolibrary.org/obo/HP_0040123,Impairment of the reflex of the tensor tympani muscle
http://purl.obolibrary.org/obo/HP_0040127,Abnormal sweat homeostasis
http://purl.obolibrary.org/obo/HP_0040128,Abnormal sweat electrolytes
http://purl.obolibrary.org/obo/HP_0040129,Abnormal nerve conduction velocity
http://purl.obolibrary.org/obo/HP_0040131,Abnormal motor nerve conduction velocity
http://purl.obolibrary.org/obo/HP_0040132,Abnormal sensory nerve conduction velocity
http://purl.obolibrary.org/obo/HP_0040135,Abnormal transferrin saturation
http://purl.obolibrary.org/obo/HP_0040137,Comedonal acne
http://purl.obolibrary.org/obo/HP_0040138,Mucinous histiocytosis
http://purl.obolibrary.org/obo/HP_0040139,Lipogranulomatosis
http://purl.obolibrary.org/obo/HP_0040141,Tardive dyskinesia
http://purl.obolibrary.org/obo/HP_0040142,Reduced circulating 5-oxoprolinase activity
http://purl.obolibrary.org/obo/HP_0040143,Dystopic os odontoideum
http://purl.obolibrary.org/obo/HP_0040148,Cortical myoclonus
http://purl.obolibrary.org/obo/HP_0040150,Epiblepharon of upper lid
http://purl.obolibrary.org/obo/HP_0040151,Epiblepharon of lower lid
http://purl.obolibrary.org/obo/HP_0040154,Acne inversa
http://purl.obolibrary.org/obo/HP_0040160,Generalized osteoporosis
http://purl.obolibrary.org/obo/HP_0040161,Localized osteoporosis
http://purl.obolibrary.org/obo/HP_0040162,Orthokeratosis
http://purl.obolibrary.org/obo/HP_0040175,Platelet-activating factor acetylhydrolase deficiency
http://purl.obolibrary.org/obo/HP_0040177,Abnormal level of platelet-activating factor
http://purl.obolibrary.org/obo/HP_0040178,Increased level of platelet-activating factor
http://purl.obolibrary.org/obo/HP_0040179,Decreased level of platelet-activating factor
http://purl.obolibrary.org/obo/HP_0040182,Inappropriate sinus tachycardia
http://purl.obolibrary.org/obo/HP_0040183,Encopresis
http://purl.obolibrary.org/obo/HP_0040185,Macrothrombocytopenia
http://purl.obolibrary.org/obo/HP_0040186,Maculopapular exanthema
http://purl.obolibrary.org/obo/HP_0040187,Neonatal sepsis
http://purl.obolibrary.org/obo/HP_0040188,Osteochondrosis
http://purl.obolibrary.org/obo/HP_0040189,Scaling skin
http://purl.obolibrary.org/obo/HP_0040190,White scaling skin
http://purl.obolibrary.org/obo/HP_0040192,APUdoma
http://purl.obolibrary.org/obo/HP_0040196,Mild microcephaly
http://purl.obolibrary.org/obo/HP_0040197,Encephalomalacia
http://purl.obolibrary.org/obo/HP_0040200,Motor impersistence
http://purl.obolibrary.org/obo/HP_0040201,Simultanapraxia
http://purl.obolibrary.org/obo/HP_0040202,Abnormal consumption behavior
http://purl.obolibrary.org/obo/HP_0040212,Risus sardonicus
http://purl.obolibrary.org/obo/HP_0040213,Hypopnea
http://purl.obolibrary.org/obo/HP_0040217,Elevated hemoglobin A1c
http://purl.obolibrary.org/obo/HP_0040218,Reduced total natural killer cell count
http://purl.obolibrary.org/obo/HP_0040219,Absent natural killer cells
http://purl.obolibrary.org/obo/HP_0040224,Abnormality of fibrinolysis
http://purl.obolibrary.org/obo/HP_0040225,Decrease in high molecular weight von Willebrand factor Multimers
http://purl.obolibrary.org/obo/HP_0040226,Decreased level of heparin co-factor II
http://purl.obolibrary.org/obo/HP_0040227,Decreased level of histidine-rich glycoprotein
http://purl.obolibrary.org/obo/HP_0040229,Decreased level of thrombomodulin
http://purl.obolibrary.org/obo/HP_0040230,Decreased level of tissue plasminogen activator
http://purl.obolibrary.org/obo/HP_0040231,Abnormal onset of bleeding
http://purl.obolibrary.org/obo/HP_0040232,Delayed onset bleeding
http://purl.obolibrary.org/obo/HP_0040233,Factor XIII subunit A deficiency
http://purl.obolibrary.org/obo/HP_0040234,Factor XIII subunit B deficiency
http://purl.obolibrary.org/obo/HP_0040235,Leukocyte inclusion bodies
http://purl.obolibrary.org/obo/HP_0040236,Hyperfibrinolysis
http://purl.obolibrary.org/obo/HP_0040237,Impaired binding of factor VIII to VWF
http://purl.obolibrary.org/obo/HP_0040238,Impaired neutrophil chemotaxis
http://purl.obolibrary.org/obo/HP_0040239,Increased plasma vitamin K epoxide after vitamin K supplementation
http://purl.obolibrary.org/obo/HP_0040240,Increased ratio of VWF propeptide to VWF antigen
http://purl.obolibrary.org/obo/HP_0040241,Increased RIPA
http://purl.obolibrary.org/obo/HP_0040243,Prolonged euglobulin clot lysis time
http://purl.obolibrary.org/obo/HP_0040244,Prolonged Russell's viper venom time
http://purl.obolibrary.org/obo/HP_0040245,Reduced alpha-2-antiplasmin activity
http://purl.obolibrary.org/obo/HP_0040246,Reduced antithrombin antigen
http://purl.obolibrary.org/obo/HP_0040247,Reduced euglobulin clot lysis time
http://purl.obolibrary.org/obo/HP_0040248,Reduced plasminogen activator inhibitor 1 activity
http://purl.obolibrary.org/obo/HP_0040249,Reduced plasminogen activator inhibitor 1 antigen
http://purl.obolibrary.org/obo/HP_0040250,Reduced prothrombin antigen
http://purl.obolibrary.org/obo/HP_0040251,Hand dimple
http://purl.obolibrary.org/obo/HP_0040264,Jaw pain
http://purl.obolibrary.org/obo/HP_0040269,Blocked Eustachian tube
http://purl.obolibrary.org/obo/HP_0040270,Impaired glucose tolerance
http://purl.obolibrary.org/obo/HP_0040273,Adenocarcinoma of the intestines
http://purl.obolibrary.org/obo/HP_0040274,Adenocarcinoma of the small intestine
http://purl.obolibrary.org/obo/HP_0040276,Adenocarcinoma of the colon
http://purl.obolibrary.org/obo/HP_0040288,Nasogastric tube feeding
http://purl.obolibrary.org/obo/HP_0040289,Cyclically decreased total neutrophil count
http://purl.obolibrary.org/obo/HP_0040292,Left hemiplegia
http://purl.obolibrary.org/obo/HP_0040293,Right hemiplegia
http://purl.obolibrary.org/obo/HP_0040297,Preauricular cyst
http://purl.obolibrary.org/obo/HP_0040299,Decreased circulating free fatty acid level
http://purl.obolibrary.org/obo/HP_0040300,Abnormal circulating free fatty acid concentration
http://purl.obolibrary.org/obo/HP_0040305,Increased male libido
http://purl.obolibrary.org/obo/HP_0040306,Decreased male libido
http://purl.obolibrary.org/obo/HP_0040307,Male sexual dysfunction
http://purl.obolibrary.org/obo/HP_0040308,Male anorgasmia
http://purl.obolibrary.org/obo/HP_0040310,Sterile arthritis
http://purl.obolibrary.org/obo/HP_0040311,Symmetric polyarthritis
http://purl.obolibrary.org/obo/HP_0040312,Temporomandibular arthritis
http://purl.obolibrary.org/obo/HP_0040313,Oligoarthritis
http://purl.obolibrary.org/obo/HP_0040324,Heliotrope rash
http://purl.obolibrary.org/obo/HP_0040325,Bull's eye rash
http://purl.obolibrary.org/obo/HP_0040334,Purulent rhinitis
http://purl.obolibrary.org/obo/HP_0040405,Asymmetric thickening of the nipple-areolar complex
http://purl.obolibrary.org/obo/HP_0040407,Mastitis
http://purl.obolibrary.org/obo/HP_0040411,Pain in penis
http://purl.obolibrary.org/obo/HP_0040412,Left ventricular thrombus
http://purl.obolibrary.org/obo/HP_0040414,Gelatinous ascites
http://purl.obolibrary.org/obo/HP_0040416,Abnormal urinary nitrogen compound level
http://purl.obolibrary.org/obo/HP_0040417,Decreased urinary biopterin level
http://purl.obolibrary.org/obo/HP_0040420,Decreased urinary neopterin level
http://purl.obolibrary.org/obo/HP_0040421,Abnormal urinary inosine level
http://purl.obolibrary.org/obo/HP_0040422,Elevated urinary inosine level
http://purl.obolibrary.org/obo/HP_0040423,Abnormal urinary guanosine level
http://purl.obolibrary.org/obo/HP_0040424,Elevated urinary guanosine level
http://purl.obolibrary.org/obo/HP_0041042,Absent neutrophil lactoferrin
http://purl.obolibrary.org/obo/HP_0041043,Neutrophil nuclear clefts
http://purl.obolibrary.org/obo/HP_0041044,Low neutrophil alkaline phosphatase
http://purl.obolibrary.org/obo/HP_0041045,Increased neutrophil mitochondria
http://purl.obolibrary.org/obo/HP_0041046,Increased neutrophil ribosomes
http://purl.obolibrary.org/obo/HP_0041047,Bladder outlet obstruction
http://purl.obolibrary.org/obo/HP_0041048,Decreased expression of GPI-anchored proteins on the cell surface
http://purl.obolibrary.org/obo/HP_0041049,Starch intolerance
http://purl.obolibrary.org/obo/HP_0041051,Ageusia
http://purl.obolibrary.org/obo/HP_0041056,Hot cross bun sign
http://purl.obolibrary.org/obo/HP_0041057,Transient decreased circulating IgG4 concentration
http://purl.obolibrary.org/obo/HP_0041058,Chronic decreased circulating IgG4 concentration
http://purl.obolibrary.org/obo/HP_0041059,Chronic absent circulating IgG4
http://purl.obolibrary.org/obo/HP_0041062,Transient decreased circulating IgG2 concentration
http://purl.obolibrary.org/obo/HP_0041063,Chronic decreased circulating IgG2 concentration
http://purl.obolibrary.org/obo/HP_0041065,Chronic absent circulating IgG2
http://purl.obolibrary.org/obo/HP_0041067,Transient decreased circulating IgG1 concentration
http://purl.obolibrary.org/obo/HP_0041068,Chronic decreased circulating IgG1 concentration
http://purl.obolibrary.org/obo/HP_0041069,Chronic absent circulating IgG1
http://purl.obolibrary.org/obo/HP_0041071,Transient decreased circulating IgG3 concentration
http://purl.obolibrary.org/obo/HP_0041072,Chronic decreased circulating IgG3 concentration
http://purl.obolibrary.org/obo/HP_0041074,Chronic absent circulating IgG3
http://purl.obolibrary.org/obo/HP_0041079,Decreased body fat percentage
http://purl.obolibrary.org/obo/HP_0041090,Pelvic avulsion fracture
http://purl.obolibrary.org/obo/HP_0041092,Emotional hypersensitivity
http://purl.obolibrary.org/obo/HP_0041093,Beau's lines
http://purl.obolibrary.org/obo/HP_0041095,Decreased middle cerebral artery pulsatility index
http://purl.obolibrary.org/obo/HP_0041161,Pelvis fracture
http://purl.obolibrary.org/obo/HP_0045028,Microlissencephaly
http://purl.obolibrary.org/obo/HP_0045029,Eosinophilic fasciitis
http://purl.obolibrary.org/obo/HP_0045038,Gastric lymphoma
http://purl.obolibrary.org/obo/HP_0045040,Abnormal circulating lactate dehydrogenase concentration
http://purl.obolibrary.org/obo/HP_0045041,Reduced circulating lactate dehydrogenase concentration
http://purl.obolibrary.org/obo/HP_0045042,Decreased circulating complement C4 concentration
http://purl.obolibrary.org/obo/HP_0045043,Decreased circulating complement C4a concentration
http://purl.obolibrary.org/obo/HP_0045044,Decreased circulating complement C4b concentration
http://purl.obolibrary.org/obo/HP_0045047,HbS hemoglobin
http://purl.obolibrary.org/obo/HP_0045048,Increased HbA2 hemoglobin
http://purl.obolibrary.org/obo/HP_0045049,Abnormal DLCO
http://purl.obolibrary.org/obo/HP_0045050,Increased DLCO
http://purl.obolibrary.org/obo/HP_0045051,Decreased DLCO
http://purl.obolibrary.org/obo/HP_0045055,Tiger tail banding
http://purl.obolibrary.org/obo/HP_0045059,Hyperkeratotic papule
http://purl.obolibrary.org/obo/HP_0045060,Aplasia/hypoplasia involving bones of the extremities
http://purl.obolibrary.org/obo/HP_0045063,Increased PIVKA-II
http://purl.obolibrary.org/obo/HP_0045081,Abnormality of body mass index
http://purl.obolibrary.org/obo/HP_0045082,Decreased body mass index
http://purl.obolibrary.org/obo/HP_0045084,Limb myoclonus
http://purl.obolibrary.org/obo/HP_0046502,Anorgasmia
http://purl.obolibrary.org/obo/HP_0046503,Increased libido
http://purl.obolibrary.org/obo/HP_0046504,Decreased libido
http://purl.obolibrary.org/obo/HP_0046505,Hand pain
http://purl.obolibrary.org/obo/HP_0046506,Pain in head and neck region
http://purl.obolibrary.org/obo/HP_0046507,Bradypnea
http://purl.obolibrary.org/obo/HP_0100000,Early onset of sexual maturation
http://purl.obolibrary.org/obo/HP_0100001,Malignant mesothelioma
http://purl.obolibrary.org/obo/HP_0100008,Schwannoma
http://purl.obolibrary.org/obo/HP_0100009,Intracranial meningioma
http://purl.obolibrary.org/obo/HP_0100010,Spinal meningioma
http://purl.obolibrary.org/obo/HP_0100012,Neoplasm of the eye
http://purl.obolibrary.org/obo/HP_0100014,Epiretinal membrane
http://purl.obolibrary.org/obo/HP_0100017,Capsular cataract
http://purl.obolibrary.org/obo/HP_0100018,Nuclear cataract
http://purl.obolibrary.org/obo/HP_0100019,Cortical cataract
http://purl.obolibrary.org/obo/HP_0100020,Posterior capsular cataract
http://purl.obolibrary.org/obo/HP_0100021,Cerebral palsy
http://purl.obolibrary.org/obo/HP_0100022,Abnormality of movement
http://purl.obolibrary.org/obo/HP_0100023,Recurrent hand flapping
http://purl.obolibrary.org/obo/HP_0100024,Conspicuously happy disposition
http://purl.obolibrary.org/obo/HP_0100025,Overfriendliness
http://purl.obolibrary.org/obo/HP_0100027,Recurrent pancreatitis
http://purl.obolibrary.org/obo/HP_0100033,Tics
http://purl.obolibrary.org/obo/HP_0100034,Motor tics
http://purl.obolibrary.org/obo/HP_0100035,Phonic tics
http://purl.obolibrary.org/obo/HP_0100036,Pseudo-fractures
http://purl.obolibrary.org/obo/HP_0100039,Thickened cortex of bones
http://purl.obolibrary.org/obo/HP_0100241,Ectopic respiratory mucosa
http://purl.obolibrary.org/obo/HP_0100242,Sarcoma
http://purl.obolibrary.org/obo/HP_0100243,Leiomyosarcoma
http://purl.obolibrary.org/obo/HP_0100244,Fibrosarcoma
http://purl.obolibrary.org/obo/HP_0100245,Gastrointestinal desmoid tumor
http://purl.obolibrary.org/obo/HP_0100246,Osteoma
http://purl.obolibrary.org/obo/HP_0100247,Recurrent singultus
http://purl.obolibrary.org/obo/HP_0100248,Hemiballismus
http://purl.obolibrary.org/obo/HP_0100252,Diaphyseal dysplasia
http://purl.obolibrary.org/obo/HP_0100256,Senile plaques
http://purl.obolibrary.org/obo/HP_0100257,Ectrodactyly
http://purl.obolibrary.org/obo/HP_0100258,Preaxial polydactyly
http://purl.obolibrary.org/obo/HP_0100259,Postaxial polydactyly
http://purl.obolibrary.org/obo/HP_0100263,Distal symphalangism
http://purl.obolibrary.org/obo/HP_0100264,Proximal symphalangism
http://purl.obolibrary.org/obo/HP_0100265,Synostosis of metacarpals/metatarsals
http://purl.obolibrary.org/obo/HP_0100266,Synostosis of carpals/tarsals
http://purl.obolibrary.org/obo/HP_0100271,Hyponasal speech
http://purl.obolibrary.org/obo/HP_0100272,Branchial sinus
http://purl.obolibrary.org/obo/HP_0100273,Neoplasm of the colon
http://purl.obolibrary.org/obo/HP_0100274,Gustatory lacrimation
http://purl.obolibrary.org/obo/HP_0100276,Skin pit
http://purl.obolibrary.org/obo/HP_0100277,Periauricular skin pits
http://purl.obolibrary.org/obo/HP_0100279,Ulcerative colitis
http://purl.obolibrary.org/obo/HP_0100280,Crohn's disease
http://purl.obolibrary.org/obo/HP_0100281,Chronic colitis
http://purl.obolibrary.org/obo/HP_0100282,Acute colitis
http://purl.obolibrary.org/obo/HP_0100283,EMG: continuous motor unit activity at rest
http://purl.obolibrary.org/obo/HP_0100284,EMG: myotonic discharges
http://purl.obolibrary.org/obo/HP_0100285,EMG: impaired neuromuscular transmission
http://purl.obolibrary.org/obo/HP_0100287,EMG: slow motor conduction
http://purl.obolibrary.org/obo/HP_0100288,EMG: myokymic discharges
http://purl.obolibrary.org/obo/HP_0100289,Abnormality of pattern reversal visual evoked potentials
http://purl.obolibrary.org/obo/HP_0100290,Abnormality of peripheral somatosensory evoked potentials
http://purl.obolibrary.org/obo/HP_0100291,Delayed somatosensory central conduction time
http://purl.obolibrary.org/obo/HP_0100293,Hypertrophied muscle fibers
http://purl.obolibrary.org/obo/HP_0100295,Muscle fiber atrophy
http://purl.obolibrary.org/obo/HP_0100296,Perifascicular muscle fiber atrophy
http://purl.obolibrary.org/obo/HP_0100297,Increased endomysial connective tissue
http://purl.obolibrary.org/obo/HP_0100298,Motheaten muscle fibers
http://purl.obolibrary.org/obo/HP_0100299,Muscle fiber inclusion bodies
http://purl.obolibrary.org/obo/HP_0100300,Desmin bodies
http://purl.obolibrary.org/obo/HP_0100301,Muscle fiber tubular inclusions
http://purl.obolibrary.org/obo/HP_0100302,Muscle fiber tubuloreticular inclusions
http://purl.obolibrary.org/obo/HP_0100303,Muscle fiber cytoplasmatic inclusion bodies
http://purl.obolibrary.org/obo/HP_0100304,Muscle fiber intranuclear inclusion bodies
http://purl.obolibrary.org/obo/HP_0100305,Ring fibers
http://purl.obolibrary.org/obo/HP_0100306,Muscle fiber hyaline bodies
http://purl.obolibrary.org/obo/HP_0100309,Subdural hemorrhage
http://purl.obolibrary.org/obo/HP_0100310,Epidural hemorrhage
http://purl.obolibrary.org/obo/HP_0100311,Cerebral ventricular adhesions
http://purl.obolibrary.org/obo/HP_0100312,Cerebral germinoma
http://purl.obolibrary.org/obo/HP_0100315,Lewy bodies
http://purl.obolibrary.org/obo/HP_0100316,Hirano bodies
http://purl.obolibrary.org/obo/HP_0100317,Argyrophilic inclusion bodies
http://purl.obolibrary.org/obo/HP_0100318,Lafora bodies
http://purl.obolibrary.org/obo/HP_0100320,Rosenthal fibers
http://purl.obolibrary.org/obo/HP_0100322,Aplasia of the pyramidal tract
http://purl.obolibrary.org/obo/HP_0100323,Juvenile aseptic necrosis
http://purl.obolibrary.org/obo/HP_0100324,Scleroderma
http://purl.obolibrary.org/obo/HP_0100326,Immunologic hypersensitivity
http://purl.obolibrary.org/obo/HP_0100327,Cow milk allergy
http://purl.obolibrary.org/obo/HP_0100328,Carpometacarpal synostosis
http://purl.obolibrary.org/obo/HP_0100329,Tarsometatarsal synostosis
http://purl.obolibrary.org/obo/HP_0100334,Unilateral cleft palate
http://purl.obolibrary.org/obo/HP_0100337,Bilateral cleft palate
http://purl.obolibrary.org/obo/HP_0100338,Non-midline cleft palate
http://purl.obolibrary.org/obo/HP_0100483,Second ray metatarsophalangeal synostosis
http://purl.obolibrary.org/obo/HP_0100484,Third ray metatarsophalangeal synostosis
http://purl.obolibrary.org/obo/HP_0100485,Fourth ray metatarsophalangeal synostosis
http://purl.obolibrary.org/obo/HP_0100486,Fifth ray metatarsophalangeal synostosis
http://purl.obolibrary.org/obo/HP_0100488,First ray metatarsophalangeal synostosis
http://purl.obolibrary.org/obo/HP_0100494,Abnormal mast cell morphology
http://purl.obolibrary.org/obo/HP_0100495,Mastocytosis
http://purl.obolibrary.org/obo/HP_0100496,Abnormal circulating vitamin B3 concentration
http://purl.obolibrary.org/obo/HP_0100497,Decreased circulating vitamin B3 concentration
http://purl.obolibrary.org/obo/HP_0100501,Recurrent bronchiolitis
http://purl.obolibrary.org/obo/HP_0100502,Decreased circulating vitamin B12 concentration
http://purl.obolibrary.org/obo/HP_0100503,Decreased circulating vitamin B1 concentration
http://purl.obolibrary.org/obo/HP_0100504,Decreased circulating vitamin B2 concentration
http://purl.obolibrary.org/obo/HP_0100505,Decreased circulating vitamin B5 concentration
http://purl.obolibrary.org/obo/HP_0100506,Decreased circulating vitamin B8 concentration
http://purl.obolibrary.org/obo/HP_0100508,Abnormality of vitamin metabolism
http://purl.obolibrary.org/obo/HP_0100509,Abnormal circulating vitamin C concentration
http://purl.obolibrary.org/obo/HP_0100510,Decreased circulating vitamin C concentration
http://purl.obolibrary.org/obo/HP_0100511,Abnormal circulating vitamin D concentration
http://purl.obolibrary.org/obo/HP_0100512,Decreased circulating vitamin D concentration
http://purl.obolibrary.org/obo/HP_0100513,Decreased circulating vitamin E concentration
http://purl.obolibrary.org/obo/HP_0100514,Abnormal circulating vitamin E concentration
http://purl.obolibrary.org/obo/HP_0100515,Pollakisuria
http://purl.obolibrary.org/obo/HP_0100518,Dysuria
http://purl.obolibrary.org/obo/HP_0100519,Anuria
http://purl.obolibrary.org/obo/HP_0100520,Oliguria
http://purl.obolibrary.org/obo/HP_0100522,Thymoma
http://purl.obolibrary.org/obo/HP_0100528,Pleuropulmonary blastoma
http://purl.obolibrary.org/obo/HP_0100530,Abnormal circulating calcium-phosphate regulating hormone concentration
http://purl.obolibrary.org/obo/HP_0100532,Scleritis
http://purl.obolibrary.org/obo/HP_0100534,Episcleritis
http://purl.obolibrary.org/obo/HP_0100535,Tibiofibular diastasis
http://purl.obolibrary.org/obo/HP_0100538,Abnormality of the supraorbital ridges
http://purl.obolibrary.org/obo/HP_0100541,Femoral hernia
http://purl.obolibrary.org/obo/HP_0100543,Cognitive impairment
http://purl.obolibrary.org/obo/HP_0100548,Exstrophy
http://purl.obolibrary.org/obo/HP_0100552,Neoplasm of the tracheobronchial system
http://purl.obolibrary.org/obo/HP_0100555,Asymmetric growth
http://purl.obolibrary.org/obo/HP_0100562,Diplomyelia
http://purl.obolibrary.org/obo/HP_0100563,Diastomatomyelia
http://purl.obolibrary.org/obo/HP_0100564,Triplomyelia
http://purl.obolibrary.org/obo/HP_0100565,Hydromyelia
http://purl.obolibrary.org/obo/HP_0100566,Amyelia
http://purl.obolibrary.org/obo/HP_0100570,Carcinoid tumor
http://purl.obolibrary.org/obo/HP_0100574,Biliary tract neoplasm
http://purl.obolibrary.org/obo/HP_0100576,Amaurosis fugax
http://purl.obolibrary.org/obo/HP_0100578,Lipoatrophy
http://purl.obolibrary.org/obo/HP_0100582,Nasal polyposis
http://purl.obolibrary.org/obo/HP_0100585,Telangiectasia of the skin
http://purl.obolibrary.org/obo/HP_0100586,Sterile pyuria
http://purl.obolibrary.org/obo/HP_0100588,Paraphimosis
http://purl.obolibrary.org/obo/HP_0100595,Camptocormia
http://purl.obolibrary.org/obo/HP_0100600,Penoscrotal transposition
http://purl.obolibrary.org/obo/HP_0100607,Dysmenorrhea
http://purl.obolibrary.org/obo/HP_0100608,Metrorrhagia
http://purl.obolibrary.org/obo/HP_0100611,Multiple glomerular cysts
http://purl.obolibrary.org/obo/HP_0100612,Odontogenic neoplasm
http://purl.obolibrary.org/obo/HP_0100618,Leydig cell neoplasia
http://purl.obolibrary.org/obo/HP_0100619,Sertoli cell neoplasm
http://purl.obolibrary.org/obo/HP_0100620,Germinoma
http://purl.obolibrary.org/obo/HP_0100621,Dysgerminoma
http://purl.obolibrary.org/obo/HP_0100633,Esophagitis
http://purl.obolibrary.org/obo/HP_0100634,Neuroendocrine neoplasm
http://purl.obolibrary.org/obo/HP_0100635,Carotid paraganglioma
http://purl.obolibrary.org/obo/HP_0100638,Neoplasm of the pharynx
http://purl.obolibrary.org/obo/HP_0100639,Erectile dysfunction
http://purl.obolibrary.org/obo/HP_0100641,Neoplasm of the adrenal cortex
http://purl.obolibrary.org/obo/HP_0100642,Neoplasm of the adrenal medulla
http://purl.obolibrary.org/obo/HP_0100644,Melanonychia
http://purl.obolibrary.org/obo/HP_0100645,Cystocele
http://purl.obolibrary.org/obo/HP_0100647,Graves disease
http://purl.obolibrary.org/obo/HP_0100651,Type I diabetes mellitus
http://purl.obolibrary.org/obo/HP_0100654,Retrobulbar optic neuritis
http://purl.obolibrary.org/obo/HP_0100656,Thoracoabdominal wall defect
http://purl.obolibrary.org/obo/HP_0100657,Thoracoabdominal eventration
http://purl.obolibrary.org/obo/HP_0100658,Cellulitis
http://purl.obolibrary.org/obo/HP_0100660,Dyskinesia
http://purl.obolibrary.org/obo/HP_0100661,Trigeminal neuralgia
http://purl.obolibrary.org/obo/HP_0100663,Synotia
http://purl.obolibrary.org/obo/HP_0100665,Angioedema
http://purl.obolibrary.org/obo/HP_0100670,Coarse metaphyseal trabecularization
http://purl.obolibrary.org/obo/HP_0100673,Vaginal hydrocele
http://purl.obolibrary.org/obo/HP_0100674,Vaginal hematocele
http://purl.obolibrary.org/obo/HP_0100675,Vaginal pyocele
http://purl.obolibrary.org/obo/HP_0100676,Vaginal lymphocele
http://purl.obolibrary.org/obo/HP_0100678,Premature skin wrinkling
http://purl.obolibrary.org/obo/HP_0100679,Lack of skin elasticity
http://purl.obolibrary.org/obo/HP_0100685,Abnormal Sharpey fiber morphology
http://purl.obolibrary.org/obo/HP_0100686,Enthesitis
http://purl.obolibrary.org/obo/HP_0100687,Polyotia
http://purl.obolibrary.org/obo/HP_0100693,Iridodonesis
http://purl.obolibrary.org/obo/HP_0100695,Lipedema
http://purl.obolibrary.org/obo/HP_0100697,Malignant peripheral nerve sheath tumor
http://purl.obolibrary.org/obo/HP_0100698,Subcutaneous neurofibroma
http://purl.obolibrary.org/obo/HP_0100703,Tongue thrusting
http://purl.obolibrary.org/obo/HP_0100704,Cerebral visual impairment
http://purl.obolibrary.org/obo/HP_0100705,Abnormal glial cell morphology
http://purl.obolibrary.org/obo/HP_0100706,Abnormal oligodendroglia morphology
http://purl.obolibrary.org/obo/HP_0100707,Abnormal astrocyte morphology
http://purl.obolibrary.org/obo/HP_0100708,Abnormal microglia morphology
http://purl.obolibrary.org/obo/HP_0100709,Reduction of oligodendroglia
http://purl.obolibrary.org/obo/HP_0100710,Impulsivity
http://purl.obolibrary.org/obo/HP_0100716,Self-injurious behavior
http://purl.obolibrary.org/obo/HP_0100723,Gastrointestinal stroma tumor
http://purl.obolibrary.org/obo/HP_0100724,Hypercoagulability
http://purl.obolibrary.org/obo/HP_0100725,Lichenification
http://purl.obolibrary.org/obo/HP_0100726,Kaposi's sarcoma
http://purl.obolibrary.org/obo/HP_0100727,Histiocytosis
http://purl.obolibrary.org/obo/HP_0100728,Germ cell neoplasia
http://purl.obolibrary.org/obo/HP_0100730,Bronchogenic cyst
http://purl.obolibrary.org/obo/HP_0100735,Hypertensive crisis
http://purl.obolibrary.org/obo/HP_0100738,Abnormal eating behavior
http://purl.obolibrary.org/obo/HP_0100739,Bulimia
http://purl.obolibrary.org/obo/HP_0100749,Chest pain
http://purl.obolibrary.org/obo/HP_0100750,Atelectasis
http://purl.obolibrary.org/obo/HP_0100753,Schizophrenia
http://purl.obolibrary.org/obo/HP_0100754,Mania
http://purl.obolibrary.org/obo/HP_0100755,Abnormality of salivation
http://purl.obolibrary.org/obo/HP_0100757,Pancreatoblastoma
http://purl.obolibrary.org/obo/HP_0100758,Gangrene
http://purl.obolibrary.org/obo/HP_0100761,Visceral angiomatosis
http://purl.obolibrary.org/obo/HP_0100762,Hemobilia
http://purl.obolibrary.org/obo/HP_0100764,Lymphangioma
http://purl.obolibrary.org/obo/HP_0100768,Choriocarcinoma
http://purl.obolibrary.org/obo/HP_0100769,Synovitis
http://purl.obolibrary.org/obo/HP_0100773,Cartilage destruction
http://purl.obolibrary.org/obo/HP_0100775,Dural ectasia
http://purl.obolibrary.org/obo/HP_0100776,Recurrent pharyngitis
http://purl.obolibrary.org/obo/HP_0100777,Exostoses
http://purl.obolibrary.org/obo/HP_0100778,Cryoglobulinemia
http://purl.obolibrary.org/obo/HP_0100784,Peripheral arteriovenous fistula
http://purl.obolibrary.org/obo/HP_0100785,Insomnia
http://purl.obolibrary.org/obo/HP_0100789,Torus palatinus
http://purl.obolibrary.org/obo/HP_0100790,Hernia
http://purl.obolibrary.org/obo/HP_0100792,Acantholysis
http://purl.obolibrary.org/obo/HP_0100796,Orchitis
http://purl.obolibrary.org/obo/HP_0100803,Abnormal periungual morphology
http://purl.obolibrary.org/obo/HP_0100804,Ungual fibroma
http://purl.obolibrary.org/obo/HP_0100806,Sepsis
http://purl.obolibrary.org/obo/HP_0100808,Gastric diverticulum
http://purl.obolibrary.org/obo/HP_0100812,Halitosis
http://purl.obolibrary.org/obo/HP_0100814,Blue nevus
http://purl.obolibrary.org/obo/HP_0100817,Renovascular hypertension
http://purl.obolibrary.org/obo/HP_0100818,Long thorax
http://purl.obolibrary.org/obo/HP_0100820,Glomerulopathy
http://purl.obolibrary.org/obo/HP_0100821,Urethrocele
http://purl.obolibrary.org/obo/HP_0100822,Rectocele
http://purl.obolibrary.org/obo/HP_0100823,Genital hernia
http://purl.obolibrary.org/obo/HP_0100825,Cheilitis
http://purl.obolibrary.org/obo/HP_0100828,Increased total T cell count
http://purl.obolibrary.org/obo/HP_0100829,Galactorrhea
http://purl.obolibrary.org/obo/HP_0100831,Abnormal circulating vitamin K concentration
http://purl.obolibrary.org/obo/HP_0100833,Neoplasm of the small intestine
http://purl.obolibrary.org/obo/HP_0100837,Atrophodermia vermiculata
http://purl.obolibrary.org/obo/HP_0100838,Recurrent cutaneous abscess formation
http://purl.obolibrary.org/obo/HP_0100841,Microgastria
http://purl.obolibrary.org/obo/HP_0100842,Septo-optic dysplasia
http://purl.obolibrary.org/obo/HP_0100845,Anaphylactic shock
http://purl.obolibrary.org/obo/HP_0100847,Palmoplantar pustulosis
http://purl.obolibrary.org/obo/HP_0100851,Abnormal emotional state
http://purl.obolibrary.org/obo/HP_0100852,Abnormal fear-induced behavior
http://purl.obolibrary.org/obo/HP_0100875,Hemimacroglossia
http://purl.obolibrary.org/obo/HP_0100876,Infra-orbital crease
http://purl.obolibrary.org/obo/HP_0100880,Nephrogenic rest
http://purl.obolibrary.org/obo/HP_0100881,Congenital mesoblastic nephroma
http://purl.obolibrary.org/obo/HP_0100882,Fibrous hamartoma
http://purl.obolibrary.org/obo/HP_0100883,Chorangioma
http://purl.obolibrary.org/obo/HP_0100884,Compensatory scoliosis
http://purl.obolibrary.org/obo/HP_0100888,Interdigital loops
http://purl.obolibrary.org/obo/HP_0100890,Cyst of the ductus choledochus
http://purl.obolibrary.org/obo/HP_0100950,Decreased 3-hydroxyacyl-CoA dehydrogenase level
http://purl.obolibrary.org/obo/HP_0100951,Enlarged fossa interpeduncularis
http://purl.obolibrary.org/obo/HP_0100952,Enlarged sylvian cistern
http://purl.obolibrary.org/obo/HP_0100953,Enlarged interhemispheric fissure
http://purl.obolibrary.org/obo/HP_0100958,Narrow foramen obturatorium
http://purl.obolibrary.org/obo/HP_0100959,Dense metaphyseal bands
http://purl.obolibrary.org/obo/HP_0100960,Lateral ventricular asymmetry
http://purl.obolibrary.org/obo/HP_0100962,Excessive shyness
http://purl.obolibrary.org/obo/HP_0100963,Hyperesthesia
http://purl.obolibrary.org/obo/HP_0200001,Dysharmonic accelerated bone age
http://purl.obolibrary.org/obo/HP_0200015,Symmetric great toe depigmentation
http://purl.obolibrary.org/obo/HP_0200016,Acrokeratosis
http://purl.obolibrary.org/obo/HP_0200018,Protanomaly
http://purl.obolibrary.org/obo/HP_0200023,Priapism
http://purl.obolibrary.org/obo/HP_0200024,Premature chromatid separation
http://purl.obolibrary.org/obo/HP_0200026,Ocular pain
http://purl.obolibrary.org/obo/HP_0200028,Pretibial myxedema
http://purl.obolibrary.org/obo/HP_0200029,Vasculitis in the skin
http://purl.obolibrary.org/obo/HP_0200030,Punctate vasculitis skin lesions
http://purl.obolibrary.org/obo/HP_0200032,Kayser-Fleischer ring
http://purl.obolibrary.org/obo/HP_0200034,Papule
http://purl.obolibrary.org/obo/HP_0200035,Skin plaque
http://purl.obolibrary.org/obo/HP_0200036,Skin nodule
http://purl.obolibrary.org/obo/HP_0200037,Skin vesicle
http://purl.obolibrary.org/obo/HP_0200039,Pustule
http://purl.obolibrary.org/obo/HP_0200041,Skin erosion
http://purl.obolibrary.org/obo/HP_0200042,Skin ulcer
http://purl.obolibrary.org/obo/HP_0200043,Verrucae
http://purl.obolibrary.org/obo/HP_0200044,Porokeratosis
http://purl.obolibrary.org/obo/HP_0200046,Cat cry
http://purl.obolibrary.org/obo/HP_0200047,Chondritis of pinna
http://purl.obolibrary.org/obo/HP_0200048,Cyanotic episode
http://purl.obolibrary.org/obo/HP_0200056,Macular scar
http://purl.obolibrary.org/obo/HP_0200057,Marcus Gunn pupil
http://purl.obolibrary.org/obo/HP_0200058,Angiosarcoma
http://purl.obolibrary.org/obo/HP_0200059,Metastatic angiosarcoma
http://purl.obolibrary.org/obo/HP_0200063,Colorectal polyposis
http://purl.obolibrary.org/obo/HP_0200068,Nonprogressive visual loss
http://purl.obolibrary.org/obo/HP_0200071,Peripheral vitreoretinal degeneration
http://purl.obolibrary.org/obo/HP_0200072,Episodic quadriplegia
http://purl.obolibrary.org/obo/HP_0200073,Respiratory insufficiency due to defective ciliary clearance
http://purl.obolibrary.org/obo/HP_0200084,Giant cell hepatitis
http://purl.obolibrary.org/obo/HP_0200085,Limb tremor
http://purl.obolibrary.org/obo/HP_0200094,Frontal open bite
http://purl.obolibrary.org/obo/HP_0200101,Decreased/absent ankle reflexes
http://purl.obolibrary.org/obo/HP_0200106,Absent/shortened dynein arms
http://purl.obolibrary.org/obo/HP_0200107,Shortened inner dynein arms
http://purl.obolibrary.org/obo/HP_0200108,Shortened outer dynein arms
http://purl.obolibrary.org/obo/HP_0200109,Absent/shortened outer dynein arms
http://purl.obolibrary.org/obo/HP_0200111,Absent stapes head
http://purl.obolibrary.org/obo/HP_0200114,Metabolic alkalosis
http://purl.obolibrary.org/obo/HP_0200117,Recurrent upper and lower respiratory tract infections
http://purl.obolibrary.org/obo/HP_0200118,Malabsorption of Vitamin B12
http://purl.obolibrary.org/obo/HP_0200119,Acute hepatitis
http://purl.obolibrary.org/obo/HP_0200120,Chronic active hepatitis
http://purl.obolibrary.org/obo/HP_0200122,Atypical or prolonged hepatitis
http://purl.obolibrary.org/obo/HP_0200123,Chronic hepatitis
http://purl.obolibrary.org/obo/HP_0200124,Chronic hepatitis due to cryptosporidium infection
http://purl.obolibrary.org/obo/HP_0200125,Mitochondrial respiratory chain defects
http://purl.obolibrary.org/obo/HP_0200127,Atrial cardiomyopathy
http://purl.obolibrary.org/obo/HP_0200128,Biventricular hypertrophy
http://purl.obolibrary.org/obo/HP_0200133,Lumbosacral meningocele
http://purl.obolibrary.org/obo/HP_0200134,Epileptic encephalopathy
http://purl.obolibrary.org/obo/HP_0200136,Oral-pharyngeal dysphagia
http://purl.obolibrary.org/obo/HP_0200143,Megaloblastic erythroid hyperplasia
http://purl.obolibrary.org/obo/HP_0200146,Mucoid extracellular matrix accumulation
http://purl.obolibrary.org/obo/HP_0200150,Increased serum bile acid concentration during pregnancy
http://purl.obolibrary.org/obo/HP_0200151,Cutaneous mastocytosis
http://purl.obolibrary.org/obo/HP_0400007,Polymenorrhea
http://purl.obolibrary.org/obo/HP_0400008,Menometrorrhagia
http://purl.obolibrary.org/obo/HP_0410013,Abnormality of the submandibular region
http://purl.obolibrary.org/obo/HP_0410017,Otitis externa
http://purl.obolibrary.org/obo/HP_0410018,Recurrent ear infections
http://purl.obolibrary.org/obo/HP_0410019,Epigastric pain
http://purl.obolibrary.org/obo/HP_0410020,Fish odor
http://purl.obolibrary.org/obo/HP_0410021,Musty odor
http://purl.obolibrary.org/obo/HP_0410022,Vaginal fish odor
http://purl.obolibrary.org/obo/HP_0410028,Recurrent oral herpes
http://purl.obolibrary.org/obo/HP_0410033,Unilateral alveolar cleft of maxilla
http://purl.obolibrary.org/obo/HP_0410034,Bilateral alveolar cleft of maxilla
http://purl.obolibrary.org/obo/HP_0410035,Abnormal T cell activation
http://purl.obolibrary.org/obo/HP_0410133,Chronic urticaria
http://purl.obolibrary.org/obo/HP_0410134,Physical urticaria
http://purl.obolibrary.org/obo/HP_0410135,Cold urticaria
http://purl.obolibrary.org/obo/HP_0410136,Aquagenic urticaria
http://purl.obolibrary.org/obo/HP_0410137,Solar urticaria
http://purl.obolibrary.org/obo/HP_0410138,Vibratory urticaria
http://purl.obolibrary.org/obo/HP_0410139,Exercise induced anaphylaxis
http://purl.obolibrary.org/obo/HP_0410144,Abnormal circulating biotinidase concentration
http://purl.obolibrary.org/obo/HP_0410145,Decreased circulating biotinidase concentration
http://purl.obolibrary.org/obo/HP_0410146,Elevated circulating biotinidase concentration
http://purl.obolibrary.org/obo/HP_0410148,Idiopathic anaphylaxis
http://purl.obolibrary.org/obo/HP_0410149,Drug-induced anaphylaxis
http://purl.obolibrary.org/obo/HP_0410157,Increased level of N-acetylneuraminic acid in fibroblasts
http://purl.obolibrary.org/obo/HP_0410166,Defective interstrand cross-link repair
http://purl.obolibrary.org/obo/HP_0410172,Blood xenobiotic
http://purl.obolibrary.org/obo/HP_0410173,Increased circulating troponin I concentration
http://purl.obolibrary.org/obo/HP_0410174,Increased circulating troponin T concentration
http://purl.obolibrary.org/obo/HP_0410183,Abnormal glucose-6-phosphate dehydrogenase level in leukocytes
http://purl.obolibrary.org/obo/HP_0410184,Abnormal erythrocyte glucose-6-phosphate dehydrogenase concentration
http://purl.obolibrary.org/obo/HP_0410188,Decreased erythrocyte glucose-6-phosphate dehydrogenase concentration
http://purl.obolibrary.org/obo/HP_0410189,Increased erythrocyte glucose-6-phosphate dehydrogenase concentration
http://purl.obolibrary.org/obo/HP_0410190,Decreased glucose-6-phosphate dehydrogenase level in leukocytes
http://purl.obolibrary.org/obo/HP_0410191,Increased glucose-6-phosphate dehydrogenase level in leukocytes
http://purl.obolibrary.org/obo/HP_0410196,Abnormal erythrocyte UDP glucose-4-epimerase concentration
http://purl.obolibrary.org/obo/HP_0410197,Increased erythrocyte UDP glucose-4-epimerase concentration
http://purl.obolibrary.org/obo/HP_0410198,Decreased erythrocyte UDP glucose-4-epimerase concentration
http://purl.obolibrary.org/obo/HP_0410200,Positive meconium barbiturate test
http://purl.obolibrary.org/obo/HP_0410201,Positive hair barbiturate test
http://purl.obolibrary.org/obo/HP_0410202,Positive stool barbiturate test
http://purl.obolibrary.org/obo/HP_0410203,Positive gastric fluid barbiturate test
http://purl.obolibrary.org/obo/HP_0410204,Increased intestinal transit time
http://purl.obolibrary.org/obo/HP_0410207,Positive methadone plasma/serum test
http://purl.obolibrary.org/obo/HP_0410208,Positive plasma/serum cotinine test
http://purl.obolibrary.org/obo/HP_0410210,Abnormal cord blood measurement
http://purl.obolibrary.org/obo/HP_0410216,Abnormal circulating 5-methyltetrahydrofolate concentration
http://purl.obolibrary.org/obo/HP_0410220,Increased anti-dairy protein IgE antibody level
http://purl.obolibrary.org/obo/HP_0410221,Increased anti-animal protein IgE antibody level
http://purl.obolibrary.org/obo/HP_0410222,Increased anti-seafood IgE antibody level
http://purl.obolibrary.org/obo/HP_0410223,Increased anti-dust mite IgE antibody level
http://purl.obolibrary.org/obo/HP_0410224,Increased anti-bacteria IgE antibody level
http://purl.obolibrary.org/obo/HP_0410225,Increased anti-drug IgE antibody level
http://purl.obolibrary.org/obo/HP_0410226,Increased anti-feather IgE antibody level
http://purl.obolibrary.org/obo/HP_0410227,Increased anti-food allergen IgE antibody level
http://purl.obolibrary.org/obo/HP_0410228,Increased anti-plant based food allergen IgE antibody level
http://purl.obolibrary.org/obo/HP_0410229,Increased anti-gluten IgE antibody level
http://purl.obolibrary.org/obo/HP_0410230,Increased anti-nut food product IgE antibody level
http://purl.obolibrary.org/obo/HP_0410231,Increased anti-egg IgE antibody level
http://purl.obolibrary.org/obo/HP_0410232,Increased anti-fungi IgE antibody level
http://purl.obolibrary.org/obo/HP_0410233,Increased anti-meat allergen IgE antibody level
http://purl.obolibrary.org/obo/HP_0410234,Increased anti-parasite IgE antibody level
http://purl.obolibrary.org/obo/HP_0410235,Increased anti-insect IgE antibody level
http://purl.obolibrary.org/obo/HP_0410236,Increased anti-venom IgE antibody level
http://purl.obolibrary.org/obo/HP_0410238,Increased anti-plant product IgE antibody level
http://purl.obolibrary.org/obo/HP_0410239,Positive urine norcotinine test
http://purl.obolibrary.org/obo/HP_0410247,Increased anti-animal dander IgE antibody level
http://purl.obolibrary.org/obo/HP_0410248,Increased anti-house dust mite IgE antibody level
http://purl.obolibrary.org/obo/HP_0410249,Increased anti-alpha-gal IgE antibody level
http://purl.obolibrary.org/obo/HP_0410251,Decreased neutrophil toll-like receptor signalling
http://purl.obolibrary.org/obo/HP_0410252,Persistently decreased total neutrophil count
http://purl.obolibrary.org/obo/HP_0410253,Myeloid maturation arrest
http://purl.obolibrary.org/obo/HP_0410254,Cyclic neutropenia in myeloid maturation arrest in bone marrow
http://purl.obolibrary.org/obo/HP_0410255,Transiently decreased total neutrophil count
http://purl.obolibrary.org/obo/HP_0410256,Infection associated neutropenia
http://purl.obolibrary.org/obo/HP_0410257,Neutrophilia in presence of infection
http://purl.obolibrary.org/obo/HP_0410258,Neutrophilia in absence of infection
http://purl.obolibrary.org/obo/HP_0410263,Brain imaging abnormality
http://purl.obolibrary.org/obo/HP_0410264,Subglottic hemangioma
http://purl.obolibrary.org/obo/HP_0410265,Supraglottic hemangioma
http://purl.obolibrary.org/obo/HP_0410266,Visceral hemangioma
http://purl.obolibrary.org/obo/HP_0410267,Intestinal hemangioma
http://purl.obolibrary.org/obo/HP_0410268,Spleen hemangioma
http://purl.obolibrary.org/obo/HP_0410269,Labial hemangioma
http://purl.obolibrary.org/obo/HP_0410270,Esophageal hemangioma
http://purl.obolibrary.org/obo/HP_0410271,Laryngeal hemangioma
http://purl.obolibrary.org/obo/HP_0410273,Retropharyngeal hemangioma
http://purl.obolibrary.org/obo/HP_0410274,Paraspinal hemangioma
http://purl.obolibrary.org/obo/HP_0410275,Lumbosacral hemangioma
http://purl.obolibrary.org/obo/HP_0410276,Supraumbilical raphe
http://purl.obolibrary.org/obo/HP_0410281,Dyspepsia
http://purl.obolibrary.org/obo/HP_0410283,Positive blood acetaminophen test
http://purl.obolibrary.org/obo/HP_0410284,Positive norpropoxyphene blood test
http://purl.obolibrary.org/obo/HP_0410285,Positive meconium methadone test
http://purl.obolibrary.org/obo/HP_0410286,Positive blood molindone test
http://purl.obolibrary.org/obo/HP_0410290,Positive urine norpropoxyphene test
http://purl.obolibrary.org/obo/HP_0410291,Negativism
http://purl.obolibrary.org/obo/HP_0410292,Abnormal circulating isohemagglutinin concentration
http://purl.obolibrary.org/obo/HP_0410293,Absent circulating isohemagglutinin
http://purl.obolibrary.org/obo/HP_0410294,Decreased specific antibody response to protein vaccine
http://purl.obolibrary.org/obo/HP_0410295,Complete or near-complete absence of specific antibody response to tetanus vaccine
http://purl.obolibrary.org/obo/HP_0410296,Complete or near-complete absence of specific antibody response to hepatitis B vaccine
http://purl.obolibrary.org/obo/HP_0410297,Partial absence of specific antibody response to tetanus vaccine
http://purl.obolibrary.org/obo/HP_0410298,Partial absence of specific antibody response to hepatitis B vaccine
http://purl.obolibrary.org/obo/HP_0410299,Decreased specific antibody response to unconjugated polysaccharide vaccine
http://purl.obolibrary.org/obo/HP_0410300,Complete or near-complete absence of specific antibody response to unconjugated pneumococcus polysaccharide
http://purl.obolibrary.org/obo/HP_0410301,Partial absence of specific antibody response to unconjugated pneumococcus polysaccharide
http://purl.obolibrary.org/obo/HP_0410302,Decreased specific antibody response to protein-conjugated polysaccharide vaccine
http://purl.obolibrary.org/obo/HP_0410303,Complete or near-complete absence of specific antibody response to protein-conjugated Haemophilus influenzae type b vaccine
http://purl.obolibrary.org/obo/HP_0410304,Complete or near-complete absence of specific antibody response to protein-conjugated meningococcus vaccine
http://purl.obolibrary.org/obo/HP_0410305,Partial absence of specific antibody response to protein-conjugated Haemophilus influenzae type b vaccine
http://purl.obolibrary.org/obo/HP_0410306,Partial absence of specific antibody response to protein-conjugated meningococcus vaccine
http://purl.obolibrary.org/obo/HP_0410307,Positive stool methadone test
http://purl.obolibrary.org/obo/HP_0410308,Decreased specific antibody response to infection
http://purl.obolibrary.org/obo/HP_0410319,Alpha-gal allergy
http://purl.obolibrary.org/obo/HP_0410320,Animal protein allergy
http://purl.obolibrary.org/obo/HP_0410321,Animal dander allergy
http://purl.obolibrary.org/obo/HP_0410322,Bacteria allergy
http://purl.obolibrary.org/obo/HP_0410323,Drug allergy
http://purl.obolibrary.org/obo/HP_0410324,Dust mite allergy
http://purl.obolibrary.org/obo/HP_0410326,Feather allergy
http://purl.obolibrary.org/obo/HP_0410327,Dairy allergy
http://purl.obolibrary.org/obo/HP_0410328,Egg allergy
http://purl.obolibrary.org/obo/HP_0410329,Gluten allergy
http://purl.obolibrary.org/obo/HP_0410330,Meat allergen allergy
http://purl.obolibrary.org/obo/HP_0410331,Nut food product allergy
http://purl.obolibrary.org/obo/HP_0410332,Plant based food allergy
http://purl.obolibrary.org/obo/HP_0410333,Seafood allergy
http://purl.obolibrary.org/obo/HP_0410334,Fungi allergy
http://purl.obolibrary.org/obo/HP_0410335,Insect allergy
http://purl.obolibrary.org/obo/HP_0410336,Venom allergy
http://purl.obolibrary.org/obo/HP_0410337,Parasite allergy
http://purl.obolibrary.org/obo/HP_0410338,Plant product allergy
http://purl.obolibrary.org/obo/HP_0410339,Insect bite allergy
http://purl.obolibrary.org/obo/HP_0410344,Shortened O-fucosylated glycan on properdin
http://purl.obolibrary.org/obo/HP_0410345,Increased urinary polyhexose
http://purl.obolibrary.org/obo/HP_0410346,Increased urinary galactosylated oligosaccharide
http://purl.obolibrary.org/obo/HP_0410347,Increased urinary high-mannose-type oligosaccharide
http://purl.obolibrary.org/obo/HP_0410348,Increased urinary multiantennary sialylated oligosaccharide
http://purl.obolibrary.org/obo/HP_0410349,Decreased glycosyltransferase O-Fucosylpeptide 3-Beta-N-Acetylglucosaminyltransferase level
http://purl.obolibrary.org/obo/HP_0410350,Increased urinary fucosylated oligosaccharide
http://purl.obolibrary.org/obo/HP_0410351,Abnormal complex N-glycan level
http://purl.obolibrary.org/obo/HP_0410352,Increased complex N-glycan level
http://purl.obolibrary.org/obo/HP_0410353,Decreased complex N-glycan level
http://purl.obolibrary.org/obo/HP_0410354,Increased sialylated N-glycan level
http://purl.obolibrary.org/obo/HP_0410355,Decreased sialylated N-glycan level
http://purl.obolibrary.org/obo/HP_0410356,Abnormal high-mannose N-glycan level
http://purl.obolibrary.org/obo/HP_0410357,Increased high-mannose N-glycan level
http://purl.obolibrary.org/obo/HP_0410358,Decreased high-mannose N-glycan level
http://purl.obolibrary.org/obo/HP_0410359,Abnormal core 1 O-glycan level
http://purl.obolibrary.org/obo/HP_0410360,Increased core 1 O-glycan level
http://purl.obolibrary.org/obo/HP_0410361,Decreased core 1 O-glycan level
http://purl.obolibrary.org/obo/HP_0410362,Decreased O-mannosyl glycans on alpha-dystroglycan
http://purl.obolibrary.org/obo/HP_0410363,Increased monosialylated core 1 O-glycan level
http://purl.obolibrary.org/obo/HP_0410364,Decreased monosialylated core 1 O-glycan level
http://purl.obolibrary.org/obo/HP_0410365,Increased disialylated core 1 O-glycan level
http://purl.obolibrary.org/obo/HP_0410366,Increased globoside Gb4 level
http://purl.obolibrary.org/obo/HP_0410367,Increased hepatitis A virus antibody level
http://purl.obolibrary.org/obo/HP_0410368,Increased globoside Gb3 level
http://purl.obolibrary.org/obo/HP_0410369,Increased hepatitis B virus antibody level
http://purl.obolibrary.org/obo/HP_0410370,Absence of ganglioside GM3
http://purl.obolibrary.org/obo/HP_0410371,Increased hepatitis C virus antibody level
http://purl.obolibrary.org/obo/HP_0410372,Increased Tn-antigen level
http://purl.obolibrary.org/obo/HP_0410374,Abnormal naive CD8+ T cell proportion
http://purl.obolibrary.org/obo/HP_0410376,Increased naive CD8+ T cell proportion
http://purl.obolibrary.org/obo/HP_0410377,Decreased naive CD8+ T cell proportion
http://purl.obolibrary.org/obo/HP_0410388,Decreased central memory CD4+ T cell proportion
http://purl.obolibrary.org/obo/HP_0410393,Increased central memory CD4+ T cell proportion
http://purl.obolibrary.org/obo/HP_0410397,Bronchiolectasis
http://purl.obolibrary.org/obo/HP_0410399,Positive blood lead test
http://purl.obolibrary.org/obo/HP_0430004,Frontomalar faciosynostosis
http://purl.obolibrary.org/obo/HP_0430007,Symblepharon
http://purl.obolibrary.org/obo/HP_0430010,Microblepharia
http://purl.obolibrary.org/obo/HP_0430016,Abnormality of tensor veli palatini muscle
http://purl.obolibrary.org/obo/HP_0430020,Abnormality of levator labii superioris alaeque nasi muscle
http://purl.obolibrary.org/obo/HP_0430030,Positive infectious agent test
http://purl.obolibrary.org/obo/HP_0430031,Aqueous humor viral DNA positivity
http://purl.obolibrary.org/obo/HP_0430033,Gottron sign
http://purl.obolibrary.org/obo/HP_0430034,Hypertension resistant to conventional therapy
http://purl.obolibrary.org/obo/HP_0430035,Tibiofibular interosseous membrane calcification
http://purl.obolibrary.org/obo/HP_0430037,Abnormal alcohol consumption
http://purl.obolibrary.org/obo/HP_0430043,Thoracic lordosis
http://purl.obolibrary.org/obo/HP_0430046,Small joint hypermobility
http://purl.obolibrary.org/obo/HP_0430047,Large joint hypermobility
http://purl.obolibrary.org/obo/HP_0430048,Intracranial calcification
http://purl.obolibrary.org/obo/HP_0430050,Anti-thyroid antibody positivity
http://purl.obolibrary.org/obo/HP_0430051,Bloodstream pathogen-specific antibody positivity
http://purl.obolibrary.org/obo/HP_0430052,Anti-SARS-CoV-2 coronavirus antibody positivity
http://purl.obolibrary.org/obo/HP_0430053,Anti-West Nile virus antibody positivity
http://purl.obolibrary.org/obo/HP_0430054,Anti-microfilaria antibody positivity
http://purl.obolibrary.org/obo/HP_0430055,Anti-trypanosoma cruzi antibody positivity
http://purl.obolibrary.org/obo/HP_0430056,Anti-chikungunya virus antibody positivity
http://purl.obolibrary.org/obo/HP_0430057,Anti-chlamydia psittaci antibody positivity
http://purl.obolibrary.org/obo/HP_0430058,Anti-herpes simplex antibody positivity
http://purl.obolibrary.org/obo/HP_0430059,Bloodstream virus-specific antibody positivity
http://purl.obolibrary.org/obo/HP_0430060,Bloodstream parasite-specific antibody positivity
http://purl.obolibrary.org/obo/HP_0430061,Bloodstream antibacterial antibody positivity
http://purl.obolibrary.org/obo/HP_0430062,Anti-Japanese encephalitis virus-specific antibody positivity
http://purl.obolibrary.org/obo/HP_0430063,Anti-chlamydia trachomatis-specific antibody positivity
http://purl.obolibrary.org/obo/HP_0430064,Anti-Epstein-Barr virus-specific antibody positivity
http://purl.obolibrary.org/obo/HP_0430065,Anti-babesia-specific antibody positivity
http://purl.obolibrary.org/obo/HP_0430066,Anti-Zikavirus-specific antibody positivity
http://purl.obolibrary.org/obo/HP_0430067,Positive bloodstream nucleic acid pathogen test
http://purl.obolibrary.org/obo/HP_0430068,Positive microfilaria PCR test in the blood circulation
http://purl.obolibrary.org/obo/HP_0430069,Positive JC-virus PCR test in the blood circulation
http://purl.obolibrary.org/obo/HP_0430075,Mammary blocked duct
http://purl.obolibrary.org/obo/HP_0430076,Bloodstream antifungal antibody positivity
http://purl.obolibrary.org/obo/HP_0430077,Anti-coccidioidal antibody positivity
http://purl.obolibrary.org/obo/HP_0430078,Anti-cryptococcal antibody positivity
http://purl.obolibrary.org/obo/HP_0430079,Anti-mycoplasma antibody positivity
http://purl.obolibrary.org/obo/HP_0430080,Anti-rickettsial antibody positivity
http://purl.obolibrary.org/obo/HP_0430081,Anti-Bartonella henselae antibody positivity
http://purl.obolibrary.org/obo/HP_0430082,Anti-Dengue virus antibody positivity
http://purl.obolibrary.org/obo/HP_0430083,Anti-arbovirus antibody positivity
http://purl.obolibrary.org/obo/HP_0430084,Anti-lymphocytic choriomeningitis antibody positivity
http://purl.obolibrary.org/obo/HP_0430085,Anti-varicella-zoster antibody positivity
http://purl.obolibrary.org/obo/HP_0430086,Anti-rubella antibody positivity
http://purl.obolibrary.org/obo/HP_0430087,Anti-cytomegalovirus antibody positivity
http://purl.obolibrary.org/obo/HP_0430088,Anti-measles antibody positivity
http://purl.obolibrary.org/obo/HP_0430089,Anti-schistosoma antibody positivity
http://purl.obolibrary.org/obo/HP_0430090,Anti-Powassan virus antibody positivity
http://purl.obolibrary.org/obo/HP_0430104,Abnormal superficial temporal artery morphology
http://purl.obolibrary.org/obo/HP_0430105,Skip lesions on temporal artery biopsy
http://purl.obolibrary.org/obo/HP_0430106,Abnormal brain-evoked potentials
http://purl.obolibrary.org/obo/HP_0430107,Sputum infectious agent
http://purl.obolibrary.org/obo/HP_0430108,Positive Mycobacterium avium sputum culture
http://purl.obolibrary.org/obo/HP_0430109,Positive bloodstream infectious agent antigen test
http://purl.obolibrary.org/obo/HP_0430110,Positive bloodstream Cysticercosis antigen test
http://purl.obolibrary.org/obo/HP_0430111,Klazomania
http://purl.obolibrary.org/obo/HP_0430112,Coprolalia
http://purl.obolibrary.org/obo/HP_0430113,Continuous involuntary vocalizations
http://purl.obolibrary.org/obo/HP_0430116,Primary peritoneal serous papillary adenocarcinoma
http://purl.obolibrary.org/obo/HP_0430117,Positive skin infectious agent test
http://purl.obolibrary.org/obo/HP_0430118,Positive skin fungus test
http://purl.obolibrary.org/obo/HP_0430119,Nasal secretion eosinophilia
http://purl.obolibrary.org/obo/HP_0430120,Nasal secretion neutrophilia
http://purl.obolibrary.org/obo/HP_0430121,Seminal vesicle agenesis
http://purl.obolibrary.org/obo/HP_0430122,Head impulse test has corrective saccade
http://purl.obolibrary.org/obo/HP_0430123,Positive CSF infectious agent test
http://purl.obolibrary.org/obo/HP_0430124,Positive CSF toxoplasma gondii nucleic acid test
http://purl.obolibrary.org/obo/HP_0430125,Elevated circulating plasminogen activator inhibitor 1 activity
http://purl.obolibrary.org/obo/HP_0430126,Abnormal circulating plasminogen activator inhibitor 1 activity
http://purl.obolibrary.org/obo/HP_0430134,Bartholin cyst
http://purl.obolibrary.org/obo/HP_0430135,Abnormal circulating hepatic transaminase concentration
http://purl.obolibrary.org/obo/HP_0430136,Reduced circulating aspartate aminotransferase concentration
http://purl.obolibrary.org/obo/HP_0430138,Positive CSF varicella zoster virus nucleic acid test
http://purl.obolibrary.org/obo/HP_0430139,CSF pathogen-specific antibody positivity
http://purl.obolibrary.org/obo/HP_0430140,Positive CSF nucleic acid pathogen test
http://purl.obolibrary.org/obo/HP_0430141,CSF varicella zoster antibody positivity
http://purl.obolibrary.org/obo/HP_0430142,Reduced circulating interleukin 6 concentration
http://purl.obolibrary.org/obo/HP_0430143,Elevated circulating C12 acylcarnitine concentration
http://purl.obolibrary.org/obo/HP_0430145,Nasal dermoid cyst
http://purl.obolibrary.org/obo/HP_0430146,Elevated circulating complement C3 concentration
http://purl.obolibrary.org/obo/HP_0430147,Abnormal circulating inhibin B concentration
http://purl.obolibrary.org/obo/HP_0430148,Abnormal circulating lipoprotein(a) concentration
http://purl.obolibrary.org/obo/HP_0430150,Positive blood infectious agent test
http://purl.obolibrary.org/obo/HP_0430151,Positive respiratory tract infectious agent test
http://purl.obolibrary.org/obo/HP_0500001,Body odor
http://purl.obolibrary.org/obo/HP_0500005,Anal pain
http://purl.obolibrary.org/obo/HP_0500011,Moon facies
http://purl.obolibrary.org/obo/HP_0500013,Lack of gonadotropin-releasing hormone pulsatility
http://purl.obolibrary.org/obo/HP_0500015,Abnormal cardiac test
http://purl.obolibrary.org/obo/HP_0500016,Abnormal cardiac MRI
http://purl.obolibrary.org/obo/HP_0500017,Abnormal cardiac catheterization
http://purl.obolibrary.org/obo/HP_0500018,Abnormal cardiac exercise stress test
http://purl.obolibrary.org/obo/HP_0500019,Abnormal resting energy expenditure from metabolic cart test
http://purl.obolibrary.org/obo/HP_0500020,Abnormal cardiac biomarker test
http://purl.obolibrary.org/obo/HP_0500021,Reduced brain gamma-aminobutyric acid level by MRS
http://purl.obolibrary.org/obo/HP_0500028,Cotton wool plaques
http://purl.obolibrary.org/obo/HP_0500032,Abnormal neuron branching
http://purl.obolibrary.org/obo/HP_0500033,Abnormal natural killer subset distribution
http://purl.obolibrary.org/obo/HP_0500036,Nasolacrimal sac papilloma
http://purl.obolibrary.org/obo/HP_0500037,Nasolacrimal sac epithelial papillary carcinoma
http://purl.obolibrary.org/obo/HP_0500041,Myopic astigmatism
http://purl.obolibrary.org/obo/HP_0500042,Latent hypermetropia
http://purl.obolibrary.org/obo/HP_0500045,Collier's sign
http://purl.obolibrary.org/obo/HP_0500046,Seborrhoeic blepharitis
http://purl.obolibrary.org/obo/HP_0500047,Nasolacrimal sac lymphoma
http://purl.obolibrary.org/obo/HP_0500048,Delayed canalization of nasolacrimal duct
http://purl.obolibrary.org/obo/HP_0500049,Retinopathy of prematurity
http://purl.obolibrary.org/obo/HP_0500050,Retinopathy of prematurity stage 1
http://purl.obolibrary.org/obo/HP_0500051,Retinopathy of prematurity stage 2
http://purl.obolibrary.org/obo/HP_0500052,Retinopathy of prematurity stage 3
http://purl.obolibrary.org/obo/HP_0500053,Retinopathy of prematurity stage 4
http://purl.obolibrary.org/obo/HP_0500054,Retinopathy of prematurity stage 4a
http://purl.obolibrary.org/obo/HP_0500055,Retinopathy of prematurity stage 4b
http://purl.obolibrary.org/obo/HP_0500056,Retinopathy of prematurity stage 5
http://purl.obolibrary.org/obo/HP_0500057,Retinopathy of prematurity stage 5a
http://purl.obolibrary.org/obo/HP_0500058,Retinopathy of prematurity stage 5b
http://purl.obolibrary.org/obo/HP_0500059,Retinopathy of prematurity zone I
http://purl.obolibrary.org/obo/HP_0500060,Retinopathy of prematurity zone II
http://purl.obolibrary.org/obo/HP_0500061,Retinopathy of prematurity zone III
http://purl.obolibrary.org/obo/HP_0500062,Retinopathy of prematurity plus
http://purl.obolibrary.org/obo/HP_0500063,Retinopathy of prematurity pre-plus
http://purl.obolibrary.org/obo/HP_0500064,Retinopathy of prematurity threshold
http://purl.obolibrary.org/obo/HP_0500065,Retinopathy of prematurity prethreshold
http://purl.obolibrary.org/obo/HP_0500066,Latent myopia
http://purl.obolibrary.org/obo/HP_0500069,Paralytic ectropion
http://purl.obolibrary.org/obo/HP_0500072,Absolute eccentric fixation
http://purl.obolibrary.org/obo/HP_0500073,Abnormal ocular alignment
http://purl.obolibrary.org/obo/HP_0500074,Dissociated vertical deviation
http://purl.obolibrary.org/obo/HP_0500075,Dissociated horizontal deviation
http://purl.obolibrary.org/obo/HP_0500076,Alternating hypertropia
http://purl.obolibrary.org/obo/HP_0500077,Alternating hyperphoria
http://purl.obolibrary.org/obo/HP_0500078,Alternating hypotropia
http://purl.obolibrary.org/obo/HP_0500079,Alternating hypophoria
http://purl.obolibrary.org/obo/HP_0500081,Pseudophakia
http://purl.obolibrary.org/obo/HP_0500086,Optic nerve gray crescent
http://purl.obolibrary.org/obo/HP_0500087,Peripapillary atrophy
http://purl.obolibrary.org/obo/HP_0500089,Optic nerve sheath meningioma
http://purl.obolibrary.org/obo/HP_0500091,Lymphangioma of the orbit
http://purl.obolibrary.org/obo/HP_0500092,Orbital rhabdomyosarcoma
http://purl.obolibrary.org/obo/HP_0500093,Food allergy
http://purl.obolibrary.org/obo/HP_0500094,Latex allergy
http://purl.obolibrary.org/obo/HP_0500095,Food-induced anaphylaxis
http://purl.obolibrary.org/obo/HP_0500096,Venom-induced anaphylaxis
http://purl.obolibrary.org/obo/HP_0500097,Stool xenobiotic
http://purl.obolibrary.org/obo/HP_0500098,Meconium xenobiotic
http://purl.obolibrary.org/obo/HP_0500099,Hair xenobiotic
http://purl.obolibrary.org/obo/HP_0500100,Plasma/serum xenobiotic
http://purl.obolibrary.org/obo/HP_0500101,Gastric fluid xenobiotic
http://purl.obolibrary.org/obo/HP_0500106,Isolated systolic hypertension
http://purl.obolibrary.org/obo/HP_0500107,Isolated diastolic hypotension
http://purl.obolibrary.org/obo/HP_0500108,Positive urine cocaine test
http://purl.obolibrary.org/obo/HP_0500109,Positive urine barbiturate test
http://purl.obolibrary.org/obo/HP_0500110,Positive urine cannabinoid test
http://purl.obolibrary.org/obo/HP_0500111,Positive urine benzodiazepines test
http://purl.obolibrary.org/obo/HP_0500112,Positive urine amphetamine test
http://purl.obolibrary.org/obo/HP_0500113,Positive urine opioid test
http://purl.obolibrary.org/obo/HP_0500116,Positive blood barbiturate test
http://purl.obolibrary.org/obo/HP_0500173,Reflex asystolic syncope
http://purl.obolibrary.org/obo/HP_0500262,Atrichia
http://purl.obolibrary.org/obo/HP_0500269,Abnormal gamma-delta T cell proportion
http://purl.obolibrary.org/obo/HP_0550003,Proximal scleroderma
http://purl.obolibrary.org/obo/HP_0550004,Verruca plana
http://purl.obolibrary.org/obo/HP_4000003,Elevated myocardial native T2
http://purl.obolibrary.org/obo/HP_4000004,Myocardial late gadolinium enhancement
http://purl.obolibrary.org/obo/HP_4000006,Elevated myocardial native T1
http://purl.obolibrary.org/obo/HP_4000007,Bronchoconstriction
http://purl.obolibrary.org/obo/HP_4000008,Formation of multiple pronuclei during fertilization
http://purl.obolibrary.org/obo/HP_4000009,Kinesiophobia
http://purl.obolibrary.org/obo/HP_4000012,Necrotizing ileitis
http://purl.obolibrary.org/obo/HP_4000013,Anti-desmoglein-1 antibody positivity
http://purl.obolibrary.org/obo/HP_4000014,Anti-desmoglein-3 antibody positivity
http://purl.obolibrary.org/obo/HP_4000015,Anti-envoplakin antibody positivity
http://purl.obolibrary.org/obo/HP_4000016,Anti-periplakin antibody positivity
http://purl.obolibrary.org/obo/HP_4000017,Anti-desmoplakin I antibody positivity
http://purl.obolibrary.org/obo/HP_4000018,Anti-desmoplakin II antibody positivity
http://purl.obolibrary.org/obo/HP_4000019,Anti-BP230 antibody positivity
http://purl.obolibrary.org/obo/HP_4000020,Anti-BP180 antibody positivity
http://purl.obolibrary.org/obo/HP_4000021,Anti-laminin 332 antibody positivity
http://purl.obolibrary.org/obo/HP_4000022,Anti-laminin 6 antibody positivity
http://purl.obolibrary.org/obo/HP_4000023,Anti-laminin gamma1 antibody positivity
http://purl.obolibrary.org/obo/HP_4000024,Anti-laminin antibody positivity
http://purl.obolibrary.org/obo/HP_4000025,Anti-integrin antibody positivity
http://purl.obolibrary.org/obo/HP_4000026,Anti-transglutaminase 6 antibody
http://purl.obolibrary.org/obo/HP_4000027,Anti-LAD-1 antibody positivity
http://purl.obolibrary.org/obo/HP_4000028,Anti-LABD97 antibody positivity
http://purl.obolibrary.org/obo/HP_4000029,Antigliadin antibody positivity
http://purl.obolibrary.org/obo/HP_4000030,Anti-reticulin antibody positivity
http://purl.obolibrary.org/obo/HP_4000031,Anti-type VII collagen antibody
http://purl.obolibrary.org/obo/HP_4000032,False perception of self-motion
http://purl.obolibrary.org/obo/HP_4000033,Non-spinning vertigo
http://purl.obolibrary.org/obo/HP_4000034,Infection-associated lymphopenia
http://purl.obolibrary.org/obo/HP_4000035,Primary obstructive megaureter
http://purl.obolibrary.org/obo/HP_4000036,Encysted hydrocele of the cord
http://purl.obolibrary.org/obo/HP_4000037,Congenital hydrocele
http://purl.obolibrary.org/obo/HP_4000038,Infantile hydrocele
http://purl.obolibrary.org/obo/HP_4000039,Decreased mucosal-associated invariant T cell proportion
http://purl.obolibrary.org/obo/HP_4000041,AA amyloidosis
http://purl.obolibrary.org/obo/HP_4000054,Exanthem
http://purl.obolibrary.org/obo/HP_4000055,Intestinal inflammation
http://purl.obolibrary.org/obo/HP_4000056,Abnormal apoptosis
http://purl.obolibrary.org/obo/HP_4000057,Decreased FasL-mediated apoptosis
http://purl.obolibrary.org/obo/HP_4000058,Glomerular proteinuria
http://purl.obolibrary.org/obo/HP_4000063,Sleep related hallucination
http://purl.obolibrary.org/obo/HP_4000064,Poor sleep
http://purl.obolibrary.org/obo/HP_4000068,Abnormal interest
http://purl.obolibrary.org/obo/HP_4000069,Persistent preoccupation with parts of objects
http://purl.obolibrary.org/obo/HP_4000070,Fixated interests
http://purl.obolibrary.org/obo/HP_4000072,Abnormal language feature
http://purl.obolibrary.org/obo/HP_4000073,Pronoun reversal
http://purl.obolibrary.org/obo/HP_4000074,Involuntary vocalization
http://purl.obolibrary.org/obo/HP_4000075,Reduced frequency of facial expressions
http://purl.obolibrary.org/obo/HP_4000076,Use of another person's body to communicate
http://purl.obolibrary.org/obo/HP_4000077,Fixated interest with abnormal focus
http://purl.obolibrary.org/obo/HP_4000078,Fixated interest with abnormal intensity
http://purl.obolibrary.org/obo/HP_4000079,Sensory seeking
http://purl.obolibrary.org/obo/HP_4000081,Reduced production of gestures
http://purl.obolibrary.org/obo/HP_4000082,Reduced cooperative play
http://purl.obolibrary.org/obo/HP_4000083,Lack of interest in peers
http://purl.obolibrary.org/obo/HP_4000084,Reduced sharing of interests
http://purl.obolibrary.org/obo/HP_4000085,Reduced object sharing
http://purl.obolibrary.org/obo/HP_4000087,Abnormal communicative facial expressions
http://purl.obolibrary.org/obo/HP_4000088,Facial expressions that do not match the context
http://purl.obolibrary.org/obo/HP_4000089,Abnormal quality of facial expression
http://purl.obolibrary.org/obo/HP_4000090,Abnormal gesture use
http://purl.obolibrary.org/obo/HP_4000092,Poor conversational reciprocity
http://purl.obolibrary.org/obo/HP_4000093,Ectopic tooth eruption
http://purl.obolibrary.org/obo/HP_4000100,Positive lactose hydrogen breath test
http://purl.obolibrary.org/obo/HP_4000105,Abnormal four chamber view of the fetal heart
http://purl.obolibrary.org/obo/HP_4000106,Spleen hamartoma
http://purl.obolibrary.org/obo/HP_4000107,Positive lupus band test
http://purl.obolibrary.org/obo/HP_4000108,Bone marrow erythroid vacuolization
http://purl.obolibrary.org/obo/HP_4000128,Addictive nitrous oxide use
http://purl.obolibrary.org/obo/HP_4000139,Fetal abdominal cyst
http://purl.obolibrary.org/obo/HP_4000140,Fetal bowel dilatation
http://purl.obolibrary.org/obo/HP_4000141,Left ventricular dilatation
http://purl.obolibrary.org/obo/HP_4000142,Fetal trigonocephaly
http://purl.obolibrary.org/obo/HP_4000143,Abnormal fetal heart outflow tract
http://purl.obolibrary.org/obo/HP_4000150,Multinucleated neuron
http://purl.obolibrary.org/obo/HP_4000162,Decreased Succinyl-CoA 3-ketoacid CoA transferase activity
http://purl.obolibrary.org/obo/HP_4000163,Reduced phytanic acid oxidase activity in cultured fibroblasts
http://purl.obolibrary.org/obo/HP_4000164,Reduced bifunctional protein activity
http://purl.obolibrary.org/obo/HP_4000165,Decreased circulating plasmalogen concentration
http://purl.obolibrary.org/obo/HP_4000166,Post-vaccination varicella zoster virus infection
http://purl.obolibrary.org/obo/HP_4000168,Shark teeth
http://purl.obolibrary.org/obo/HP_4000169,Pontine T2 hypointensity
http://purl.obolibrary.org/obo/HP_4000170,Anti-platelet antigen antibody positivity
http://purl.obolibrary.org/obo/HP_4000171,Anti-voltage-gated potassium channel antibody positivity
http://purl.obolibrary.org/obo/HP_4000183,Abnormal erythrocyte adenosine triphosphate concentration
http://purl.obolibrary.org/obo/HP_4000184,Reduced erythrocyte adenosine triphosphate concentration
http://purl.obolibrary.org/obo/HP_4000186,Elevated erythrocyte adenosine triphosphate concentration
http://purl.obolibrary.org/obo/HP_4000187,Spermatogonial maturation arrest
http://purl.obolibrary.org/obo/HP_4000189,Elevated circulating neuron-specific enolase concentration
http://purl.obolibrary.org/obo/HP_4000190,Reduced leukocyte alpha-mannosidase activity
http://purl.obolibrary.org/obo/HP_4000191,Increased circulating alpha-mannosidase activity
http://purl.obolibrary.org/obo/HP_4000192,Reduced leukocyte cathepsin D activity
http://purl.obolibrary.org/obo/HP_4000193,Reduced leukocyte N-sulfoglucosamine sulfohydrolase activity
http://purl.obolibrary.org/obo/HP_4000194,Pseudohyperkalemia
http://purl.obolibrary.org/obo/HP_4000195,Abnormal enzyme activity in cultured fibroblasts
http://purl.obolibrary.org/obo/HP_4000196,Reduced heparan-alpha-glucosaminide N-acetyltransferase activity in cultured fibroblasts
http://purl.obolibrary.org/obo/HP_4000197,Reduced N-acetylgalactosamine-6-sulfatase in cultured fibroblasts
http://purl.obolibrary.org/obo/HP_4000198,Reduced acetylglucosamine-6-sulfatase activity in cultured fibroblasts
http://purl.obolibrary.org/obo/HP_4000199,Reduced erythrocyte porphobilinogen deaminase activity
http://purl.obolibrary.org/obo/HP_4000200,Reduced holocarboxylase synthetase activity in cultured fibroblasts
http://purl.obolibrary.org/obo/HP_4000201,Abnormal circulating alpha mannosidase activity
http://purl.obolibrary.org/obo/HP_4000202,Reduced tissue alpha-N-acetylgalactosaminidase activity
http://purl.obolibrary.org/obo/HP_4000203,Reduced erythrocyte arginase activity
http://purl.obolibrary.org/obo/HP_4000204,Reduced mitochondrial acetyl-CoA acetyltransferase activity in cultured fibroblasts
http://purl.obolibrary.org/obo/HP_4000205,Reduced tissue beta-mannosidase activity
http://purl.obolibrary.org/obo/HP_4000206,Reduced 3-methylcrotonyl CoA carboxylase activity in cultured fibroblasts
http://purl.obolibrary.org/obo/HP_4000207,Reduced branched-chain alpha-keto acid dehydrogenase activity in cultured fibroblasts
http://purl.obolibrary.org/obo/HP_4000208,Reduced erythrocyte galactose-1-phosphate uridylyltransferase activity
http://purl.obolibrary.org/obo/HP_4000209,Abnormal erythrocyte adenosine deaminase activity
http://purl.obolibrary.org/obo/HP_4000210,Reduced isovaleryl CoA dehydrogenase activity in cultured fibroblasts
http://purl.obolibrary.org/obo/HP_4000211,Reduced glycerol kinase activity in cultured fibroblasts
http://purl.obolibrary.org/obo/HP_4000212,Increased circulating vitamin A concentration
http://purl.obolibrary.org/obo/HP_4000214,Diminished breath sounds
http://purl.obolibrary.org/obo/HP_5000000,Anti-AK5 antibody positivity
http://purl.obolibrary.org/obo/HP_5000001,Anti-AMPAR antibody positivity
http://purl.obolibrary.org/obo/HP_5000002,Anti-Amphiphysin antibody
http://purl.obolibrary.org/obo/HP_5000003,Anti-ARHGAP26 antibody
http://purl.obolibrary.org/obo/HP_5000004,Anti-CARP VIII antibody
http://purl.obolibrary.org/obo/HP_5000005,Anti-CASPR2
http://purl.obolibrary.org/obo/HP_5000006,Anti-CV2/CRMP5 antibody positivity
http://purl.obolibrary.org/obo/HP_5000007,Anti-DPPX antibody
http://purl.obolibrary.org/obo/HP_5000008,Anti-FGFR3 antibody positivity
http://purl.obolibrary.org/obo/HP_5000009,Anti-GABA(A)R antibody
http://purl.obolibrary.org/obo/HP_5000010,Anti-GABA(B)R antibody
http://purl.obolibrary.org/obo/HP_5000011,Anti-GAD65 antibody
http://purl.obolibrary.org/obo/HP_5000012,Anti-Gephyrin antibody
http://purl.obolibrary.org/obo/HP_5000013,Anti-GFAP antibody
http://purl.obolibrary.org/obo/HP_5000014,Anti-GlyR antibody
http://purl.obolibrary.org/obo/HP_5000015,Anti-Homer-3 antibody
http://purl.obolibrary.org/obo/HP_5000016,Anti-Hu antibody positivity
http://purl.obolibrary.org/obo/HP_5000017,Anti-Iglon5 antibody
http://purl.obolibrary.org/obo/HP_5000018,Anti-ITPR1 antibody
http://purl.obolibrary.org/obo/HP_5000019,Anti-Kelch like protein 11 antibody positivity
http://purl.obolibrary.org/obo/HP_5000020,Anti-LGI1 antibody
http://purl.obolibrary.org/obo/HP_5000021,Anti-Ma antibody positivity
http://purl.obolibrary.org/obo/HP_5000022,Anti-Ma2 antibody positivity
http://purl.obolibrary.org/obo/HP_5000023,Anti-Ma1 antibody positivity
http://purl.obolibrary.org/obo/HP_5000024,Anti-mGluR1 antibody
http://purl.obolibrary.org/obo/HP_5000025,Anti-mGluR5 antibody
http://purl.obolibrary.org/obo/HP_5000026,Anti-neurexin-3alpha antibody positivity
http://purl.obolibrary.org/obo/HP_5000027,Anti-P/Q-type VGCC antibody positivity
http://purl.obolibrary.org/obo/HP_5000028,Anti-MAP1B antibody
http://purl.obolibrary.org/obo/HP_5000029,Anti-PKCgamma antibody
http://purl.obolibrary.org/obo/HP_5000030,Anti-Ri antibody
http://purl.obolibrary.org/obo/HP_5000031,Anti-Septin-5 antibody
http://purl.obolibrary.org/obo/HP_5000032,Anti-SEZ6L2 antibody
http://purl.obolibrary.org/obo/HP_5000033,Anti-SOX1 antibody
http://purl.obolibrary.org/obo/HP_5000034,Anti-Tr/DNER antibody
http://purl.obolibrary.org/obo/HP_5000035,Anti-TRIM46 antibody
http://purl.obolibrary.org/obo/HP_5000036,Anti-TRIM9/TRIM67 antibody
http://purl.obolibrary.org/obo/HP_5000037,Anti-Yo antibody positivity
http://purl.obolibrary.org/obo/HP_5000038,Anti-titin antibody positivity
http://purl.obolibrary.org/obo/HP_5000039,Anti-Zic4 antibody positivity
http://purl.obolibrary.org/obo/HP_5000042,Anti-Sj/ITPR1 antibody
http://purl.obolibrary.org/obo/HP_5000043,Anti-D2 R antibody
http://purl.obolibrary.org/obo/HP_5000044,Anti-GluK2 antibody
http://purl.obolibrary.org/obo/HP_5000046,Anti-Lrp4 antibody positivity
http://purl.obolibrary.org/obo/HP_5000047,Anti-ryanodine receptor antibody
http://purl.obolibrary.org/obo/HP_5000048,Anti-Kv1.4 antibody
http://purl.obolibrary.org/obo/HP_5200001,Selective mutism
http://purl.obolibrary.org/obo/HP_5200002,Limited repertoire of facial expression
http://purl.obolibrary.org/obo/HP_5200003,Excessive interest in others
http://purl.obolibrary.org/obo/HP_5200005,Abnormal pitch
http://purl.obolibrary.org/obo/HP_5200006,Disjointed sentences
http://purl.obolibrary.org/obo/HP_5200007,Neologism
http://purl.obolibrary.org/obo/HP_5200008,Overly formal/pedantic language
http://purl.obolibrary.org/obo/HP_5200009,Midline hand movements
http://purl.obolibrary.org/obo/HP_5200010,Abnormal Intonation
http://purl.obolibrary.org/obo/HP_5200011,Abnormal speech rate
http://purl.obolibrary.org/obo/HP_5200012,Abnormal speech rhythm
http://purl.obolibrary.org/obo/HP_5200013,Ambiguous facial expression
http://purl.obolibrary.org/obo/HP_5200014,Exaggerated facial expression
http://purl.obolibrary.org/obo/HP_5200015,Muted facial expression
http://purl.obolibrary.org/obo/HP_5200016,Abnormal peer relationships
http://purl.obolibrary.org/obo/HP_5200017,Stereotypic movements of face and head
http://purl.obolibrary.org/obo/HP_5200018,Stereotypic upper-extremity movements
http://purl.obolibrary.org/obo/HP_5200019,Stereotypic whole-body movements
http://purl.obolibrary.org/obo/HP_5200020,Abnormal interest in others
http://purl.obolibrary.org/obo/HP_5200021,Reduced social insight
http://purl.obolibrary.org/obo/HP_5200022,Reduced awareness of convention
http://purl.obolibrary.org/obo/HP_5200023,Abnormal HLA-DR+ T cell proportion
http://purl.obolibrary.org/obo/HP_5200024,Abnormal relationship
http://purl.obolibrary.org/obo/HP_5200026,Impaired social imitation
http://purl.obolibrary.org/obo/HP_5200027,Infrequent social initiations
http://purl.obolibrary.org/obo/HP_5200028,Reduced responsiveness to social cues
http://purl.obolibrary.org/obo/HP_5200029,Social disinhibition
http://purl.obolibrary.org/obo/HP_5200030,Diminished integration of verbal and non-verbal communicative behavior
http://purl.obolibrary.org/obo/HP_5200033,Increased HLA-DR+ T cell proportion
http://purl.obolibrary.org/obo/HP_5200034,Decreased HLA-DR+ T cell proportion
http://purl.obolibrary.org/obo/HP_5200035,Reduced cooperative imaginative play
http://purl.obolibrary.org/obo/HP_5200037,Lack of expressed empathy
http://purl.obolibrary.org/obo/HP_5200038,Bradylalia
http://purl.obolibrary.org/obo/HP_5200039,Excessively loud speech
http://purl.obolibrary.org/obo/HP_5200040,Excessively quiet speech
http://purl.obolibrary.org/obo/HP_5200043,Abnormal speech volume
http://purl.obolibrary.org/obo/HP_5200044,Reduced attention regulation
http://purl.obolibrary.org/obo/HP_5200045,Reduced impulse control
http://purl.obolibrary.org/obo/HP_5200046,Sensory behavioral abnormality
http://purl.obolibrary.org/obo/HP_5200047,Idiosyncratic gesture
http://purl.obolibrary.org/obo/HP_5200049,Atypical sorting
http://purl.obolibrary.org/obo/HP_5200050,Excessive checking
http://purl.obolibrary.org/obo/HP_5200051,Excessive hand washing
http://purl.obolibrary.org/obo/HP_5200052,Resistance to trivial environmental changes
http://purl.obolibrary.org/obo/HP_5200055,Reduced co-speech gestures
http://purl.obolibrary.org/obo/HP_5200056,Limited head nodding or shaking
http://purl.obolibrary.org/obo/HP_5200057,Limited pointing
http://purl.obolibrary.org/obo/HP_5200058,Sensory hypersensitivity
http://purl.obolibrary.org/obo/HP_5200059,Sensory hyposensitivity unexplained by sensory deficit
http://purl.obolibrary.org/obo/HP_5200060,Auditory hypersensitivity
http://purl.obolibrary.org/obo/HP_5200061,Tactile hypersensitivity
http://purl.obolibrary.org/obo/HP_5200062,Auditory sensory seeking
http://purl.obolibrary.org/obo/HP_5200063,Gustatory sensory seeking
http://purl.obolibrary.org/obo/HP_5200064,Olfactory sensory seeking
http://purl.obolibrary.org/obo/HP_5200065,Tactile sensory seeking
http://purl.obolibrary.org/obo/HP_5200066,Vestibular sensory seeking
http://purl.obolibrary.org/obo/HP_5200067,Visual sensory seeking
http://purl.obolibrary.org/obo/HP_5200068,Socially inappropriate questioning
http://purl.obolibrary.org/obo/HP_5200069,Spinning
http://purl.obolibrary.org/obo/HP_5200071,Delayed Echolalia
http://purl.obolibrary.org/obo/HP_5200072,Immediate Echolalia
http://purl.obolibrary.org/obo/HP_5200073,Excessive cleaning
http://purl.obolibrary.org/obo/HP_5200100,Facial expressions not directed to others
http://purl.obolibrary.org/obo/HP_5200101,Limited Repertoire of gestures
http://purl.obolibrary.org/obo/HP_5200102,Reduced social smiling
http://purl.obolibrary.org/obo/HP_5200104,Abnormal play
http://purl.obolibrary.org/obo/HP_5200105,Reduced imaginative play skills
http://purl.obolibrary.org/obo/HP_5200108,Nonfunctional or atypical use of objects in play
http://purl.obolibrary.org/obo/HP_5200110,Infrequent social engagement with peers
http://purl.obolibrary.org/obo/HP_5200111,Avoidance of emotional intimacy
http://purl.obolibrary.org/obo/HP_5200113,Failure to offer information to initiate social interaction
http://purl.obolibrary.org/obo/HP_5200116,Difficulty understanding nonliteral meaning of conversation
http://purl.obolibrary.org/obo/HP_5200117,Poor recognition of injustice
http://purl.obolibrary.org/obo/HP_5200118,Difficulty recognizing another's emotions
http://purl.obolibrary.org/obo/HP_5200119,Difficulty understanding humor
http://purl.obolibrary.org/obo/HP_5200120,Abnormal social emotional interactions
http://purl.obolibrary.org/obo/HP_5200121,Objectification of others
http://purl.obolibrary.org/obo/HP_5200123,Abnormal response to social norms
http://purl.obolibrary.org/obo/HP_5200124,Indifference to social norms
http://purl.obolibrary.org/obo/HP_5200125,Aggression towards others
http://purl.obolibrary.org/obo/HP_5200126,Aggression towards caregivers
http://purl.obolibrary.org/obo/HP_5200127,Aggression toward non-caregivers
http://purl.obolibrary.org/obo/HP_5200129,Abnormal rituals
http://purl.obolibrary.org/obo/HP_5200130,Insistence on sameness
http://purl.obolibrary.org/obo/HP_5200132,Atypical sensory examination of objects
http://purl.obolibrary.org/obo/HP_5200133,Intense attachment to unusual objects
http://purl.obolibrary.org/obo/HP_5200134,Jumping
http://purl.obolibrary.org/obo/HP_5200135,Delay in the acquisition of cooperative play skills
http://purl.obolibrary.org/obo/HP_5200136,Reduced social reciprocity
http://purl.obolibrary.org/obo/HP_5200200,Olfactory hallucination
http://purl.obolibrary.org/obo/HP_5200201,Gustatory hallucination
http://purl.obolibrary.org/obo/HP_5200202,Abnormal interpretation of external stimuli
http://purl.obolibrary.org/obo/HP_5200203,Proprioceptive hallucination
http://purl.obolibrary.org/obo/HP_5200204,Disturbed perception with a stimulus
http://purl.obolibrary.org/obo/HP_5200205,Illusions
http://purl.obolibrary.org/obo/HP_5200207,Inattentiveness illusion
http://purl.obolibrary.org/obo/HP_5200208,Illusions due to affect
http://purl.obolibrary.org/obo/HP_5200209,Pareidolia
http://purl.obolibrary.org/obo/HP_5200210,Autoscopy
http://purl.obolibrary.org/obo/HP_5200211,Subjective eidetic images
http://purl.obolibrary.org/obo/HP_5200212,Amplification of social interactions
http://purl.obolibrary.org/obo/HP_5200213,Diminishment of emotional responsiveness
http://purl.obolibrary.org/obo/HP_5200214,Somatic hallucination
http://purl.obolibrary.org/obo/HP_5200215,Visceral hallucination
http://purl.obolibrary.org/obo/HP_5200216,Abnormal perceptual state
http://purl.obolibrary.org/obo/HP_5200217,Depersonalization
http://purl.obolibrary.org/obo/HP_5200218,Derealization
http://purl.obolibrary.org/obo/HP_5200220,Decreased facial expression mirroring
http://purl.obolibrary.org/obo/HP_5200221,Diminishment of comfort with casual physical contact
http://purl.obolibrary.org/obo/HP_5200227,Thought blocking
http://purl.obolibrary.org/obo/HP_5200230,Maladaptive fear-related cognitions
http://purl.obolibrary.org/obo/HP_5200231,Hypervigilance
http://purl.obolibrary.org/obo/HP_5200232,Phobia
http://purl.obolibrary.org/obo/HP_5200233,Anticipatory anxiety
http://purl.obolibrary.org/obo/HP_5200234,Flight of ideas
http://purl.obolibrary.org/obo/HP_5200237,Pronunciation difficulties
http://purl.obolibrary.org/obo/HP_5200238,Vowel expressive impediment
http://purl.obolibrary.org/obo/HP_5200239,Consonant expressive impediment
http://purl.obolibrary.org/obo/HP_5200240,Delayed spoken language comprehension
http://purl.obolibrary.org/obo/HP_5200241,Recurrent maladaptive behavior
http://purl.obolibrary.org/obo/HP_5200242,Cognitive distortion
http://purl.obolibrary.org/obo/HP_5200243,Abnormal change in social behavior
http://purl.obolibrary.org/obo/HP_5200261,Abnormal demeanor
http://purl.obolibrary.org/obo/HP_5200263,Abnormally increased volition
http://purl.obolibrary.org/obo/HP_5200265,Pressured speech
http://purl.obolibrary.org/obo/HP_5200267,Leaden paralysis
http://purl.obolibrary.org/obo/HP_5200270,Grandiosity
http://purl.obolibrary.org/obo/HP_5200271,Hopelessness
http://purl.obolibrary.org/obo/HP_5200273,Pathological sadness
http://purl.obolibrary.org/obo/HP_5200276,Decreased need for sleep
http://purl.obolibrary.org/obo/HP_5200283,Sleep-related breathing disorders
http://purl.obolibrary.org/obo/HP_5200287,Recurrent distressing nightmares
http://purl.obolibrary.org/obo/HP_5200288,Sleep-related eating behavior
http://purl.obolibrary.org/obo/HP_5200289,Microsleep
http://purl.obolibrary.org/obo/HP_5200290,Exploding head syndrome
http://purl.obolibrary.org/obo/HP_5200291,REM sleep behavior disorder
http://purl.obolibrary.org/obo/HP_5200292,Non-restorative sleep
http://purl.obolibrary.org/obo/HP_5200293,Sleep-wake transition abnormality
http://purl.obolibrary.org/obo/HP_5200294,Sexsomnia
http://purl.obolibrary.org/obo/HP_5200295,Periodic limb movements of sleep
http://purl.obolibrary.org/obo/HP_5200296,Abnormal transition from sleep to wakefulness
http://purl.obolibrary.org/obo/HP_5200297,Abnormal transition from wakefulness to sleep
http://purl.obolibrary.org/obo/HP_5200298,Abnormal sleep architecture
http://purl.obolibrary.org/obo/HP_5200299,REM parasomnia
http://purl.obolibrary.org/obo/HP_5200300,Abnormal movement during sleep
http://purl.obolibrary.org/obo/HP_5200304,Short N1 sleep
http://purl.obolibrary.org/obo/HP_5200305,Paradoxical insomnia
http://purl.obolibrary.org/obo/HP_5200307,Short N2 sleep
http://purl.obolibrary.org/obo/HP_5200309,Short N3 sleep
http://purl.obolibrary.org/obo/HP_5200310,Diminishment of social interactions
http://purl.obolibrary.org/obo/HP_5200311,Amplification of interpersonal communication
http://purl.obolibrary.org/obo/HP_5200315,Amplification of relationship seeking
http://purl.obolibrary.org/obo/HP_5200316,Diminishment of interpersonal communication
http://purl.obolibrary.org/obo/HP_5200320,Diminishment of relationship seeking
http://purl.obolibrary.org/obo/HP_5200321,Amplification of sexual behavior
http://purl.obolibrary.org/obo/HP_5200322,Amplification of emotional expression
http://purl.obolibrary.org/obo/HP_5200323,Amplification of emotional responsiveness
http://purl.obolibrary.org/obo/HP_5200325,Amplification of comfort with casual physical contact
http://purl.obolibrary.org/obo/HP_5200327,Diminishment of sexual behavior
http://purl.obolibrary.org/obo/HP_5200328,Diminishment of emotional expression
http://purl.obolibrary.org/obo/HP_5200329,Problematic alcohol consumption
http://purl.obolibrary.org/obo/HP_5200330,Suicide behaviors
http://purl.obolibrary.org/obo/HP_5200331,Addictive sedative use
http://purl.obolibrary.org/obo/HP_5200332,Addictive non-substance behaviors
http://purl.obolibrary.org/obo/HP_5200333,Addictive spending behavior
http://purl.obolibrary.org/obo/HP_5200334,Addictive gambling behavior
http://purl.obolibrary.org/obo/HP_5200335,Addictive sex behavior
http://purl.obolibrary.org/obo/HP_5200336,Addictive video game use
http://purl.obolibrary.org/obo/HP_5200337,Compulsive stealing
http://purl.obolibrary.org/obo/HP_5200338,Excessive fire setting
http://purl.obolibrary.org/obo/HP_5200339,Self-cutting
http://purl.obolibrary.org/obo/HP_5200341,Addictive cannabis use
http://purl.obolibrary.org/obo/HP_5200342,Autophagia
http://purl.obolibrary.org/obo/HP_5200352,Hypnagogic sleep paralysis
http://purl.obolibrary.org/obo/HP_5200353,Hypnopompic sleep paralysis
http://purl.obolibrary.org/obo/HP_5200356,Sleep onset rapid eye movement period
http://purl.obolibrary.org/obo/HP_5200357,Prolonged N1 sleep
http://purl.obolibrary.org/obo/HP_5200358,Prolonged N2 sleep
http://purl.obolibrary.org/obo/HP_5200359,Prolonged N3 sleep
http://purl.obolibrary.org/obo/HP_5200360,Short REM sleep
http://purl.obolibrary.org/obo/HP_5200361,Prolonged REM sleep
http://purl.obolibrary.org/obo/HP_5200362,Short NREM sleep
http://purl.obolibrary.org/obo/HP_5200363,Prolonged NREM sleep
http://purl.obolibrary.org/obo/HP_5200401,Abnormal judgment
http://purl.obolibrary.org/obo/HP_5200402,Overvalued idea
http://purl.obolibrary.org/obo/HP_5200403,Time agnosia
http://purl.obolibrary.org/obo/HP_5200405,Olfactory agnosia
http://purl.obolibrary.org/obo/HP_5200406,Tactile agnosia
http://purl.obolibrary.org/obo/HP_5200407,Topographical agnosia
http://purl.obolibrary.org/obo/HP_5200409,Delusional memory
http://purl.obolibrary.org/obo/HP_5200410,Auditory agnosia
http://purl.obolibrary.org/obo/HP_5200411,Gustatory agnosia
http://purl.obolibrary.org/obo/HP_5200412,Allesthesia
http://purl.obolibrary.org/obo/HP_5200413,Autotopagnosia
http://purl.obolibrary.org/obo/HP_5200415,Persecutory delusion
http://purl.obolibrary.org/obo/HP_5200416,Morbid jealousy
http://purl.obolibrary.org/obo/HP_5200417,Grandiose delusion
http://purl.obolibrary.org/obo/HP_5200418,Folie à deux
http://purl.obolibrary.org/obo/HP_5200419,Disorder of thought control
http://purl.obolibrary.org/obo/HP_5200420,Delusion of love
http://purl.obolibrary.org/obo/HP_5200421,Nihilistic delusion
http://purl.obolibrary.org/obo/HP_5200422,Cotard delusion
http://purl.obolibrary.org/obo/HP_5200423,Abnormal experience of reality
http://purl.obolibrary.org/obo/HP_5200424,Delusional perception
http://purl.obolibrary.org/obo/HP_5200425,Hypochondriac delusion
http://purl.obolibrary.org/obo/HP_5200426,Delusions of infestation
http://purl.obolibrary.org/obo/HP_5200427,Delusional atmosphere
http://purl.obolibrary.org/obo/HP_5200428,Delusional misidentification
http://purl.obolibrary.org/obo/HP_5200429,Religious delusion
http://purl.obolibrary.org/obo/HP_5200430,Abnormal psychotic pattern
http://purl.obolibrary.org/obo/HP_5201015,Craniofacial cleft
http://purl.obolibrary.org/obo/HP_5201016,Submucous cleft palate
http://purl.obolibrary.org/obo/HP_5210000,Unusual bacterial infection
http://purl.obolibrary.org/obo/HP_5210001,Unusual gram-positive bacterial infection
http://purl.obolibrary.org/obo/HP_5210002,Unusual gram-negative bacterial infection
http://purl.obolibrary.org/obo/HP_5210003,Unusual Staphylococcus aureus infection
http://purl.obolibrary.org/obo/HP_5210004,Severe Staphylococcus aureus infection
http://purl.obolibrary.org/obo/HP_5210005,Chronic absent circulating IgA
http://purl.obolibrary.org/obo/HP_5210006,Unusual Enterococcus infection
http://purl.obolibrary.org/obo/HP_5210007,Severe Enterococcus infection
http://purl.obolibrary.org/obo/HP_5210008,Recurrent Enterococcus infection
http://purl.obolibrary.org/obo/HP_5210009,Unusual Streptococcus infection
http://purl.obolibrary.org/obo/HP_5210010,Unusual Streptococcus pneumoniae infection
http://purl.obolibrary.org/obo/HP_5210011,Severe Streptococcus pneumoniae infection
http://purl.obolibrary.org/obo/HP_5210012,Recurrent Streptococcus pneumoniae infection
http://purl.obolibrary.org/obo/HP_5210013,Unusual Streptococcus pyogenes infection
http://purl.obolibrary.org/obo/HP_5210014,Severe Streptococcus pyogenes infection
http://purl.obolibrary.org/obo/HP_5210015,Recurrent Streptococcus pyogenes infection
http://purl.obolibrary.org/obo/HP_5210016,Unusual Streptococcus agalactiae infection
http://purl.obolibrary.org/obo/HP_5210017,Severe Streptococcus agalactiae infection
http://purl.obolibrary.org/obo/HP_5210018,Recurrent Streptococcus agalactiae infection
http://purl.obolibrary.org/obo/HP_5210019,Unusual Listeria infection
http://purl.obolibrary.org/obo/HP_5210020,Severe Listeria infection
http://purl.obolibrary.org/obo/HP_5210021,Recurrent Listeria infection
http://purl.obolibrary.org/obo/HP_5210022,Unusual Nocardia infection
http://purl.obolibrary.org/obo/HP_5210023,Severe Nocardia infection
http://purl.obolibrary.org/obo/HP_5210024,Recurrent Nocardia infection
http://purl.obolibrary.org/obo/HP_5210025,Unusual Actinomyces infection
http://purl.obolibrary.org/obo/HP_5210026,Severe Actinomyces infection
http://purl.obolibrary.org/obo/HP_5210027,Recurrent Actinomyces infection
http://purl.obolibrary.org/obo/HP_5210028,Unusual Clostridium infection
http://purl.obolibrary.org/obo/HP_5210029,Severe Clostridium infection
http://purl.obolibrary.org/obo/HP_5210030,Recurrent Clostridium infection
http://purl.obolibrary.org/obo/HP_5210031,Chronic decreased circulating IgM concentration
http://purl.obolibrary.org/obo/HP_5210032,Chronic absent circulating IgM
http://purl.obolibrary.org/obo/HP_5210033,Transient decreased circulating IgM concentration
http://purl.obolibrary.org/obo/HP_5210034,Complete or near-complete absence of specific antibody response to unconjugated Salmonella typhi vaccine
http://purl.obolibrary.org/obo/HP_5210035,Partial absence of specific antibody response to unconjugated Salmonella typhi vaccine
http://purl.obolibrary.org/obo/HP_5210036,Decreased circulating specific Haemophilus influenzae type b antibody concentration
http://purl.obolibrary.org/obo/HP_5210037,Unusual Shigella infection
http://purl.obolibrary.org/obo/HP_5210038,Severe Shigella infection
http://purl.obolibrary.org/obo/HP_5210039,Recurrent Shigella infection
http://purl.obolibrary.org/obo/HP_5210040,Unusual Klebsiella infection
http://purl.obolibrary.org/obo/HP_5210041,Severe Klebsiella infection
http://purl.obolibrary.org/obo/HP_5210043,Unusual Enterobacter infection
http://purl.obolibrary.org/obo/HP_5210044,Severe Enterobacter infection
http://purl.obolibrary.org/obo/HP_5210045,Recurrent Enterobacter infection
http://purl.obolibrary.org/obo/HP_5210046,Unusual Serratia infection
http://purl.obolibrary.org/obo/HP_5210047,Severe Serratia infection
http://purl.obolibrary.org/obo/HP_5210049,Unusual Proteus infection
http://purl.obolibrary.org/obo/HP_5210050,Severe Proteus infection
http://purl.obolibrary.org/obo/HP_5210051,Recurrent Proteus infection
http://purl.obolibrary.org/obo/HP_5210052,Unusual Citrobacter infection
http://purl.obolibrary.org/obo/HP_5210053,Severe Citrobacter infection
http://purl.obolibrary.org/obo/HP_5210054,Recurrent Citrobacter infection
http://purl.obolibrary.org/obo/HP_5210055,Unusual Pseudomonas aeruginosa infection
http://purl.obolibrary.org/obo/HP_5210056,Severe Pseudomonas aeruginosa infection
http://purl.obolibrary.org/obo/HP_5210057,Recurrent Pseudomonas aeruginosa infection
http://purl.obolibrary.org/obo/HP_5210058,Unusual Acinetobacter baumannii infection
http://purl.obolibrary.org/obo/HP_5210059,Severe Acinetobacter baumannii infection
http://purl.obolibrary.org/obo/HP_5210060,Recurrent Acinetobacter baumannii infection
http://purl.obolibrary.org/obo/HP_5210061,Unusual Legionella pneumophila infection
http://purl.obolibrary.org/obo/HP_5210062,Severe Legionella pneumophila infection
http://purl.obolibrary.org/obo/HP_5210063,Recurrent Legionella pneumophila infection
http://purl.obolibrary.org/obo/HP_5210064,Unusual Neisseria gonorrhoeae infection
http://purl.obolibrary.org/obo/HP_5210065,Severe Neisseria gonorrhoeae infection
http://purl.obolibrary.org/obo/HP_5210066,Recurrent Neisseria gonorrhoeae infection
http://purl.obolibrary.org/obo/HP_5210067,Unusual Neisseria meningitidis infection
http://purl.obolibrary.org/obo/HP_5210068,Severe Neisseria meningitidis infection
http://purl.obolibrary.org/obo/HP_5210070,Unusual Haemophilus influenzae infection
http://purl.obolibrary.org/obo/HP_5210071,Severe Haemophilus influenzae infection
http://purl.obolibrary.org/obo/HP_5210073,Unusual Moraxella catarrhalis infection
http://purl.obolibrary.org/obo/HP_5210074,Severe Moraxella catarrhalis infection
http://purl.obolibrary.org/obo/HP_5210075,Recurrent Moraxella catarrhalis infection
http://purl.obolibrary.org/obo/HP_5210076,Unusual Vibrio cholerae infection
http://purl.obolibrary.org/obo/HP_5210077,Severe Vibrio cholerae infection
http://purl.obolibrary.org/obo/HP_5210078,Recurrent Vibrio cholerae infection
http://purl.obolibrary.org/obo/HP_5210079,Unusual Burkholderia cepacia infection
http://purl.obolibrary.org/obo/HP_5210080,Severe Burkholderia cepacia infection
http://purl.obolibrary.org/obo/HP_5210082,Unusual Bacteroides infection
http://purl.obolibrary.org/obo/HP_5210083,Severe Bacteroides infection
http://purl.obolibrary.org/obo/HP_5210084,Recurrent Bacteroides infection
http://purl.obolibrary.org/obo/HP_5210085,Unusual Fusobacterium infection
http://purl.obolibrary.org/obo/HP_5210086,Severe Fusobacterium infection
http://purl.obolibrary.org/obo/HP_5210087,Recurrent Fusobacterium infection
http://purl.obolibrary.org/obo/HP_5210088,Unusual Prevotella infection
http://purl.obolibrary.org/obo/HP_5210089,Severe Prevotella infection
http://purl.obolibrary.org/obo/HP_5210090,Recurrent Prevotella infection
http://purl.obolibrary.org/obo/HP_5210091,Unusual Escherichia coli infection
http://purl.obolibrary.org/obo/HP_5210092,Severe Escherichia coli infection
http://purl.obolibrary.org/obo/HP_5210093,Unusual Salmonella infection
http://purl.obolibrary.org/obo/HP_5210094,Severe Salmonella infection
http://purl.obolibrary.org/obo/HP_5210095,Recurrent Salmonella infection
http://purl.obolibrary.org/obo/HP_5210096,Unusual Pneumocystis jirovecii infection
http://purl.obolibrary.org/obo/HP_5210097,Severe Pneumocystis jirovecii infection
http://purl.obolibrary.org/obo/HP_5210098,Recurrent Pneumocystis jirovecii infection
http://purl.obolibrary.org/obo/HP_5210099,Unusual Aspergillus infection
http://purl.obolibrary.org/obo/HP_5210100,Severe Aspergillus infection
http://purl.obolibrary.org/obo/HP_5210101,Unusual adenovirus infection
http://purl.obolibrary.org/obo/HP_5210102,Unusual Candida infection
http://purl.obolibrary.org/obo/HP_5210103,Cytomegalovirus hepatitis
http://purl.obolibrary.org/obo/HP_5210104,Unusual BK virus infection
http://purl.obolibrary.org/obo/HP_5210105,Unusual Cryptococcus infection
http://purl.obolibrary.org/obo/HP_5210106,Recurrent Cryptococcus infection
http://purl.obolibrary.org/obo/HP_5210107,Disseminated Cryptococcus infection
http://purl.obolibrary.org/obo/HP_5210108,Sclerosing cholangitis due to Cryptococcus
http://purl.obolibrary.org/obo/HP_5210109,Chronic hepatitis due to Cryptococcus
http://purl.obolibrary.org/obo/HP_5210110,Unusual mycobacterial infection
http://purl.obolibrary.org/obo/HP_5210111,Tuberculosis infection
http://purl.obolibrary.org/obo/HP_5210112,Disseminated tuberculosis infection
http://purl.obolibrary.org/obo/HP_5210113,Recurrent tuberculosis infection
http://purl.obolibrary.org/obo/HP_5210114,Tuberculous osteomyelitis
http://purl.obolibrary.org/obo/HP_5210115,Non-tuberculous mycobacterial infection
http://purl.obolibrary.org/obo/HP_5210116,Unusual VZV infection
http://purl.obolibrary.org/obo/HP_5210117,Recurrent non-tuberculous mycobacterial infection
http://purl.obolibrary.org/obo/HP_5210118,Opportunistic mycobacterial infection
http://purl.obolibrary.org/obo/HP_5210119,Unusual Cryptosporidium infection
http://purl.obolibrary.org/obo/HP_5210120,Recurrent Cryptosporidium infection
http://purl.obolibrary.org/obo/HP_5210121,Unusual upper respiratory tract infection
http://purl.obolibrary.org/obo/HP_5210122,Sclerosing cholangitis due to Cryptosporidium infection
http://purl.obolibrary.org/obo/HP_5210123,Unusual lower respiratory tract infection
http://purl.obolibrary.org/obo/HP_5210124,Unusual Giardia lamblia infection
http://purl.obolibrary.org/obo/HP_5210125,Persistent Giardia lamblia infection
http://purl.obolibrary.org/obo/HP_5210126,Recurrent Giardia lamblia infection
http://purl.obolibrary.org/obo/HP_5210127,Unusual Toxoplasma infection
http://purl.obolibrary.org/obo/HP_5210128,Unusual cardiovascular system infection
http://purl.obolibrary.org/obo/HP_5210130,Unusual Leishmania infection
http://purl.obolibrary.org/obo/HP_5210131,Severe Leishmania infection
http://purl.obolibrary.org/obo/HP_5210132,Recurrent Leishmania infection
http://purl.obolibrary.org/obo/HP_5210133,Opportunistic parasitic infection
http://purl.obolibrary.org/obo/HP_5210134,Unusual cholangitis
http://purl.obolibrary.org/obo/HP_5210137,Unusual eye infection
http://purl.obolibrary.org/obo/HP_5210139,Infectious hepatitis
http://purl.obolibrary.org/obo/HP_5210140,Bacterial sepsis
http://purl.obolibrary.org/obo/HP_5210141,Fungal sepsis
http://purl.obolibrary.org/obo/HP_5210142,Viral sepsis
http://purl.obolibrary.org/obo/HP_5210143,Mycobacterial sepsis
http://purl.obolibrary.org/obo/HP_5210144,Pneumonia with consolidation
http://purl.obolibrary.org/obo/HP_5210146,Unusual cytomegalovirus infection
http://purl.obolibrary.org/obo/HP_5210150,Unusual endocarditis
http://purl.obolibrary.org/obo/HP_5210151,Severe endocarditis
http://purl.obolibrary.org/obo/HP_5210152,Recurrent endocarditis
http://purl.obolibrary.org/obo/HP_5210153,Unusual myocarditis
http://purl.obolibrary.org/obo/HP_5210154,Severe myocarditis
http://purl.obolibrary.org/obo/HP_5210155,Recurrent myocarditis
http://purl.obolibrary.org/obo/HP_5210156,Unusual pericarditis
http://purl.obolibrary.org/obo/HP_5210157,Severe pericarditis
http://purl.obolibrary.org/obo/HP_5210158,Recurrent pericarditis
http://purl.obolibrary.org/obo/HP_5210159,Unusual infectious vasculitis
http://purl.obolibrary.org/obo/HP_5210160,Severe infectious vasculitis
http://purl.obolibrary.org/obo/HP_5210161,Recurrent infectious vasculitis
http://purl.obolibrary.org/obo/HP_5210175,Unusual infectious gastroenteritis
http://purl.obolibrary.org/obo/HP_5210176,Unusual bacterial gastroenteritis
http://purl.obolibrary.org/obo/HP_5210177,Unusual viral gastroenteritis
http://purl.obolibrary.org/obo/HP_5210178,Unusual fungal gastroenteritis
http://purl.obolibrary.org/obo/HP_5210179,Unusual parasitic gastroenteritis
http://purl.obolibrary.org/obo/HP_5210180,Unusual infectious colitis
http://purl.obolibrary.org/obo/HP_5210181,Unusual bacterial colitis
http://purl.obolibrary.org/obo/HP_5210182,Unusual viral colitis
http://purl.obolibrary.org/obo/HP_5210183,Unusual fungal colitis
http://purl.obolibrary.org/obo/HP_5210184,Unusual parasitic colitis
http://purl.obolibrary.org/obo/HP_5210185,Unusual infectious pancreatitis
http://purl.obolibrary.org/obo/HP_5210186,Unusual bacterial pancreatitis
http://purl.obolibrary.org/obo/HP_5210187,Unusual viral pancreatitis
http://purl.obolibrary.org/obo/HP_5210188,Unusual fungal pancreatitis
http://purl.obolibrary.org/obo/HP_5210189,Unusual parasitic pancreatitis
http://purl.obolibrary.org/obo/HP_5210190,Unusual bacterial cholangitis
http://purl.obolibrary.org/obo/HP_5210191,Unusual cystitis
http://purl.obolibrary.org/obo/HP_5210192,Unusual hemorrhagic cystitis
http://purl.obolibrary.org/obo/HP_5210193,Unusual fungal cystitis
http://purl.obolibrary.org/obo/HP_5210194,Unusual bacterial cystitis
http://purl.obolibrary.org/obo/HP_5210195,Unusual pyelonephritis
http://purl.obolibrary.org/obo/HP_5210200,Unusual vaginal infection
http://purl.obolibrary.org/obo/HP_5210201,Unusual bacterial vaginal infection
http://purl.obolibrary.org/obo/HP_5210202,Unusual viral vaginal infection
http://purl.obolibrary.org/obo/HP_5210203,Unusual fungal vaginal infection
http://purl.obolibrary.org/obo/HP_5210204,Unusual parasitic vaginal infection
http://purl.obolibrary.org/obo/HP_5210205,Unusual bacterial osteomyelitis
http://purl.obolibrary.org/obo/HP_5210206,Unusual fungal osteomyelitis
http://purl.obolibrary.org/obo/HP_5210207,Unusual infectious arthritis
http://purl.obolibrary.org/obo/HP_5210208,Unusual bacterial arthritis
http://purl.obolibrary.org/obo/HP_5210209,Unusual fungal arthritis
http://purl.obolibrary.org/obo/HP_5210210,Unusual mycobacterial arthritis
http://purl.obolibrary.org/obo/HP_5210211,Unusual infectious myositis
http://purl.obolibrary.org/obo/HP_5210212,Unusual bacterial myositis
http://purl.obolibrary.org/obo/HP_5210213,Unusual fungal myositis
http://purl.obolibrary.org/obo/HP_5210214,Unusual mycobacterial myositis
http://purl.obolibrary.org/obo/HP_5210215,Unusual viral myositis
http://purl.obolibrary.org/obo/HP_5210216,Viral meningitis
http://purl.obolibrary.org/obo/HP_5210217,Bacterial meningitis
http://purl.obolibrary.org/obo/HP_5210218,Parasitic meningitis
http://purl.obolibrary.org/obo/HP_5210219,Mycobacterial meningitis
http://purl.obolibrary.org/obo/HP_5210220,Fungal encephalitis
http://purl.obolibrary.org/obo/HP_5210221,Parasitic encephalitis
http://purl.obolibrary.org/obo/HP_5210222,Mycobacterial encephalitis
http://purl.obolibrary.org/obo/HP_5210227,Unusual spinal cord infection
http://purl.obolibrary.org/obo/HP_5210228,Unusual bacterial skin infection
http://purl.obolibrary.org/obo/HP_5210229,Unusual bacterial skin abscess
http://purl.obolibrary.org/obo/HP_5210230,Recurrent boils
http://purl.obolibrary.org/obo/HP_5210231,Bacterial cellulitis
http://purl.obolibrary.org/obo/HP_5210232,Unusual viral skin infection
http://purl.obolibrary.org/obo/HP_5210233,Unusual HSV skin infection
http://purl.obolibrary.org/obo/HP_5210234,Unusual parasitic skin infection
http://purl.obolibrary.org/obo/HP_5210235,Unusual VZV skin infection
http://purl.obolibrary.org/obo/HP_5210236,Unusual fungal skin infection
http://purl.obolibrary.org/obo/HP_5210237,Recurrent diaper rash
http://purl.obolibrary.org/obo/HP_5210238,Unusual nail infection
http://purl.obolibrary.org/obo/HP_5210239,Unusual bacterial nail bed infection
http://purl.obolibrary.org/obo/HP_5210240,Unusual HSV infection
http://purl.obolibrary.org/obo/HP_5210241,Recurrent onychomycosis
http://purl.obolibrary.org/obo/HP_5210242,Unusual mycobacterial skin infection
http://purl.obolibrary.org/obo/HP_5210244,Unusual cutaneous larva migrans
http://purl.obolibrary.org/obo/HP_5210245,Unusual cutaneous leishmaniasis
http://purl.obolibrary.org/obo/HP_5210246,Severe gingivitis
http://purl.obolibrary.org/obo/HP_5210247,Recurrent periodontitis
http://purl.obolibrary.org/obo/HP_5210250,Severe stomatitis
http://purl.obolibrary.org/obo/HP_5210251,Recurrent stomatitis
http://purl.obolibrary.org/obo/HP_5210254,Severe pharyngitis
http://purl.obolibrary.org/obo/HP_5210255,Severe otitis media
http://purl.obolibrary.org/obo/HP_5210256,Severe otitis externa
http://purl.obolibrary.org/obo/HP_5210257,Recurrent otitis externa
http://purl.obolibrary.org/obo/HP_5210258,Unusual conjunctivitis
http://purl.obolibrary.org/obo/HP_5210259,Severe conjunctivitis
http://purl.obolibrary.org/obo/HP_5210260,Recurrent conjunctivitis
http://purl.obolibrary.org/obo/HP_5210261,Unusual keratitis
http://purl.obolibrary.org/obo/HP_5210262,Severe keratitis
http://purl.obolibrary.org/obo/HP_5210263,Recurrent keratitis
http://purl.obolibrary.org/obo/HP_5210264,Unusual retinitis
http://purl.obolibrary.org/obo/HP_5210265,Severe retinitis
http://purl.obolibrary.org/obo/HP_5210266,Recurrent retinitis
http://purl.obolibrary.org/obo/HP_5210276,Unusual mycobacterial osteomyelitis
http://purl.obolibrary.org/obo/HP_5210277,Unusual musculoskeletal infection
http://purl.obolibrary.org/obo/HP_5210278,Unusual infectious osteomyelitis
http://purl.obolibrary.org/obo/HP_5210281,Post-vaccination mumps
http://purl.obolibrary.org/obo/HP_5210282,Cytomegalovirus retinitis
http://purl.obolibrary.org/obo/HP_5210283,Cytomegalovirus pneumonitis
http://purl.obolibrary.org/obo/HP_5210284,Cytomegalovirus encephalitis
http://purl.obolibrary.org/obo/HP_5210286,Unusual EBV infection
http://purl.obolibrary.org/obo/HP_5210288,EBV-driven HLH
http://purl.obolibrary.org/obo/HP_5210290,Disseminated herpes simplex virus infection
http://purl.obolibrary.org/obo/HP_5210291,Recurrent herpes simplex virus infection
http://purl.obolibrary.org/obo/HP_5210293,Persistent adenovirus viremia
http://purl.obolibrary.org/obo/HP_5210294,Adenovirus colitis
http://purl.obolibrary.org/obo/HP_5210295,Adenovirus hepatitis
http://purl.obolibrary.org/obo/HP_5210296,Adenovirus encephalitis
http://purl.obolibrary.org/obo/HP_5210297,Adenovirus pneumonitis
http://purl.obolibrary.org/obo/HP_5210298,Recurrent chickenpox infection
http://purl.obolibrary.org/obo/HP_5210299,Severe chickenpox infection
http://purl.obolibrary.org/obo/HP_5210301,VZV encephalitis
http://purl.obolibrary.org/obo/HP_5210302,VZV pneumonitis
http://purl.obolibrary.org/obo/HP_5210303,Unusual warts
http://purl.obolibrary.org/obo/HP_5210304,Disseminated warts
http://purl.obolibrary.org/obo/HP_5210305,Recurrent warts
http://purl.obolibrary.org/obo/HP_5210306,Chronic warts
http://purl.obolibrary.org/obo/HP_5210309,Persistent molluscum infection
http://purl.obolibrary.org/obo/HP_5210310,Unusual norovirus infection
http://purl.obolibrary.org/obo/HP_5210312,Chronic norovirus infection
http://purl.obolibrary.org/obo/HP_5210313,Unusual Aichi virus hepatitis
http://purl.obolibrary.org/obo/HP_5210314,Unusual enterovirus infection
http://purl.obolibrary.org/obo/HP_5210316,Enteroviral sepsis
http://purl.obolibrary.org/obo/HP_5210317,Unusual astrovirus infection
http://purl.obolibrary.org/obo/HP_5210318,Disseminated astrovirus infection
http://purl.obolibrary.org/obo/HP_5210320,Unusual influenza infection
http://purl.obolibrary.org/obo/HP_5210321,Persitent influenza viremia
http://purl.obolibrary.org/obo/HP_5210323,Unusual parainfluenza infection
http://purl.obolibrary.org/obo/HP_5210325,Recurrent parainfluenza virus infection
http://purl.obolibrary.org/obo/HP_5210326,Chronic SARS-CoV-2 infection
http://purl.obolibrary.org/obo/HP_5210328,Severe seasonal coronavirus infection
http://purl.obolibrary.org/obo/HP_5210329,Chronic seasonal coronavirus infection
http://purl.obolibrary.org/obo/HP_5210330,Unusual HHV6 infection
http://purl.obolibrary.org/obo/HP_5210331,Unusual HHV8 infection
http://purl.obolibrary.org/obo/HP_5210332,BK virus nephropathy
http://purl.obolibrary.org/obo/HP_5210333,BK virus encephalitis
http://purl.obolibrary.org/obo/HP_5210334,Unusual JC virus infection
http://purl.obolibrary.org/obo/HP_5210335,JC nephropathy
http://purl.obolibrary.org/obo/HP_5210336,JC encephalitis
http://purl.obolibrary.org/obo/HP_5210337,Infectious granulomatosis
http://purl.obolibrary.org/obo/HP_5210338,Non-infectious granulomatosis
http://purl.obolibrary.org/obo/HP_5210339,Caseating granulomatosis
http://purl.obolibrary.org/obo/HP_5210340,Non-caseating granulomatosis
http://purl.obolibrary.org/obo/HP_5210342,Granulomatous lymphadenopathy
http://purl.obolibrary.org/obo/HP_5210343,Granuloma annulare
http://purl.obolibrary.org/obo/HP_5210344,Granulomatous synovitis
http://purl.obolibrary.org/obo/HP_5210345,Granulomatous uveitis
http://purl.obolibrary.org/obo/HP_5210346,Granulomatous gingivitis
http://purl.obolibrary.org/obo/HP_5210347,Granulomatous iritis
http://purl.obolibrary.org/obo/HP_5210348,Unusual Burkholderia pseudomallei infection
http://purl.obolibrary.org/obo/HP_5210349,Unusual coagulase-negative Staphylococcus infection
http://purl.obolibrary.org/obo/HP_5210350,Recurrent coagulase-negative Staphylococcus infection
http://purl.obolibrary.org/obo/HP_5210351,Severe coagulase-negative Staphylococcus infection
http://purl.obolibrary.org/obo/HP_5210352,Unusual Enterococcus faecalis infection
http://purl.obolibrary.org/obo/HP_5210353,Recurrent Enterococcus faecalis infection
http://purl.obolibrary.org/obo/HP_5210354,Severe Enterococcus faecalis infection
http://purl.obolibrary.org/obo/HP_5210355,Unusual Enterococcus faecium infection
http://purl.obolibrary.org/obo/HP_5210356,Recurrent Enterococcus faecium infection
http://purl.obolibrary.org/obo/HP_5210357,Severe Enterococcus faecium infection
http://purl.obolibrary.org/obo/HP_5210358,Unusual Viridans Streptococci infection
http://purl.obolibrary.org/obo/HP_5210359,Endocarditis caused by Streptococcus viridans infection
http://purl.obolibrary.org/obo/HP_5210361,Unusual Mycobacterium abscessus infection
http://purl.obolibrary.org/obo/HP_5210362,Recurrent Mycobacterium abscessus infection
http://purl.obolibrary.org/obo/HP_5210363,Severe Mycobacterium abscessus infection
http://purl.obolibrary.org/obo/HP_5210364,Unusual Mycobacterium avium complex infection
http://purl.obolibrary.org/obo/HP_5210365,Recurrent Mycobacterium avium complex infection
http://purl.obolibrary.org/obo/HP_5210366,Severe Mycobacterium avium complex infection
http://purl.obolibrary.org/obo/HP_5210367,Unusual Mycoplasma infection
http://purl.obolibrary.org/obo/HP_5210368,Recurrent Mycoplasma infection
http://purl.obolibrary.org/obo/HP_5210369,Severe Mycoplasma infection
http://purl.obolibrary.org/obo/HP_5210370,Unusual Ureaplasma infection
http://purl.obolibrary.org/obo/HP_5210372,Cryptococcoma
http://purl.obolibrary.org/obo/HP_5210373,Unusual mucormycosis
http://purl.obolibrary.org/obo/HP_5210374,Unusual Talaromyces marneffei infection
http://purl.obolibrary.org/obo/HP_5210375,Unusual dermatophyte infection
http://purl.obolibrary.org/obo/HP_5210376,Recurrent dermatophyte infection
http://purl.obolibrary.org/obo/HP_5210377,Increased CD4+ TEMRA T cell proportion
http://purl.obolibrary.org/obo/HP_5210378,Unusual mold infection
http://purl.obolibrary.org/obo/HP_5210379,Unusual Blastomyces dermatitidis infection
http://purl.obolibrary.org/obo/HP_5210380,Recurrent Blastomyces dermatitidis infection
http://purl.obolibrary.org/obo/HP_5210381,Severe Blastomyces dermatitidis infection
http://purl.obolibrary.org/obo/HP_5210382,Unusual Coccidioides infection
http://purl.obolibrary.org/obo/HP_5210383,Recurrent Coccidioides infection
http://purl.obolibrary.org/obo/HP_5210384,Severe Coccidioides infection
http://purl.obolibrary.org/obo/HP_5210385,Unusual Paracoccidioides brasiliensis infection
http://purl.obolibrary.org/obo/HP_5210386,Recurrent Paracoccidioides brasiliensis infection
http://purl.obolibrary.org/obo/HP_5210387,Severe Paracoccidioides brasiliensis infection
http://purl.obolibrary.org/obo/HP_5210389,Recurrent Histoplasma capsulatum infection
http://purl.obolibrary.org/obo/HP_5210391,Unusual Candida auris infection
http://purl.obolibrary.org/obo/HP_5210392,Chronic Candida auris infection
http://purl.obolibrary.org/obo/HP_5210393,Severe Candida auris infection
http://purl.obolibrary.org/obo/HP_5210394,HSV hepatitis
http://purl.obolibrary.org/obo/HP_5210395,VZV meningitis
http://purl.obolibrary.org/obo/HP_5210396,Giant molluscum
http://purl.obolibrary.org/obo/HP_5210397,Unusual HHV7 infection
http://purl.obolibrary.org/obo/HP_5210398,BK virus cystitis
http://purl.obolibrary.org/obo/HP_5210399,Unusual poliovirus infection
http://purl.obolibrary.org/obo/HP_5210400,Chronic poliovirus excretion
http://purl.obolibrary.org/obo/HP_5210401,Severe rotavirus infection
http://purl.obolibrary.org/obo/HP_5210402,Unusual respiratory syncytial virus infection
http://purl.obolibrary.org/obo/HP_5210403,Severe respiratory syncytial virus infection
http://purl.obolibrary.org/obo/HP_5210404,Chronic respiratory syncytial virus infection
http://purl.obolibrary.org/obo/HP_5210405,Chronic rhinovirus infection
http://purl.obolibrary.org/obo/HP_5210406,Unusual human metapneumovirus infection
http://purl.obolibrary.org/obo/HP_5210407,Toxoplasma eye infection
http://purl.obolibrary.org/obo/HP_5210408,BCG-associated disease
http://purl.obolibrary.org/obo/HP_5210409,Abnormal effector memory CD4+ T cell proportion
http://purl.obolibrary.org/obo/HP_5210410,Abnormal central memory CD4+ T cell proportion
http://purl.obolibrary.org/obo/HP_5210411,Decreased total T cell number
http://purl.obolibrary.org/obo/HP_5210412,Increased total T cell number
http://purl.obolibrary.org/obo/HP_5210413,Decreased total T cell proportion
http://purl.obolibrary.org/obo/HP_5210414,Increased total T cell proportion
http://purl.obolibrary.org/obo/HP_5210415,Decreased total CD4+ T cell number
http://purl.obolibrary.org/obo/HP_5210416,Increased CD4+ T cell number
http://purl.obolibrary.org/obo/HP_5210417,Increased total CD4+ T cell count
http://purl.obolibrary.org/obo/HP_5210418,Decreased total CD4+ T cell count
http://purl.obolibrary.org/obo/HP_5210419,Autoimmune cytopenia
http://purl.obolibrary.org/obo/HP_5210420,Severe eczema
http://purl.obolibrary.org/obo/HP_5210421,Autoimmune hepatitis
http://purl.obolibrary.org/obo/HP_5210422,Non-infectious encephalitis
http://purl.obolibrary.org/obo/HP_5210423,Autoimmune encephalitis
http://purl.obolibrary.org/obo/HP_5210424,Increased total CD8+ T cell number
http://purl.obolibrary.org/obo/HP_5210425,Decreased total CD8+ T cell number
http://purl.obolibrary.org/obo/HP_5210426,Decreased total CD8+ T cell count
http://purl.obolibrary.org/obo/HP_5210427,Increased total CD8+ T cell count
http://purl.obolibrary.org/obo/HP_5210428,HSV pneumonia
http://purl.obolibrary.org/obo/HP_5210429,Recurrent Haemophilus influenzae conjunctivitis
http://purl.obolibrary.org/obo/HP_5210430,Hindfoot deformity
http://purl.obolibrary.org/obo/HP_6000000,Left-right disorientation
http://purl.obolibrary.org/obo/HP_6000004,Lymphangiosarcoma
http://purl.obolibrary.org/obo/HP_6000006,Holster sign
http://purl.obolibrary.org/obo/HP_6000007,Salivary basal cell adenoma
http://purl.obolibrary.org/obo/HP_6000008,Hemidiaphragm elevation
http://purl.obolibrary.org/obo/HP_6000010,Linear Hyperpigmentation along Blaschko's lines
http://purl.obolibrary.org/obo/HP_6000011,Guilt
http://purl.obolibrary.org/obo/HP_6000013,Bendopnea
http://purl.obolibrary.org/obo/HP_6000015,Tympanic membrane hypermobility
http://purl.obolibrary.org/obo/HP_6000016,Elevated circulating vitamin B12 concentration
http://purl.obolibrary.org/obo/HP_6000017,Elevated circulating sFASL concentration
http://purl.obolibrary.org/obo/HP_6000020,Binge drinking
http://purl.obolibrary.org/obo/HP_6000021,Decreased circulating thrombopoietin concentration
http://purl.obolibrary.org/obo/HP_6000022,Collagenoma
http://purl.obolibrary.org/obo/HP_6000024,Synesthesia
http://purl.obolibrary.org/obo/HP_6000025,Dark cerumen
http://purl.obolibrary.org/obo/HP_6000027,Oil-drop brown pigmentation of the corneal limbus
http://purl.obolibrary.org/obo/HP_6000028,Hazardous alcohol use
http://purl.obolibrary.org/obo/HP_6000029,Social anxiety
http://purl.obolibrary.org/obo/HP_6000030,Placidity
http://purl.obolibrary.org/obo/HP_6000031,Phaeohyphomycosis
http://purl.obolibrary.org/obo/HP_6000032,Autophony
http://purl.obolibrary.org/obo/HP_6000036,Long telomere length
http://purl.obolibrary.org/obo/HP_6000037,Reduced circulating aromatic L-amino acid decarboxylase activity
http://purl.obolibrary.org/obo/HP_6000038,Subclavian artery stenosis
http://purl.obolibrary.org/obo/HP_6000043,Rhythmic movements of the tympanic membrane
http://purl.obolibrary.org/obo/HP_6000044,Elongated temporal styloid process
http://purl.obolibrary.org/obo/HP_6000046,Pulsus paradoxus
http://purl.obolibrary.org/obo/HP_6000056,Superficial blush-like subcutaneous fatty lesions
http://purl.obolibrary.org/obo/HP_6000057,Dermal multinucleated giant cells
http://purl.obolibrary.org/obo/HP_6000060,Aerophagia
http://purl.obolibrary.org/obo/HP_6000061,Vaginal passage of hydatidiform mole tissue
http://purl.obolibrary.org/obo/HP_6000062,Abnormal nipple discharge
http://purl.obolibrary.org/obo/HP_6000063,Hepatolithiasis
http://purl.obolibrary.org/obo/HP_6000064,Excessive eructation
http://purl.obolibrary.org/obo/HP_6000069,Brief tear break-up time
http://purl.obolibrary.org/obo/HP_6000070,Cutaneous granuloma
http://purl.obolibrary.org/obo/HP_6000071,Heterotopic dermal ossification
http://purl.obolibrary.org/obo/HP_6000074,Pharyngeal myxoma
http://purl.obolibrary.org/obo/HP_6000075,Subcutaneous arteriolar thrombosis
http://purl.obolibrary.org/obo/HP_6000078,Nasal hamartoma
http://purl.obolibrary.org/obo/HP_6000079,Metachromatic intraneuronal lipid deposits
http://purl.obolibrary.org/obo/HP_6000080,Reduced phosphoserine phosphatase activity in cultured fibroblasts
http://purl.obolibrary.org/obo/HP_6000081,Reduced alpha-aminoadipic semialdehyde synthase activity in cultured fibroblasts
http://purl.obolibrary.org/obo/HP_6000082,Reduced hepatic beta-ureidopropionase activity
http://purl.obolibrary.org/obo/HP_6000083,Reduced hepatic dihydropyrimidinase activity
http://purl.obolibrary.org/obo/HP_6000088,"Reduced muscle alpha-1,4-glucosidase activity"
http://purl.obolibrary.org/obo/HP_6000089,Brown tumor
http://purl.obolibrary.org/obo/HP_6000090,Dermal flame figures
http://purl.obolibrary.org/obo/HP_6000095,Draining sinus tract in skin
http://purl.obolibrary.org/obo/HP_6000099,Airway mucosal thickening
http://purl.obolibrary.org/obo/HP_6000100,Hyperpolarized transepithelial nasal potential difference
http://purl.obolibrary.org/obo/HP_6000101,Corneopalpebral synechiae
http://purl.obolibrary.org/obo/HP_6000106,Costovertebral angle tenderness
http://purl.obolibrary.org/obo/HP_6000107,Cervical motion tenderness
http://purl.obolibrary.org/obo/HP_6000112,Hockey-stick palmar crease
http://purl.obolibrary.org/obo/HP_6000113,Elevated urinary succinyladenosine level
http://purl.obolibrary.org/obo/HP_6000114,Elevated urinary 5-hydroxymethyluracil level
http://purl.obolibrary.org/obo/HP_6000116,Elevated urinary deoxyuridine level
http://purl.obolibrary.org/obo/HP_6000118,Elevated urinary dihydrouracil level
http://purl.obolibrary.org/obo/HP_6000119,Elevated urinary dihydrothymine level
http://purl.obolibrary.org/obo/HP_6000120,Elevated urinary sulfatide level
http://purl.obolibrary.org/obo/HP_6000121,Elevated urinary xanthurenic acid level
http://purl.obolibrary.org/obo/HP_6000122,Increased urinary N-acetylglucosamine-rich oligosaccharide level
http://purl.obolibrary.org/obo/HP_6000123,Elevated urinary 2'-deoxyadenosine level
http://purl.obolibrary.org/obo/HP_6000125,Elevated urinary dolichol level
http://purl.obolibrary.org/obo/HP_6000126,Decreased urinary bile acid level
http://purl.obolibrary.org/obo/HP_6000127,Elevated urinary creatine/creatinine ratio
http://purl.obolibrary.org/obo/HP_6000128,Elevated urinary thymidine level
http://purl.obolibrary.org/obo/HP_6000129,Elevated urinary glutarylglycine level
http://purl.obolibrary.org/obo/HP_6000130,Elevated urinary indican level
http://purl.obolibrary.org/obo/HP_6000131,Dacrolith
http://purl.obolibrary.org/obo/HP_6000132,Reduced erythrocyte gamma-glutamyl cysteine synthetase activity
http://purl.obolibrary.org/obo/HP_6000133,Decreased erythrocyte nicotinamide adenine dinucleotide-cytochrome b5 reductase activity
http://purl.obolibrary.org/obo/HP_6000134,Reduced alpha-methylacyl-CoA racemase activity in cultured fibroblasts
http://purl.obolibrary.org/obo/HP_6000135,Low semen volume
http://purl.obolibrary.org/obo/HP_6000137,Enlarged lunula
http://purl.obolibrary.org/obo/HP_6000139,Splinter hemorrhages
http://purl.obolibrary.org/obo/HP_6000140,Lateral thrust
http://purl.obolibrary.org/obo/HP_6000142,Fecolith
http://purl.obolibrary.org/obo/HP_6000143,Appendicitis
http://purl.obolibrary.org/obo/HP_6000144,Left ventricular aneurysm
http://purl.obolibrary.org/obo/HP_6000146,Hydrosalpinx
http://purl.obolibrary.org/obo/HP_6000147,Elevated methylhex-dienedioic level by MRS
http://purl.obolibrary.org/obo/HP_6000148,Perihepatic enhancement
http://purl.obolibrary.org/obo/HP_6000149,Reduced in vitro contracture test threshold
http://purl.obolibrary.org/obo/HP_6000150,Reduced F-wave amplitude
http://purl.obolibrary.org/obo/HP_6000151,Enlarged peroxisomes
http://purl.obolibrary.org/obo/HP_6000152,Adrenocortical hyperplasia
http://purl.obolibrary.org/obo/HP_6000154,Bone marrow granuloma
http://purl.obolibrary.org/obo/HP_6000155,Neuronal intranuclear inclusion bodies
http://purl.obolibrary.org/obo/HP_6000158,Unesterified cholesterol accumulation in cultured fibroblasts
http://purl.obolibrary.org/obo/HP_6000161,Reduced hepatic N-acetylglutamate synthase activity
http://purl.obolibrary.org/obo/HP_6000177,Uvular swelling
http://purl.obolibrary.org/obo/HP_6000182,Absent otoacoustic emissions
http://purl.obolibrary.org/obo/HP_6000184,Filum terminale lipoma
http://purl.obolibrary.org/obo/HP_6000185,Low tetrahydrocortisol (THF) plus 5-alpha-THF/tetrahydrocortisone (THE) ratio
http://purl.obolibrary.org/obo/HP_6000186,Anti-soluble liver antigen/liver pancreas antibody positivity
http://purl.obolibrary.org/obo/HP_6000187,Anti-thrombospondin type I domain-containing 7A antibody positivity
http://purl.obolibrary.org/obo/HP_6000188,Antisperm antibody positivity
http://purl.obolibrary.org/obo/HP_6000190,Abnormal seminal vesicle morphology
http://purl.obolibrary.org/obo/HP_6000191,Seminal vesicle cyst
http://purl.obolibrary.org/obo/HP_6000193,Anti-osteoprotegerin antibody positivity
http://purl.obolibrary.org/obo/HP_6000195,Elevated mitochondrial citrate synthase activity
http://purl.obolibrary.org/obo/HP_6000196,Reduced muscle lactate dehydrogenase activity
http://purl.obolibrary.org/obo/HP_6000197,Reduced muscle phosphoglycerate mutase activity
http://purl.obolibrary.org/obo/HP_6000198,Reduced muscle phosphorylase kinase activity
http://purl.obolibrary.org/obo/HP_6000199,Reduced 3-beta-hydroxysteroid-delta-5-desaturase activity in cultured fibroblasts
http://purl.obolibrary.org/obo/HP_6000200,Reduced hepatic glucose-6-phosphatase activity
http://purl.obolibrary.org/obo/HP_6000201,Reduced hepatic glucose-6-phosphate translocase activity
http://purl.obolibrary.org/obo/HP_6000214,Decreased 3-hydroxyisobutyrate dehydrogenase activity
http://purl.obolibrary.org/obo/HP_6000215,Reduced circulating 3-hydroxyisobutyryl-CoA hydrolase activity
http://purl.obolibrary.org/obo/HP_6000216,Reduced HMG-CoA lyase activity in cultured fibroblasts
http://purl.obolibrary.org/obo/HP_6000217,Reduced circulating acyl-CoA oxidase activity
http://purl.obolibrary.org/obo/HP_6000218,Reduced circulating xanthine oxidase activity
http://purl.obolibrary.org/obo/HP_6000219,Reduced methylmalonate semialdehyde dehydrogenase activity in cultured fibroblasts
http://purl.obolibrary.org/obo/HP_6000220,Pharyngeal mass
http://purl.obolibrary.org/obo/HP_6000222,Painful defecation
http://purl.obolibrary.org/obo/HP_6000224,Delayed passage of meconium
http://purl.obolibrary.org/obo/HP_6000225,Single second heart sound
http://purl.obolibrary.org/obo/HP_6000228,Failure to increase oxygen saturation on hyperoxia test
http://purl.obolibrary.org/obo/HP_6000230,Decreased muscle caveolin-3 level
http://purl.obolibrary.org/obo/HP_6000231,Abnormal tissue enzyme concentration or activity
http://purl.obolibrary.org/obo/HP_6000235,Inappropriately low concentration of acetoacetate
http://purl.obolibrary.org/obo/HP_6000236,Inappropriately low concentration of beta-hydroxybutyrate
http://purl.obolibrary.org/obo/HP_6000237,Elevated circulating 3-hydroxybutyryl-carnitine concentration
http://purl.obolibrary.org/obo/HP_6000239,Elevated circulating tumor necrosis factor alpha concentration
http://purl.obolibrary.org/obo/HP_6000240,Reduced circulating pyrimidine 5-prime-nucleotidase activity
http://purl.obolibrary.org/obo/HP_6000241,Diminished prolactin response to thyrotrophin-releasing hormone stimulation
http://purl.obolibrary.org/obo/HP_6000242,Decreased circulating complement component 1s concentration
http://purl.obolibrary.org/obo/HP_6000248,Bursa fluid crystals
http://purl.obolibrary.org/obo/HP_6000249,Enlarged gastric folds
http://purl.obolibrary.org/obo/HP_6000250,Gastric intraepithelial lymphocytosis
http://purl.obolibrary.org/obo/HP_6000252,Fetal lung hyperechogenicity
http://purl.obolibrary.org/obo/HP_6000253,Necrotizing vasculitis
http://purl.obolibrary.org/obo/HP_6000254,Abnormal proximal convoluted tubule morphology
http://purl.obolibrary.org/obo/HP_6000255,Demonstration of Leishmania in tissue
http://purl.obolibrary.org/obo/HP_6000256,Pneumocystis cysts in respiratory secretions
http://purl.obolibrary.org/obo/HP_6000258,Impaired folate absorption
http://purl.obolibrary.org/obo/HP_6000259,Positive hydrogen breath test
http://purl.obolibrary.org/obo/HP_6000261,Absent circulating kappa chain-bearing immunoglobulin
http://purl.obolibrary.org/obo/HP_6000262,Pseudoglioma
http://purl.obolibrary.org/obo/HP_6000263,Papillary dermal edema
http://purl.obolibrary.org/obo/HP_6000264,Fetal tachycardia
http://purl.obolibrary.org/obo/HP_6000265,Elevated urinary 3-hydroxykynurenine level
http://purl.obolibrary.org/obo/HP_6000266,2-oxoadipic aciduria
http://purl.obolibrary.org/obo/HP_6000269,Elevated urinary pipecolic acid level
http://purl.obolibrary.org/obo/HP_6000274,2--hydroxyphenylacetic aciduria
http://purl.obolibrary.org/obo/HP_6000275,4-hydroxyphenyllactic aciduria
http://purl.obolibrary.org/obo/HP_6000279,Elevated urinary N-carbamoyl-beta-alanine level
http://purl.obolibrary.org/obo/HP_6000281,Elevated urinary gamma-glutamylphenylalanine level
http://purl.obolibrary.org/obo/HP_6000282,Elevated circulating aspartylglucosamine concentration
http://purl.obolibrary.org/obo/HP_6000283,Elevated urinary saccharopine level
http://purl.obolibrary.org/obo/HP_6000284,Tectal plate enlargement
http://purl.obolibrary.org/obo/HP_6000285,Retroperitoneal mass
http://purl.obolibrary.org/obo/HP_6000288,Deep neck abscess
http://purl.obolibrary.org/obo/HP_6000289,Epiglottic enlargement
http://purl.obolibrary.org/obo/HP_6000290,Prevertebral space enlargement
http://purl.obolibrary.org/obo/HP_6000292,Elevated tissue sphingomyelin concentration
http://purl.obolibrary.org/obo/HP_6000295,Persistent falcine venous sinus
http://purl.obolibrary.org/obo/HP_6000298,Snapping sensation at metacarpophalangeal joint
http://purl.obolibrary.org/obo/HP_6000299,Forearm pain
http://purl.obolibrary.org/obo/HP_6000303,Decreased skin turgor
http://purl.obolibrary.org/obo/HP_6000306,Autonomic-voluntary dissociation of facial movements
http://purl.obolibrary.org/obo/HP_6000307,Jaw mass
http://purl.obolibrary.org/obo/HP_6000310,Preterm premature rupture of membranes
http://purl.obolibrary.org/obo/HP_6000313,Incomplete right bundle branch block
http://purl.obolibrary.org/obo/HP_6000316,Spastic monoplegia
http://purl.obolibrary.org/obo/HP_6000317,Mosaic attenuation pattern in lung
http://purl.obolibrary.org/obo/HP_6000318,Elevated aldosterone:renin ratio
http://purl.obolibrary.org/obo/HP_6000319,Meteorism
http://purl.obolibrary.org/obo/HP_6000320,Failure to elevate ammonia on ischemic exercise
http://purl.obolibrary.org/obo/HP_6000321,Labile Hypertension
http://purl.obolibrary.org/obo/HP_6000322,Absent axon flare response after intradermal histamine injection
http://purl.obolibrary.org/obo/HP_6000323,Reduced sympathoneural responses to the cold pressor test
http://purl.obolibrary.org/obo/HP_6000328,Absent zona pellucida
http://purl.obolibrary.org/obo/HP_6000331,Elevated urinary thymine level
http://purl.obolibrary.org/obo/HP_6000332,Elevated urinary indoleacetic acid level
http://purl.obolibrary.org/obo/HP_6000333,Reduced hepatic phosphorylase kinase activity
http://purl.obolibrary.org/obo/HP_6000334,Reduced hepatic ornithine transcarbamylase activity
http://purl.obolibrary.org/obo/HP_6000335,Elevated urinary quinolinic acid level
http://purl.obolibrary.org/obo/HP_6000338,Seminal vesicle hypoplasia
http://purl.obolibrary.org/obo/HP_6000339,Decreased fetal abdominal circumference
http://purl.obolibrary.org/obo/HP_6000340,Prenatal flattened diaphragm
http://purl.obolibrary.org/obo/HP_6000341,Snowflake effect in amniotic cavity
http://purl.obolibrary.org/obo/HP_6000343,Antiparietal cell antibody positivity
http://purl.obolibrary.org/obo/HP_6000344,Anti-intrinsic factor antibody positivity
http://purl.obolibrary.org/obo/HP_6000345,Anti-human immunodeficiency virus antibody positivity
http://purl.obolibrary.org/obo/HP_6000346,Anti-polio virus antibody positivity
http://purl.obolibrary.org/obo/HP_6000347,Anti-NR2A antibody positivity
http://purl.obolibrary.org/obo/HP_6000348,Antistreptolysin O antibody positivity
http://purl.obolibrary.org/obo/HP_6000349,Reduced tissue tissue AICAR transformylase activity
http://purl.obolibrary.org/obo/HP_6000351,Anti-coagulation factor antibody positivity
http://purl.obolibrary.org/obo/HP_6000352,Tachyphagia
http://purl.obolibrary.org/obo/HP_6000353,Reduced tissue argininosuccinate synthetase activity
http://purl.obolibrary.org/obo/HP_6000354,Reduced aspartoacylase activity in cultured fibroblasts
http://purl.obolibrary.org/obo/HP_6000355,Reduced malonyl-CoA decarboxylase activity in cultured fibroblasts
http://purl.obolibrary.org/obo/HP_6000356,Reduced tissue medium-chain acyl-CoA dehydrogenase activity
http://purl.obolibrary.org/obo/HP_6000357,Reduced cystathionine beta-synthase activity in cultured fibroblasts
http://purl.obolibrary.org/obo/HP_6000358,Reduced muscle glycogen phosphorylase activity
http://purl.obolibrary.org/obo/HP_6000359,Reduced muscle 6-phosphofructokinase activity
http://purl.obolibrary.org/obo/HP_6000360,Reduced tissue alpha-N-acetylglucosaminidase activity
http://purl.obolibrary.org/obo/HP_6000361,Reduced succinyl-CoA:3-oxoacid-CoA transferase activity in cultured fibroblasts
http://purl.obolibrary.org/obo/HP_6000362,Blunted aldosterone response to aldosterone suppression test
http://purl.obolibrary.org/obo/HP_6000363,Flank mass
http://purl.obolibrary.org/obo/HP_6000364,Synovial cyst
http://purl.obolibrary.org/obo/HP_6000366,Gastrocnemius contracture
http://purl.obolibrary.org/obo/HP_6000367,Central thinning of the outer nuclear layer of the retina
http://purl.obolibrary.org/obo/HP_6000369,Ductus venosus agenesis with intrahepatic drainage
http://purl.obolibrary.org/obo/HP_6000370,Ductus venosus agenesis with extrahepatic drainage and liver bypass
http://purl.obolibrary.org/obo/HP_6000371,Elevated circulating D-glyceric acid concentration
http://purl.obolibrary.org/obo/HP_6000374,Increased circulating interleukin 1beta concentration
http://purl.obolibrary.org/obo/HP_6000375,Reduced neutrophil myeloperoxidase activity
http://purl.obolibrary.org/obo/HP_6000376,Jugular foramen stenosis
http://purl.obolibrary.org/obo/HP_6000380,Anti-perilipin-1 antibody positivity
http://purl.obolibrary.org/obo/HP_6000383,Gastric perforation
http://purl.obolibrary.org/obo/HP_6000384,Gastric volvulus
http://purl.obolibrary.org/obo/HP_6000385,Elevated circulating sCD163 concentration
http://purl.obolibrary.org/obo/HP_6000386,Positive cold agglutinin test
http://purl.obolibrary.org/obo/HP_6000387,Anti-D-L antibody positivity
http://purl.obolibrary.org/obo/HP_6000388,Anti-erythrocyte autoantibody positivity
http://purl.obolibrary.org/obo/HP_6000390,Elevated urinary succinylaminoimidazole carboxamide riboside level
http://purl.obolibrary.org/obo/HP_6000392,Elevated urinary methylmalonylcarnitine level
http://purl.obolibrary.org/obo/HP_6000395,Positive CSF VDRL test
http://purl.obolibrary.org/obo/HP_6000402,Elevated circulating 27-hydroxycholesterol concentration
http://purl.obolibrary.org/obo/HP_6000403,Elevated circulating lysophosphatidylcholine concentration
http://purl.obolibrary.org/obo/HP_6000404,Reduced circulating insulin-like growth factor 2 concentration
http://purl.obolibrary.org/obo/HP_6000405,Decreased circulating nicotinamide adenine dinucleotide concentration
http://purl.obolibrary.org/obo/HP_6000406,Diminished circulating reduced nicotinamide adenine dinucleotide concentration
http://purl.obolibrary.org/obo/HP_6000407,Elevated circulating fibroblast growth factor 23 concentration
http://purl.obolibrary.org/obo/HP_6000411,Facial nerve compression
http://purl.obolibrary.org/obo/HP_6000412,Pulmonary perfusion defect
http://purl.obolibrary.org/obo/HP_6000415,Intradural spinal lipoma
http://purl.obolibrary.org/obo/HP_6000418,Rheumatoid nodule
http://purl.obolibrary.org/obo/HP_6000419,Elevated circulating proinsulin concentration
http://purl.obolibrary.org/obo/HP_6000420,Burning eye sensation
http://purl.obolibrary.org/obo/HP_6000421,Collarettes
http://purl.obolibrary.org/obo/HP_6000424,Kerion
http://purl.obolibrary.org/obo/HP_6000426,Reduced Acyl-CoA:dihydroxyacetone phosphate acyltransferase activity in cultured fibroblasts
http://purl.obolibrary.org/obo/HP_6000427,Reduced alkyl-dihydroxyacetonephosphate synthase activity in cultured fibroblasts
http://purl.obolibrary.org/obo/HP_6000428,Glomerular fibronectin deposits
http://purl.obolibrary.org/obo/HP_6000430,Reduced tissue acetyl-CoA carboxylase activity
http://purl.obolibrary.org/obo/HP_6000431,Elevated urinary glycolic acid level
http://purl.obolibrary.org/obo/HP_6000433,Elevated urinary butyric acid level
http://purl.obolibrary.org/obo/HP_6000434,Elevated urinary isovaleric acid level
http://purl.obolibrary.org/obo/HP_6000435,Elevated circulating alpha-ketoglutarate concentration
http://purl.obolibrary.org/obo/HP_6000436,Elevated circulating ghrelin concentration
http://purl.obolibrary.org/obo/HP_6000438,Reduced urinary iodine level
http://purl.obolibrary.org/obo/HP_6000439,Increased circulating interleukin 15 concentration
http://purl.obolibrary.org/obo/HP_6000440,Reduced circulating squalene concentration
http://purl.obolibrary.org/obo/HP_6000441,Abnormal circulating interleukin 6 concentration
http://purl.obolibrary.org/obo/HP_6000442,Abnormal circulating interleukin 12 concentration
http://purl.obolibrary.org/obo/HP_6000443,Elevated blood mercury concentration
http://purl.obolibrary.org/obo/HP_6000444,Elevated blood cadmiun concentration
http://purl.obolibrary.org/obo/HP_6000445,Elevated thallium concentration
http://purl.obolibrary.org/obo/HP_6000446,Abnormal circulating CC chemokine concentration
http://purl.obolibrary.org/obo/HP_6000448,Anti-desmocollin antibody positivity
http://purl.obolibrary.org/obo/HP_6000453,Bilioduodenal fistula
http://purl.obolibrary.org/obo/HP_6000454,Pneumobilia
http://purl.obolibrary.org/obo/HP_6000455,Ectopic gallstone
http://purl.obolibrary.org/obo/HP_6000456,Sleep drunkeness
http://purl.obolibrary.org/obo/HP_6000457,Mallory bodies
http://purl.obolibrary.org/obo/HP_6000458,Sulfur-containing abscess
http://purl.obolibrary.org/obo/HP_6000462,Anti-ADAMTS13 antibody positivity
http://purl.obolibrary.org/obo/HP_6000463,Habitual mouth breathing
http://purl.obolibrary.org/obo/HP_6000470,Fetal oral mass
http://purl.obolibrary.org/obo/HP_6000471,Dilated ejaculatory duct
http://purl.obolibrary.org/obo/HP_6000472,Decreased Wiskott-Aldrich syndrome protein concentration in hematopoietic cells
http://purl.obolibrary.org/obo/HP_6000473,Decreased FOXP3-expressing T cell count
http://purl.obolibrary.org/obo/HP_6000474,Elevated circulating complement component concentration
http://purl.obolibrary.org/obo/HP_6000475,Anti-beta fodrin antibody positivity
http://purl.obolibrary.org/obo/HP_6000476,Elevated circulating tetradecenoylcarnitine concentration
http://purl.obolibrary.org/obo/HP_6000478,"Elevated circulating 2-trans,4-cis-decadienoylcarnitine concentration"
http://purl.obolibrary.org/obo/HP_6000481,Reduced urinary manganese level
http://purl.obolibrary.org/obo/HP_6000482,Decreased circulating catecholamine concentration
http://purl.obolibrary.org/obo/HP_6000484,Elevated brain guanidinoacetate level by MRS
http://purl.obolibrary.org/obo/HP_6000486,Elevated circulating CXCL10 concentration
http://purl.obolibrary.org/obo/HP_6000487,Reduced circulating interleukin 12 concentration
http://purl.obolibrary.org/obo/HP_6000488,Reduced circulating fibroblast growth factor 23 concentration
http://purl.obolibrary.org/obo/HP_6000489,Abnormal circulating fibroblast growth factor 23 concentration
http://purl.obolibrary.org/obo/HP_6000490,Impaired heel-walking ability
http://purl.obolibrary.org/obo/HP_6000491,Anti-prothrombin antibody positivity
http://purl.obolibrary.org/obo/HP_6000492,Anti-factor V antibody positivity
http://purl.obolibrary.org/obo/HP_6000493,Anti-factor VII antibody positivity
http://purl.obolibrary.org/obo/HP_6000494,Anti-factor VIII antibody positivity
http://purl.obolibrary.org/obo/HP_6000495,Anti-factor IX antibody positivity
http://purl.obolibrary.org/obo/HP_6000496,Anti-factor X antibody positivity
http://purl.obolibrary.org/obo/HP_6000497,Anti-factor XI antibody positivity
http://purl.obolibrary.org/obo/HP_6000498,Anti-factor XIII antibody positivity
http://purl.obolibrary.org/obo/HP_6000499,Anti-factor H antibody positivity
http://purl.obolibrary.org/obo/HP_6000500,Extremities cold to touch
http://purl.obolibrary.org/obo/HP_6000501,Ruffled acrosome
http://purl.obolibrary.org/obo/HP_6000502,Elevated circulating calprotectin concentration
http://purl.obolibrary.org/obo/HP_6000504,Poly-hill sign
http://purl.obolibrary.org/obo/HP_6000506,Radioulnar subluxation
http://purl.obolibrary.org/obo/HP_6000507,Non-pitting edema
http://purl.obolibrary.org/obo/HP_6000508,Anti-human ferritin peptide antibody positivity
http://purl.obolibrary.org/obo/HP_6000510,Elevated erythrocyte inosine triphosphate concentration
http://purl.obolibrary.org/obo/HP_6000511,Reduced erythrocyte inosine triphosphatase activity
http://purl.obolibrary.org/obo/HP_6000512,"Reduced circulating alpha-1,3-fucosyltransferase activity"
http://purl.obolibrary.org/obo/HP_6000513,Diminished neutrophil myeloperoxidase activity
http://purl.obolibrary.org/obo/HP_6000514,Reduced erythrocyte uroporphyrinogen III cosynthase activity
http://purl.obolibrary.org/obo/HP_6000515,Elevated 18-hydroxycorticosterone to aldosterone ratio
http://purl.obolibrary.org/obo/HP_6000516,Elevated circulating 21-deoxycortisol concentration
http://purl.obolibrary.org/obo/HP_6000517,Elevated monolysocardiolipin/cardiolipin ratio
http://purl.obolibrary.org/obo/HP_6000519,Elevated circulating inhibin A concentration
http://purl.obolibrary.org/obo/HP_6000520,Increased circulating inhibin B concentration
http://purl.obolibrary.org/obo/HP_6000521,Elevated circulating lipoprotein(a) concentration
http://purl.obolibrary.org/obo/HP_6000522,Reduced circulating lipoprotein(a) concentration
http://purl.obolibrary.org/obo/HP_6000524,Abnormal urinary bile acid level
http://purl.obolibrary.org/obo/HP_6000525,Reduced erythrocyte glutathione reductase activity
http://purl.obolibrary.org/obo/HP_6000526,Failure to elevate lactate upon ischemic exercise test
http://purl.obolibrary.org/obo/HP_6000527,Elevated circulating cholestanol concentration
http://purl.obolibrary.org/obo/HP_6000531,Abnormal urinary organic compound level
http://purl.obolibrary.org/obo/HP_6000532,Elevated urinary histamine level
http://purl.obolibrary.org/obo/HP_6000533,Elevated urinary N-methylhistamine level
http://purl.obolibrary.org/obo/HP_6000534,Elevated urinary ureidopropionic acid level
http://purl.obolibrary.org/obo/HP_6000535,Elevated urinary porphyrin level
http://purl.obolibrary.org/obo/HP_6000536,Elevated urinary coproporphyrin level
http://purl.obolibrary.org/obo/HP_6000541,Positive cutaneous herpes simplex virus nucleic acid test
http://purl.obolibrary.org/obo/HP_6000542,Positive CSF mycobacterium tuberculosis nucleic acid test
http://purl.obolibrary.org/obo/HP_6000544,Positive mycobacterium CSF microscopy
http://purl.obolibrary.org/obo/HP_6000545,Positive treponema pallidum PCR test in the blood circulation
http://purl.obolibrary.org/obo/HP_6000546,Positive human Immunodeficiency virus nucleic acid test in the blood circulation
http://purl.obolibrary.org/obo/HP_6000547,Positive CSF enterovirus nucleic acid test
http://purl.obolibrary.org/obo/HP_6000548,Positive CSF Borrelia burgdorferi nucleic acid test
http://purl.obolibrary.org/obo/HP_6000549,Positive CSF arbovirus nucleic acid test
http://purl.obolibrary.org/obo/HP_6000550,Positive Bartonella henselae nucleic acid test in the blood circulation
http://purl.obolibrary.org/obo/HP_6000551,Positive Dengue virus PCR test in the blood circulation
http://purl.obolibrary.org/obo/HP_6000552,Positive CSF JC-virus nucleic acid test
http://purl.obolibrary.org/obo/HP_6000553,Bloodstream Malaria parasite
http://purl.obolibrary.org/obo/HP_6000554,Positive bloodstream plasmodium falciparum nucleic acid pathogen test
http://purl.obolibrary.org/obo/HP_6000555,"Decreased erythrocyte fructose-1,6-bisphosphate aldolase activity"
http://purl.obolibrary.org/obo/HP_6000556,Reduced circulating dopamine beta-hydroxylase activity
http://purl.obolibrary.org/obo/HP_6000557,Reduced erythrocyte bisphosphoglycerate mutase activity
http://purl.obolibrary.org/obo/HP_6000558,Reduced erythrocyte adenylate kinase activity
http://purl.obolibrary.org/obo/HP_6000559,Reduced erythrocyte hexokinase activity
http://purl.obolibrary.org/obo/HP_6000560,Decreased circulating carboxypeptidase N activity
http://purl.obolibrary.org/obo/HP_6000561,Elevated red cell pyruvate kinase activity
http://purl.obolibrary.org/obo/HP_6000562,Reduced circulating adenosine deaminase-2 activity
http://purl.obolibrary.org/obo/HP_6000563,Reduced sepiapterin reductase activity in cultured fibroblasts
http://purl.obolibrary.org/obo/HP_6000564,Elevated circulating vasoactive intestinal peptide concentration
http://purl.obolibrary.org/obo/HP_6000565,Elevated circulating cholesterol sulfate concentration
http://purl.obolibrary.org/obo/HP_6000566,Elevated circulating lipoprotein-X concentration
http://purl.obolibrary.org/obo/HP_6000567,Elevated circulating oxalate concentration
http://purl.obolibrary.org/obo/HP_6000568,Elevated blood ethylene glycol concentration
http://purl.obolibrary.org/obo/HP_6000570,Reduced tissue thymidine phosphorylase activity
http://purl.obolibrary.org/obo/HP_6000571,Reduced tissue tripeptidyl peptidase 1 activity
http://purl.obolibrary.org/obo/HP_6000572,Reduced tissue arginine:glycine amidinotransferase activity
http://purl.obolibrary.org/obo/HP_6000573,Reduced tissue aspartylglucosaminidase activity
http://purl.obolibrary.org/obo/HP_6000574,Reduced tissue carnitine-acylcarnitine translocase activity
http://purl.obolibrary.org/obo/HP_6000575,Reduced circulating 6-pyruvoyltetrahydropterin synthase activity
http://purl.obolibrary.org/obo/HP_6000576,Reduced tissue mannosyl-oligosaccharide glucosidase activity
http://purl.obolibrary.org/obo/HP_6000577,Reduced tissue 3-methylglutaconyl-CoA hydratase activity
http://purl.obolibrary.org/obo/HP_6000578,Reduced tissue gamma-glutamyltransferase activity
http://purl.obolibrary.org/obo/HP_6000579,Positive oropharangeal infectious agent test
http://purl.obolibrary.org/obo/HP_6000580,Positive oropharynx poliovirus nucleic acid test
http://purl.obolibrary.org/obo/HP_6000581,Positive synonvial fluid infectious agent test
http://purl.obolibrary.org/obo/HP_6000582,Positive synonvial fluid culture
http://purl.obolibrary.org/obo/HP_6000583,Positive synovial fluid gram stain
http://purl.obolibrary.org/obo/HP_6000584,Anti Parvovirus antibody positivity
http://purl.obolibrary.org/obo/HP_6000586,Muscle arteriovenous malformation
http://purl.obolibrary.org/obo/HP_6000587,Bone arteriovenous malformation
http://purl.obolibrary.org/obo/HP_6000590,Spinal lipoma
http://purl.obolibrary.org/obo/HP_6000591,Loose body in joint
http://purl.obolibrary.org/obo/HP_6000592,Paraspinal arteriovenous malformation
http://purl.obolibrary.org/obo/HP_6000598,Elevated urinary succinylacetone level
http://purl.obolibrary.org/obo/HP_6000599,Elevated urinary 2-oxoisocaproic level
http://purl.obolibrary.org/obo/HP_6000600,Elevated urinary 2-oxovaleric acid level
http://purl.obolibrary.org/obo/HP_6000601,Elevated urinary 2-hydroxyisocaproic acid level
http://purl.obolibrary.org/obo/HP_6000602,Elevated urinary isovalerylglycine level
http://purl.obolibrary.org/obo/HP_6000603,Elevated urinary 2-methyl-3-hydroxybutyric acid level
http://purl.obolibrary.org/obo/HP_6000604,Elevated urinary 3-hydroxypentanoic acid level
http://purl.obolibrary.org/obo/HP_6000605,Elevated urinary 7-hydroxyoctanoic acid level
http://purl.obolibrary.org/obo/HP_6000606,Elevated urinary D-glyceric acid level
http://purl.obolibrary.org/obo/HP_6000607,Elevated urinary 3-hydroxyisobutyric acid level
http://purl.obolibrary.org/obo/HP_6000608,"Elevated urinary 3,4-Dihydroxybutyric acid level"
http://purl.obolibrary.org/obo/HP_6000609,Elevated urinary 3-hydroxyadipic acid level
http://purl.obolibrary.org/obo/HP_6000610,Elevated erythrocyte galactose-1-phosphate concentration
http://purl.obolibrary.org/obo/HP_6000611,Elevated circulating chitotriosidase activity
http://purl.obolibrary.org/obo/HP_6000612,Squamosal suture synostosis
http://purl.obolibrary.org/obo/HP_6000613,Enlarged fetal lungs
http://purl.obolibrary.org/obo/HP_6000614,Orbital inflammation
http://purl.obolibrary.org/obo/HP_6000615,Reduced Inositol polyphosphate 5-phosphatase OCRL-1 activity in cultured fibroblasts
http://purl.obolibrary.org/obo/HP_6000616,Reduced muscle glycogen debrancher enzyme activity
http://purl.obolibrary.org/obo/HP_6000617,Reduced tissue UDP-glucuronyl-transferase activity
http://purl.obolibrary.org/obo/HP_6000618,Temporal artery giant cells
http://purl.obolibrary.org/obo/HP_6000619,Reduced phosphoenolpyruvate carboxykinase activity in cultured fibroblasts
http://purl.obolibrary.org/obo/HP_6000620,Elevated urinary pyrroline hydroxycarboxylic acid level
http://purl.obolibrary.org/obo/HP_6000621,Elevated urinary N-tau-ribosylhistidine level
http://purl.obolibrary.org/obo/HP_6000622,Elevated urinary ureidoisobutyric acid level
http://purl.obolibrary.org/obo/HP_6000623,Elevated urinary N-carbamyl-beta-aminoisobutyric acid level
http://purl.obolibrary.org/obo/HP_6000627,Rest limb pain
http://purl.obolibrary.org/obo/HP_6000633,High-pitched bowel sounds
http://purl.obolibrary.org/obo/HP_6000635,Breast granuloma
http://purl.obolibrary.org/obo/HP_6000637,Sweating and flushing in the preauricular area in response to mastication
http://purl.obolibrary.org/obo/HP_6000638,Reduced hepatic glyoxylate reductase activity
http://purl.obolibrary.org/obo/HP_6000639,PAS-positive lymphocyte vacuolization
http://purl.obolibrary.org/obo/HP_6000640,Lipid-laden bone-marrow macrophages
http://purl.obolibrary.org/obo/HP_6000641,Bone marrow monocytosis
http://purl.obolibrary.org/obo/HP_6000642,Sunflower cataract
http://purl.obolibrary.org/obo/HP_6000643,Anti-lamin A antibody positivity
http://purl.obolibrary.org/obo/HP_6000644,Anti-lamin C antibody positivity
http://purl.obolibrary.org/obo/HP_6000645,Anti-vinculin antibody positivity
http://purl.obolibrary.org/obo/HP_6000646,Anti-annexin A5 antibody positivity
http://purl.obolibrary.org/obo/HP_6000650,Distal tibiofibular synostosis
http://purl.obolibrary.org/obo/HP_6000656,Papillary dermis eosinophilic hyaline material
http://purl.obolibrary.org/obo/HP_6000658,Medium vessel vasculitis
http://purl.obolibrary.org/obo/HP_6000659,Elevated muscle fiber laminin alpha 5 expression
http://purl.obolibrary.org/obo/HP_6000660,Paravertebral mass
http://purl.obolibrary.org/obo/HP_6000661,Phlebolith
http://purl.obolibrary.org/obo/HP_6000662,Bladder rupture
http://purl.obolibrary.org/obo/HP_6000664,Right ventricular regional wall motion abnormality
http://purl.obolibrary.org/obo/HP_6000665,Right ventricular regional akinesia
http://purl.obolibrary.org/obo/HP_6000666,Right ventricular regional dyskinesia
http://purl.obolibrary.org/obo/HP_6000667,Right ventricular aneurysm
http://purl.obolibrary.org/obo/HP_6000668,Glomerular immune-complex deposition
http://purl.obolibrary.org/obo/HP_6000669,Glomerular PLA2R immune-complex deposition
http://purl.obolibrary.org/obo/HP_6000670,Elevated urinary L-glycerate level
http://purl.obolibrary.org/obo/HP_6000675,Elevated urinary mevalonate lactone level
http://purl.obolibrary.org/obo/HP_6000676,Anti-von Willebrand factor antibody positivity
http://purl.obolibrary.org/obo/HP_6000677,Increased total natural killer cell count
http://purl.obolibrary.org/obo/HP_6000678,Myositis-specific autoantibody positivity
http://purl.obolibrary.org/obo/HP_6000679,Abnormal serum osmolality
http://purl.obolibrary.org/obo/HP_6000680,Low serum osmolality
http://purl.obolibrary.org/obo/HP_6000681,High serum osmolality
http://purl.obolibrary.org/obo/HP_6000685,Mitral opening snap
http://purl.obolibrary.org/obo/HP_6000687,Elevated circulating CCL3 concentration
http://purl.obolibrary.org/obo/HP_6000688,Elevated circulating CCL4 concentration
http://purl.obolibrary.org/obo/HP_6000691,Left atrial fibrosis
http://purl.obolibrary.org/obo/HP_6000692,Abnormal circulating proANP concentration
http://purl.obolibrary.org/obo/HP_6000693,Decreased circulating NT-proANP concentration
http://purl.obolibrary.org/obo/HP_6000694,Elevated circulating 1-pyrroline-5-carboxylic acid concentration
http://purl.obolibrary.org/obo/HP_6000695,Reduced tissue delta-1-pyrroline-5-carboxylate dehydrogenase activity
http://purl.obolibrary.org/obo/HP_6000696,Elevated circulating N-carbamyl-beta-aminoisobutyric acid concentration
http://purl.obolibrary.org/obo/HP_6000697,Low tissue ferrochelatase activity
http://purl.obolibrary.org/obo/HP_6000698,Elevated circulating heptacarboxylporphyrin concentration
http://purl.obolibrary.org/obo/HP_6000700,Reduced breast milk zinc concentration
http://purl.obolibrary.org/obo/HP_6000701,Elevated urinary bile acid level
http://purl.obolibrary.org/obo/HP_6000702,Elevated urinary glyoxylic acid level
http://purl.obolibrary.org/obo/HP_6000703,Elevated circulating 3-hydroxyanthranilic acid concentration
http://purl.obolibrary.org/obo/HP_6000704,Elevated circulating CXCL9 concentration
http://purl.obolibrary.org/obo/HP_6000709,Absent Bell phenomenon
http://purl.obolibrary.org/obo/HP_6000710,Dalen-Fuchs nodules
http://purl.obolibrary.org/obo/HP_6000715,Central giant cell lesion of the jaw
http://purl.obolibrary.org/obo/HP_6000717,Axonal spheroids
http://purl.obolibrary.org/obo/HP_6000719,Reduced tissue type II iodothyronine deiodinase activity
http://purl.obolibrary.org/obo/HP_6000720,Reduced tissue fatty aldehyde dehydrogenase activity
http://purl.obolibrary.org/obo/HP_6000721,Decreased circulating pancreatic isoamylase activity
http://purl.obolibrary.org/obo/HP_6000722,Reduced tissue guanidinoacetate methyltransferase activity
http://purl.obolibrary.org/obo/HP_6000723,Reduced erythrocyte galactokinase activity
http://purl.obolibrary.org/obo/HP_6000724,Auspitz sign
http://purl.obolibrary.org/obo/HP_6000725,Salty tasting skin
http://purl.obolibrary.org/obo/HP_6000729,Positive CSF fungus test
http://purl.obolibrary.org/obo/HP_6000730,Positive CSF human T-lymphotropic virus type I antibody positivity
http://purl.obolibrary.org/obo/HP_6000732,Anti-streptococcus deoxyribonuclease-B antibody positivity
http://purl.obolibrary.org/obo/HP_6000733,Positive streptococcus A rapid antigen detection test
http://purl.obolibrary.org/obo/HP_6000734,Positive synovial mycobacterial culture
http://purl.obolibrary.org/obo/HP_6000735,Positive mycobacterial synovial nucleic acid test
http://purl.obolibrary.org/obo/HP_6000736,Positive bloodstream babesia nucleic acid pathogen test
http://purl.obolibrary.org/obo/HP_6000737,Positive bloodstream influenza nucleic test
http://purl.obolibrary.org/obo/HP_6000738,Positive bloodstream parainfluenza virus nucleic acid test
http://purl.obolibrary.org/obo/HP_6000739,Positive bloodstream adenovirus nucleic acid test
http://purl.obolibrary.org/obo/HP_6000740,Anti-Francisella tularensis antibody positivity
http://purl.obolibrary.org/obo/HP_6000741,Positive bloodstream MERS coronavirus nucleic acid test
http://purl.obolibrary.org/obo/HP_6000742,Positive nasopharyngeal corynebacterium diphtheriae nucleic acid test
http://purl.obolibrary.org/obo/HP_6000743,Pediculosis capitis
http://purl.obolibrary.org/obo/HP_6000744,Premature glabellar skin wrinkling
http://purl.obolibrary.org/obo/HP_6000745,Flexural reticulate hyperpigmentation
http://purl.obolibrary.org/obo/HP_6000746,Elevated fractional excretion of urate
http://purl.obolibrary.org/obo/HP_6000747,Abnormal urinary creatine level
http://purl.obolibrary.org/obo/HP_6000748,Decreased urinary creatine level
http://purl.obolibrary.org/obo/HP_6000749,Elevated circulating PINP concentration
http://purl.obolibrary.org/obo/HP_6000750,Decreased tissue S-adenosylhomocysteine hydrolase activity
http://purl.obolibrary.org/obo/HP_6000751,Decreased urinary dopamine level
http://purl.obolibrary.org/obo/HP_6000752,Elevated erythrocyte AICA-ribotide concentration
http://purl.obolibrary.org/obo/HP_6000753,Elevated circulating monomethyl sterol concentration
http://purl.obolibrary.org/obo/HP_6000754,Elevated circulating dimethyl sterol concentration
http://purl.obolibrary.org/obo/HP_6000755,Elevated circulating C-terminal fibroblast growth factor 23 concentration
http://purl.obolibrary.org/obo/HP_6000756,Elevated urinary 5-hydroxyindoleacetic acid level
http://purl.obolibrary.org/obo/HP_6000757,Elevated circulating thiosulfate concentration
http://purl.obolibrary.org/obo/HP_6000758,Elevated circulating interleukin 1 receptor antagonist concentration
http://purl.obolibrary.org/obo/HP_6000759,Positive CSF West Nile virus nucleic acid test
http://purl.obolibrary.org/obo/HP_6000760,Positive CSF herpes simplex virus nucleic acid test
http://purl.obolibrary.org/obo/HP_6000761,Positive CSF cryptococcal antigen test
http://purl.obolibrary.org/obo/HP_6000762,Positive rubella CSF culture
http://purl.obolibrary.org/obo/HP_6000763,Positive CSF treponema pallidum nucleic acid test
http://purl.obolibrary.org/obo/HP_6000766,Positive CSF Tropheryma whipplei bacteria microscopy
http://purl.obolibrary.org/obo/HP_6000767,CSF treponemal antibody positivity
http://purl.obolibrary.org/obo/HP_6000768,Echophenomenon
http://purl.obolibrary.org/obo/HP_6000769,Paracentral hyper-autofluorecence
http://purl.obolibrary.org/obo/HP_6000770,Fixed fetal extremities
http://purl.obolibrary.org/obo/HP_6000771,Abnormal peripapillary microvascular network
http://purl.obolibrary.org/obo/HP_6000772,Auriculitis
http://purl.obolibrary.org/obo/HP_6000775,Elevated urinary 4-tyramine level
http://purl.obolibrary.org/obo/HP_6000776,Elevated circulating 3-hydroxykynurenine concentration
http://purl.obolibrary.org/obo/HP_6000781,Reduced tissue phosphomannomutase activity
http://purl.obolibrary.org/obo/HP_6000782,Reduced tissue phosphomannose isomerase activity
http://purl.obolibrary.org/obo/HP_6000783,Reduced tissue palmitoyl-protein thioesterase activity
http://purl.obolibrary.org/obo/HP_6000785,Protein craving
http://purl.obolibrary.org/obo/HP_6000787,Basilar artery fenestration
http://purl.obolibrary.org/obo/HP_6000788,Displacement of the extensor tendon in metacarpophalangeal joint
http://purl.obolibrary.org/obo/HP_6000789,Heloma
http://purl.obolibrary.org/obo/HP_6000791,Distortion of the anterior part of the interhemispheric fissure
http://purl.obolibrary.org/obo/HP_6000792,Positive lacrimal tract actinomyces culture
http://purl.obolibrary.org/obo/HP_6000793,Eschar
http://purl.obolibrary.org/obo/HP_6000795,Anti-folate receptor antibody positivity
http://purl.obolibrary.org/obo/HP_6000796,Positive bloodstream VDRL test
http://purl.obolibrary.org/obo/HP_6000797,Positive bloodstream rapid plasma reagin test
http://purl.obolibrary.org/obo/HP_6000798,Positive bloodstream HIV p24 antigen test
http://purl.obolibrary.org/obo/HP_6000799,Positive Quantiferon tuberculosis test
http://purl.obolibrary.org/obo/HP_6000800,Tzanck smear with multinucleated giant cells
http://purl.obolibrary.org/obo/HP_6000801,Positive Mazzotti test
http://purl.obolibrary.org/obo/HP_6000802,Positive bloodstream Tropheryma whipplei nucleic acid test
http://purl.obolibrary.org/obo/HP_6000803,"Elevated urinary 2,8-dihydroxyadenine level"
http://purl.obolibrary.org/obo/HP_6000805,Elevated urinary uroporphyrin level
http://purl.obolibrary.org/obo/HP_6000806,Elevated urinary phosphohydroxylysine level
http://purl.obolibrary.org/obo/HP_6000808,Periumbilical depression
http://purl.obolibrary.org/obo/HP_6000809,Thickened tibial cortex
http://purl.obolibrary.org/obo/HP_6000812,Thickened cortex of the ulna
http://purl.obolibrary.org/obo/HP_6000813,Elevated circulating aspartate aminotransferase to alanine aminotransferase ratio
http://purl.obolibrary.org/obo/HP_6000815,Amyloid goiter
http://purl.obolibrary.org/obo/HP_6000816,Prominent lesser trochanter
http://purl.obolibrary.org/obo/HP_6000817,Melorheostosis
http://purl.obolibrary.org/obo/HP_6000819,Elevated circulating beta-glucuronidase activity
http://purl.obolibrary.org/obo/HP_6000820,Elevated osmolality gap
http://purl.obolibrary.org/obo/HP_6000821,Elevated circulating bile alcohol concentration
http://purl.obolibrary.org/obo/HP_6000825,Reduced C27 3beta-HSD activity in cultured fibroblasts
http://purl.obolibrary.org/obo/HP_6000826,"Reduced procollagen-lysine,2-oxoglutarate 5-dioxygenase 1 activity in cultured fibroblasts"
http://purl.obolibrary.org/obo/HP_6000827,Diminished tissue fumarylacetoacetate hydrolase activity
http://purl.obolibrary.org/obo/HP_6000828,Reduced tissue peptidase D activity
http://purl.obolibrary.org/obo/HP_6000829,Reduced tissue glycine cleavage enzyme activity
http://purl.obolibrary.org/obo/HP_6000830,Diminished alpha-ketoglutarate dehydrogenase activity in cultured fibroblasts
http://purl.obolibrary.org/obo/HP_6000831,Increased circulating dihydroxycholestanoic acid concentration
http://purl.obolibrary.org/obo/HP_6000832,Reduced tissue phosphorylase kinase activity
http://purl.obolibrary.org/obo/HP_6000833,Hyperkalemia while symptomatic
http://purl.obolibrary.org/obo/HP_6000834,Elevated urinary gamma-glutamylcysteine level
http://purl.obolibrary.org/obo/HP_6000835,Positive CSF mycobacterial culture
http://purl.obolibrary.org/obo/HP_6000836,Positive respiratory tract nucleic acid pathogen test
http://purl.obolibrary.org/obo/HP_6000837,Positive respiratory tract SARS-CoV-2 coronavirus nucleic acid test
http://purl.obolibrary.org/obo/HP_6000840,Localized soft-tissue swelling on extremity
http://purl.obolibrary.org/obo/HP_6000843,Nonexudative conjunctivitis
http://purl.obolibrary.org/obo/HP_6000844,Nematode in retina
http://purl.obolibrary.org/obo/HP_6000846,Beaded bile ducts
http://purl.obolibrary.org/obo/HP_6000848,Superior olive hypertrophy
http://purl.obolibrary.org/obo/HP_6000849,Spinal extradural arachnoid cyst
http://purl.obolibrary.org/obo/HP_6000852,Megacolon
http://purl.obolibrary.org/obo/HP_6000854,Decreased circulating sulfate concentration
http://purl.obolibrary.org/obo/HP_6000855,Cold intolerance
http://purl.obolibrary.org/obo/HP_6000859,Dermal foam cells
http://purl.obolibrary.org/obo/HP_6000860,Diminished tissue very long-chain acyl-CoA dehydrogenase activity
http://purl.obolibrary.org/obo/HP_6000861,Diminished tissue glycogen branching enzyme activity
http://purl.obolibrary.org/obo/HP_6000862,Parotid adenoma
http://purl.obolibrary.org/obo/HP_6000863,Elevated serum-ascites albumin gradient (SAAG)
http://purl.obolibrary.org/obo/HP_6000864,Transverse smile
http://purl.obolibrary.org/obo/HP_6000870,Metaphyseal chevron deformity
http://purl.obolibrary.org/obo/HP_6000871,Popcorn calcification
http://purl.obolibrary.org/obo/HP_6000872,Aplasia/Hypoplasia of the calvaria
http://purl.obolibrary.org/obo/HP_6000873,Bowdler spurs
http://purl.obolibrary.org/obo/HP_6000876,Anti-Glutamate Receptor delta2 antibody positivity
http://purl.obolibrary.org/obo/HP_6000877,Anti-dachshund family transcription factor 1 antibody positivity
http://purl.obolibrary.org/obo/HP_6000878,Anti-potassium channel tetramerization domain containing 16 antibody positivity
http://purl.obolibrary.org/obo/HP_6000879,Anti-regulator of G protein signaling 8 antibody positivity
http://purl.obolibrary.org/obo/HP_6000880,Anti-neurochondrin antibody positivity
http://purl.obolibrary.org/obo/HP_6000881,Anti-DCC netrin 1 receptor antibody positivity
http://purl.obolibrary.org/obo/HP_6000882,Anti-recoverin antibody positivity
http://purl.obolibrary.org/obo/HP_6000887,Elevated blood bismuth concentration
http://purl.obolibrary.org/obo/HP_6000888,Elevated urine bismuth level
http://purl.obolibrary.org/obo/HP_6000892,White matter globoid cells
http://purl.obolibrary.org/obo/HP_6000893,Gaucher cells
http://purl.obolibrary.org/obo/HP_6000898,Gastric carcinoid tumor
http://purl.obolibrary.org/obo/HP_6000899,Positive skin scabies test
http://purl.obolibrary.org/obo/HP_6000900,Positive mumps virus PCR test in the blood circulation
http://purl.obolibrary.org/obo/HP_6000901,Positive bloodstream tuberculosis-induced T-cell-based interferon-gamma release assay
http://purl.obolibrary.org/obo/HP_6000902,Positive blood Neisseria gonorrhoeae culture
http://purl.obolibrary.org/obo/HP_6000903,Anti-mumps antibody positivity
http://purl.obolibrary.org/obo/HP_6000905,Positive cutaneous varicella zoster virus nucleic acid test
http://purl.obolibrary.org/obo/HP_6000906,Positive bloodstream cryptococcus culture
http://purl.obolibrary.org/obo/HP_6000907,Positive bloodstream Borrelia miyamotoi nucleic acid test
http://purl.obolibrary.org/obo/HP_6000908,Positive bloodstream Coxsackievirus nucleic acid pathogen test
http://purl.obolibrary.org/obo/HP_6000910,Diminished tissue alpha-L-iduronidase activity
http://purl.obolibrary.org/obo/HP_6000911,Reduced tissue neuraminidase activity
http://purl.obolibrary.org/obo/HP_6000912,Nummular keratitis
http://purl.obolibrary.org/obo/HP_6000913,Swelling of inguinal region
http://purl.obolibrary.org/obo/HP_6000915,Dysorthography
http://purl.obolibrary.org/obo/HP_6000916,Echogenic fetal colon
http://purl.obolibrary.org/obo/HP_6000917,Bone marrow edema
http://purl.obolibrary.org/obo/HP_6000919,Trousseau sign
http://purl.obolibrary.org/obo/HP_6000920,Craniocervical junction constriction
http://purl.obolibrary.org/obo/HP_6000923,Positive bloodstream EBV monospot test
http://purl.obolibrary.org/obo/HP_6000924,Positive CSF Toxoplasma gondii antibody positivity
http://purl.obolibrary.org/obo/HP_6000925,Positive tuberculin skin test
http://purl.obolibrary.org/obo/HP_6000926,Anti-Treponema pallidum antibody positivity
http://purl.obolibrary.org/obo/HP_6000927,Positive CSF Borrelia burgdorferi antibody positivity
http://purl.obolibrary.org/obo/HP_6000928,Positive CSF JC-virus antibody positivity
http://purl.obolibrary.org/obo/HP_6000929,Neutralizing anti-rabies virus antibody positivity
http://purl.obolibrary.org/obo/HP_6000930,Impaired hepatobiliary scintigraphy tracer uptake
http://purl.obolibrary.org/obo/HP_6000931,Calcified pulmonary nodule
http://purl.obolibrary.org/obo/HP_6000933,Koebner Phenomenon
http://purl.obolibrary.org/obo/HP_6000934,Glenoid dysplasia
http://purl.obolibrary.org/obo/HP_6000938,Thumb hypoplasia grade 1
http://purl.obolibrary.org/obo/HP_6000939,Thumb hypoplasia grade 2
http://purl.obolibrary.org/obo/HP_6000940,Thumb hypoplasia grade 3A
http://purl.obolibrary.org/obo/HP_6000941,Thumb hypoplasia grade 3B
http://purl.obolibrary.org/obo/HP_6000942,Thumb hypoplasia grade 4
http://purl.obolibrary.org/obo/HP_6000944,Carotidynia
http://purl.obolibrary.org/obo/HP_6000947,Hemimelia of lower leg
http://purl.obolibrary.org/obo/HP_6000948,Hemimelia of forearm
http://purl.obolibrary.org/obo/HP_6000950,Breath-holding spell
http://purl.obolibrary.org/obo/HP_6000952,Delayed toe phalanx ossification
http://purl.obolibrary.org/obo/HP_6000954,Positive peritoneal fluid bacterial culture
http://purl.obolibrary.org/obo/HP_6000956,Exuberant granulation tissue
http://purl.obolibrary.org/obo/HP_6000957,Oral mucosal papule
http://purl.obolibrary.org/obo/HP_6000958,Excessive piloerection
http://purl.obolibrary.org/obo/HP_6000960,Serpiginous burrow
http://purl.obolibrary.org/obo/HP_6000961,Positive brain-tissue rabies nucleic acid test
http://purl.obolibrary.org/obo/HP_6000962,Positive respiratory tract Bordetella pertussis nucleic acid test
http://purl.obolibrary.org/obo/HP_6000963,Demonstration of acid-fast bacilli in wound tissue
http://purl.obolibrary.org/obo/HP_6000964,Positive tissue encapsulated budding yeast test
http://purl.obolibrary.org/obo/HP_6000965,Positive tissue coccidioidomycosis culture
http://purl.obolibrary.org/obo/HP_6000966,Diminished tissue dihydropteridine reductase activity
http://purl.obolibrary.org/obo/HP_6000969,Diminished circulating hyaluronidase activity
http://purl.obolibrary.org/obo/HP_6000970,Diminished sulfotransferase activity in cultured fibroblasts
http://purl.obolibrary.org/obo/HP_6000971,Elevated tissue alpha-N-acetylglucosaminidase activity
http://purl.obolibrary.org/obo/HP_6000972,Abnormal tissue alpha-N-acetylglucosaminidase activity
http://purl.obolibrary.org/obo/HP_6000973,Elevated circulating trihydroxycholestanoic acid concentration
http://purl.obolibrary.org/obo/HP_6000974,Elevated circulating glyoxylic acid concentration
http://purl.obolibrary.org/obo/HP_6000976,Intrahepatic inclusion bodies
http://purl.obolibrary.org/obo/HP_6000977,Muscle vacuoles
http://purl.obolibrary.org/obo/HP_6000978,Nonrimmed muscle vacuoles
http://purl.obolibrary.org/obo/HP_6000979,Reduced hepatic glycogen phosphorylase activity
http://purl.obolibrary.org/obo/HP_6000980,Bone marrow hemophagocytosis
http://purl.obolibrary.org/obo/HP_6000982,Immediate detumescence of penis at time of symptom onset
http://purl.obolibrary.org/obo/HP_6000984,Coved type ST segment elevation
http://purl.obolibrary.org/obo/HP_6000985,Saddle-back type ST segment elevation
http://purl.obolibrary.org/obo/HP_6000986,Substantially elevated circulating ethanol concentration
http://purl.obolibrary.org/obo/HP_6000991,Elevated circulating 4-hydroxybutyric acid concentration
http://purl.obolibrary.org/obo/HP_6000992,"Elevated urinary 2,4-dihydroxybutyric acid level"
http://purl.obolibrary.org/obo/HP_6000993,Pupillary hypersensitivity to parasympathomimetic agents
http://purl.obolibrary.org/obo/HP_6000994,Lack of pupillary response to hydroxyamphetamine
http://purl.obolibrary.org/obo/HP_6000995,Subcortical U fiber lesion
http://purl.obolibrary.org/obo/HP_6000996,Intraspinal extradural lipoma
http://purl.obolibrary.org/obo/HP_6000997,Intranasal mass
http://purl.obolibrary.org/obo/HP_6000999,Elevated urinary mandelic acid
http://purl.obolibrary.org/obo/HP_6001002,Elevated urinary vanillactic acid level
http://purl.obolibrary.org/obo/HP_6001005,Positive gastric CMV intranuclear inclusions
http://purl.obolibrary.org/obo/HP_6001007,Elevated urinary bile alcohol level
http://purl.obolibrary.org/obo/HP_6001010,Inability to protrude lips
http://purl.obolibrary.org/obo/HP_6001011,Wet voice
http://purl.obolibrary.org/obo/HP_6001012,Erythema marginatum
http://purl.obolibrary.org/obo/HP_6001014,Hiker's feet
http://purl.obolibrary.org/obo/HP_6001015,Anti-HLA-DQ antibody positivity
http://purl.obolibrary.org/obo/HP_6001016,Inappropriate normal or low erythropoietin
http://purl.obolibrary.org/obo/HP_6001017,Rapid gastric emptying
http://purl.obolibrary.org/obo/HP_6001021,Subcutaneous emphysema
http://purl.obolibrary.org/obo/HP_6001022,Elevated bone scintigraphy uptake
http://purl.obolibrary.org/obo/HP_6001023,Diminished long-chain-enoyl-CoA hydratase activity in cultured fibroblasts
http://purl.obolibrary.org/obo/HP_6001024,Diminished acetyl-CoA C-acyltransferase activity in cultured fibroblasts
http://purl.obolibrary.org/obo/HP_6001025,Pathological inclusion body
http://purl.obolibrary.org/obo/HP_6001026,Reduced epidermal collagen IV alpha 5 chain staining
http://purl.obolibrary.org/obo/HP_6001027,Diminished glomerular basement membrane collagen IV alpha 3 chain staining
http://purl.obolibrary.org/obo/HP_6001028,Diminished glomerular basement membrane collagen IV alpha 4 chain staining
http://purl.obolibrary.org/obo/HP_6001029,Diminished glomerular basement membrane collagen IV alpha 5 chain staining
http://purl.obolibrary.org/obo/HP_6001031,Cystine nephrolithiasis
http://purl.obolibrary.org/obo/HP_6001033,Bone marrow cystine accumulation
http://purl.obolibrary.org/obo/HP_6001034,Desmoid tumor
http://purl.obolibrary.org/obo/HP_6001036,Left ventricular rupture
http://purl.obolibrary.org/obo/HP_6001037,Punctate pontine perivascular enhancement
http://purl.obolibrary.org/obo/HP_6001038,Intestinal worm
http://purl.obolibrary.org/obo/HP_6001039,Scrotal worm
http://purl.obolibrary.org/obo/HP_6001040,Small intestinal adenoma
http://purl.obolibrary.org/obo/HP_6001044,Dyschronometria
http://purl.obolibrary.org/obo/HP_6001051,Delta brush pattern on EEG
http://purl.obolibrary.org/obo/HP_6001052,Tibiotalar synostosis
http://purl.obolibrary.org/obo/HP_6001054,Intoeing
http://purl.obolibrary.org/obo/HP_6001055,Palpable thrill on extremity
http://purl.obolibrary.org/obo/HP_6001056,Out-toeing
http://purl.obolibrary.org/obo/HP_6001057,Ankle dislocation
http://purl.obolibrary.org/obo/HP_6001058,Anti-neuronal intermediate filament antibody positivity
http://purl.obolibrary.org/obo/HP_6001059,Anti-DREBRIN antibody positivity
http://purl.obolibrary.org/obo/HP_6001060,Anti-lipoprotein lipase autoantibody positivity
http://purl.obolibrary.org/obo/HP_6001061,Anti-apolipoprotein CII autoantibody positivity
http://purl.obolibrary.org/obo/HP_6001062,Eosinophilic neuronal inclusion bodies
http://purl.obolibrary.org/obo/HP_6001063,Sweaty foot-like odor
http://purl.obolibrary.org/obo/HP_6001064,Anti-acetylcholine receptor antibody positivity
http://purl.obolibrary.org/obo/HP_6001070,Subdural hygroma
http://purl.obolibrary.org/obo/HP_6001073,Left ventricular apical dyskinesis
http://purl.obolibrary.org/obo/HP_6001074,Longitudinal erythronychia
http://purl.obolibrary.org/obo/HP_6001081,"Elevated urinary 2,4-dihydroxyglutarate level"
http://purl.obolibrary.org/obo/HP_6001082,Abnormal urine D-xylose test
http://purl.obolibrary.org/obo/HP_6001084,T2-hyperintense putaminal rim
http://purl.obolibrary.org/obo/HP_6001085,Posterior fossa mass lesion
http://purl.obolibrary.org/obo/HP_6001086,Irregular RR interval
http://purl.obolibrary.org/obo/HP_6001087,Irregular P-P interval
http://purl.obolibrary.org/obo/HP_6001088,Fungal hair infection
http://purl.obolibrary.org/obo/HP_6001095,Elevated circulating pristanic acid concentration following branched-chain fatty acid ingestion
http://purl.obolibrary.org/obo/HP_6001096,Decreased CD4+ T cell ZAP-70 protein expression
http://purl.obolibrary.org/obo/HP_6001098,Metaphyseal undermodelling
http://purl.obolibrary.org/obo/HP_6001100,Positive serum amyloid P scintigraphy
http://purl.obolibrary.org/obo/HP_6001101,Crossed brainstem sign
http://purl.obolibrary.org/obo/HP_6001102,Inability to puff cheeks
http://purl.obolibrary.org/obo/HP_6001103,Entoptic phenomenon
http://purl.obolibrary.org/obo/HP_6001104,Abnormal vestibulo-spinal reflex
http://purl.obolibrary.org/obo/HP_6001105,Positive probe-to-bone test
http://purl.obolibrary.org/obo/HP_6001107,Fractured scaphoid bone
http://purl.obolibrary.org/obo/HP_6001108,Local anesthetic ineffectiveness
http://purl.obolibrary.org/obo/HP_6001111,Positive saliva rabies nucleic acid test
http://purl.obolibrary.org/obo/HP_6001112,Elevated tissue arylsulfatase A activity
http://purl.obolibrary.org/obo/HP_6001113,Elevated circulating methysterol concentration
http://purl.obolibrary.org/obo/HP_6001114,Elevated urinary adipic acid
http://purl.obolibrary.org/obo/HP_6001115,EEG with temporal slowing
http://purl.obolibrary.org/obo/HP_6001119,Purulent drainage from skin
http://purl.obolibrary.org/obo/HP_6001124,Sphenoid wing dysplasia
http://purl.obolibrary.org/obo/HP_6001125,Skin laceration
http://purl.obolibrary.org/obo/HP_6001126,Metacarpal fracture
http://purl.obolibrary.org/obo/HP_6001127,Pain at the base of the thumb
http://purl.obolibrary.org/obo/HP_6001131,Radial head fracture
http://purl.obolibrary.org/obo/HP_6001134,Coronoid fracture
http://purl.obolibrary.org/obo/HP_6001139,Upper arm pain
http://purl.obolibrary.org/obo/HP_6001140,Capitellum fracture
http://purl.obolibrary.org/obo/HP_6001141,Anterior shoulder pain
http://purl.obolibrary.org/obo/HP_6001142,Pain at the anterior aspect of the elbow
http://purl.obolibrary.org/obo/HP_6001144,Pain at the anterior aspect of the knee
http://purl.obolibrary.org/obo/HP_6001145,Pain at the posterior aspect of the knee
http://purl.obolibrary.org/obo/HP_6001146,Biceps tendonitis
http://purl.obolibrary.org/obo/HP_6001147,Increased peripheral nerve cross sectional area
http://purl.obolibrary.org/obo/HP_6001149,Positive hook test at the elbow
http://purl.obolibrary.org/obo/HP_6001150,Positive Speed's test
http://purl.obolibrary.org/obo/HP_6001153,Pain on the lateral aspect of the foot
http://purl.obolibrary.org/obo/HP_6001154,Pain at the medial aspect of the knee
http://purl.obolibrary.org/obo/HP_6001155,Pain at the lateral aspect of the knee
http://purl.obolibrary.org/obo/HP_6001158,Trochanteric pain
http://purl.obolibrary.org/obo/HP_6001159,Pulsatile mass in extremity
http://purl.obolibrary.org/obo/HP_6001160,Abnormal R wave
http://purl.obolibrary.org/obo/HP_6001161,Poor R-wave progression
http://purl.obolibrary.org/obo/HP_6001162,Prominent V1-V2 R wave
http://purl.obolibrary.org/obo/HP_6001166,Spongiosis
http://purl.obolibrary.org/obo/HP_6001170,Limited shoulder internal rotation
http://purl.obolibrary.org/obo/HP_6001172,Increased compartment pressure
http://purl.obolibrary.org/obo/HP_6001173,Pain at the lateral aspect of the elbow
http://purl.obolibrary.org/obo/HP_6001174,Pain at the posterior aspect of the elbow
http://purl.obolibrary.org/obo/HP_6001175,Pain at the medial aspect of the elbow
http://purl.obolibrary.org/obo/HP_6001177,Omovertebral bone
http://purl.obolibrary.org/obo/HP_6001178,Clavicular edema
http://purl.obolibrary.org/obo/HP_6001179,Positive CSF anti-measles antibody test
http://purl.obolibrary.org/obo/HP_6001180,Vogt striae
http://purl.obolibrary.org/obo/HP_6001184,Filamentary keratitis
http://purl.obolibrary.org/obo/HP_6001185,Elevated circulating glucosylsphingosine concentration
http://purl.obolibrary.org/obo/HP_6001188,Preauricular lymphadenopathy
http://purl.obolibrary.org/obo/HP_6001189,Onychoheterotopia
http://purl.obolibrary.org/obo/HP_6001190,Abnormal MHC surface expression
http://purl.obolibrary.org/obo/HP_6001191,Forward displacement of posterior cervical dura mater on neck flexion
http://purl.obolibrary.org/obo/HP_6001194,Limited shoulder external rotation
http://purl.obolibrary.org/obo/HP_6001196,Inability to fully extend finger at metacarpophalangeal joint
http://purl.obolibrary.org/obo/HP_6001197,Wrist arthritis
http://purl.obolibrary.org/obo/HP_6001198,Scapholunate interval widening
http://purl.obolibrary.org/obo/HP_6001200,Ulnar wrist pain
http://purl.obolibrary.org/obo/HP_6001201,Lunotriquetral interval widening
http://purl.obolibrary.org/obo/HP_6001202,Ulnar translocation of the carpus
http://purl.obolibrary.org/obo/HP_6001206,Scapholunate ligament tear
http://purl.obolibrary.org/obo/HP_6001207,Lunotriquetral ligament tear
http://purl.obolibrary.org/obo/HP_6001208,Pisotriquetral arthritis
http://purl.obolibrary.org/obo/HP_6001209,Volar intercalated segment instability
http://purl.obolibrary.org/obo/HP_6001210,Inaccurate finger pulse oximetry oxygen saturation measurement
http://purl.obolibrary.org/obo/HP_6001214,Cutaneous granulomatosis
http://purl.obolibrary.org/obo/HP_6001216,Arteriovenous crossing sign
http://purl.obolibrary.org/obo/HP_6001217,Haab striae
http://purl.obolibrary.org/obo/HP_6001218,Positive Legionella sputum culture
http://purl.obolibrary.org/obo/HP_6001219,Positive Streptococcus pneumoniae sputum culture
http://purl.obolibrary.org/obo/HP_6001220,Positive Blastomyces dermatitidis sputum fungal stain
http://purl.obolibrary.org/obo/HP_6001221,Posterior shoulder pain
http://purl.obolibrary.org/obo/HP_6001222,Superior shoulder pain
http://purl.obolibrary.org/obo/HP_6001223,Lateral shoulder pain
http://purl.obolibrary.org/obo/HP_6001224,Shoulder instability
http://purl.obolibrary.org/obo/HP_6001226,Positive modified dynamic labral shear test
http://purl.obolibrary.org/obo/HP_6001227,Positive O'Brien active compression test
http://purl.obolibrary.org/obo/HP_6001228,Positive shoulder apprehension test
http://purl.obolibrary.org/obo/HP_6001229,Foamy tear film
http://purl.obolibrary.org/obo/HP_6001233,Conjunctivochalasis
http://purl.obolibrary.org/obo/HP_6001235,Anti-Saccharomyces cerevisiae antibodies
http://purl.obolibrary.org/obo/HP_6001236,Elevated fraction exhaled nitric oxide
http://purl.obolibrary.org/obo/HP_6001238,Elevated circulating reticulated platelet count
http://purl.obolibrary.org/obo/HP_6001239,Reduced circulating reticulated platelet count
http://purl.obolibrary.org/obo/HP_6001240,Abnormal circulating reticulated platelet count
http://purl.obolibrary.org/obo/HP_6001241,Flexed posturing of finger
http://purl.obolibrary.org/obo/HP_6001242,Positive synovial fluid alpha-defensin
http://purl.obolibrary.org/obo/HP_6001252,Reduced plantar creases
http://purl.obolibrary.org/obo/HP_6001253,Skin burn
http://purl.obolibrary.org/obo/HP_6001254,Elevanted carboxysterol concentration in cultured lymphoblasts
http://purl.obolibrary.org/obo/HP_6001259,Positive protozoan parasite CSF wet mount test
http://purl.obolibrary.org/obo/HP_6001263,Medial epicondyle apophysitis
http://purl.obolibrary.org/obo/HP_6001264,Thumb carpometacarpal subluxation
http://purl.obolibrary.org/obo/HP_6001267,Halo vision
http://purl.obolibrary.org/obo/HP_6001268,Hematospermia
http://purl.obolibrary.org/obo/HP_6001269,Choledocholithiasis
http://purl.obolibrary.org/obo/HP_6001271,Pelvic ring fracture
http://purl.obolibrary.org/obo/HP_6001272,Scapulothoracic dissociation
http://purl.obolibrary.org/obo/HP_6001274,Thumb sign
http://purl.obolibrary.org/obo/HP_6001275,Tibialis anterior tendon rupture
http://purl.obolibrary.org/obo/HP_6001276,Decreased circulating ADAMTS13 activity
http://purl.obolibrary.org/obo/HP_6001277,Abnormal methacholine challenge test
http://purl.obolibrary.org/obo/HP_6001279,Retrocorneal membrane
http://purl.obolibrary.org/obo/HP_6001280,Adrenal hemorrhage
http://purl.obolibrary.org/obo/HP_6001281,Optic nerve sheath dilatation
http://purl.obolibrary.org/obo/HP_6001282,Right ventricular thrombus
http://purl.obolibrary.org/obo/HP_6001283,Severe Candida infection
http://purl.obolibrary.org/obo/HP_6001284,Phrenic neuropathy
http://purl.obolibrary.org/obo/HP_6001285,Glomerular basement membrane subendothelial remodeling
http://purl.obolibrary.org/obo/HP_6001286,Glomerular endothelium swelling
http://purl.obolibrary.org/obo/HP_6001287,Medullary collecting duct ectasia
http://purl.obolibrary.org/obo/HP_6001290,Podocytic mitochondrial proliferation
http://purl.obolibrary.org/obo/HP_6001291,Elevated vitamin D metabolite ratio
http://purl.obolibrary.org/obo/HP_6001294,Tubular accumulation of uromodulin
http://purl.obolibrary.org/obo/HP_6001298,Bunionette deformity
http://purl.obolibrary.org/obo/HP_6001300,Pigment epithelium detachment
http://purl.obolibrary.org/obo/HP_6001302,Aphakia
http://purl.obolibrary.org/obo/HP_6001303,Pain on thumb extension
http://purl.obolibrary.org/obo/HP_6001304,Fractured lunate bone
http://purl.obolibrary.org/obo/HP_6001305,Fractured triquetrum bone
http://purl.obolibrary.org/obo/HP_6001306,Fractured pisiform bone
http://purl.obolibrary.org/obo/HP_6001307,Fractured trapezium bone
http://purl.obolibrary.org/obo/HP_6001308,Fractured trapezoid bone
http://purl.obolibrary.org/obo/HP_6001309,Fractured capitate bone
http://purl.obolibrary.org/obo/HP_6001310,Fractured hamate bone
http://purl.obolibrary.org/obo/HP_6001313,Iatrogenic anophthalmos
http://purl.obolibrary.org/obo/HP_6001314,Reduced erythrocyte glutathione peroxidase
http://purl.obolibrary.org/obo/HP_6001315,Elevated circulating malonyl carnitine concentration
http://purl.obolibrary.org/obo/HP_6001316,Sertoli cell hypoplasia
http://purl.obolibrary.org/obo/HP_6001317,Positive talar tilt test
http://purl.obolibrary.org/obo/HP_6001318,Plantar ecchymosis
http://purl.obolibrary.org/obo/HP_6001320,Lateral ankle pain
http://purl.obolibrary.org/obo/HP_6001321,Medial ankle pain
http://purl.obolibrary.org/obo/HP_6001322,Posterior ankle pain
http://purl.obolibrary.org/obo/HP_6001323,Anterior ankle pain
http://purl.obolibrary.org/obo/HP_6001328,Positive Mycobacterium tuberculosis sputum culture
http://purl.obolibrary.org/obo/HP_6001329,Increased external rotation of shoulder
http://purl.obolibrary.org/obo/HP_6001330,Positive trunk flexion test
http://purl.obolibrary.org/obo/HP_6001331,Tibiotalar arthritis
http://purl.obolibrary.org/obo/HP_6001333,Midfoot arthritis
http://purl.obolibrary.org/obo/HP_6001334,Decreased circulating reverse T3 concentration
http://purl.obolibrary.org/obo/HP_6001338,Acromioclavicular joint separation
http://purl.obolibrary.org/obo/HP_6001339,Acromioclavicular joint arthritis
http://purl.obolibrary.org/obo/HP_6001340,Positive shoulder cross-body adduction test
http://purl.obolibrary.org/obo/HP_6001342,Positive anterior drawer test
http://purl.obolibrary.org/obo/HP_6001343,Peroneal tendon tear
http://purl.obolibrary.org/obo/HP_6001345,Tibial tubercle apophysitis
http://purl.obolibrary.org/obo/HP_6001346,Enteric anendocrinosis
http://purl.obolibrary.org/obo/HP_6001349,Os trigonum
http://purl.obolibrary.org/obo/HP_6001350,Positive heel squeeze test
http://purl.obolibrary.org/obo/HP_6001352,Decreased circulating guanidinoacetic acid concentration
http://purl.obolibrary.org/obo/HP_6001353,Elevated circulating C-triol concentration
http://purl.obolibrary.org/obo/HP_6001354,Germinal vesicle oocyte maturation arrest
http://purl.obolibrary.org/obo/HP_6001355,Metaphase II oocyte maturation arrest
http://purl.obolibrary.org/obo/HP_6001356,Mixed oocyte maturation arrest
http://purl.obolibrary.org/obo/HP_6001357,Dorsal forearm pain
http://purl.obolibrary.org/obo/HP_6001358,Volar forearm pain
http://purl.obolibrary.org/obo/HP_6001360,Hyperlordotic gait
http://purl.obolibrary.org/obo/HP_6001361,Radioulnar interosseous membrane tear
http://purl.obolibrary.org/obo/HP_6001362,Fleck sign of elbow
http://purl.obolibrary.org/obo/HP_6001363,Resisted wrist flexion provokes pain
http://purl.obolibrary.org/obo/HP_6001366,Popeye sign
http://purl.obolibrary.org/obo/HP_6001369,Positive bursal fluid infectious agent test
http://purl.obolibrary.org/obo/HP_6001372,Positive Hawkins test
http://purl.obolibrary.org/obo/HP_6001373,Hallux weakness
http://purl.obolibrary.org/obo/HP_6001374,Hallux dorsiflexion weakness
http://purl.obolibrary.org/obo/HP_6001375,Hallux plantarflexion weakness
http://purl.obolibrary.org/obo/HP_6001376,Forefoot pain
http://purl.obolibrary.org/obo/HP_6001378,Urinary ascites
http://purl.obolibrary.org/obo/HP_6001379,Abnormal mixed venous oxygen saturation
http://purl.obolibrary.org/obo/HP_6001380,Elevated circulating lysosphingomyelin concentration
http://purl.obolibrary.org/obo/HP_6001381,Abnormal lens capsule morphology
http://purl.obolibrary.org/obo/HP_6001382,Posterior capsule opacification
http://purl.obolibrary.org/obo/HP_6001384,Skin tenting due to fracture
http://purl.obolibrary.org/obo/HP_6001385,Follicular conjunctivitis
http://purl.obolibrary.org/obo/HP_6001386,Granulomatous conjunctivitis
http://purl.obolibrary.org/obo/HP_6001387,Areas of hypopigmentation and hyperpigmentation that follow Blaschko lines
http://purl.obolibrary.org/obo/HP_6001389,Intrauterine amputation
http://purl.obolibrary.org/obo/HP_6001390,Intrauterine digital amputation
http://purl.obolibrary.org/obo/HP_6001391,Intrauterine limb amputation
http://purl.obolibrary.org/obo/HP_6001392,Proximal interphalangeal joint arthritis
http://purl.obolibrary.org/obo/HP_6001393,Dorsal intercalated segment instability
http://purl.obolibrary.org/obo/HP_6001394,Disruption of carpal arcs
http://purl.obolibrary.org/obo/HP_6001396,Positive Finkelstein sign
http://purl.obolibrary.org/obo/HP_6001397,Forefoot abduction
http://purl.obolibrary.org/obo/HP_6001398,Posterior tibial tendon injury
http://purl.obolibrary.org/obo/HP_6001399,Plantar pain
http://purl.obolibrary.org/obo/HP_6001400,Flexor hallucis longus tendon injury
http://purl.obolibrary.org/obo/HP_6001401,Hallux pain
http://purl.obolibrary.org/obo/HP_6001402,Pain on the medial aspect of the foot
http://purl.obolibrary.org/obo/HP_6001404,Radial wrist pain
http://purl.obolibrary.org/obo/HP_6001405,Volar wrist pain
http://purl.obolibrary.org/obo/HP_6001406,Dorsal wrist pain
http://purl.obolibrary.org/obo/HP_6001407,Peroneal tendon tenderness
http://purl.obolibrary.org/obo/HP_6001408,Peroneal tendon subluxation
http://purl.obolibrary.org/obo/HP_6001409,Peroneal tendon injury
http://purl.obolibrary.org/obo/HP_6001410,Elevated circulating succinylacetone concentration
http://purl.obolibrary.org/obo/HP_6001411,Flat palate
http://purl.obolibrary.org/obo/HP_6001412,Elevated circulating C-terminal telopeptide cross-link of type1 collagen concentration
http://purl.obolibrary.org/obo/HP_6001415,Urinoma
http://purl.obolibrary.org/obo/HP_6001416,Umbilical discharge
http://purl.obolibrary.org/obo/HP_6001417,Abnormal biparietal diameter
http://purl.obolibrary.org/obo/HP_6001418,Abnormal fetal femur length
http://purl.obolibrary.org/obo/HP_6001421,Ulnar positive variance
http://purl.obolibrary.org/obo/HP_6001422,Negative ulnar variance
http://purl.obolibrary.org/obo/HP_6001423,Flexor carpi radialis tendonitis
http://purl.obolibrary.org/obo/HP_6001425,Hyperleukocytosis
http://purl.obolibrary.org/obo/HP_6001429,Limited foot eversion
http://purl.obolibrary.org/obo/HP_6001430,Limited foot inversion
http://purl.obolibrary.org/obo/HP_6001431,Positive synovial Tropheryma whipplei bacteria microscopy
http://purl.obolibrary.org/obo/HP_6001432,Positive calf squeeze test
http://purl.obolibrary.org/obo/HP_6001434,Positive bursa fluid gram stain
http://purl.obolibrary.org/obo/HP_6001435,Abnormal medial epicondyle morphology
http://purl.obolibrary.org/obo/HP_6001438,Tenosynovitis
http://purl.obolibrary.org/obo/HP_6001441,CSF anti-myelin oligodendrocyte glycoprotein antibody positivity
http://purl.obolibrary.org/obo/HP_6001443,Abnormal testosterone: estradiol ratio
http://purl.obolibrary.org/obo/HP_6001444,Abnormal circulating insulin-like growth factor 3 concentration
http://purl.obolibrary.org/obo/HP_6001445,Decreased circulating insulin-like growth factor 3 concentration
http://purl.obolibrary.org/obo/HP_6001446,Airway chondritis
http://purl.obolibrary.org/obo/HP_6001447,Costochondritis
http://purl.obolibrary.org/obo/HP_6001449,Increased plantar fascia thickness
http://purl.obolibrary.org/obo/HP_6001450,Increased mixed venous oxygen saturation
http://purl.obolibrary.org/obo/HP_6001451,Decreased mixed venous oxygen saturation
http://purl.obolibrary.org/obo/HP_6001452,Chocolate brown blood
http://purl.obolibrary.org/obo/HP_6001453,Elevated pCO2 gap
http://purl.obolibrary.org/obo/HP_6001454,Putaminal eye sign
http://purl.obolibrary.org/obo/HP_6001455,Decreased coracohumeral distance
http://purl.obolibrary.org/obo/HP_6001456,Abnormal deltoid muscle morphology
http://purl.obolibrary.org/obo/HP_6001457,Deltoid muscle tear
http://purl.obolibrary.org/obo/HP_6001458,Glenohumeral arthritis
http://purl.obolibrary.org/obo/HP_6001460,Difficulty floating in water
http://purl.obolibrary.org/obo/HP_6001461,Aortitis
http://purl.obolibrary.org/obo/HP_6001462,Upper extremity claudication
http://purl.obolibrary.org/obo/HP_6001463,Tongue claudication
http://purl.obolibrary.org/obo/HP_6001464,Cerebral perivascular enhancement pattern
http://purl.obolibrary.org/obo/HP_6001466,Elevated circulating somatostatin concentration
http://purl.obolibrary.org/obo/HP_6001468,Spontaneous diaphragmatic rupture
http://purl.obolibrary.org/obo/HP_6001469,Elevated alveolar-arterial (A-a) oxygen gradient
http://purl.obolibrary.org/obo/HP_6001470,Abnormal concentration of circulating metanephrines
http://purl.obolibrary.org/obo/HP_6001471,Elevated circulating 3-O-methyldopa concentration
http://purl.obolibrary.org/obo/HP_6001473,Fixed fetal head flexion
http://purl.obolibrary.org/obo/HP_6001474,Abnormal rectosigmoid index
http://purl.obolibrary.org/obo/HP_6001476,Fetal enterolithiasis
http://purl.obolibrary.org/obo/HP_6001478,Greek warrior helmet sign
http://purl.obolibrary.org/obo/HP_6001479,Somatostatinoma
http://purl.obolibrary.org/obo/HP_6001480,Erythematous scalp plaque
http://purl.obolibrary.org/obo/HP_6001482,Loss of acquired purposeful hand skills
http://purl.obolibrary.org/obo/HP_6001483,Loss of acquired spoken language
http://purl.obolibrary.org/obo/HP_6001484,Postnatal deceleration of headgrowth
http://purl.obolibrary.org/obo/HP_6001485,Foot small muscle atrophy
http://purl.obolibrary.org/obo/HP_6001486,Abnormal gag reflex
http://purl.obolibrary.org/obo/HP_6001487,Abnormal lingual nerve physiology
http://purl.obolibrary.org/obo/HP_6001488,Abnormal vulvar morphology
http://purl.obolibrary.org/obo/HP_6001490,Trapezius asymmetry
http://purl.obolibrary.org/obo/HP_6001491,Axillary hyperpigmentation
http://purl.obolibrary.org/obo/HP_6001492,Aberrant tympanic bony island
http://purl.obolibrary.org/obo/HP_6001493,Cranial exostosis
http://purl.obolibrary.org/obo/HP_6001494,Cubital dimple
http://purl.obolibrary.org/obo/HP_6001500,Labor dystocia
http://purl.obolibrary.org/obo/HP_6001501,Foregut duplication cyst
http://purl.obolibrary.org/obo/HP_6001502,Hyperpigmented palmar creases
http://purl.obolibrary.org/obo/HP_6001505,Increased palmar soft tissue
http://purl.obolibrary.org/obo/HP_6001506,Interphalangeal crease effacement of the thumb
http://purl.obolibrary.org/obo/HP_6001509,Limited metacarpophalangeal flexion of 2nd finger
http://purl.obolibrary.org/obo/HP_6001510,Limited metacarpophalangeal flexion of 3rd finger
http://purl.obolibrary.org/obo/HP_6001511,Limited metacarpophalangeal flexion of 4th finger
http://purl.obolibrary.org/obo/HP_6001512,Limited metacarpophalangeal flexion of 5th finger
http://purl.obolibrary.org/obo/HP_6001514,Supernumerary thumb flexion crease
http://purl.obolibrary.org/obo/HP_6001515,Transverse distal phalangeal crease
http://purl.obolibrary.org/obo/HP_6001516,Impaired first-phase insulin secretion
http://purl.obolibrary.org/obo/HP_6001517,Impaired gastric accommodation
http://purl.obolibrary.org/obo/HP_6001518,Prominent plantar fat pad of forefoot
http://purl.obolibrary.org/obo/HP_6001519,Perinasal hyperpigmentation
http://purl.obolibrary.org/obo/HP_6001520,Periumbilical hyperpigmentation
http://purl.obolibrary.org/obo/HP_6001521,Periungual hyperpigmentation
http://purl.obolibrary.org/obo/HP_6001523,Sacral hemivertebra
http://purl.obolibrary.org/obo/HP_6001525,Impaired speech-in-noise perception
http://purl.obolibrary.org/obo/HP_6001526,Retching
http://purl.obolibrary.org/obo/HP_6001527,Thenar muscle aplasia
http://purl.obolibrary.org/obo/HP_6001528,Toe hyperpigmentation
http://purl.obolibrary.org/obo/HP_6001529,Tongue hyperpigmentation
http://purl.obolibrary.org/obo/HP_6001531,Decreased circulating pepsinogen I concentration
http://purl.obolibrary.org/obo/HP_6001532,Displaced radial artery
http://purl.obolibrary.org/obo/HP_6001533,Abnormal body image
http://purl.obolibrary.org/obo/HP_6001534,Limited thumb abduction
http://purl.obolibrary.org/obo/HP_6001536,Anti-complement component antibody positivity
http://purl.obolibrary.org/obo/HP_6001537,Anti-factor B antibody positivity
http://purl.obolibrary.org/obo/HP_6001538,Anti-ribosomal P protein antibody positivity
http://purl.obolibrary.org/obo/HP_6001539,Anti-DFS70 antibody positivity
http://purl.obolibrary.org/obo/HP_6001541,Erysipelas-like erythema
http://purl.obolibrary.org/obo/HP_6001542,Elevated urinary biotin level
http://purl.obolibrary.org/obo/HP_6001543,Second-wind phenomenon
http://purl.obolibrary.org/obo/HP_6001546,Self-harm ideation
http://purl.obolibrary.org/obo/HP_6001547,Orbital hypoplasia
