HPO_IRI,HPO_Label,Property,Filler_IRI,Filler_Label,Obsolete,Replacement_IRI,Replacement_Label
http://purl.obolibrary.org/obo/HP_0000002,Abnormality of body height,characteristic of,http://purl.obolibrary.org/obo/UBERON_0000468,multicellular organism,False,,
http://purl.obolibrary.org/obo/HP_0000008,Abnormal morphology of female internal genitalia,characteristic of part of,http://purl.obolibrary.org/obo/UBERON_0003975,internal female genitalia,False,,
http://purl.obolibrary.org/obo/HP_0000009,Functional abnormality of the bladder,characteristic of,http://purl.obolibrary.org/obo/UBERON_0001255,urinary bladder,False,,
http://purl.obolibrary.org/obo/HP_0000013,Hypoplasia of the uterus,characteristic of,http://purl.obolibrary.org/obo/UBERON_0000995,uterus,False,,
http://purl.obolibrary.org/obo/HP_0000014,Abnormality of the bladder,characteristic of part of,http://purl.obolibrary.org/obo/UBERON_0001255,urinary bladder,False,,
http://purl.obolibrary.org/obo/HP_0000015,Bladder diverticulum,part of,http://purl.obolibrary.org/obo/UBERON_0001256,wall of urinary bladder,False,,
http://purl.obolibrary.org/obo/HP_0000021,Megacystis,characteristic of,http://purl.obolibrary.org/obo/UBERON_0001556,lower urinary tract,False,,
http://purl.obolibrary.org/obo/HP_0000022,Abnormal male internal genitalia morphology,characteristic of part of,http://purl.obolibrary.org/obo/UBERON_0004054,internal male genitalia,False,,
http://purl.obolibrary.org/obo/HP_0000023,Inguinal hernia,characteristic of,http://purl.obolibrary.org/obo/UBERON_0003697,abdominal wall,False,,
http://purl.obolibrary.org/obo/HP_0000023,Inguinal hernia,towards,http://purl.obolibrary.org/obo/UBERON_0006674,inguinal ring,False,,
http://purl.obolibrary.org/obo/HP_0000024,Prostatitis,occurs in,http://purl.obolibrary.org/obo/UBERON_0002367,prostate gland,False,,
http://purl.obolibrary.org/obo/HP_0000025,Functional abnormality of male internal genitalia,characteristic of,http://purl.obolibrary.org/obo/UBERON_0004054,internal male genitalia,False,,
http://purl.obolibrary.org/obo/HP_0000026,Male hypogonadism,characteristic of,http://purl.obolibrary.org/obo/UBERON_0000473,testis,False,,
http://purl.obolibrary.org/obo/HP_0000027,Azoospermia,part of,http://purl.obolibrary.org/obo/UBERON_0001968,semen,False,,
http://purl.obolibrary.org/obo/HP_0000028,Cryptorchidism,characteristic of,http://purl.obolibrary.org/obo/UBERON_0000473,testis,False,,
http://purl.obolibrary.org/obo/HP_0000029,Testicular atrophy,characteristic of,http://purl.obolibrary.org/obo/UBERON_0000473,testis,False,,
http://purl.obolibrary.org/obo/HP_0000031,Epididymitis,occurs in,http://purl.obolibrary.org/obo/UBERON_0001301,epididymis,False,,
http://purl.obolibrary.org/obo/HP_0000032,Abnormal male external genitalia morphology,characteristic of part of,http://purl.obolibrary.org/obo/UBERON_0004053,external male genitalia,False,,
http://purl.obolibrary.org/obo/HP_0000033,"Ambiguous genitalia, male",characteristic of,http://purl.obolibrary.org/obo/UBERON_0003101,male organism,False,,
http://purl.obolibrary.org/obo/HP_0000034,Hydrocele testis,characteristic of,http://purl.obolibrary.org/obo/UBERON_0000473,testis,False,,
http://purl.obolibrary.org/obo/HP_0000034,Hydrocele testis,towards,http://purl.obolibrary.org/obo/UBERON_0006314,bodily fluid,False,,
http://purl.obolibrary.org/obo/HP_0000035,Abnormal testis morphology,characteristic of,http://purl.obolibrary.org/obo/UBERON_0000473,testis,False,,
http://purl.obolibrary.org/obo/HP_0000036,Abnormal penis morphology,characteristic of part of,http://purl.obolibrary.org/obo/UBERON_0000989,penis,False,,
http://purl.obolibrary.org/obo/HP_0000037,Male pseudohermaphroditism,characteristic of,http://purl.obolibrary.org/obo/UBERON_0000468,multicellular organism,False,,
http://purl.obolibrary.org/obo/HP_0000039,Epispadias,characteristic of,http://purl.obolibrary.org/obo/UBERON_0012240,urethral meatus,False,,
http://purl.obolibrary.org/obo/HP_0000040,Long penis,characteristic of,http://purl.obolibrary.org/obo/UBERON_0000989,penis,False,,
http://purl.obolibrary.org/obo/HP_0000042,Absent external genitalia,characteristic of,http://purl.obolibrary.org/obo/UBERON_0004176,external genitalia,False,,
http://purl.obolibrary.org/obo/HP_0000045,Abnormal scrotum morphology,characteristic of part of,http://purl.obolibrary.org/obo/UBERON_0001300,scrotum,False,,
http://purl.obolibrary.org/obo/HP_0000046,Small scrotum,characteristic of,http://purl.obolibrary.org/obo/UBERON_0001300,scrotum,False,,
http://purl.obolibrary.org/obo/HP_0000047,Hypospadias,characteristic of,http://purl.obolibrary.org/obo/UBERON_0012241,male urethral meatus,False,,
http://purl.obolibrary.org/obo/HP_0000048,Bifid scrotum,characteristic of,http://purl.obolibrary.org/obo/UBERON_0001300,scrotum,False,,
http://purl.obolibrary.org/obo/HP_0000050,Hypoplastic male external genitalia,characteristic of,http://purl.obolibrary.org/obo/UBERON_0004053,external male genitalia,False,,
http://purl.obolibrary.org/obo/HP_0000051,Perineal hypospadias,characteristic of,http://purl.obolibrary.org/obo/UBERON_0012241,male urethral meatus,False,,
http://purl.obolibrary.org/obo/HP_0000051,Perineal hypospadias,towards,http://purl.obolibrary.org/obo/UBERON_0002356,perineum,False,,
http://purl.obolibrary.org/obo/HP_0000052,"Urethral atresia, male",characteristic of,http://purl.obolibrary.org/obo/UBERON_0001333,male urethra,False,,
http://purl.obolibrary.org/obo/HP_0000053,Macroorchidism,characteristic of part of,http://purl.obolibrary.org/obo/UBERON_0000473,testis,False,,
http://purl.obolibrary.org/obo/HP_0000054,Micropenis,characteristic of,http://purl.obolibrary.org/obo/UBERON_0000989,penis,False,,
http://purl.obolibrary.org/obo/HP_0000055,Abnormal female external genitalia morphology,characteristic of part of,http://purl.obolibrary.org/obo/UBERON_0005056,external female genitalia,False,,
http://purl.obolibrary.org/obo/HP_0000056,Abnormal clitoris morphology,characteristic of part of,http://purl.obolibrary.org/obo/UBERON_0002411,clitoris,False,,
http://purl.obolibrary.org/obo/HP_0000058,Abnormal labia morphology,characteristic of part of,http://purl.obolibrary.org/obo/UBERON_0004084,genital labium,False,,
http://purl.obolibrary.org/obo/HP_0000059,Hypoplastic labia majora,characteristic of,http://purl.obolibrary.org/obo/UBERON_0004085,labium majora,False,,
http://purl.obolibrary.org/obo/HP_0000060,Clitoral hypoplasia,characteristic of,http://purl.obolibrary.org/obo/UBERON_0002411,clitoris,False,,
http://purl.obolibrary.org/obo/HP_0000061,"Ambiguous genitalia, female",characteristic of,http://purl.obolibrary.org/obo/UBERON_0003100,female organism,False,,
http://purl.obolibrary.org/obo/HP_0000063,Fused labia minora,characteristic of,http://purl.obolibrary.org/obo/UBERON_0004014,labium minora,False,,
http://purl.obolibrary.org/obo/HP_0000063,Fused labia minora,towards,http://purl.obolibrary.org/obo/UBERON_0004014,labium minora,False,,
http://purl.obolibrary.org/obo/HP_0000064,Hypoplastic labia minora,characteristic of,http://purl.obolibrary.org/obo/UBERON_0004014,labium minora,False,,
http://purl.obolibrary.org/obo/HP_0000065,Labial hypertrophy,characteristic of,http://purl.obolibrary.org/obo/UBERON_0004084,genital labium,False,,
http://purl.obolibrary.org/obo/HP_0000066,Labial hypoplasia,characteristic of,http://purl.obolibrary.org/obo/UBERON_0004084,genital labium,False,,
http://purl.obolibrary.org/obo/HP_0000067,"Urethral atresia, female",characteristic of,http://purl.obolibrary.org/obo/UBERON_0001334,female urethra,False,,
http://purl.obolibrary.org/obo/HP_0000068,Urethral atresia,characteristic of,http://purl.obolibrary.org/obo/UBERON_0000057,urethra,False,,
http://purl.obolibrary.org/obo/HP_0000069,Abnormality of the ureter,characteristic of part of,http://purl.obolibrary.org/obo/UBERON_0000056,ureter,False,,
http://purl.obolibrary.org/obo/HP_0000071,Ureteral stenosis,characteristic of part of,http://purl.obolibrary.org/obo/UBERON_0000056,ureter,False,,
http://purl.obolibrary.org/obo/HP_0000072,Hydroureter,characteristic of,http://purl.obolibrary.org/obo/UBERON_0000056,ureter,False,,
http://purl.obolibrary.org/obo/HP_0000073,Ureteral duplication,towards,http://purl.obolibrary.org/obo/UBERON_0000056,ureter,False,,
http://purl.obolibrary.org/obo/HP_0000075,Renal duplication,towards,http://purl.obolibrary.org/obo/UBERON_0002113,kidney,False,,
http://purl.obolibrary.org/obo/HP_0000077,Abnormality of the kidney,characteristic of part of,http://purl.obolibrary.org/obo/UBERON_0002113,kidney,False,,
http://purl.obolibrary.org/obo/HP_0000078,Abnormality of the genital system,characteristic of part of,http://purl.obolibrary.org/obo/UBERON_0000990,reproductive system,False,,
http://purl.obolibrary.org/obo/HP_0000079,Abnormality of the urinary system,characteristic of part of,http://purl.obolibrary.org/obo/UBERON_0001008,renal system,False,,
http://purl.obolibrary.org/obo/HP_0000080,Abnormality of reproductive system physiology,characteristic of,http://purl.obolibrary.org/obo/UBERON_0000990,reproductive system,False,,
http://purl.obolibrary.org/obo/HP_0000081,Duplicated collecting system,towards,http://purl.obolibrary.org/obo/UBERON_0004100,renal collecting system,False,,
http://purl.obolibrary.org/obo/HP_0000083,Renal insufficiency,characteristic of,http://purl.obolibrary.org/obo/UBERON_0002113,kidney,False,,
http://purl.obolibrary.org/obo/HP_0000085,Horseshoe kidney,characteristic of,http://purl.obolibrary.org/obo/UBERON_0002113,kidney,False,,
http://purl.obolibrary.org/obo/HP_0000086,Ectopic kidney,characteristic of,http://purl.obolibrary.org/obo/UBERON_0002113,kidney,False,,
http://purl.obolibrary.org/obo/HP_0000089,Renal hypoplasia,characteristic of,http://purl.obolibrary.org/obo/UBERON_0002113,kidney,False,,
http://purl.obolibrary.org/obo/HP_0000091,Abnormal renal tubule morphology,characteristic of part of,http://purl.obolibrary.org/obo/UBERON_0001231,nephron tubule,False,,
http://purl.obolibrary.org/obo/HP_0000092,Renal tubular atrophy,characteristic of,http://purl.obolibrary.org/obo/UBERON_0001231,nephron tubule,False,,
http://purl.obolibrary.org/obo/HP_0000093,Proteinuria,part of,http://purl.obolibrary.org/obo/UBERON_0001088,urine,False,,
http://purl.obolibrary.org/obo/HP_0000095,Abnormal renal glomerulus morphology,characteristic of part of,http://purl.obolibrary.org/obo/UBERON_0000074,renal glomerulus,False,,
http://purl.obolibrary.org/obo/HP_0000096,Glomerular sclerosis,occurs in,http://purl.obolibrary.org/obo/UBERON_0000074,renal glomerulus,False,,
http://purl.obolibrary.org/obo/HP_0000098,Tall stature,characteristic of,http://purl.obolibrary.org/obo/UBERON_0000468,multicellular organism,False,,
http://purl.obolibrary.org/obo/HP_0000104,Renal agenesis,characteristic of,http://purl.obolibrary.org/obo/UBERON_0002113,kidney,False,,
http://purl.obolibrary.org/obo/HP_0000105,Enlarged kidney,characteristic of,http://purl.obolibrary.org/obo/UBERON_0002113,kidney,False,,
http://purl.obolibrary.org/obo/HP_0000107,Renal cyst,part of,http://purl.obolibrary.org/obo/UBERON_0002113,kidney,False,,
http://purl.obolibrary.org/obo/HP_0000110,Renal dysplasia,characteristic of,http://purl.obolibrary.org/obo/UBERON_0002113,kidney,False,,
http://purl.obolibrary.org/obo/HP_0000113,Polycystic kidney dysplasia,characteristic of,http://purl.obolibrary.org/obo/UBERON_0002113,kidney,False,,
http://purl.obolibrary.org/obo/HP_0000119,Abnormality of the genitourinary system,characteristic of part of,http://purl.obolibrary.org/obo/UBERON_0004122,genitourinary system,False,,
http://purl.obolibrary.org/obo/HP_0000121,Nephrocalcinosis,characteristic of,http://purl.obolibrary.org/obo/UBERON_0008987,renal parenchyma,False,,
http://purl.obolibrary.org/obo/HP_0000122,Unilateral renal agenesis,characteristic of,http://purl.obolibrary.org/obo/UBERON_0002113,kidney,False,,
http://purl.obolibrary.org/obo/HP_0000123,Nephritis,occurs in,http://purl.obolibrary.org/obo/UBERON_0002113,kidney,False,,
http://purl.obolibrary.org/obo/HP_0000124,Renal tubular dysfunction,characteristic of,http://purl.obolibrary.org/obo/UBERON_0001231,nephron tubule,False,,
http://purl.obolibrary.org/obo/HP_0000130,Abnormality of the uterus,characteristic of part of,http://purl.obolibrary.org/obo/UBERON_0000995,uterus,False,,
http://purl.obolibrary.org/obo/HP_0000133,Gonadal dysgenesis,characteristic of,http://purl.obolibrary.org/obo/UBERON_0000991,gonad,False,,
http://purl.obolibrary.org/obo/HP_0000134,Female hypogonadism,characteristic of,http://purl.obolibrary.org/obo/UBERON_0000992,ovary,False,,
http://purl.obolibrary.org/obo/HP_0000135,Hypogonadism,characteristic of,http://purl.obolibrary.org/obo/UBERON_0000991,gonad,False,,
http://purl.obolibrary.org/obo/HP_0000136,Bifid uterus,characteristic of,http://purl.obolibrary.org/obo/UBERON_0000995,uterus,False,,
http://purl.obolibrary.org/obo/HP_0000137,Abnormality of the ovary,characteristic of part of,http://purl.obolibrary.org/obo/UBERON_0000992,ovary,False,,
http://purl.obolibrary.org/obo/HP_0000138,Ovarian cyst,part of,http://purl.obolibrary.org/obo/UBERON_0000992,ovary,False,,
http://purl.obolibrary.org/obo/HP_0000139,Uterine prolapse,characteristic of,http://purl.obolibrary.org/obo/UBERON_0000995,uterus,False,,
http://purl.obolibrary.org/obo/HP_0000142,Abnormal vagina morphology,characteristic of part of,http://purl.obolibrary.org/obo/UBERON_0000996,vagina,False,,
http://purl.obolibrary.org/obo/HP_0000143,Rectovaginal fistula,characteristic of,http://purl.obolibrary.org/obo/UBERON_0001052,rectum,False,,
http://purl.obolibrary.org/obo/HP_0000143,Rectovaginal fistula,towards,http://purl.obolibrary.org/obo/UBERON_0000996,vagina,False,,
http://purl.obolibrary.org/obo/HP_0000147,Polycystic ovaries,characteristic of,http://purl.obolibrary.org/obo/UBERON_0000992,ovary,False,,
http://purl.obolibrary.org/obo/HP_0000148,Vaginal atresia,characteristic of,http://purl.obolibrary.org/obo/UBERON_0000996,vagina,False,,
http://purl.obolibrary.org/obo/HP_0000151,Aplasia of the uterus,characteristic of,http://purl.obolibrary.org/obo/UBERON_0000995,uterus,False,,
http://purl.obolibrary.org/obo/HP_0000152,Abnormality of head or neck,characteristic of part of,http://purl.obolibrary.org/obo/UBERON_0007811,craniocervical region,False,,
http://purl.obolibrary.org/obo/HP_0000153,Abnormality of the mouth,characteristic of part of,http://purl.obolibrary.org/obo/UBERON_0000165,mouth,False,,
http://purl.obolibrary.org/obo/HP_0000154,Wide mouth,characteristic of,http://purl.obolibrary.org/obo/UBERON_0000165,mouth,False,,
http://purl.obolibrary.org/obo/HP_0000157,Abnormality of the tongue,characteristic of part of,http://purl.obolibrary.org/obo/UBERON_0001723,tongue,False,,
http://purl.obolibrary.org/obo/HP_0000158,Macroglossia,characteristic of,http://purl.obolibrary.org/obo/UBERON_0001723,tongue,False,,
http://purl.obolibrary.org/obo/HP_0000159,Abnormal lip morphology,characteristic of,http://purl.obolibrary.org/obo/UBERON_0001833,lip,False,,
http://purl.obolibrary.org/obo/HP_0000160,Narrow mouth,characteristic of,http://purl.obolibrary.org/obo/UBERON_0000165,mouth,False,,
http://purl.obolibrary.org/obo/HP_0000161,Median cleft upper lip,characteristic of,http://purl.obolibrary.org/obo/UBERON_0001833,lip,False,,
http://purl.obolibrary.org/obo/HP_0000162,Glossoptosis,characteristic of,http://purl.obolibrary.org/obo/UBERON_0001723,tongue,False,,
http://purl.obolibrary.org/obo/HP_0000163,Abnormal oral cavity morphology,characteristic of part of,http://purl.obolibrary.org/obo/UBERON_0000167,oral cavity,False,,
http://purl.obolibrary.org/obo/HP_0000164,Abnormality of the dentition,characteristic of part of,http://purl.obolibrary.org/obo/UBERON_0003672,dentition,False,,
http://purl.obolibrary.org/obo/HP_0000168,Abnormality of the gingiva,characteristic of part of,http://purl.obolibrary.org/obo/UBERON_0001828,gingiva,False,,
http://purl.obolibrary.org/obo/HP_0000171,Microglossia,characteristic of,http://purl.obolibrary.org/obo/UBERON_0001723,tongue,False,,
http://purl.obolibrary.org/obo/HP_0000172,Abnormal uvula morphology,characteristic of part of,http://purl.obolibrary.org/obo/UBERON_0001734,palatine uvula,False,,
http://purl.obolibrary.org/obo/HP_0000174,Abnormal palate morphology,characteristic of part of,http://purl.obolibrary.org/obo/UBERON_0001716,secondary palate,False,,
http://purl.obolibrary.org/obo/HP_0000175,Cleft palate,characteristic of,http://purl.obolibrary.org/obo/UBERON_0001716,secondary palate,False,,
http://purl.obolibrary.org/obo/HP_0000176,Submucous cleft hard palate,characteristic of,http://purl.obolibrary.org/obo/UBERON_0012074,bony part of hard palate,False,,
http://purl.obolibrary.org/obo/HP_0000177,Abnormal upper lip morphology,characteristic of part of,http://purl.obolibrary.org/obo/UBERON_0001834,upper lip,False,,
http://purl.obolibrary.org/obo/HP_0000178,Abnormal lower lip morphology,characteristic of part of,http://purl.obolibrary.org/obo/UBERON_0001835,lower lip,False,,
http://purl.obolibrary.org/obo/HP_0000179,Thick lower lip vermilion,characteristic of,http://purl.obolibrary.org/obo/UBERON_0001835,lower lip,False,,
http://purl.obolibrary.org/obo/HP_0000185,Cleft soft palate,characteristic of,http://purl.obolibrary.org/obo/UBERON_0001733,soft palate,False,,
http://purl.obolibrary.org/obo/HP_0000187,Broad alveolar ridges,characteristic of,http://purl.obolibrary.org/obo/UBERON_0004103,alveolar ridge,False,,
http://purl.obolibrary.org/obo/HP_0000188,Short upper lip,characteristic of,http://purl.obolibrary.org/obo/UBERON_0001834,upper lip,False,,
http://purl.obolibrary.org/obo/HP_0000189,Narrow palate,characteristic of,http://purl.obolibrary.org/obo/UBERON_0001716,secondary palate,False,,
http://purl.obolibrary.org/obo/HP_0000190,Abnormal oral frenulum morphology,characteristic of,http://purl.obolibrary.org/obo/UBERON_0006689,frenulum of tongue,False,,
http://purl.obolibrary.org/obo/HP_0000193,Bifid uvula,characteristic of,http://purl.obolibrary.org/obo/UBERON_0001734,palatine uvula,False,,
http://purl.obolibrary.org/obo/HP_0000194,Open mouth,characteristic of,http://purl.obolibrary.org/obo/UBERON_0000165,mouth,False,,
http://purl.obolibrary.org/obo/HP_0000197,Abnormal parotid gland morphology,characteristic of part of,http://purl.obolibrary.org/obo/UBERON_0001831,parotid gland,False,,
http://purl.obolibrary.org/obo/HP_0000200,Short lingual frenulum,characteristic of,http://purl.obolibrary.org/obo/UBERON_0006689,frenulum of tongue,False,,
http://purl.obolibrary.org/obo/HP_0000204,Cleft upper lip,characteristic of,http://purl.obolibrary.org/obo/UBERON_0001834,upper lip,False,,
http://purl.obolibrary.org/obo/HP_0000207,Triangular mouth,characteristic of,http://purl.obolibrary.org/obo/UBERON_0000165,mouth,False,,
http://purl.obolibrary.org/obo/HP_0000212,Gingival overgrowth,characteristic of,http://purl.obolibrary.org/obo/UBERON_0001828,gingiva,False,,
http://purl.obolibrary.org/obo/HP_0000214,Lip telangiectasia,part of,http://purl.obolibrary.org/obo/UBERON_0001833,lip,False,,
http://purl.obolibrary.org/obo/HP_0000215,Thick upper lip vermilion,characteristic of,http://purl.obolibrary.org/obo/UBERON_0001834,upper lip,False,,
http://purl.obolibrary.org/obo/HP_0000216,Broad secondary alveolar ridge,characteristic of,http://purl.obolibrary.org/obo/UBERON_0004527,alveolar process of maxilla,False,,
http://purl.obolibrary.org/obo/HP_0000217,Xerostomia,characteristic of,http://purl.obolibrary.org/obo/UBERON_0000165,mouth,False,,
http://purl.obolibrary.org/obo/HP_0000218,High palate,characteristic of,http://purl.obolibrary.org/obo/UBERON_0001716,secondary palate,False,,
http://purl.obolibrary.org/obo/HP_0000219,Thin upper lip vermilion,characteristic of,http://purl.obolibrary.org/obo/UBERON_0001834,upper lip,False,,
http://purl.obolibrary.org/obo/HP_0000221,Furrowed tongue,characteristic of,http://purl.obolibrary.org/obo/UBERON_0001723,tongue,False,,
http://purl.obolibrary.org/obo/HP_0000222,Gingival hyperkeratosis,characteristic of,http://purl.obolibrary.org/obo/UBERON_0001828,gingiva,False,,
http://purl.obolibrary.org/obo/HP_0000225,Gingival bleeding,part of,http://purl.obolibrary.org/obo/UBERON_0001828,gingiva,False,,
http://purl.obolibrary.org/obo/HP_0000227,Tongue telangiectasia,part of,http://purl.obolibrary.org/obo/UBERON_0001723,tongue,False,,
http://purl.obolibrary.org/obo/HP_0000230,Gingivitis,occurs in,http://purl.obolibrary.org/obo/UBERON_0001828,gingiva,False,,
http://purl.obolibrary.org/obo/HP_0000232,Everted lower lip vermilion,characteristic of,http://purl.obolibrary.org/obo/UBERON_0001835,lower lip,False,,
http://purl.obolibrary.org/obo/HP_0000234,Abnormality of the head,characteristic of part of,http://purl.obolibrary.org/obo/UBERON_0000033,head,False,,
http://purl.obolibrary.org/obo/HP_0000236,Abnormal anterior fontanelle morphology,characteristic of part of,http://purl.obolibrary.org/obo/UBERON_0002510,anterior fontanel,False,,
http://purl.obolibrary.org/obo/HP_0000237,Small anterior fontanelle,characteristic of,http://purl.obolibrary.org/obo/UBERON_0002510,anterior fontanel,False,,
http://purl.obolibrary.org/obo/HP_0000238,Hydrocephalus,part of,http://purl.obolibrary.org/obo/UBERON_0001359,cerebrospinal fluid,False,,
http://purl.obolibrary.org/obo/HP_0000239,Large fontanelles,characteristic of,http://purl.obolibrary.org/obo/UBERON_0002221,fontanelle,False,,
http://purl.obolibrary.org/obo/HP_0000240,Abnormality of skull size,characteristic of,http://purl.obolibrary.org/obo/UBERON_0003129,skull,False,,
http://purl.obolibrary.org/obo/HP_0000242,Parietal bossing,characteristic of,http://purl.obolibrary.org/obo/UBERON_0000210,tetrapod parietal bone,False,,
http://purl.obolibrary.org/obo/HP_0000243,Trigonocephaly,characteristic of,http://purl.obolibrary.org/obo/UBERON_0000033,head,False,,
http://purl.obolibrary.org/obo/HP_0000245,Abnormal paranasal sinus morphology,characteristic of part of,http://purl.obolibrary.org/obo/UBERON_0001825,paranasal sinus,False,,
http://purl.obolibrary.org/obo/HP_0000246,Sinusitis,occurs in,http://purl.obolibrary.org/obo/UBERON_0001825,paranasal sinus,False,,
http://purl.obolibrary.org/obo/HP_0000248,Brachycephaly,characteristic of,http://purl.obolibrary.org/obo/UBERON_0000033,head,False,,
http://purl.obolibrary.org/obo/HP_0000250,Dense calvaria,characteristic of,http://purl.obolibrary.org/obo/UBERON_0004339,vault of skull,False,,
http://purl.obolibrary.org/obo/HP_0000253,Progressive microcephaly,characteristic of,http://purl.obolibrary.org/obo/UBERON_0000033,head,False,,
http://purl.obolibrary.org/obo/HP_0000260,Wide anterior fontanel,characteristic of,http://purl.obolibrary.org/obo/UBERON_0002510,anterior fontanel,False,,
http://purl.obolibrary.org/obo/HP_0000264,Abnormal mastoid morphology,characteristic of part of,http://purl.obolibrary.org/obo/UBERON_0011220,mastoid process of temporal bone,False,,
http://purl.obolibrary.org/obo/HP_0000265,Mastoiditis,occurs in,http://purl.obolibrary.org/obo/UBERON_0011220,mastoid process of temporal bone,False,,
http://purl.obolibrary.org/obo/HP_0000267,Cranial asymmetry,characteristic of part of,http://purl.obolibrary.org/obo/UBERON_0003129,skull,False,,
http://purl.obolibrary.org/obo/HP_0000268,Dolichocephaly,characteristic of,http://purl.obolibrary.org/obo/UBERON_0000033,head,False,,
http://purl.obolibrary.org/obo/HP_0000269,Prominent occiput,characteristic of,http://purl.obolibrary.org/obo/UBERON_0001676,occipital bone,False,,
http://purl.obolibrary.org/obo/HP_0000270,Delayed cranial suture closure,characteristic of,http://purl.obolibrary.org/obo/UBERON_0002221,fontanelle,False,,
http://purl.obolibrary.org/obo/HP_0000271,Abnormality of the face,characteristic of part of,http://purl.obolibrary.org/obo/UBERON_0001456,face,False,,
http://purl.obolibrary.org/obo/HP_0000272,Malar flattening,characteristic of,http://purl.obolibrary.org/obo/UBERON_0002500,zygomatic arch,False,,
http://purl.obolibrary.org/obo/HP_0000274,Small face,characteristic of,http://purl.obolibrary.org/obo/UBERON_0001456,face,False,,
http://purl.obolibrary.org/obo/HP_0000275,Narrow face,characteristic of,http://purl.obolibrary.org/obo/UBERON_0001456,face,False,,
http://purl.obolibrary.org/obo/HP_0000276,Long face,characteristic of,http://purl.obolibrary.org/obo/UBERON_0001456,face,False,,
http://purl.obolibrary.org/obo/HP_0000277,Abnormal mandible morphology,characteristic of part of,http://purl.obolibrary.org/obo/UBERON_0001684,mandible,False,,
http://purl.obolibrary.org/obo/HP_0000278,Retrognathia,characteristic of,http://purl.obolibrary.org/obo/UBERON_0001684,mandible,False,,
http://purl.obolibrary.org/obo/HP_0000280,Coarse facial features,characteristic of,http://purl.obolibrary.org/obo/UBERON_0001456,face,False,,
http://purl.obolibrary.org/obo/HP_0000282,Facial edema,characteristic of,http://purl.obolibrary.org/obo/UBERON_0001456,face,False,,
http://purl.obolibrary.org/obo/HP_0000283,Broad face,characteristic of,http://purl.obolibrary.org/obo/UBERON_0001456,face,False,,
http://purl.obolibrary.org/obo/HP_0000286,Epicanthus,characteristic of,http://purl.obolibrary.org/obo/UBERON_0013766,epicanthal fold,False,,
http://purl.obolibrary.org/obo/HP_0000287,Increased facial adipose tissue,part of,http://purl.obolibrary.org/obo/UBERON_0001456,face,False,,
http://purl.obolibrary.org/obo/HP_0000288,Abnormality of the philtrum,characteristic of part of,http://purl.obolibrary.org/obo/UBERON_0005402,philtrum,False,,
http://purl.obolibrary.org/obo/HP_0000289,Broad philtrum,characteristic of,http://purl.obolibrary.org/obo/UBERON_0005402,philtrum,False,,
http://purl.obolibrary.org/obo/HP_0000290,Abnormal forehead morphology,characteristic of part of,http://purl.obolibrary.org/obo/UBERON_0008200,forehead,False,,
http://purl.obolibrary.org/obo/HP_0000291,Abnormality of facial adipose tissue,part of,http://purl.obolibrary.org/obo/UBERON_0001456,face,False,,
http://purl.obolibrary.org/obo/HP_0000292,Loss of facial adipose tissue,characteristic of,http://purl.obolibrary.org/obo/UBERON_0001456,face,False,,
http://purl.obolibrary.org/obo/HP_0000292,Loss of facial adipose tissue,towards,http://purl.obolibrary.org/obo/UBERON_0001013,adipose tissue,False,,
http://purl.obolibrary.org/obo/HP_0000293,Full cheeks,characteristic of,http://purl.obolibrary.org/obo/UBERON_0001567,cheek,False,,
http://purl.obolibrary.org/obo/HP_0000297,Facial hypotonia,characteristic of,http://purl.obolibrary.org/obo/UBERON_0001577,facial muscle,False,,
http://purl.obolibrary.org/obo/HP_0000300,Oval face,characteristic of,http://purl.obolibrary.org/obo/UBERON_0001456,face,False,,
http://purl.obolibrary.org/obo/HP_0000301,Abnormality of facial musculature,characteristic of part of,http://purl.obolibrary.org/obo/UBERON_0001577,facial muscle,False,,
http://purl.obolibrary.org/obo/HP_0000303,Mandibular prognathia,characteristic of,http://purl.obolibrary.org/obo/UBERON_0001684,mandible,False,,
http://purl.obolibrary.org/obo/HP_0000306,Abnormality of the chin,characteristic of part of,http://purl.obolibrary.org/obo/UBERON_0008199,chin,False,,
http://purl.obolibrary.org/obo/HP_0000307,Pointed chin,characteristic of,http://purl.obolibrary.org/obo/UBERON_0008199,chin,False,,
http://purl.obolibrary.org/obo/HP_0000309,Abnormal midface morphology,characteristic of part of,http://purl.obolibrary.org/obo/UBERON_0004089,midface,False,,
http://purl.obolibrary.org/obo/HP_0000311,Round face,characteristic of,http://purl.obolibrary.org/obo/UBERON_0001456,face,False,,
http://purl.obolibrary.org/obo/HP_0000315,Abnormality of the orbital region,characteristic of part of,http://purl.obolibrary.org/obo/UBERON_0004088,orbital region,False,,
http://purl.obolibrary.org/obo/HP_0000316,Hypertelorism,characteristic of,http://purl.obolibrary.org/obo/UBERON_0010222,anatomical line between pupils,False,,
http://purl.obolibrary.org/obo/HP_0000317,Facial myokymia,characteristic of,http://purl.obolibrary.org/obo/UBERON_0001456,face,False,,
http://purl.obolibrary.org/obo/HP_0000319,Smooth philtrum,characteristic of,http://purl.obolibrary.org/obo/UBERON_0005402,philtrum,False,,
http://purl.obolibrary.org/obo/HP_0000321,Square face,characteristic of,http://purl.obolibrary.org/obo/UBERON_0001456,face,False,,
http://purl.obolibrary.org/obo/HP_0000322,Short philtrum,characteristic of,http://purl.obolibrary.org/obo/UBERON_0005402,philtrum,False,,
http://purl.obolibrary.org/obo/HP_0000324,Facial asymmetry,characteristic of,http://purl.obolibrary.org/obo/UBERON_0001456,face,False,,
http://purl.obolibrary.org/obo/HP_0000326,Abnormal maxilla morphology,characteristic of part of,http://purl.obolibrary.org/obo/UBERON_0000165,mouth,False,,
http://purl.obolibrary.org/obo/HP_0000326,Abnormal maxilla morphology,characteristic of part of,http://purl.obolibrary.org/obo/UBERON_0002397,maxilla,False,,
http://purl.obolibrary.org/obo/HP_0000326,Abnormal maxilla morphology,characteristic of part of,http://purl.obolibrary.org/obo/UBERON_0004089,midface,False,,
http://purl.obolibrary.org/obo/HP_0000327,Hypoplasia of the maxilla,characteristic of,http://purl.obolibrary.org/obo/UBERON_0002397,maxilla,False,,
http://purl.obolibrary.org/obo/HP_0000329,Facial hemangioma,characteristic of,http://purl.obolibrary.org/obo/UBERON_0001456,face,False,,
http://purl.obolibrary.org/obo/HP_0000331,Short chin,characteristic of,http://purl.obolibrary.org/obo/UBERON_0008199,chin,False,,
http://purl.obolibrary.org/obo/HP_0000337,Broad forehead,characteristic of,http://purl.obolibrary.org/obo/UBERON_0008200,forehead,False,,
http://purl.obolibrary.org/obo/HP_0000340,Sloping forehead,characteristic of,http://purl.obolibrary.org/obo/UBERON_0008200,forehead,False,,
http://purl.obolibrary.org/obo/HP_0000341,Narrow forehead,characteristic of,http://purl.obolibrary.org/obo/UBERON_0008200,forehead,False,,
http://purl.obolibrary.org/obo/HP_0000343,Long philtrum,characteristic of,http://purl.obolibrary.org/obo/UBERON_0005402,philtrum,False,,
http://purl.obolibrary.org/obo/HP_0000347,Micrognathia,characteristic of,http://purl.obolibrary.org/obo/UBERON_0001684,mandible,False,,
http://purl.obolibrary.org/obo/HP_0000348,High forehead,characteristic of,http://purl.obolibrary.org/obo/UBERON_0008200,forehead,False,,
http://purl.obolibrary.org/obo/HP_0000350,Small forehead,characteristic of,http://purl.obolibrary.org/obo/UBERON_0008200,forehead,False,,
http://purl.obolibrary.org/obo/HP_0000356,Abnormality of the outer ear,characteristic of part of,http://purl.obolibrary.org/obo/UBERON_0001691,external ear,False,,
http://purl.obolibrary.org/obo/HP_0000357,Abnormal location of ears,characteristic of,http://purl.obolibrary.org/obo/UBERON_0001690,ear,False,,
http://purl.obolibrary.org/obo/HP_0000358,Posteriorly rotated ears,characteristic of,http://purl.obolibrary.org/obo/UBERON_0001691,external ear,False,,
http://purl.obolibrary.org/obo/HP_0000359,Abnormality of the inner ear,characteristic of part of,http://purl.obolibrary.org/obo/UBERON_0001846,internal ear,False,,
http://purl.obolibrary.org/obo/HP_0000362,Otosclerosis,occurs in,http://purl.obolibrary.org/obo/UBERON_0001839,bony labyrinth,False,,
http://purl.obolibrary.org/obo/HP_0000363,Abnormal earlobe morphology,characteristic of part of,http://purl.obolibrary.org/obo/UBERON_0001847,lobule of pinna,False,,
http://purl.obolibrary.org/obo/HP_0000366,Abnormality of the nose,characteristic of part of,http://purl.obolibrary.org/obo/UBERON_0000004,nose,False,,
http://purl.obolibrary.org/obo/HP_0000369,Low-set ears,characteristic of,http://purl.obolibrary.org/obo/UBERON_0001691,external ear,False,,
http://purl.obolibrary.org/obo/HP_0000370,Abnormality of the middle ear,characteristic of part of,http://purl.obolibrary.org/obo/UBERON_0001756,middle ear,False,,
http://purl.obolibrary.org/obo/HP_0000371,Acute otitis media,occurs in,http://purl.obolibrary.org/obo/UBERON_0001756,middle ear,False,,
http://purl.obolibrary.org/obo/HP_0000372,Abnormal auditory canal morphology,characteristic of part of,http://purl.obolibrary.org/obo/UBERON_0001352,external acoustic meatus,False,,
http://purl.obolibrary.org/obo/HP_0000375,Abnormal cochlea morphology,characteristic of part of,http://purl.obolibrary.org/obo/UBERON_0001844,cochlea,False,,
http://purl.obolibrary.org/obo/HP_0000377,Abnormal pinna morphology,characteristic of,http://purl.obolibrary.org/obo/UBERON_0001691,external ear,False,,
http://purl.obolibrary.org/obo/HP_0000385,Small earlobe,characteristic of,http://purl.obolibrary.org/obo/UBERON_0001847,lobule of pinna,False,,
http://purl.obolibrary.org/obo/HP_0000387,Absent earlobe,part of,http://purl.obolibrary.org/obo/UBERON_0001847,lobule of pinna,False,,
http://purl.obolibrary.org/obo/HP_0000388,Otitis media,occurs in,http://purl.obolibrary.org/obo/UBERON_0001756,middle ear,False,,
http://purl.obolibrary.org/obo/HP_0000389,Chronic otitis media,occurs in,http://purl.obolibrary.org/obo/UBERON_0001756,middle ear,False,,
http://purl.obolibrary.org/obo/HP_0000391,Thickened helices,characteristic of,http://purl.obolibrary.org/obo/UBERON_0002488,helix of outer ear,False,,
http://purl.obolibrary.org/obo/HP_0000395,Prominent antihelix,characteristic of,http://purl.obolibrary.org/obo/UBERON_0016466,antihelix,False,,
http://purl.obolibrary.org/obo/HP_0000400,Macrotia,characteristic of,http://purl.obolibrary.org/obo/UBERON_0001691,external ear,False,,
http://purl.obolibrary.org/obo/HP_0000402,Stenosis of the external auditory canal,characteristic of,http://purl.obolibrary.org/obo/UBERON_0001352,external acoustic meatus,False,,
http://purl.obolibrary.org/obo/HP_0000403,Recurrent otitis media,characteristic of,http://purl.obolibrary.org/obo/UBERON_0001756,middle ear,False,,
http://purl.obolibrary.org/obo/HP_0000407,Sensorineural hearing impairment,occurs in,http://purl.obolibrary.org/obo/UBERON_0001021,nerve,False,,
http://purl.obolibrary.org/obo/HP_0000411,Protruding ear,characteristic of,http://purl.obolibrary.org/obo/UBERON_0001691,external ear,False,,
http://purl.obolibrary.org/obo/HP_0000413,Atresia of the external auditory canal,characteristic of,http://purl.obolibrary.org/obo/UBERON_0001352,external acoustic meatus,False,,
http://purl.obolibrary.org/obo/HP_0000414,Bulbous nose,characteristic of,http://purl.obolibrary.org/obo/UBERON_0000004,nose,False,,
http://purl.obolibrary.org/obo/HP_0000415,Abnormal choanae morphology,characteristic of part of,http://purl.obolibrary.org/obo/UBERON_0010425,internal naris,False,,
http://purl.obolibrary.org/obo/HP_0000417,Slender nose,characteristic of,http://purl.obolibrary.org/obo/UBERON_0000004,nose,False,,
http://purl.obolibrary.org/obo/HP_0000419,Abnormal nasal septum morphology,characteristic of part of,http://purl.obolibrary.org/obo/UBERON_0001706,nasal septum,False,,
http://purl.obolibrary.org/obo/HP_0000420,Short nasal septum,characteristic of,http://purl.obolibrary.org/obo/UBERON_0001706,nasal septum,False,,
http://purl.obolibrary.org/obo/HP_0000421,Epistaxis,part of,http://purl.obolibrary.org/obo/UBERON_0000004,nose,False,,
http://purl.obolibrary.org/obo/HP_0000422,Abnormal nasal bridge morphology,characteristic of part of,http://purl.obolibrary.org/obo/UBERON_0008340,nasal bridge,False,,
http://purl.obolibrary.org/obo/HP_0000426,Prominent nasal bridge,characteristic of,http://purl.obolibrary.org/obo/UBERON_0008340,nasal bridge,False,,
http://purl.obolibrary.org/obo/HP_0000429,Abnormal morphology of the nasal alae,characteristic of part of,http://purl.obolibrary.org/obo/UBERON_0006906,ala of nose,False,,
http://purl.obolibrary.org/obo/HP_0000430,Underdeveloped nasal alae,characteristic of,http://purl.obolibrary.org/obo/UBERON_0001823,nasal cartilage,False,,
http://purl.obolibrary.org/obo/HP_0000431,Wide nasal bridge,characteristic of,http://purl.obolibrary.org/obo/UBERON_0008340,nasal bridge,False,,
http://purl.obolibrary.org/obo/HP_0000433,Abnormal nasal mucosa morphology,characteristic of part of,http://purl.obolibrary.org/obo/UBERON_0001826,nasal cavity mucosa,False,,
http://purl.obolibrary.org/obo/HP_0000434,Nasal mucosa telangiectasia,part of,http://purl.obolibrary.org/obo/UBERON_0001826,nasal cavity mucosa,False,,
http://purl.obolibrary.org/obo/HP_0000436,Abnormal nasal tip morphology,characteristic of part of,http://purl.obolibrary.org/obo/UBERON_0012128,nose tip,False,,
http://purl.obolibrary.org/obo/HP_0000437,Depressed nasal tip,characteristic of,http://purl.obolibrary.org/obo/UBERON_0012128,nose tip,False,,
http://purl.obolibrary.org/obo/HP_0000445,Wide nose,characteristic of,http://purl.obolibrary.org/obo/UBERON_0000004,nose,False,,
http://purl.obolibrary.org/obo/HP_0000446,Narrow nasal bridge,characteristic of,http://purl.obolibrary.org/obo/UBERON_0001681,nasal bone,False,,
http://purl.obolibrary.org/obo/HP_0000448,Prominent nose,characteristic of,http://purl.obolibrary.org/obo/UBERON_0000004,nose,False,,
http://purl.obolibrary.org/obo/HP_0000451,Triangular nasal tip,characteristic of,http://purl.obolibrary.org/obo/UBERON_0012128,nose tip,False,,
http://purl.obolibrary.org/obo/HP_0000452,Choanal stenosis,characteristic of,http://purl.obolibrary.org/obo/UBERON_0010425,internal naris,False,,
http://purl.obolibrary.org/obo/HP_0000453,Choanal atresia,characteristic of,http://purl.obolibrary.org/obo/UBERON_0004771,posterior nasal aperture,False,,
http://purl.obolibrary.org/obo/HP_0000454,Flared nostrils,characteristic of,http://purl.obolibrary.org/obo/UBERON_0005928,external naris,False,,
http://purl.obolibrary.org/obo/HP_0000455,Broad nasal tip,characteristic of,http://purl.obolibrary.org/obo/UBERON_0012128,nose tip,False,,
http://purl.obolibrary.org/obo/HP_0000456,Bifid nasal tip,characteristic of,http://purl.obolibrary.org/obo/UBERON_0012128,nose tip,False,,
http://purl.obolibrary.org/obo/HP_0000457,Depressed nasal ridge,characteristic of,http://purl.obolibrary.org/obo/UBERON_0000004,nose,False,,
http://purl.obolibrary.org/obo/HP_0000460,Narrow nose,characteristic of,http://purl.obolibrary.org/obo/UBERON_0000004,nose,False,,
http://purl.obolibrary.org/obo/HP_0000463,Anteverted nares,characteristic of,http://purl.obolibrary.org/obo/UBERON_0005928,external naris,False,,
http://purl.obolibrary.org/obo/HP_0000464,Abnormality of the neck,characteristic of part of,http://purl.obolibrary.org/obo/UBERON_0000974,neck,False,,
http://purl.obolibrary.org/obo/HP_0000467,Neck muscle weakness,characteristic of,http://purl.obolibrary.org/obo/UBERON_0002377,muscle of neck,False,,
http://purl.obolibrary.org/obo/HP_0000468,Increased adipose tissue around the neck,part of,http://purl.obolibrary.org/obo/UBERON_0000974,neck,False,,
http://purl.obolibrary.org/obo/HP_0000470,Short neck,characteristic of,http://purl.obolibrary.org/obo/UBERON_0000974,neck,False,,
http://purl.obolibrary.org/obo/HP_0000471,Gastrointestinal angiodysplasia,part of,http://purl.obolibrary.org/obo/UBERON_0005409,alimentary part of gastrointestinal system,False,,
http://purl.obolibrary.org/obo/HP_0000472,Long neck,characteristic of,http://purl.obolibrary.org/obo/UBERON_0000974,neck,False,,
http://purl.obolibrary.org/obo/HP_0000475,Broad neck,characteristic of,http://purl.obolibrary.org/obo/UBERON_0000974,neck,False,,
http://purl.obolibrary.org/obo/HP_0000478,Abnormality of the eye,characteristic of part of,http://purl.obolibrary.org/obo/UBERON_0010230,eyeball of camera-type eye,False,,
http://purl.obolibrary.org/obo/HP_0000479,Abnormal retinal morphology,characteristic of part of,http://purl.obolibrary.org/obo/UBERON_0000966,retina,False,,
http://purl.obolibrary.org/obo/HP_0000480,Retinal coloboma,characteristic of part of,http://purl.obolibrary.org/obo/UBERON_0000966,retina,False,,
http://purl.obolibrary.org/obo/HP_0000481,Abnormal cornea morphology,characteristic of,http://purl.obolibrary.org/obo/UBERON_0000964,cornea,False,,
http://purl.obolibrary.org/obo/HP_0000482,Microcornea,characteristic of,http://purl.obolibrary.org/obo/UBERON_0000964,cornea,False,,
http://purl.obolibrary.org/obo/HP_0000485,Megalocornea,characteristic of,http://purl.obolibrary.org/obo/UBERON_0000964,cornea,False,,
http://purl.obolibrary.org/obo/HP_0000486,Strabismus,characteristic of,http://purl.obolibrary.org/obo/UBERON_0010222,anatomical line between pupils,False,,
http://purl.obolibrary.org/obo/HP_0000488,Retinopathy,characteristic of,http://purl.obolibrary.org/obo/UBERON_0000966,retina,False,,
http://purl.obolibrary.org/obo/HP_0000490,Deeply set eye,characteristic of,http://purl.obolibrary.org/obo/UBERON_0010230,eyeball of camera-type eye,False,,
http://purl.obolibrary.org/obo/HP_0000492,Abnormal eyelid morphology,characteristic of part of,http://purl.obolibrary.org/obo/UBERON_0001711,eyelid,False,,
http://purl.obolibrary.org/obo/HP_0000493,Abnormal foveal morphology,characteristic of part of,http://purl.obolibrary.org/obo/UBERON_0001786,fovea centralis,False,,
http://purl.obolibrary.org/obo/HP_0000494,Downslanted palpebral fissures,characteristic of,http://purl.obolibrary.org/obo/UBERON_0001819,palpebral fissure,False,,
http://purl.obolibrary.org/obo/HP_0000498,Blepharitis,occurs in,http://purl.obolibrary.org/obo/UBERON_0001711,eyelid,False,,
http://purl.obolibrary.org/obo/HP_0000499,Abnormal eyelash morphology,characteristic of part of,http://purl.obolibrary.org/obo/UBERON_0001702,eyelash,False,,
http://purl.obolibrary.org/obo/HP_0000502,Abnormal conjunctiva morphology,characteristic of,http://purl.obolibrary.org/obo/UBERON_0001811,conjunctiva,False,,
http://purl.obolibrary.org/obo/HP_0000506,Telecanthus,characteristic of,http://purl.obolibrary.org/obo/UBERON_0013678,anatomical line between inner canthi,False,,
http://purl.obolibrary.org/obo/HP_0000508,Ptosis,characteristic of,http://purl.obolibrary.org/obo/UBERON_0001711,eyelid,False,,
http://purl.obolibrary.org/obo/HP_0000509,Conjunctivitis,occurs in,http://purl.obolibrary.org/obo/UBERON_0001811,conjunctiva,False,,
http://purl.obolibrary.org/obo/HP_0000517,Abnormal lens morphology,characteristic of part of,http://purl.obolibrary.org/obo/UBERON_0000965,lens of camera-type eye,False,,
http://purl.obolibrary.org/obo/HP_0000518,Cataract,characteristic of,http://purl.obolibrary.org/obo/UBERON_0000965,lens of camera-type eye,False,,
http://purl.obolibrary.org/obo/HP_0000520,Proptosis,characteristic of,http://purl.obolibrary.org/obo/UBERON_0010230,eyeball of camera-type eye,False,,
http://purl.obolibrary.org/obo/HP_0000524,Conjunctival telangiectasia,part of,http://purl.obolibrary.org/obo/UBERON_0001811,conjunctiva,False,,
http://purl.obolibrary.org/obo/HP_0000525,Abnormality iris morphology,characteristic of,http://purl.obolibrary.org/obo/UBERON_0001769,iris,False,,
http://purl.obolibrary.org/obo/HP_0000526,Aniridia,characteristic of,http://purl.obolibrary.org/obo/UBERON_0001769,iris,False,,
http://purl.obolibrary.org/obo/HP_0000527,Long eyelashes,characteristic of,http://purl.obolibrary.org/obo/UBERON_0001702,eyelash,False,,
http://purl.obolibrary.org/obo/HP_0000528,Anophthalmia,characteristic of,http://purl.obolibrary.org/obo/UBERON_0010230,eyeball of camera-type eye,False,,
http://purl.obolibrary.org/obo/HP_0000532,Abnormal chorioretinal morphology,characteristic of part of,http://purl.obolibrary.org/obo/UBERON_0000966,retina,False,,
http://purl.obolibrary.org/obo/HP_0000532,Abnormal chorioretinal morphology,characteristic of part of,http://purl.obolibrary.org/obo/UBERON_0001776,optic choroid,False,,
http://purl.obolibrary.org/obo/HP_0000533,Chorioretinal atrophy,characteristic of part of,http://purl.obolibrary.org/obo/UBERON_0000966,retina,False,,
http://purl.obolibrary.org/obo/HP_0000533,Chorioretinal atrophy,characteristic of part of,http://purl.obolibrary.org/obo/UBERON_0001776,optic choroid,False,,
http://purl.obolibrary.org/obo/HP_0000534,Abnormal eyebrow morphology,characteristic of part of,http://purl.obolibrary.org/obo/UBERON_0010163,eyebrow,False,,
http://purl.obolibrary.org/obo/HP_0000541,Retinal detachment,characteristic of,http://purl.obolibrary.org/obo/UBERON_0010230,eyeball of camera-type eye,False,,
http://purl.obolibrary.org/obo/HP_0000541,Retinal detachment,towards,http://purl.obolibrary.org/obo/UBERON_0000966,retina,False,,
http://purl.obolibrary.org/obo/HP_0000546,Retinal degeneration,characteristic of part of,http://purl.obolibrary.org/obo/UBERON_0000966,retina,False,,
http://purl.obolibrary.org/obo/HP_0000553,Abnormal uvea morphology,characteristic of part of,http://purl.obolibrary.org/obo/UBERON_0001768,uvea,False,,
http://purl.obolibrary.org/obo/HP_0000554,Uveitis,occurs in,http://purl.obolibrary.org/obo/UBERON_0001768,uvea,False,,
http://purl.obolibrary.org/obo/HP_0000556,Retinal dystrophy,characteristic of part of,http://purl.obolibrary.org/obo/UBERON_0000966,retina,False,,
http://purl.obolibrary.org/obo/HP_0000559,Corneal scarring,characteristic of,http://purl.obolibrary.org/obo/UBERON_0000964,cornea,False,,
http://purl.obolibrary.org/obo/HP_0000561,Absent eyelashes,characteristic of,http://purl.obolibrary.org/obo/UBERON_0001702,eyelash,False,,
http://purl.obolibrary.org/obo/HP_0000564,Lacrimal duct atresia,characteristic of,http://purl.obolibrary.org/obo/UBERON_0001850,lacrimal drainage system,False,,
http://purl.obolibrary.org/obo/HP_0000567,Chorioretinal coloboma,occurs in,http://purl.obolibrary.org/obo/UBERON_0000966,retina,False,,
http://purl.obolibrary.org/obo/HP_0000567,Chorioretinal coloboma,occurs in,http://purl.obolibrary.org/obo/UBERON_0001776,optic choroid,False,,
http://purl.obolibrary.org/obo/HP_0000568,Microphthalmia,characteristic of,http://purl.obolibrary.org/obo/UBERON_0010230,eyeball of camera-type eye,False,,
http://purl.obolibrary.org/obo/HP_0000573,Retinal hemorrhage,part of,http://purl.obolibrary.org/obo/UBERON_0000966,retina,False,,
http://purl.obolibrary.org/obo/HP_0000574,Thick eyebrow,characteristic of,http://purl.obolibrary.org/obo/UBERON_0010163,eyebrow,False,,
http://purl.obolibrary.org/obo/HP_0000579,Nasolacrimal duct obstruction,characteristic of,http://purl.obolibrary.org/obo/UBERON_0001850,lacrimal drainage system,False,,
http://purl.obolibrary.org/obo/HP_0000581,Blepharophimosis,characteristic of,http://purl.obolibrary.org/obo/UBERON_0001819,palpebral fissure,False,,
http://purl.obolibrary.org/obo/HP_0000586,Shallow orbits,characteristic of,http://purl.obolibrary.org/obo/UBERON_0001697,orbit of skull,False,,
http://purl.obolibrary.org/obo/HP_0000587,Abnormal optic nerve morphology,characteristic of part of,http://purl.obolibrary.org/obo/UBERON_0000941,cranial nerve II,False,,
http://purl.obolibrary.org/obo/HP_0000588,Optic disc coloboma,characteristic of,http://purl.obolibrary.org/obo/UBERON_0000941,cranial nerve II,False,,
http://purl.obolibrary.org/obo/HP_0000589,Coloboma,characteristic of,http://purl.obolibrary.org/obo/UBERON_0010230,eyeball of camera-type eye,False,,
http://purl.obolibrary.org/obo/HP_0000591,Abnormal sclera morphology,characteristic of part of,http://purl.obolibrary.org/obo/UBERON_0001773,sclera,False,,
http://purl.obolibrary.org/obo/HP_0000592,Blue sclerae,characteristic of,http://purl.obolibrary.org/obo/UBERON_0001773,sclera,False,,
http://purl.obolibrary.org/obo/HP_0000593,Abnormal anterior chamber morphology,characteristic of,http://purl.obolibrary.org/obo/UBERON_0001766,anterior chamber of eyeball,False,,
http://purl.obolibrary.org/obo/HP_0000598,Abnormality of the ear,characteristic of part of,http://purl.obolibrary.org/obo/UBERON_0001690,ear,False,,
http://purl.obolibrary.org/obo/HP_0000600,Abnormality of the pharynx,characteristic of part of,http://purl.obolibrary.org/obo/UBERON_0001042,chordate pharynx,False,,
http://purl.obolibrary.org/obo/HP_0000601,Hypotelorism,characteristic of,http://purl.obolibrary.org/obo/UBERON_0010222,anatomical line between pupils,False,,
http://purl.obolibrary.org/obo/HP_0000602,Ophthalmoplegia,characteristic of,http://purl.obolibrary.org/obo/UBERON_0001601,extra-ocular muscle,False,,
http://purl.obolibrary.org/obo/HP_0000606,Abnormality of the periorbital region,characteristic of part of,http://purl.obolibrary.org/obo/UBERON_0004090,periorbital region,False,,
http://purl.obolibrary.org/obo/HP_0000607,Periorbital wrinkles,characteristic of,http://purl.obolibrary.org/obo/UBERON_0016462,periorbital skin,False,,
http://purl.obolibrary.org/obo/HP_0000608,Macular degeneration,characteristic of part of,http://purl.obolibrary.org/obo/UBERON_0000053,macula lutea,False,,
http://purl.obolibrary.org/obo/HP_0000609,Optic nerve hypoplasia,characteristic of,http://purl.obolibrary.org/obo/UBERON_0000941,cranial nerve II,False,,
http://purl.obolibrary.org/obo/HP_0000610,Abnormal choroid morphology,characteristic of part of,http://purl.obolibrary.org/obo/UBERON_0001776,optic choroid,False,,
http://purl.obolibrary.org/obo/HP_0000612,Iris coloboma,characteristic of,http://purl.obolibrary.org/obo/UBERON_0001769,iris,False,,
http://purl.obolibrary.org/obo/HP_0000613,Photophobia,characteristic of,http://purl.obolibrary.org/obo/UBERON_0000019,camera-type eye,False,,
http://purl.obolibrary.org/obo/HP_0000614,Abnormal nasolacrimal system morphology,characteristic of part of,http://purl.obolibrary.org/obo/UBERON_0001850,lacrimal drainage system,False,,
http://purl.obolibrary.org/obo/HP_0000615,Abnormal pupil morphology,characteristic of,http://purl.obolibrary.org/obo/UBERON_0001771,pupil,False,,
http://purl.obolibrary.org/obo/HP_0000616,Miosis,characteristic of,http://purl.obolibrary.org/obo/UBERON_0001771,pupil,False,,
http://purl.obolibrary.org/obo/HP_0000625,Eyelid coloboma,characteristic of,http://purl.obolibrary.org/obo/UBERON_0001711,eyelid,False,,
http://purl.obolibrary.org/obo/HP_0000630,Abnormal retinal artery morphology,part of,http://purl.obolibrary.org/obo/UBERON_0000966,retina,False,,
http://purl.obolibrary.org/obo/HP_0000631,Retinal arterial tortuosity,characteristic of,http://purl.obolibrary.org/obo/UBERON_0000966,retina,False,,
http://purl.obolibrary.org/obo/HP_0000636,Upper eyelid coloboma,characteristic of,http://purl.obolibrary.org/obo/UBERON_0001712,upper eyelid,False,,
http://purl.obolibrary.org/obo/HP_0000637,Long palpebral fissure,characteristic of,http://purl.obolibrary.org/obo/UBERON_0001819,palpebral fissure,False,,
http://purl.obolibrary.org/obo/HP_0000648,Optic atrophy,characteristic of,http://purl.obolibrary.org/obo/UBERON_0000941,cranial nerve II,False,,
http://purl.obolibrary.org/obo/HP_0000652,Lower eyelid coloboma,characteristic of,http://purl.obolibrary.org/obo/UBERON_0001713,lower eyelid,False,,
http://purl.obolibrary.org/obo/HP_0000653,Sparse eyelashes,characteristic of,http://purl.obolibrary.org/obo/UBERON_0001702,eyelash,False,,
http://purl.obolibrary.org/obo/HP_0000656,Ectropion,characteristic of,http://purl.obolibrary.org/obo/UBERON_0001711,eyelid,False,,
http://purl.obolibrary.org/obo/HP_0000658,Eyelid apraxia,characteristic of,http://purl.obolibrary.org/obo/UBERON_0001711,eyelid,False,,
http://purl.obolibrary.org/obo/HP_0000667,Phthisis bulbi,characteristic of,http://purl.obolibrary.org/obo/UBERON_0010230,eyeball of camera-type eye,False,,
http://purl.obolibrary.org/obo/HP_0000674,Anodontia,characteristic of,http://purl.obolibrary.org/obo/UBERON_0001091,calcareous tooth,False,,
http://purl.obolibrary.org/obo/HP_0000675,Macrodontia of permanent maxillary central incisor,characteristic of,http://purl.obolibrary.org/obo/UBERON_0016454,upper central secondary incisor tooth,False,,
http://purl.obolibrary.org/obo/HP_0000676,Abnormality of the incisor,characteristic of part of,http://purl.obolibrary.org/obo/UBERON_0001098,incisor tooth,False,,
http://purl.obolibrary.org/obo/HP_0000678,Dental crowding,characteristic of,http://purl.obolibrary.org/obo/UBERON_0003672,dentition,False,,
http://purl.obolibrary.org/obo/HP_0000679,Taurodontia,part of,http://purl.obolibrary.org/obo/UBERON_0013618,secondary molar tooth,False,,
http://purl.obolibrary.org/obo/HP_0000680,Delayed eruption of primary teeth,characteristic of,http://purl.obolibrary.org/obo/UBERON_0007116,primary dentition,False,,
http://purl.obolibrary.org/obo/HP_0000682,Abnormal dental enamel morphology,part of,http://purl.obolibrary.org/obo/UBERON_0001091,calcareous tooth,False,,
http://purl.obolibrary.org/obo/HP_0000683,Grayish enamel,characteristic of,http://purl.obolibrary.org/obo/UBERON_0001752,enamel,False,,
http://purl.obolibrary.org/obo/HP_0000685,Hypoplasia of teeth,characteristic of,http://purl.obolibrary.org/obo/UBERON_0003672,dentition,False,,
http://purl.obolibrary.org/obo/HP_0000689,Dental malocclusion,characteristic of,http://purl.obolibrary.org/obo/UBERON_0009680,set of upper jaw teeth,False,,
http://purl.obolibrary.org/obo/HP_0000689,Dental malocclusion,towards,http://purl.obolibrary.org/obo/UBERON_0009679,set of lower jaw teeth,False,,
http://purl.obolibrary.org/obo/HP_0000690,Agenesis of maxillary lateral incisor,characteristic of,http://purl.obolibrary.org/obo/UBERON_0018604,upper lateral incisor tooth,False,,
http://purl.obolibrary.org/obo/HP_0000691,Microdontia,characteristic of,http://purl.obolibrary.org/obo/UBERON_0001091,calcareous tooth,False,,
http://purl.obolibrary.org/obo/HP_0000692,Tooth malposition,characteristic of,http://purl.obolibrary.org/obo/UBERON_0001708,jaw skeleton,False,,
http://purl.obolibrary.org/obo/HP_0000692,Tooth malposition,towards,http://purl.obolibrary.org/obo/UBERON_0001091,calcareous tooth,False,,
http://purl.obolibrary.org/obo/HP_0000696,Delayed eruption of permanent teeth,characteristic of,http://purl.obolibrary.org/obo/UBERON_0007774,secondary dentition,False,,
http://purl.obolibrary.org/obo/HP_0000698,Conical tooth,characteristic of,http://purl.obolibrary.org/obo/UBERON_0003672,dentition,False,,
http://purl.obolibrary.org/obo/HP_0000703,Dentinogenesis imperfecta,characteristic of,http://purl.obolibrary.org/obo/UBERON_0001751,dentine,False,,
http://purl.obolibrary.org/obo/HP_0000704,Periodontitis,occurs in,http://purl.obolibrary.org/obo/UBERON_0001758,periodontium,False,,
http://purl.obolibrary.org/obo/HP_0000705,Amelogenesis imperfecta,characteristic of,http://purl.obolibrary.org/obo/UBERON_0001752,enamel,False,,
http://purl.obolibrary.org/obo/HP_0000707,Abnormality of the nervous system,characteristic of part of,http://purl.obolibrary.org/obo/UBERON_0001016,nervous system,False,,
http://purl.obolibrary.org/obo/HP_0000759,Abnormal peripheral nervous system morphology,characteristic of part of,http://purl.obolibrary.org/obo/UBERON_0000010,peripheral nervous system,False,,
http://purl.obolibrary.org/obo/HP_0000763,Sensory neuropathy,characteristic of,http://purl.obolibrary.org/obo/UBERON_0001027,sensory nerve,False,,
http://purl.obolibrary.org/obo/HP_0000765,Abnormal thorax morphology,characteristic of part of,http://purl.obolibrary.org/obo/UBERON_0001443,chest,False,,
http://purl.obolibrary.org/obo/HP_0000766,Abnormal sternum morphology,characteristic of part of,http://purl.obolibrary.org/obo/UBERON_0000975,sternum,False,,
http://purl.obolibrary.org/obo/HP_0000767,Pectus excavatum,characteristic of,http://purl.obolibrary.org/obo/UBERON_0000975,sternum,False,,
http://purl.obolibrary.org/obo/HP_0000768,Pectus carinatum,characteristic of,http://purl.obolibrary.org/obo/UBERON_0000975,sternum,False,,
http://purl.obolibrary.org/obo/HP_0000769,Abnormality of the breast,characteristic of part of,http://purl.obolibrary.org/obo/UBERON_0000310,breast,False,,
http://purl.obolibrary.org/obo/HP_0000771,Gynecomastia,part of,http://purl.obolibrary.org/obo/UBERON_0016410,male breast,False,,
http://purl.obolibrary.org/obo/HP_0000772,Abnormal rib morphology,characteristic of part of,http://purl.obolibrary.org/obo/UBERON_0002228,rib,False,,
http://purl.obolibrary.org/obo/HP_0000773,Short ribs,characteristic of,http://purl.obolibrary.org/obo/UBERON_0002228,rib,False,,
http://purl.obolibrary.org/obo/HP_0000774,Narrow chest,characteristic of,http://purl.obolibrary.org/obo/UBERON_0016416,anterior chest,False,,
http://purl.obolibrary.org/obo/HP_0000775,Abnormality of the diaphragm,characteristic of part of,http://purl.obolibrary.org/obo/UBERON_0001103,diaphragm,False,,
http://purl.obolibrary.org/obo/HP_0000776,Congenital diaphragmatic hernia,characteristic of part of,http://purl.obolibrary.org/obo/UBERON_0017672,abdominal viscera,False,,
http://purl.obolibrary.org/obo/HP_0000776,Congenital diaphragmatic hernia,towards,http://purl.obolibrary.org/obo/UBERON_0003252,thoracic rib cage,False,,
http://purl.obolibrary.org/obo/HP_0000777,Abnormal thymus morphology,characteristic of part of,http://purl.obolibrary.org/obo/UBERON_0002370,thymus,False,,
http://purl.obolibrary.org/obo/HP_0000778,Hypoplasia of the thymus,characteristic of,http://purl.obolibrary.org/obo/UBERON_0002370,thymus,False,,
http://purl.obolibrary.org/obo/HP_0000782,Abnormal scapula morphology,characteristic of,http://purl.obolibrary.org/obo/UBERON_0006849,scapula,False,,
http://purl.obolibrary.org/obo/HP_0000789,Infertility,characteristic of,http://purl.obolibrary.org/obo/UBERON_0000468,multicellular organism,False,,
http://purl.obolibrary.org/obo/HP_0000790,Hematuria,part of,http://purl.obolibrary.org/obo/UBERON_0001088,urine,False,,
http://purl.obolibrary.org/obo/HP_0000795,Abnormality of the urethra,characteristic of part of,http://purl.obolibrary.org/obo/UBERON_0000057,urethra,False,,
http://purl.obolibrary.org/obo/HP_0000799,Renal steatosis,part of,http://purl.obolibrary.org/obo/UBERON_0002113,kidney,False,,
http://purl.obolibrary.org/obo/HP_0000803,Renal cortical cysts,part of,http://purl.obolibrary.org/obo/UBERON_0001225,cortex of kidney,False,,
http://purl.obolibrary.org/obo/HP_0000807,Glanular hypospadias,characteristic of,http://purl.obolibrary.org/obo/UBERON_0012241,male urethral meatus,False,,
http://purl.obolibrary.org/obo/HP_0000807,Glanular hypospadias,towards,http://purl.obolibrary.org/obo/UBERON_0016409,base of glans penis,False,,
http://purl.obolibrary.org/obo/HP_0000809,Urinary tract atresia,characteristic of part of,http://purl.obolibrary.org/obo/UBERON_0001008,renal system,False,,
http://purl.obolibrary.org/obo/HP_0000811,Abnormal external genitalia morphology,characteristic of part of,http://purl.obolibrary.org/obo/UBERON_0004176,external genitalia,False,,
http://purl.obolibrary.org/obo/HP_0000812,Abnormal internal genitalia,characteristic of part of,http://purl.obolibrary.org/obo/UBERON_0004175,internal genitalia,False,,
http://purl.obolibrary.org/obo/HP_0000813,Bicornuate uterus,characteristic of,http://purl.obolibrary.org/obo/UBERON_0000995,uterus,False,,
http://purl.obolibrary.org/obo/HP_0000818,Abnormality of the endocrine system,characteristic of part of,http://purl.obolibrary.org/obo/UBERON_0000949,endocrine system,False,,
http://purl.obolibrary.org/obo/HP_0000820,Abnormality of the thyroid gland,characteristic of part of,http://purl.obolibrary.org/obo/UBERON_0002046,thyroid gland,False,,
http://purl.obolibrary.org/obo/HP_0000821,Hypothyroidism,characteristic of,http://purl.obolibrary.org/obo/UBERON_0002046,thyroid gland,False,,
http://purl.obolibrary.org/obo/HP_0000822,Hypertension,part of,http://purl.obolibrary.org/obo/UBERON_0001981,blood vessel,False,,
http://purl.obolibrary.org/obo/HP_0000828,Abnormality of the parathyroid gland,characteristic of part of,http://purl.obolibrary.org/obo/UBERON_0001132,parathyroid gland,False,,
http://purl.obolibrary.org/obo/HP_0000829,Hypoparathyroidism,part of,http://purl.obolibrary.org/obo/UBERON_0001132,parathyroid gland,False,,
http://purl.obolibrary.org/obo/HP_0000832,Primary hypothyroidism,characteristic of,http://purl.obolibrary.org/obo/UBERON_0002046,thyroid gland,False,,
http://purl.obolibrary.org/obo/HP_0000834,Abnormality of the adrenal glands,characteristic of part of,http://purl.obolibrary.org/obo/UBERON_0002369,adrenal gland,False,,
http://purl.obolibrary.org/obo/HP_0000835,Adrenal hypoplasia,characteristic of,http://purl.obolibrary.org/obo/UBERON_0002369,adrenal gland,False,,
http://purl.obolibrary.org/obo/HP_0000836,Hyperthyroidism,characteristic of,http://purl.obolibrary.org/obo/UBERON_0002046,thyroid gland,False,,
http://purl.obolibrary.org/obo/HP_0000837,Increased circulating gonadotropin level,part of,http://purl.obolibrary.org/obo/UBERON_0000178,blood,False,,
http://purl.obolibrary.org/obo/HP_0000841,Hyperactive renin-angiotensin system,characteristic of,http://purl.obolibrary.org/obo/UBERON_0018229,renin-angiotensin system,False,,
http://purl.obolibrary.org/obo/HP_0000842,Hyperinsulinemia,part of,http://purl.obolibrary.org/obo/UBERON_0000178,blood,False,,
http://purl.obolibrary.org/obo/HP_0000843,Hyperparathyroidism,part of,http://purl.obolibrary.org/obo/UBERON_0001132,parathyroid gland,False,,
http://purl.obolibrary.org/obo/HP_0000846,Adrenal insufficiency,characteristic of,http://purl.obolibrary.org/obo/UBERON_0002369,adrenal gland,False,,
http://purl.obolibrary.org/obo/HP_0000847,Abnormality of renin-angiotensin system,characteristic of part of,http://purl.obolibrary.org/obo/UBERON_0018229,renin-angiotensin system,False,,
http://purl.obolibrary.org/obo/HP_0000848,Increased circulating renin concentration,part of,http://purl.obolibrary.org/obo/UBERON_0000178,blood,False,,
http://purl.obolibrary.org/obo/HP_0000849,Adrenocortical abnormality,characteristic of part of,http://purl.obolibrary.org/obo/UBERON_0001235,adrenal cortex,False,,
http://purl.obolibrary.org/obo/HP_0000853,Goiter,characteristic of,http://purl.obolibrary.org/obo/UBERON_0002046,thyroid gland,False,,
http://purl.obolibrary.org/obo/HP_0000859,Increased circulating aldosterone concentration,part of,http://purl.obolibrary.org/obo/UBERON_0000178,blood,False,,
http://purl.obolibrary.org/obo/HP_0000860,Parathyroid hypoplasia,characteristic of,http://purl.obolibrary.org/obo/UBERON_0001132,parathyroid gland,False,,
http://purl.obolibrary.org/obo/HP_0000864,Abnormality of the hypothalamus-pituitary axis,characteristic of part of,http://purl.obolibrary.org/obo/UBERON_0004092,hypothalamus-pituitary axis,False,,
http://purl.obolibrary.org/obo/HP_0000871,Panhypopituitarism,part of,http://purl.obolibrary.org/obo/UBERON_0000468,multicellular organism,False,,
http://purl.obolibrary.org/obo/HP_0000879,Short sternum,characteristic of,http://purl.obolibrary.org/obo/UBERON_0000975,sternum,False,,
http://purl.obolibrary.org/obo/HP_0000882,Hypoplastic scapulae,characteristic of,http://purl.obolibrary.org/obo/UBERON_0006849,scapula,False,,
http://purl.obolibrary.org/obo/HP_0000883,Thin ribs,characteristic of,http://purl.obolibrary.org/obo/UBERON_0002228,rib,False,,
http://purl.obolibrary.org/obo/HP_0000884,Prominent sternum,characteristic of,http://purl.obolibrary.org/obo/UBERON_0000975,sternum,False,,
http://purl.obolibrary.org/obo/HP_0000885,Broad ribs,characteristic of,http://purl.obolibrary.org/obo/UBERON_0002228,rib,False,,
http://purl.obolibrary.org/obo/HP_0000886,Deformed rib cage,characteristic of,http://purl.obolibrary.org/obo/UBERON_0003252,thoracic rib cage,False,,
http://purl.obolibrary.org/obo/HP_0000888,Horizontal ribs,characteristic of,http://purl.obolibrary.org/obo/UBERON_0002228,rib,False,,
http://purl.obolibrary.org/obo/HP_0000889,Abnormal clavicle morphology,characteristic of part of,http://purl.obolibrary.org/obo/UBERON_0001105,clavicle bone,False,,
http://purl.obolibrary.org/obo/HP_0000890,Long clavicles,characteristic of,http://purl.obolibrary.org/obo/UBERON_0001105,clavicle bone,False,,
http://purl.obolibrary.org/obo/HP_0000892,Bifid ribs,characteristic of,http://purl.obolibrary.org/obo/UBERON_0002228,rib,False,,
http://purl.obolibrary.org/obo/HP_0000893,Bulging of the costochondral junction,characteristic of,http://purl.obolibrary.org/obo/UBERON_0002293,costochondral joint,False,,
http://purl.obolibrary.org/obo/HP_0000894,Short clavicles,characteristic of,http://purl.obolibrary.org/obo/UBERON_0001105,clavicle bone,False,,
http://purl.obolibrary.org/obo/HP_0000900,Thickened ribs,characteristic of,http://purl.obolibrary.org/obo/UBERON_0002228,rib,False,,
http://purl.obolibrary.org/obo/HP_0000902,Rib fusion,characteristic of,http://purl.obolibrary.org/obo/UBERON_0002228,rib,False,,
http://purl.obolibrary.org/obo/HP_0000902,Rib fusion,towards,http://purl.obolibrary.org/obo/UBERON_0002228,rib,False,,
http://purl.obolibrary.org/obo/HP_0000904,Flaring of rib cage,characteristic of,http://purl.obolibrary.org/obo/UBERON_0003252,thoracic rib cage,False,,
http://purl.obolibrary.org/obo/HP_0000907,Anterior rib cupping,characteristic of,http://purl.obolibrary.org/obo/UBERON_0002228,rib,False,,
http://purl.obolibrary.org/obo/HP_0000911,Flat glenoid fossa,characteristic of,http://purl.obolibrary.org/obo/UBERON_0006657,glenoid fossa,False,,
http://purl.obolibrary.org/obo/HP_0000916,Broad clavicles,characteristic of,http://purl.obolibrary.org/obo/UBERON_0001105,clavicle bone,False,,
http://purl.obolibrary.org/obo/HP_0000919,Abnormality of the costochondral junction,characteristic of part of,http://purl.obolibrary.org/obo/UBERON_0002293,costochondral joint,False,,
http://purl.obolibrary.org/obo/HP_0000920,Enlargement of the costochondral junction,characteristic of,http://purl.obolibrary.org/obo/UBERON_0002293,costochondral joint,False,,
http://purl.obolibrary.org/obo/HP_0000921,Missing ribs,characteristic of,http://purl.obolibrary.org/obo/UBERON_0002228,rib,False,,
http://purl.obolibrary.org/obo/HP_0000924,Abnormality of the skeletal system,characteristic of part of,http://purl.obolibrary.org/obo/UBERON_0001434,skeletal system,False,,
http://purl.obolibrary.org/obo/HP_0000925,Abnormality of the vertebral column,characteristic of part of,http://purl.obolibrary.org/obo/UBERON_0001130,vertebral column,False,,
http://purl.obolibrary.org/obo/HP_0000926,Platyspondyly,characteristic of part of,http://purl.obolibrary.org/obo/UBERON_0002412,vertebra,False,,
http://purl.obolibrary.org/obo/HP_0000927,Abnormality of skeletal maturation,occurs in,http://purl.obolibrary.org/obo/UBERON_0004288,skeleton,False,,
http://purl.obolibrary.org/obo/HP_0000929,Abnormal skull morphology,characteristic of part of,http://purl.obolibrary.org/obo/UBERON_0003129,skull,False,,
http://purl.obolibrary.org/obo/HP_0000932,Abnormal posterior cranial fossa morphology,characteristic of part of,http://purl.obolibrary.org/obo/UBERON_0008788,posterior cranial fossa,False,,
http://purl.obolibrary.org/obo/HP_0000935,Thickened cortex of long bones,characteristic of,http://purl.obolibrary.org/obo/UBERON_0016422,compact bone of long bone,False,,
http://purl.obolibrary.org/obo/HP_0000938,Osteopenia,characteristic of,http://purl.obolibrary.org/obo/UBERON_0001474,bone element,False,,
http://purl.obolibrary.org/obo/HP_0000939,Osteoporosis,characteristic of,http://purl.obolibrary.org/obo/UBERON_0001474,bone element,False,,
http://purl.obolibrary.org/obo/HP_0000940,Abnormal diaphysis morphology,characteristic of,http://purl.obolibrary.org/obo/UBERON_0004769,diaphysis,False,,
http://purl.obolibrary.org/obo/HP_0000941,Short diaphyses,characteristic of,http://purl.obolibrary.org/obo/UBERON_0004769,diaphysis,False,,
http://purl.obolibrary.org/obo/HP_0000944,Abnormal metaphysis morphology,characteristic of part of,http://purl.obolibrary.org/obo/UBERON_0001438,metaphysis,False,,
http://purl.obolibrary.org/obo/HP_0000946,Hypoplastic ilia,characteristic of,http://purl.obolibrary.org/obo/UBERON_0001273,ilium,False,,
http://purl.obolibrary.org/obo/HP_0000947,Dumbbell-shaped long bone,characteristic of,http://purl.obolibrary.org/obo/UBERON_0002495,long bone,False,,
http://purl.obolibrary.org/obo/HP_0000951,Abnormality of the skin,characteristic of part of,http://purl.obolibrary.org/obo/UBERON_0002097,skin of body,False,,
http://purl.obolibrary.org/obo/HP_0000953,Hyperpigmentation of the skin,occurs in,http://purl.obolibrary.org/obo/UBERON_0002097,skin of body,False,,
http://purl.obolibrary.org/obo/HP_0000954,Single transverse palmar crease,characteristic of,http://purl.obolibrary.org/obo/UBERON_0019246,palmar skin crease,False,,
http://purl.obolibrary.org/obo/HP_0000958,Dry skin,characteristic of,http://purl.obolibrary.org/obo/UBERON_0002097,skin of body,False,,
http://purl.obolibrary.org/obo/HP_0000961,Cyanosis,characteristic of,http://purl.obolibrary.org/obo/UBERON_0002097,skin of body,False,,
http://purl.obolibrary.org/obo/HP_0000962,Hyperkeratosis,characteristic of,http://purl.obolibrary.org/obo/UBERON_0002027,stratum corneum of epidermis,False,,
http://purl.obolibrary.org/obo/HP_0000963,Thin skin,characteristic of,http://purl.obolibrary.org/obo/UBERON_0002097,skin of body,False,,
http://purl.obolibrary.org/obo/HP_0000964,Eczematoid dermatitis,part of,http://purl.obolibrary.org/obo/UBERON_0001981,blood vessel,False,,
http://purl.obolibrary.org/obo/HP_0000968,Ectodermal dysplasia,characteristic of,http://purl.obolibrary.org/obo/UBERON_0000924,ectoderm,False,,
http://purl.obolibrary.org/obo/HP_0000969,Edema,characteristic of part of,http://purl.obolibrary.org/obo/UBERON_0000468,multicellular organism,False,,
http://purl.obolibrary.org/obo/HP_0000971,Abnormal sweat gland morphology,characteristic of part of,http://purl.obolibrary.org/obo/UBERON_0001820,sweat gland,False,,
http://purl.obolibrary.org/obo/HP_0000973,Cutis laxa,characteristic of,http://purl.obolibrary.org/obo/UBERON_0002097,skin of body,False,,
http://purl.obolibrary.org/obo/HP_0000974,Hyperextensible skin,characteristic of,http://purl.obolibrary.org/obo/UBERON_0002097,skin of body,False,,
http://purl.obolibrary.org/obo/HP_0000977,Soft skin,characteristic of,http://purl.obolibrary.org/obo/UBERON_0002097,skin of body,False,,
http://purl.obolibrary.org/obo/HP_0000980,Pallor,characteristic of,http://purl.obolibrary.org/obo/UBERON_0002097,skin of body,False,,
http://purl.obolibrary.org/obo/HP_0000987,Atypical scarring of skin,characteristic of,http://purl.obolibrary.org/obo/UBERON_0002097,skin of body,False,,
http://purl.obolibrary.org/obo/HP_0000988,Skin rash,characteristic of part of,http://purl.obolibrary.org/obo/UBERON_0002097,skin of body,False,,
http://purl.obolibrary.org/obo/HP_0000992,Cutaneous photosensitivity,characteristic of,http://purl.obolibrary.org/obo/UBERON_0002097,skin of body,False,,
http://purl.obolibrary.org/obo/HP_0000996,Facial capillary hemangioma,characteristic of,http://purl.obolibrary.org/obo/UBERON_0001982,capillary,False,,
http://purl.obolibrary.org/obo/HP_0000998,Hypertrichosis,characteristic of,http://purl.obolibrary.org/obo/UBERON_0001037,strand of hair,False,,
http://purl.obolibrary.org/obo/HP_0001000,Abnormality of skin pigmentation,occurs in,http://purl.obolibrary.org/obo/UBERON_0000014,zone of skin,False,,
http://purl.obolibrary.org/obo/HP_0001001,Abnormality of subcutaneous fat tissue,characteristic of part of,http://purl.obolibrary.org/obo/UBERON_0002190,subcutaneous adipose tissue,False,,
http://purl.obolibrary.org/obo/HP_0001004,Lymphedema,characteristic of,http://purl.obolibrary.org/obo/UBERON_0006558,lymphatic part of lymphoid system,False,,
http://purl.obolibrary.org/obo/HP_0001007,Hirsutism,part of,http://purl.obolibrary.org/obo/UBERON_0003101,male organism,False,,
http://purl.obolibrary.org/obo/HP_0001010,Hypopigmentation of the skin,occurs in,http://purl.obolibrary.org/obo/UBERON_0002097,skin of body,False,,
http://purl.obolibrary.org/obo/HP_0001015,Prominent superficial veins,characteristic of,http://purl.obolibrary.org/obo/UBERON_0035550,superficial vein,False,,
http://purl.obolibrary.org/obo/HP_0001030,Fragile skin,characteristic of,http://purl.obolibrary.org/obo/UBERON_0002097,skin of body,False,,
http://purl.obolibrary.org/obo/HP_0001036,Parakeratosis,part of,http://purl.obolibrary.org/obo/UBERON_0006915,stratified squamous epithelium,False,,
http://purl.obolibrary.org/obo/HP_0001043,Prominent scalp veins,part of,http://purl.obolibrary.org/obo/UBERON_0000403,scalp,False,,
http://purl.obolibrary.org/obo/HP_0001072,Thickened skin,characteristic of,http://purl.obolibrary.org/obo/UBERON_0002097,skin of body,False,,
http://purl.obolibrary.org/obo/HP_0001080,Biliary tract abnormality,characteristic of part of,http://purl.obolibrary.org/obo/UBERON_0001173,biliary tree,False,,
http://purl.obolibrary.org/obo/HP_0001083,Ectopia lentis,characteristic of,http://purl.obolibrary.org/obo/UBERON_0000965,lens of camera-type eye,False,,
http://purl.obolibrary.org/obo/HP_0001089,Iris atrophy,characteristic of,http://purl.obolibrary.org/obo/UBERON_0001769,iris,False,,
http://purl.obolibrary.org/obo/HP_0001090,Abnormally large globe,characteristic of,http://purl.obolibrary.org/obo/UBERON_0010230,eyeball of camera-type eye,False,,
http://purl.obolibrary.org/obo/HP_0001092,Absent lacrimal punctum,characteristic of,http://purl.obolibrary.org/obo/UBERON_0010284,lacrimal punctum,False,,
http://purl.obolibrary.org/obo/HP_0001093,Optic nerve dysplasia,characteristic of,http://purl.obolibrary.org/obo/UBERON_0000941,cranial nerve II,False,,
http://purl.obolibrary.org/obo/HP_0001098,Abnormal fundus morphology,characteristic of,http://purl.obolibrary.org/obo/UBERON_0003951,ocular fundus,False,,
http://purl.obolibrary.org/obo/HP_0001099,Fundus atrophy,characteristic of,http://purl.obolibrary.org/obo/UBERON_0003951,ocular fundus,False,,
http://purl.obolibrary.org/obo/HP_0001101,Iritis,occurs in,http://purl.obolibrary.org/obo/UBERON_0001769,iris,False,,
http://purl.obolibrary.org/obo/HP_0001103,Abnormal macular morphology,characteristic of part of,http://purl.obolibrary.org/obo/UBERON_0000053,macula lutea,False,,
http://purl.obolibrary.org/obo/HP_0001104,Macular hypoplasia,characteristic of,http://purl.obolibrary.org/obo/UBERON_0000053,macula lutea,False,,
http://purl.obolibrary.org/obo/HP_0001105,Retinal atrophy,characteristic of part of,http://purl.obolibrary.org/obo/UBERON_0000966,retina,False,,
http://purl.obolibrary.org/obo/HP_0001106,Periorbital hyperpigmentation,occurs in,http://purl.obolibrary.org/obo/UBERON_0004090,periorbital region,False,,
http://purl.obolibrary.org/obo/HP_0001107,Ocular albinism,occurs in,http://purl.obolibrary.org/obo/UBERON_0010230,eyeball of camera-type eye,False,,
http://purl.obolibrary.org/obo/HP_0001116,Macular coloboma,characteristic of part of,http://purl.obolibrary.org/obo/UBERON_0000053,macula lutea,False,,
http://purl.obolibrary.org/obo/HP_0001120,Abnormality of corneal size,characteristic of,http://purl.obolibrary.org/obo/UBERON_0000964,cornea,False,,
http://purl.obolibrary.org/obo/HP_0001128,Trichiasis,characteristic of,http://purl.obolibrary.org/obo/UBERON_0001702,eyelash,False,,
http://purl.obolibrary.org/obo/HP_0001131,Corneal dystrophy,characteristic of,http://purl.obolibrary.org/obo/UBERON_0000964,cornea,False,,
http://purl.obolibrary.org/obo/HP_0001132,Lens subluxation,characteristic of,http://purl.obolibrary.org/obo/UBERON_0000965,lens of camera-type eye,False,,
http://purl.obolibrary.org/obo/HP_0001135,Chorioretinal dystrophy,characteristic of part of,http://purl.obolibrary.org/obo/UBERON_0000966,retina,False,,
http://purl.obolibrary.org/obo/HP_0001135,Chorioretinal dystrophy,characteristic of part of,http://purl.obolibrary.org/obo/UBERON_0001776,optic choroid,False,,
http://purl.obolibrary.org/obo/HP_0001138,Optic neuropathy,characteristic of,http://purl.obolibrary.org/obo/UBERON_0000941,cranial nerve II,False,,
http://purl.obolibrary.org/obo/HP_0001144,Orbital cyst,characteristic of,http://purl.obolibrary.org/obo/UBERON_0004090,periorbital region,False,,
http://purl.obolibrary.org/obo/HP_0001153,Septate vagina,characteristic of,http://purl.obolibrary.org/obo/UBERON_0000996,vagina,False,,
http://purl.obolibrary.org/obo/HP_0001155,Abnormality of the hand,characteristic of part of,http://purl.obolibrary.org/obo/UBERON_0002398,manus,False,,
http://purl.obolibrary.org/obo/HP_0001161,Hand polydactyly,part of,http://purl.obolibrary.org/obo/UBERON_0002398,manus,False,,
http://purl.obolibrary.org/obo/HP_0001162,Postaxial hand polydactyly,part of,http://purl.obolibrary.org/obo/UBERON_0002398,manus,False,,
http://purl.obolibrary.org/obo/HP_0001167,Abnormal finger morphology,part of,http://purl.obolibrary.org/obo/UBERON_0002398,manus,False,,
http://purl.obolibrary.org/obo/HP_0001169,Broad palm,characteristic of,http://purl.obolibrary.org/obo/UBERON_0008878,palmar part of manus,False,,
http://purl.obolibrary.org/obo/HP_0001172,Abnormal thumb morphology,characteristic of part of,http://purl.obolibrary.org/obo/UBERON_0001463,manual digit 1,False,,
http://purl.obolibrary.org/obo/HP_0001176,Large hands,characteristic of,http://purl.obolibrary.org/obo/UBERON_0002398,manus,False,,
http://purl.obolibrary.org/obo/HP_0001177,Preaxial hand polydactyly,part of,http://purl.obolibrary.org/obo/UBERON_0002398,manus,False,,
http://purl.obolibrary.org/obo/HP_0001182,Tapered finger,characteristic of,http://purl.obolibrary.org/obo/UBERON_0002389,manual digit,False,,
http://purl.obolibrary.org/obo/HP_0001191,Abnormal carpal morphology,characteristic of part of,http://purl.obolibrary.org/obo/UBERON_0001435,carpal bone,False,,
http://purl.obolibrary.org/obo/HP_0001196,Short umbilical cord,characteristic of,http://purl.obolibrary.org/obo/UBERON_0002331,umbilical cord,False,,
http://purl.obolibrary.org/obo/HP_0001197,Abnormality of prenatal development or birth,characteristic of part of,http://purl.obolibrary.org/obo/UBERON_0000323,late embryo,False,,
http://purl.obolibrary.org/obo/HP_0001204,Distal symphalangism of hands,characteristic of,http://purl.obolibrary.org/obo/UBERON_0003865,distal phalanx of manus,False,,
http://purl.obolibrary.org/obo/HP_0001204,Distal symphalangism of hands,towards,http://purl.obolibrary.org/obo/UBERON_0003864,middle phalanx of manus,False,,
http://purl.obolibrary.org/obo/HP_0001211,Abnormal fingertip morphology,characteristic of,http://purl.obolibrary.org/obo/UBERON_0009552,distal segment of manual digit,False,,
http://purl.obolibrary.org/obo/HP_0001212,Prominent fingertip pads,characteristic of,http://purl.obolibrary.org/obo/UBERON_0009552,distal segment of manual digit,False,,
http://purl.obolibrary.org/obo/HP_0001216,Delayed ossification of carpal bones,occurs in,http://purl.obolibrary.org/obo/UBERON_0001435,carpal bone,False,,
http://purl.obolibrary.org/obo/HP_0001217,Clubbing,characteristic of,http://purl.obolibrary.org/obo/UBERON_0002544,digit,False,,
http://purl.obolibrary.org/obo/HP_0001222,Spatulate thumbs,characteristic of,http://purl.obolibrary.org/obo/UBERON_0001463,manual digit 1,False,,
http://purl.obolibrary.org/obo/HP_0001225,Wrist swelling,characteristic of,http://purl.obolibrary.org/obo/UBERON_0004452,carpal region,False,,
http://purl.obolibrary.org/obo/HP_0001227,Abnormality of the thenar eminence,characteristic of part of,http://purl.obolibrary.org/obo/UBERON_0017716,thenar eminence,False,,
http://purl.obolibrary.org/obo/HP_0001230,Broad metacarpals,characteristic of,http://purl.obolibrary.org/obo/UBERON_0002374,metacarpal bone,False,,
http://purl.obolibrary.org/obo/HP_0001231,Abnormal fingernail morphology,characteristic of part of,http://purl.obolibrary.org/obo/UBERON_0009565,nail of manual digit,False,,
http://purl.obolibrary.org/obo/HP_0001232,Nail bed telangiectasia,part of,http://purl.obolibrary.org/obo/UBERON_0005273,nail bed,False,,
http://purl.obolibrary.org/obo/HP_0001233,2-3 finger cutaneous syndactyly,characteristic of,http://purl.obolibrary.org/obo/UBERON_0003622,manual digit 2,False,,
http://purl.obolibrary.org/obo/HP_0001233,2-3 finger cutaneous syndactyly,towards,http://purl.obolibrary.org/obo/UBERON_0003623,manual digit 3,False,,
http://purl.obolibrary.org/obo/HP_0001238,Slender finger,characteristic of,http://purl.obolibrary.org/obo/UBERON_0002389,manual digit,False,,
http://purl.obolibrary.org/obo/HP_0001239,Wrist flexion contracture,attached to,http://purl.obolibrary.org/obo/UBERON_0004452,carpal region,False,,
http://purl.obolibrary.org/obo/HP_0001245,Small thenar eminence,characteristic of,http://purl.obolibrary.org/obo/UBERON_0017716,thenar eminence,False,,
http://purl.obolibrary.org/obo/HP_0001252,Hypotonia,characteristic of,http://purl.obolibrary.org/obo/UBERON_0001630,muscle organ,False,,
http://purl.obolibrary.org/obo/HP_0001272,Cerebellar atrophy,characteristic of,http://purl.obolibrary.org/obo/UBERON_0002037,cerebellum,False,,
http://purl.obolibrary.org/obo/HP_0001273,Abnormal corpus callosum morphology,characteristic of part of,http://purl.obolibrary.org/obo/UBERON_0002336,corpus callosum,False,,
http://purl.obolibrary.org/obo/HP_0001274,Agenesis of corpus callosum,characteristic of,http://purl.obolibrary.org/obo/UBERON_0002336,corpus callosum,False,,
http://purl.obolibrary.org/obo/HP_0001276,Hypertonia,characteristic of,http://purl.obolibrary.org/obo/UBERON_0001630,muscle organ,False,,
http://purl.obolibrary.org/obo/HP_0001287,Meningitis,occurs in,http://purl.obolibrary.org/obo/UBERON_0010743,meningeal cluster,False,,
http://purl.obolibrary.org/obo/HP_0001290,Generalized hypotonia,characteristic of,http://purl.obolibrary.org/obo/UBERON_0001630,muscle organ,False,,
http://purl.obolibrary.org/obo/HP_0001291,Abnormal cranial nerve morphology,characteristic of part of,http://purl.obolibrary.org/obo/UBERON_0001785,cranial nerve,False,,
http://purl.obolibrary.org/obo/HP_0001305,Dandy-Walker malformation,characteristic of,http://purl.obolibrary.org/obo/UBERON_0008788,posterior cranial fossa,False,,
http://purl.obolibrary.org/obo/HP_0001317,Abnormal cerebellum morphology,characteristic of part of,http://purl.obolibrary.org/obo/UBERON_0002037,cerebellum,False,,
http://purl.obolibrary.org/obo/HP_0001320,Cerebellar vermis hypoplasia,characteristic of,http://purl.obolibrary.org/obo/UBERON_0004720,cerebellar vermis,False,,
http://purl.obolibrary.org/obo/HP_0001321,Cerebellar hypoplasia,characteristic of,http://purl.obolibrary.org/obo/UBERON_0002037,cerebellum,False,,
http://purl.obolibrary.org/obo/HP_0001324,Muscle weakness,characteristic of,http://purl.obolibrary.org/obo/UBERON_0001630,muscle organ,False,,
http://purl.obolibrary.org/obo/HP_0001331,Absent septum pellucidum,characteristic of,http://purl.obolibrary.org/obo/UBERON_0004714,septum pellucidum,False,,
http://purl.obolibrary.org/obo/HP_0001338,Partial agenesis of the corpus callosum,occurs in,http://purl.obolibrary.org/obo/UBERON_0002336,corpus callosum,False,,
http://purl.obolibrary.org/obo/HP_0001341,Olfactory lobe agenesis,characteristic of,http://purl.obolibrary.org/obo/UBERON_0005366,olfactory lobe,False,,
http://purl.obolibrary.org/obo/HP_0001342,Cerebral hemorrhage,part of,http://purl.obolibrary.org/obo/UBERON_0000955,brain,False,,
http://purl.obolibrary.org/obo/HP_0001362,Calvarial skull defect,characteristic of part of,http://purl.obolibrary.org/obo/UBERON_0004339,vault of skull,False,,
http://purl.obolibrary.org/obo/HP_0001363,Craniosynostosis,characteristic of,http://purl.obolibrary.org/obo/UBERON_0000982,skeletal joint,False,,
http://purl.obolibrary.org/obo/HP_0001367,Abnormal joint morphology,characteristic of part of,http://purl.obolibrary.org/obo/UBERON_0000982,skeletal joint,False,,
http://purl.obolibrary.org/obo/HP_0001369,Arthritis,occurs in,http://purl.obolibrary.org/obo/UBERON_0000982,skeletal joint,False,,
http://purl.obolibrary.org/obo/HP_0001371,Flexion contracture,characteristic of,http://purl.obolibrary.org/obo/UBERON_0000043,tendon,False,,
http://purl.obolibrary.org/obo/HP_0001373,Joint dislocation,characteristic of,http://purl.obolibrary.org/obo/UBERON_0000982,skeletal joint,False,,
http://purl.obolibrary.org/obo/HP_0001376,Limitation of joint mobility,characteristic of,http://purl.obolibrary.org/obo/UBERON_0000982,skeletal joint,False,,
http://purl.obolibrary.org/obo/HP_0001382,Joint hypermobility,characteristic of,http://purl.obolibrary.org/obo/UBERON_0000982,skeletal joint,False,,
http://purl.obolibrary.org/obo/HP_0001384,Abnormal hip joint morphology,characteristic of part of,http://purl.obolibrary.org/obo/UBERON_0001486,hip joint,False,,
http://purl.obolibrary.org/obo/HP_0001385,Hip dysplasia,characteristic of,http://purl.obolibrary.org/obo/UBERON_0001464,hip,False,,
http://purl.obolibrary.org/obo/HP_0001386,Joint swelling,characteristic of,http://purl.obolibrary.org/obo/UBERON_0000982,skeletal joint,False,,
http://purl.obolibrary.org/obo/HP_0001387,Joint stiffness,characteristic of,http://purl.obolibrary.org/obo/UBERON_0000982,skeletal joint,False,,
http://purl.obolibrary.org/obo/HP_0001392,Abnormality of the liver,characteristic of part of,http://purl.obolibrary.org/obo/UBERON_0002107,liver,False,,
http://purl.obolibrary.org/obo/HP_0001395,Hepatic fibrosis,characteristic of,http://purl.obolibrary.org/obo/UBERON_0002107,liver,False,,
http://purl.obolibrary.org/obo/HP_0001399,Hepatic failure,characteristic of,http://purl.obolibrary.org/obo/UBERON_0002107,liver,False,,
http://purl.obolibrary.org/obo/HP_0001405,Periportal fibrosis,characteristic of,http://purl.obolibrary.org/obo/UBERON_0016480,interlobular stroma of liver,False,,
http://purl.obolibrary.org/obo/HP_0001407,Hepatic cysts,part of,http://purl.obolibrary.org/obo/UBERON_0002107,liver,False,,
http://purl.obolibrary.org/obo/HP_0001409,Portal hypertension,part of,http://purl.obolibrary.org/obo/UBERON_0001639,hepatic portal vein,False,,
http://purl.obolibrary.org/obo/HP_0001410,Decreased liver function,characteristic of,http://purl.obolibrary.org/obo/UBERON_0002107,liver,False,,
http://purl.obolibrary.org/obo/HP_0001421,Abnormality of the musculature of the hand,characteristic of part of,http://purl.obolibrary.org/obo/UBERON_0004489,musculature of manus,False,,
http://purl.obolibrary.org/obo/HP_0001430,Abnormal calf musculature morphology,characteristic of part of,http://purl.obolibrary.org/obo/UBERON_0004256,hindlimb zeugopod muscle,False,,
http://purl.obolibrary.org/obo/HP_0001433,Hepatosplenomegaly,characteristic of,http://purl.obolibrary.org/obo/UBERON_0002106,spleen,False,,
http://purl.obolibrary.org/obo/HP_0001433,Hepatosplenomegaly,characteristic of,http://purl.obolibrary.org/obo/UBERON_0002107,liver,False,,
http://purl.obolibrary.org/obo/HP_0001435,Abnormality of the shoulder girdle musculature,characteristic of part of,http://purl.obolibrary.org/obo/UBERON_0001421,pectoral girdle region,False,,
http://purl.obolibrary.org/obo/HP_0001436,Abnormality of the foot musculature,characteristic of part of,http://purl.obolibrary.org/obo/UBERON_0004488,musculature of pes,False,,
http://purl.obolibrary.org/obo/HP_0001437,Abnormality of the musculature of the lower limbs,characteristic of part of,http://purl.obolibrary.org/obo/UBERON_0004482,musculature of lower limb,False,,
http://purl.obolibrary.org/obo/HP_0001438,Abnormal abdomen morphology,characteristic of,http://purl.obolibrary.org/obo/UBERON_0000916,abdomen,False,,
http://purl.obolibrary.org/obo/HP_0001440,Metatarsal synostosis,characteristic of,http://purl.obolibrary.org/obo/UBERON_0001448,metatarsal bone,False,,
http://purl.obolibrary.org/obo/HP_0001440,Metatarsal synostosis,towards,http://purl.obolibrary.org/obo/UBERON_0001448,metatarsal bone,False,,
http://purl.obolibrary.org/obo/HP_0001441,Abnormality thigh musculature morphology,characteristic of part of,http://purl.obolibrary.org/obo/UBERON_0004463,musculature of hindlimb stylopod,False,,
http://purl.obolibrary.org/obo/HP_0001443,Abnormality of the gluteal musculature,characteristic of part of,http://purl.obolibrary.org/obo/UBERON_0002000,gluteal muscle,False,,
http://purl.obolibrary.org/obo/HP_0001445,Abnormality of the hip-girdle musculature,characteristic of part of,http://purl.obolibrary.org/obo/UBERON_0004475,musculature of hip,False,,
http://purl.obolibrary.org/obo/HP_0001446,Abnormality of the musculature of the upper limbs,characteristic of part of,http://purl.obolibrary.org/obo/UBERON_0004481,musculature of upper limb,False,,
http://purl.obolibrary.org/obo/HP_0001449,Duplication of metatarsal bones,characteristic of part of,http://purl.obolibrary.org/obo/UBERON_0001448,metatarsal bone,False,,
http://purl.obolibrary.org/obo/HP_0001454,Abnormality of the upper arm,characteristic of part of,http://purl.obolibrary.org/obo/UBERON_0003822,forelimb stylopod,False,,
http://purl.obolibrary.org/obo/HP_0001457,Abnormality of the musculature of the upper arm,characteristic of part of,http://purl.obolibrary.org/obo/UBERON_0004474,musculature of arm,False,,
http://purl.obolibrary.org/obo/HP_0001460,Aplasia/Hypoplasia involving the skeletal musculature,characteristic of,http://purl.obolibrary.org/obo/UBERON_0001630,muscle organ,False,,
http://purl.obolibrary.org/obo/HP_0001464,Aplasia/Hypoplasia involving the shoulder musculature,characteristic of part of,http://purl.obolibrary.org/obo/UBERON_0004476,musculature of shoulder,False,,
http://purl.obolibrary.org/obo/HP_0001465,Amyotrophy involving the shoulder musculature,characteristic of,http://purl.obolibrary.org/obo/UBERON_0004476,musculature of shoulder,False,,
http://purl.obolibrary.org/obo/HP_0001467,Aplasia/Hypoplasia involving the musculature of the upper limbs,characteristic of part of,http://purl.obolibrary.org/obo/UBERON_0004481,musculature of upper limb,False,,
http://purl.obolibrary.org/obo/HP_0001468,Aplasia/Hypoplasia involving the musculature of the upper arm,characteristic of part of,http://purl.obolibrary.org/obo/UBERON_0004255,forelimb stylopod muscle,False,,
http://purl.obolibrary.org/obo/HP_0001469,Abnormal morphology of the pelvis musculature,characteristic of part of,http://purl.obolibrary.org/obo/UBERON_0001325,muscle of pelvis,False,,
http://purl.obolibrary.org/obo/HP_0001471,Aplasia/Hypoplasia of the musculature of the pelvis,characteristic of part of,http://purl.obolibrary.org/obo/UBERON_0001325,muscle of pelvis,False,,
http://purl.obolibrary.org/obo/HP_0001473,Metatarsal osteolysis,characteristic of part of,http://purl.obolibrary.org/obo/UBERON_0001448,metatarsal bone,False,,
http://purl.obolibrary.org/obo/HP_0001474,Sclerotic scapulae,characteristic of part of,http://purl.obolibrary.org/obo/UBERON_0006657,glenoid fossa,False,,
http://purl.obolibrary.org/obo/HP_0001476,Delayed closure of the anterior fontanelle,characteristic of,http://purl.obolibrary.org/obo/UBERON_0002510,anterior fontanel,False,,
http://purl.obolibrary.org/obo/HP_0001491,Congenital fibrosis of extraocular muscles,characteristic of,http://purl.obolibrary.org/obo/UBERON_0001601,extra-ocular muscle,False,,
http://purl.obolibrary.org/obo/HP_0001495,Carpal osteolysis,occurs in,http://purl.obolibrary.org/obo/UBERON_0001435,carpal bone,False,,
http://purl.obolibrary.org/obo/HP_0001498,Carpal bone hypoplasia,characteristic of,http://purl.obolibrary.org/obo/UBERON_0001435,carpal bone,False,,
http://purl.obolibrary.org/obo/HP_0001500,Broad finger,characteristic of,http://purl.obolibrary.org/obo/UBERON_0002389,manual digit,False,,
http://purl.obolibrary.org/obo/HP_0001504,Metacarpal osteolysis,occurs in,http://purl.obolibrary.org/obo/UBERON_0002374,metacarpal bone,False,,
http://purl.obolibrary.org/obo/HP_0001513,Obesity,characteristic of,http://purl.obolibrary.org/obo/UBERON_0000468,multicellular organism,False,,
http://purl.obolibrary.org/obo/HP_0001528,Hemihypertrophy,characteristic of,http://purl.obolibrary.org/obo/UBERON_0010707,appendage girdle complex,False,,
http://purl.obolibrary.org/obo/HP_0001537,Umbilical hernia,characteristic of part of,http://purl.obolibrary.org/obo/UBERON_0017672,abdominal viscera,False,,
http://purl.obolibrary.org/obo/HP_0001537,Umbilical hernia,towards,http://purl.obolibrary.org/obo/UBERON_0007118,umbilicus,False,,
http://purl.obolibrary.org/obo/HP_0001538,Protuberant abdomen,characteristic of,http://purl.obolibrary.org/obo/UBERON_0000916,abdomen,False,,
http://purl.obolibrary.org/obo/HP_0001539,Omphalocele,characteristic of,http://purl.obolibrary.org/obo/UBERON_0017672,abdominal viscera,False,,
http://purl.obolibrary.org/obo/HP_0001540,Diastasis recti,characteristic of,http://purl.obolibrary.org/obo/UBERON_0002382,rectus abdominis muscle,False,,
http://purl.obolibrary.org/obo/HP_0001541,Ascites,located in,http://purl.obolibrary.org/obo/UBERON_0001179,peritoneal cavity,False,,
http://purl.obolibrary.org/obo/HP_0001544,Prominent umbilicus,characteristic of,http://purl.obolibrary.org/obo/UBERON_0007118,umbilicus,False,,
http://purl.obolibrary.org/obo/HP_0001545,Anteriorly placed anus,characteristic of,http://purl.obolibrary.org/obo/UBERON_0001245,anus,False,,
http://purl.obolibrary.org/obo/HP_0001547,Abnormal rib cage morphology,characteristic of,http://purl.obolibrary.org/obo/UBERON_0003252,thoracic rib cage,False,,
http://purl.obolibrary.org/obo/HP_0001549,Abnormal ileum morphology,characteristic of,http://purl.obolibrary.org/obo/UBERON_0002116,ileum,False,,
http://purl.obolibrary.org/obo/HP_0001551,Abnormal umbilicus morphology,characteristic of part of,http://purl.obolibrary.org/obo/UBERON_0007118,umbilicus,False,,
http://purl.obolibrary.org/obo/HP_0001552,Barrel-shaped chest,characteristic of,http://purl.obolibrary.org/obo/UBERON_0016416,anterior chest,False,,
http://purl.obolibrary.org/obo/HP_0001555,Asymmetry of the thorax,characteristic of,http://purl.obolibrary.org/obo/UBERON_0001443,chest,False,,
http://purl.obolibrary.org/obo/HP_0001560,Abnormality of the amniotic fluid,characteristic of part of,http://purl.obolibrary.org/obo/UBERON_0000173,amniotic fluid,False,,
http://purl.obolibrary.org/obo/HP_0001566,Widely-spaced maxillary central incisors,characteristic of,http://purl.obolibrary.org/obo/UBERON_0035116,diastema between upper central incisors,False,,
http://purl.obolibrary.org/obo/HP_0001572,Macrodontia,characteristic of,http://purl.obolibrary.org/obo/UBERON_0001091,calcareous tooth,False,,
http://purl.obolibrary.org/obo/HP_0001574,Abnormality of the integument,characteristic of part of,http://purl.obolibrary.org/obo/UBERON_0002199,integument,False,,
http://purl.obolibrary.org/obo/HP_0001593,Maxillary lateral incisor microdontia,characteristic of,http://purl.obolibrary.org/obo/UBERON_0018604,upper lateral incisor tooth,False,,
http://purl.obolibrary.org/obo/HP_0001595,Abnormal hair morphology,characteristic of part of,http://purl.obolibrary.org/obo/UBERON_0001037,strand of hair,False,,
http://purl.obolibrary.org/obo/HP_0001597,Abnormal nail morphology,characteristic of part of,http://purl.obolibrary.org/obo/UBERON_0001705,nail,False,,
http://purl.obolibrary.org/obo/HP_0001600,Abnormality of the larynx,characteristic of part of,http://purl.obolibrary.org/obo/UBERON_0001737,larynx,False,,
http://purl.obolibrary.org/obo/HP_0001602,Laryngeal stenosis,characteristic of,http://purl.obolibrary.org/obo/UBERON_0001737,larynx,False,,
http://purl.obolibrary.org/obo/HP_0001604,Vocal cord paresis,characteristic of,http://purl.obolibrary.org/obo/UBERON_0003706,laryngeal vocal fold,False,,
http://purl.obolibrary.org/obo/HP_0001605,Vocal cord paralysis,characteristic of,http://purl.obolibrary.org/obo/UBERON_0003706,laryngeal vocal fold,False,,
http://purl.obolibrary.org/obo/HP_0001608,Abnormality of the voice,characteristic of part of,http://purl.obolibrary.org/obo/UBERON_0034681,vocal organ,False,,
http://purl.obolibrary.org/obo/HP_0001626,Abnormality of the cardiovascular system,characteristic of,http://purl.obolibrary.org/obo/UBERON_0004535,cardiovascular system,False,,
http://purl.obolibrary.org/obo/HP_0001627,Abnormal heart morphology,characteristic of part of,http://purl.obolibrary.org/obo/UBERON_0000948,heart,False,,
http://purl.obolibrary.org/obo/HP_0001629,Ventricular septal defect,characteristic of,http://purl.obolibrary.org/obo/UBERON_0002094,interventricular septum,False,,
http://purl.obolibrary.org/obo/HP_0001631,Atrial septal defect,characteristic of,http://purl.obolibrary.org/obo/UBERON_0002085,interatrial septum,False,,
http://purl.obolibrary.org/obo/HP_0001633,Abnormal mitral valve morphology,characteristic of part of,http://purl.obolibrary.org/obo/UBERON_0002135,mitral valve,False,,
http://purl.obolibrary.org/obo/HP_0001634,Mitral valve prolapse,characteristic of,http://purl.obolibrary.org/obo/UBERON_0002135,mitral valve,False,,
http://purl.obolibrary.org/obo/HP_0001637,Abnormal myocardium morphology,characteristic of part of,http://purl.obolibrary.org/obo/UBERON_0002349,myocardium,False,,
http://purl.obolibrary.org/obo/HP_0001638,Cardiomyopathy,characteristic of,http://purl.obolibrary.org/obo/UBERON_0002349,myocardium,False,,
http://purl.obolibrary.org/obo/HP_0001640,Cardiomegaly,characteristic of,http://purl.obolibrary.org/obo/UBERON_0000948,heart,False,,
http://purl.obolibrary.org/obo/HP_0001641,Abnormal pulmonary valve morphology,characteristic of part of,http://purl.obolibrary.org/obo/UBERON_0002146,pulmonary valve,False,,
http://purl.obolibrary.org/obo/HP_0001642,Pulmonic stenosis,characteristic of,http://purl.obolibrary.org/obo/UBERON_0002146,pulmonary valve,False,,
http://purl.obolibrary.org/obo/HP_0001643,Patent ductus arteriosus,characteristic of,http://purl.obolibrary.org/obo/UBERON_0005440,ductus arteriosus,False,,
http://purl.obolibrary.org/obo/HP_0001646,Abnormal aortic valve morphology,characteristic of part of,http://purl.obolibrary.org/obo/UBERON_0002137,aortic valve,False,,
http://purl.obolibrary.org/obo/HP_0001647,Bicuspid aortic valve,characteristic of,http://purl.obolibrary.org/obo/UBERON_0002137,aortic valve,False,,
http://purl.obolibrary.org/obo/HP_0001650,Aortic valve stenosis,characteristic of,http://purl.obolibrary.org/obo/UBERON_0002137,aortic valve,False,,
http://purl.obolibrary.org/obo/HP_0001651,Dextrocardia,characteristic of,http://purl.obolibrary.org/obo/UBERON_0000948,heart,False,,
http://purl.obolibrary.org/obo/HP_0001651,Dextrocardia,towards,http://purl.obolibrary.org/obo/UBERON_0001443,chest,False,,
http://purl.obolibrary.org/obo/HP_0001653,Mitral regurgitation,characteristic of,http://purl.obolibrary.org/obo/UBERON_0002135,mitral valve,False,,
http://purl.obolibrary.org/obo/HP_0001654,Abnormal heart valve morphology,characteristic of part of,http://purl.obolibrary.org/obo/UBERON_0000946,cardiac valve,False,,
http://purl.obolibrary.org/obo/HP_0001655,Patent foramen ovale,characteristic of,http://purl.obolibrary.org/obo/UBERON_0002085,interatrial septum,False,,
http://purl.obolibrary.org/obo/HP_0001659,Aortic regurgitation,characteristic of,http://purl.obolibrary.org/obo/UBERON_0002137,aortic valve,False,,
http://purl.obolibrary.org/obo/HP_0001663,Ventricular fibrillation,characteristic of,http://purl.obolibrary.org/obo/UBERON_0002082,cardiac ventricle,False,,
http://purl.obolibrary.org/obo/HP_0001667,Right ventricular hypertrophy,characteristic of,http://purl.obolibrary.org/obo/UBERON_0002080,heart right ventricle,False,,
http://purl.obolibrary.org/obo/HP_0001671,Abnormal cardiac septum morphology,characteristic of part of,http://purl.obolibrary.org/obo/UBERON_0002099,cardiac septum,False,,
http://purl.obolibrary.org/obo/HP_0001679,Abnormal aortic morphology,characteristic of part of,http://purl.obolibrary.org/obo/UBERON_0000947,aorta,False,,
http://purl.obolibrary.org/obo/HP_0001680,Coarctation of aorta,characteristic of,http://purl.obolibrary.org/obo/UBERON_0000947,aorta,False,,
http://purl.obolibrary.org/obo/HP_0001685,Myocardial fibrosis,characteristic of,http://purl.obolibrary.org/obo/UBERON_0002349,myocardium,False,,
http://purl.obolibrary.org/obo/HP_0001697,Abnormal pericardium morphology,characteristic of part of,http://purl.obolibrary.org/obo/UBERON_0002407,pericardium,False,,
http://purl.obolibrary.org/obo/HP_0001700,Myocardial necrosis,characteristic of part of,http://purl.obolibrary.org/obo/UBERON_0002349,myocardium,False,,
http://purl.obolibrary.org/obo/HP_0001701,Pericarditis,occurs in,http://purl.obolibrary.org/obo/UBERON_0002407,pericardium,False,,
http://purl.obolibrary.org/obo/HP_0001702,Abnormal tricuspid valve morphology,characteristic of part of,http://purl.obolibrary.org/obo/UBERON_0002134,tricuspid valve,False,,
http://purl.obolibrary.org/obo/HP_0001704,Tricuspid valve prolapse,characteristic of,http://purl.obolibrary.org/obo/UBERON_0002134,tricuspid valve,False,,
http://purl.obolibrary.org/obo/HP_0001707,Abnormal right ventricle morphology,characteristic of,http://purl.obolibrary.org/obo/UBERON_0002080,heart right ventricle,False,,
http://purl.obolibrary.org/obo/HP_0001711,Abnormal left ventricle morphology,characteristic of,http://purl.obolibrary.org/obo/UBERON_0002084,heart left ventricle,False,,
http://purl.obolibrary.org/obo/HP_0001712,Left ventricular hypertrophy,characteristic of,http://purl.obolibrary.org/obo/UBERON_0002084,heart left ventricle,False,,
http://purl.obolibrary.org/obo/HP_0001713,Abnormal cardiac ventricle morphology,characteristic of part of,http://purl.obolibrary.org/obo/UBERON_0002082,cardiac ventricle,False,,
http://purl.obolibrary.org/obo/HP_0001714,Ventricular hypertrophy,characteristic of,http://purl.obolibrary.org/obo/UBERON_0002082,cardiac ventricle,False,,
http://purl.obolibrary.org/obo/HP_0001717,Coronary artery calcification,characteristic of,http://purl.obolibrary.org/obo/UBERON_0001621,coronary artery,False,,
http://purl.obolibrary.org/obo/HP_0001718,Mitral stenosis,characteristic of,http://purl.obolibrary.org/obo/UBERON_0002135,mitral valve,False,,
http://purl.obolibrary.org/obo/HP_0001732,Abnormality of the pancreas,characteristic of part of,http://purl.obolibrary.org/obo/UBERON_0001264,pancreas,False,,
http://purl.obolibrary.org/obo/HP_0001733,Pancreatitis,occurs in,http://purl.obolibrary.org/obo/UBERON_0001264,pancreas,False,,
http://purl.obolibrary.org/obo/HP_0001735,Acute pancreatitis,occurs in,http://purl.obolibrary.org/obo/UBERON_0001264,pancreas,False,,
http://purl.obolibrary.org/obo/HP_0001737,Pancreatic cysts,part of,http://purl.obolibrary.org/obo/UBERON_0001264,pancreas,False,,
http://purl.obolibrary.org/obo/HP_0001738,Exocrine pancreatic insufficiency,characteristic of,http://purl.obolibrary.org/obo/UBERON_0000017,exocrine pancreas,False,,
http://purl.obolibrary.org/obo/HP_0001739,Abnormal nasopharynx morphology,characteristic of part of,http://purl.obolibrary.org/obo/UBERON_0001728,nasopharynx,False,,
http://purl.obolibrary.org/obo/HP_0001742,Nasal congestion,characteristic of part of,http://purl.obolibrary.org/obo/UBERON_0000004,nose,False,,
http://purl.obolibrary.org/obo/HP_0001743,Abnormality of the spleen,characteristic of part of,http://purl.obolibrary.org/obo/UBERON_0002106,spleen,False,,
http://purl.obolibrary.org/obo/HP_0001744,Splenomegaly,characteristic of,http://purl.obolibrary.org/obo/UBERON_0002106,spleen,False,,
http://purl.obolibrary.org/obo/HP_0001746,Asplenia,characteristic of,http://purl.obolibrary.org/obo/UBERON_0002106,spleen,False,,
http://purl.obolibrary.org/obo/HP_0001750,Single ventricle,characteristic of,http://purl.obolibrary.org/obo/UBERON_0002082,cardiac ventricle,False,,
http://purl.obolibrary.org/obo/HP_0001756,Vestibular hyporeflexia,characteristic of,http://purl.obolibrary.org/obo/UBERON_0004681,vestibular system,False,,
http://purl.obolibrary.org/obo/HP_0001760,Abnormal foot morphology,characteristic of part of,http://purl.obolibrary.org/obo/UBERON_0002387,pes,False,,
http://purl.obolibrary.org/obo/HP_0001761,Pes cavus,characteristic of,http://purl.obolibrary.org/obo/UBERON_0035133,longitudinal arch of pes,False,,
http://purl.obolibrary.org/obo/HP_0001763,Pes planus,characteristic of,http://purl.obolibrary.org/obo/UBERON_0035133,longitudinal arch of pes,False,,
http://purl.obolibrary.org/obo/HP_0001769,Broad foot,characteristic of,http://purl.obolibrary.org/obo/UBERON_0002387,pes,False,,
http://purl.obolibrary.org/obo/HP_0001770,Toe syndactyly,characteristic of,http://purl.obolibrary.org/obo/UBERON_0001466,pedal digit,False,,
http://purl.obolibrary.org/obo/HP_0001770,Toe syndactyly,towards,http://purl.obolibrary.org/obo/UBERON_0001466,pedal digit,False,,
http://purl.obolibrary.org/obo/HP_0001771,Achilles tendon contracture,characteristic of,http://purl.obolibrary.org/obo/UBERON_0003701,calcaneal tendon,False,,
http://purl.obolibrary.org/obo/HP_0001773,Short foot,characteristic of,http://purl.obolibrary.org/obo/UBERON_0001445,skeleton of pes,False,,
http://purl.obolibrary.org/obo/HP_0001780,Abnormal toe morphology,characteristic of part of,http://purl.obolibrary.org/obo/UBERON_0001466,pedal digit,False,,
http://purl.obolibrary.org/obo/HP_0001783,Broad metatarsal,characteristic of,http://purl.obolibrary.org/obo/UBERON_0001448,metatarsal bone,False,,
http://purl.obolibrary.org/obo/HP_0001785,Ankle swelling,characteristic of,http://purl.obolibrary.org/obo/UBERON_0004454,tarsal region,False,,
http://purl.obolibrary.org/obo/HP_0001786,Narrow foot,characteristic of,http://purl.obolibrary.org/obo/UBERON_0002387,pes,False,,
http://purl.obolibrary.org/obo/HP_0001789,Hydrops fetalis,characteristic of,http://purl.obolibrary.org/obo/UBERON_0000922,embryo,False,,
http://purl.obolibrary.org/obo/HP_0001791,Fetal ascites,part of,http://purl.obolibrary.org/obo/UBERON_0000323,late embryo,False,,
http://purl.obolibrary.org/obo/HP_0001792,Small nail,characteristic of,http://purl.obolibrary.org/obo/UBERON_0001705,nail,False,,
http://purl.obolibrary.org/obo/HP_0001798,Anonychia,characteristic of,http://purl.obolibrary.org/obo/UBERON_0001705,nail,False,,
http://purl.obolibrary.org/obo/HP_0001799,Short nail,characteristic of,http://purl.obolibrary.org/obo/UBERON_0001705,nail,False,,
http://purl.obolibrary.org/obo/HP_0001800,Hypoplastic toenails,characteristic of,http://purl.obolibrary.org/obo/UBERON_0009567,nail of pedal digit,False,,
http://purl.obolibrary.org/obo/HP_0001802,Absent toenail,characteristic of,http://purl.obolibrary.org/obo/UBERON_0009567,nail of pedal digit,False,,
http://purl.obolibrary.org/obo/HP_0001804,Hypoplastic fingernail,characteristic of,http://purl.obolibrary.org/obo/UBERON_0009565,nail of manual digit,False,,
http://purl.obolibrary.org/obo/HP_0001805,Onychogryphosis,characteristic of,http://purl.obolibrary.org/obo/UBERON_0001705,nail,False,,
http://purl.obolibrary.org/obo/HP_0001806,Onycholysis,characteristic of,http://purl.obolibrary.org/obo/UBERON_0005273,nail bed,False,,
http://purl.obolibrary.org/obo/HP_0001806,Onycholysis,towards,http://purl.obolibrary.org/obo/UBERON_0001705,nail,False,,
http://purl.obolibrary.org/obo/HP_0001808,Fragile nails,characteristic of,http://purl.obolibrary.org/obo/UBERON_0001705,nail,False,,
http://purl.obolibrary.org/obo/HP_0001809,Split nail,characteristic of,http://purl.obolibrary.org/obo/UBERON_0001705,nail,False,,
http://purl.obolibrary.org/obo/HP_0001810,Dystrophic toenail,characteristic of,http://purl.obolibrary.org/obo/UBERON_0009567,nail of pedal digit,False,,
http://purl.obolibrary.org/obo/HP_0001816,Thin nail,characteristic of,http://purl.obolibrary.org/obo/UBERON_0001705,nail,False,,
http://purl.obolibrary.org/obo/HP_0001817,Absent fingernail,characteristic of,http://purl.obolibrary.org/obo/UBERON_0009565,nail of manual digit,False,,
http://purl.obolibrary.org/obo/HP_0001821,Broad nail,characteristic of,http://purl.obolibrary.org/obo/UBERON_0001705,nail,False,,
http://purl.obolibrary.org/obo/HP_0001822,Hallux valgus,characteristic of,http://purl.obolibrary.org/obo/UBERON_0003631,pedal digit 1,False,,
http://purl.obolibrary.org/obo/HP_0001824,Weight loss,characteristic of,http://purl.obolibrary.org/obo/UBERON_0000468,multicellular organism,False,,
http://purl.obolibrary.org/obo/HP_0001827,Genital tract atresia,characteristic of part of,http://purl.obolibrary.org/obo/UBERON_0000990,reproductive system,False,,
http://purl.obolibrary.org/obo/HP_0001829,Foot polydactyly,characteristic of,http://purl.obolibrary.org/obo/UBERON_0001466,pedal digit,False,,
http://purl.obolibrary.org/obo/HP_0001830,Postaxial foot polydactyly,part of,http://purl.obolibrary.org/obo/UBERON_0002387,pes,False,,
http://purl.obolibrary.org/obo/HP_0001831,Short toe,characteristic of,http://purl.obolibrary.org/obo/UBERON_0001466,pedal digit,False,,
http://purl.obolibrary.org/obo/HP_0001832,Abnormal metatarsal morphology,characteristic of,http://purl.obolibrary.org/obo/UBERON_0001448,metatarsal bone,False,,
http://purl.obolibrary.org/obo/HP_0001833,Long foot,characteristic of,http://purl.obolibrary.org/obo/UBERON_0002387,pes,False,,
http://purl.obolibrary.org/obo/HP_0001836,Camptodactyly of toe,attached to,http://purl.obolibrary.org/obo/UBERON_0007721,interphalangeal joint of pes,False,,
http://purl.obolibrary.org/obo/HP_0001837,Broad toe,characteristic of,http://purl.obolibrary.org/obo/UBERON_0001466,pedal digit,False,,
http://purl.obolibrary.org/obo/HP_0001838,Rocker bottom foot,characteristic of,http://purl.obolibrary.org/obo/UBERON_0002395,talus,False,,
http://purl.obolibrary.org/obo/HP_0001841,Preaxial foot polydactyly,part of,http://purl.obolibrary.org/obo/UBERON_0002387,pes,False,,
http://purl.obolibrary.org/obo/HP_0001844,Abnormal hallux morphology,characteristic of part of,http://purl.obolibrary.org/obo/UBERON_0003631,pedal digit 1,False,,
http://purl.obolibrary.org/obo/HP_0001847,Long hallux,characteristic of,http://purl.obolibrary.org/obo/UBERON_0003631,pedal digit 1,False,,
http://purl.obolibrary.org/obo/HP_0001848,Calcaneovalgus deformity,characteristic of,http://purl.obolibrary.org/obo/UBERON_0001450,calcaneus,False,,
http://purl.obolibrary.org/obo/HP_0001849,Foot oligodactyly,part of,http://purl.obolibrary.org/obo/UBERON_0002387,pes,False,,
http://purl.obolibrary.org/obo/HP_0001850,Abnormality of the tarsal bones,characteristic of part of,http://purl.obolibrary.org/obo/UBERON_0001447,tarsal bone,False,,
http://purl.obolibrary.org/obo/HP_0001853,Bifid distal phalanx of toe,characteristic of,http://purl.obolibrary.org/obo/UBERON_0003867,distal phalanx of pes,False,,
http://purl.obolibrary.org/obo/HP_0001854,Podagra,characteristic of,http://purl.obolibrary.org/obo/UBERON_0002387,pes,False,,
http://purl.obolibrary.org/obo/HP_0001857,Short distal phalanx of toe,characteristic of,http://purl.obolibrary.org/obo/UBERON_0003867,distal phalanx of pes,False,,
http://purl.obolibrary.org/obo/HP_0001859,Distal foot symphalangism,characteristic of,http://purl.obolibrary.org/obo/UBERON_0002387,pes,False,,
http://purl.obolibrary.org/obo/HP_0001859,Distal foot symphalangism,towards,http://purl.obolibrary.org/obo/UBERON_0002387,pes,False,,
http://purl.obolibrary.org/obo/HP_0001863,Toe clinodactyly,characteristic of,http://purl.obolibrary.org/obo/UBERON_0001466,pedal digit,False,,
http://purl.obolibrary.org/obo/HP_0001864,Clinodactyly of the 5th toe,characteristic of,http://purl.obolibrary.org/obo/UBERON_0003635,pedal digit 5,False,,
http://purl.obolibrary.org/obo/HP_0001868,Autoamputation of foot,characteristic of,http://purl.obolibrary.org/obo/UBERON_0002387,pes,False,,
http://purl.obolibrary.org/obo/HP_0001870,Acroosteolysis of distal phalanges (feet),characteristic of,http://purl.obolibrary.org/obo/UBERON_0002387,pes,False,,
http://purl.obolibrary.org/obo/HP_0001871,Abnormality of blood and blood-forming tissues,characteristic of part of,http://purl.obolibrary.org/obo/UBERON_0002390,hematopoietic system,False,,
http://purl.obolibrary.org/obo/HP_0001880,Increased total eosinophil count,part of,http://purl.obolibrary.org/obo/UBERON_0000178,blood,False,,
http://purl.obolibrary.org/obo/HP_0001882,Decreased total leukocyte count,part of,http://purl.obolibrary.org/obo/UBERON_0000178,blood,False,,
http://purl.obolibrary.org/obo/HP_0001885,Short 2nd toe,characteristic of,http://purl.obolibrary.org/obo/UBERON_0003632,pedal digit 2,False,,
http://purl.obolibrary.org/obo/HP_0001888,Decreased total lymphocyte count,part of,http://purl.obolibrary.org/obo/UBERON_0000178,blood,False,,
http://purl.obolibrary.org/obo/HP_0001894,Thrombocytosis,part of,http://purl.obolibrary.org/obo/UBERON_0000178,blood,False,,
http://purl.obolibrary.org/obo/HP_0001900,Increased circulating hemoglobin concentration,part of,http://purl.obolibrary.org/obo/UBERON_0000178,blood,False,,
http://purl.obolibrary.org/obo/HP_0001913,Decreased total granulocyte count,part of,http://purl.obolibrary.org/obo/UBERON_0000178,blood,False,,
http://purl.obolibrary.org/obo/HP_0001920,Renal artery stenosis,characteristic of,http://purl.obolibrary.org/obo/UBERON_0001184,renal artery,False,,
http://purl.obolibrary.org/obo/HP_0001933,Subcutaneous hemorrhage,part of,http://purl.obolibrary.org/obo/UBERON_0011818,superficial fascia,False,,
http://purl.obolibrary.org/obo/HP_0001943,Hypoglycemia,characteristic of,http://purl.obolibrary.org/obo/UBERON_0000178,blood,False,,
http://purl.obolibrary.org/obo/HP_0001956,Truncal obesity,characteristic of,http://purl.obolibrary.org/obo/UBERON_0002100,trunk,False,,
http://purl.obolibrary.org/obo/HP_0001961,Hypoplastic heart,characteristic of,http://purl.obolibrary.org/obo/UBERON_0000948,heart,False,,
http://purl.obolibrary.org/obo/HP_0001964,Aplasia/Hypoplasia of metatarsal bones,characteristic of,http://purl.obolibrary.org/obo/UBERON_0001448,metatarsal bone,False,,
http://purl.obolibrary.org/obo/HP_0001965,Abnormal scalp morphology,characteristic of part of,http://purl.obolibrary.org/obo/UBERON_0000403,scalp,False,,
http://purl.obolibrary.org/obo/HP_0001966,Abnormal glomerular mesangium morphology,characteristic of part of,http://purl.obolibrary.org/obo/UBERON_0002319,mesangium,False,,
http://purl.obolibrary.org/obo/HP_0001974,Increased total leukocyte count,part of,http://purl.obolibrary.org/obo/UBERON_0000178,blood,False,,
http://purl.obolibrary.org/obo/HP_0001987,Hyperammonemia,part of,http://purl.obolibrary.org/obo/UBERON_0000178,blood,False,,
http://purl.obolibrary.org/obo/HP_0001988,Recurrent hypoglycemia,characteristic of,http://purl.obolibrary.org/obo/UBERON_0000178,blood,False,,
http://purl.obolibrary.org/obo/HP_0001991,Aplasia/Hypoplasia of toe,characteristic of,http://purl.obolibrary.org/obo/UBERON_0001466,pedal digit,False,,
http://purl.obolibrary.org/obo/HP_0001992,Organic aciduria,part of,http://purl.obolibrary.org/obo/UBERON_0001088,urine,False,,
http://purl.obolibrary.org/obo/HP_0001997,Gout,occurs in,http://purl.obolibrary.org/obo/UBERON_0000982,skeletal joint,False,,
http://purl.obolibrary.org/obo/HP_0001999,Abnormal facial shape,characteristic of,http://purl.obolibrary.org/obo/UBERON_0001456,face,False,,
http://purl.obolibrary.org/obo/HP_0002000,Short columella,characteristic of,http://purl.obolibrary.org/obo/UBERON_0008341,columella nasi,False,,
http://purl.obolibrary.org/obo/HP_0002002,Deep philtrum,characteristic of,http://purl.obolibrary.org/obo/UBERON_0005402,philtrum,False,,
http://purl.obolibrary.org/obo/HP_0002003,Large forehead,characteristic of,http://purl.obolibrary.org/obo/UBERON_0008200,forehead,False,,
http://purl.obolibrary.org/obo/HP_0002006,Tessier cleft,characteristic of,http://purl.obolibrary.org/obo/UBERON_0001456,face,False,,
http://purl.obolibrary.org/obo/HP_0002007,Frontal bossing,characteristic of,http://purl.obolibrary.org/obo/UBERON_0008200,forehead,False,,
http://purl.obolibrary.org/obo/HP_0002010,Narrow maxilla,characteristic of part of,http://purl.obolibrary.org/obo/UBERON_0002397,maxilla,False,,
http://purl.obolibrary.org/obo/HP_0002011,Morphological central nervous system abnormality,characteristic of part of,http://purl.obolibrary.org/obo/UBERON_0001017,central nervous system,False,,
http://purl.obolibrary.org/obo/HP_0002014,Diarrhea,characteristic of,http://purl.obolibrary.org/obo/UBERON_0001988,feces,False,,
http://purl.obolibrary.org/obo/HP_0002021,Pyloric stenosis,characteristic of,http://purl.obolibrary.org/obo/UBERON_0001165,pyloric antrum,False,,
http://purl.obolibrary.org/obo/HP_0002023,Anal atresia,characteristic of,http://purl.obolibrary.org/obo/UBERON_0001245,anus,False,,
http://purl.obolibrary.org/obo/HP_0002025,Anal stenosis,characteristic of,http://purl.obolibrary.org/obo/UBERON_0000159,anal canal,False,,
http://purl.obolibrary.org/obo/HP_0002031,Abnormal esophagus morphology,characteristic of part of,http://purl.obolibrary.org/obo/UBERON_0001043,esophagus,False,,
http://purl.obolibrary.org/obo/HP_0002032,Esophageal atresia,characteristic of,http://purl.obolibrary.org/obo/UBERON_0001043,esophagus,False,,
http://purl.obolibrary.org/obo/HP_0002034,Abnormal rectum morphology,characteristic of part of,http://purl.obolibrary.org/obo/UBERON_0001052,rectum,False,,
http://purl.obolibrary.org/obo/HP_0002035,Rectal prolapse,characteristic of,http://purl.obolibrary.org/obo/UBERON_0001052,rectum,False,,
http://purl.obolibrary.org/obo/HP_0002036,Hiatus hernia,characteristic of part of,http://purl.obolibrary.org/obo/UBERON_0000945,stomach,False,,
http://purl.obolibrary.org/obo/HP_0002036,Hiatus hernia,towards,http://purl.obolibrary.org/obo/UBERON_0016458,esophageal hiatus,False,,
http://purl.obolibrary.org/obo/HP_0002037,Inflammation of the large intestine,occurs in,http://purl.obolibrary.org/obo/UBERON_0000059,large intestine,False,,
http://purl.obolibrary.org/obo/HP_0002048,Renal cortical atrophy,characteristic of,http://purl.obolibrary.org/obo/UBERON_0001225,cortex of kidney,False,,
http://purl.obolibrary.org/obo/HP_0002056,Abnormality of the glabella,characteristic of part of,http://purl.obolibrary.org/obo/UBERON_0016440,glabella region of bone,False,,
http://purl.obolibrary.org/obo/HP_0002057,Prominent glabella,characteristic of,http://purl.obolibrary.org/obo/UBERON_0016440,glabella region of bone,False,,
http://purl.obolibrary.org/obo/HP_0002059,Cerebral atrophy,characteristic of,http://purl.obolibrary.org/obo/UBERON_0001893,telencephalon,False,,
http://purl.obolibrary.org/obo/HP_0002060,Abnormal cerebral morphology,characteristic of part of,http://purl.obolibrary.org/obo/UBERON_0001893,telencephalon,False,,
http://purl.obolibrary.org/obo/HP_0002061,Lower limb spasticity,characteristic of,http://purl.obolibrary.org/obo/UBERON_0010709,pelvic complex,False,,
http://purl.obolibrary.org/obo/HP_0002070,Limb ataxia,characteristic of,http://purl.obolibrary.org/obo/UBERON_0010707,appendage girdle complex,False,,
http://purl.obolibrary.org/obo/HP_0002078,Truncal ataxia,characteristic of,http://purl.obolibrary.org/obo/UBERON_0002100,trunk,False,,
http://purl.obolibrary.org/obo/HP_0002079,Hypoplasia of the corpus callosum,characteristic of,http://purl.obolibrary.org/obo/UBERON_0002336,corpus callosum,False,,
http://purl.obolibrary.org/obo/HP_0002084,Encephalocele,part of,http://purl.obolibrary.org/obo/UBERON_0000955,brain,False,,
http://purl.obolibrary.org/obo/HP_0002084,Encephalocele,towards,http://purl.obolibrary.org/obo/UBERON_0003129,skull,False,,
http://purl.obolibrary.org/obo/HP_0002085,Occipital encephalocele,characteristic of,http://purl.obolibrary.org/obo/UBERON_0000479,tissue,False,,
http://purl.obolibrary.org/obo/HP_0002085,Occipital encephalocele,characteristic of part of,http://purl.obolibrary.org/obo/UBERON_0000955,brain,False,,
http://purl.obolibrary.org/obo/HP_0002085,Occipital encephalocele,towards,http://purl.obolibrary.org/obo/UBERON_0001676,occipital bone,False,,
http://purl.obolibrary.org/obo/HP_0002086,Abnormality of the respiratory system,characteristic of part of,http://purl.obolibrary.org/obo/UBERON_0001004,respiratory system,False,,
http://purl.obolibrary.org/obo/HP_0002087,Abnormality of the upper respiratory tract,characteristic of part of,http://purl.obolibrary.org/obo/UBERON_0001557,upper respiratory tract,False,,
http://purl.obolibrary.org/obo/HP_0002088,Abnormal lung morphology,characteristic of,http://purl.obolibrary.org/obo/UBERON_0002048,lung,False,,
http://purl.obolibrary.org/obo/HP_0002089,Pulmonary hypoplasia,characteristic of,http://purl.obolibrary.org/obo/UBERON_0002048,lung,False,,
http://purl.obolibrary.org/obo/HP_0002090,Pneumonia,occurs in,http://purl.obolibrary.org/obo/UBERON_0002048,lung,False,,
http://purl.obolibrary.org/obo/HP_0002092,Pulmonary arterial hypertension,part of,http://purl.obolibrary.org/obo/UBERON_0002012,pulmonary artery,False,,
http://purl.obolibrary.org/obo/HP_0002093,Respiratory insufficiency,characteristic of,http://purl.obolibrary.org/obo/UBERON_0001004,respiratory system,False,,
http://purl.obolibrary.org/obo/HP_0002097,Emphysema,part of,http://purl.obolibrary.org/obo/UBERON_0002048,lung,False,,
http://purl.obolibrary.org/obo/HP_0002103,Abnormal pleura morphology,characteristic of part of,http://purl.obolibrary.org/obo/UBERON_0000977,pleura,False,,
http://purl.obolibrary.org/obo/HP_0002118,Abnormal cerebral ventricle morphology,characteristic of part of,http://purl.obolibrary.org/obo/UBERON_0004086,brain ventricle,False,,
http://purl.obolibrary.org/obo/HP_0002119,Ventriculomegaly,characteristic of,http://purl.obolibrary.org/obo/UBERON_0004086,brain ventricle,False,,
http://purl.obolibrary.org/obo/HP_0002120,Cerebral cortical atrophy,characteristic of,http://purl.obolibrary.org/obo/UBERON_0000956,cerebral cortex,False,,
http://purl.obolibrary.org/obo/HP_0002134,Abnormal basal ganglia morphology,characteristic of part of,http://purl.obolibrary.org/obo/UBERON_0002420,basal ganglion,False,,
http://purl.obolibrary.org/obo/HP_0002135,Basal ganglia calcification,characteristic of,http://purl.obolibrary.org/obo/UBERON_0002420,basal ganglion,False,,
http://purl.obolibrary.org/obo/HP_0002143,Abnormal spinal cord morphology,characteristic of part of,http://purl.obolibrary.org/obo/UBERON_0002240,spinal cord,False,,
http://purl.obolibrary.org/obo/HP_0002148,Hypophosphatemia,part of,http://purl.obolibrary.org/obo/UBERON_0000178,blood,False,,
http://purl.obolibrary.org/obo/HP_0002149,Hyperuricemia,part of,http://purl.obolibrary.org/obo/UBERON_0000178,blood,False,,
http://purl.obolibrary.org/obo/HP_0002150,Hypercalciuria,part of,http://purl.obolibrary.org/obo/UBERON_0001088,urine,False,,
http://purl.obolibrary.org/obo/HP_0002151,Increased circulating lactate concentration,part of,http://purl.obolibrary.org/obo/UBERON_0001977,blood serum,False,,
http://purl.obolibrary.org/obo/HP_0002152,Hyperproteinemia,part of,http://purl.obolibrary.org/obo/UBERON_0000178,blood,False,,
http://purl.obolibrary.org/obo/HP_0002153,Hyperkalemia,part of,http://purl.obolibrary.org/obo/UBERON_0000178,blood,False,,
http://purl.obolibrary.org/obo/HP_0002154,Hyperglycinemia,part of,http://purl.obolibrary.org/obo/UBERON_0000178,blood,False,,
http://purl.obolibrary.org/obo/HP_0002155,Hypertriglyceridemia,part of,http://purl.obolibrary.org/obo/UBERON_0000178,blood,False,,
http://purl.obolibrary.org/obo/HP_0002156,Homocystinuria,part of,http://purl.obolibrary.org/obo/UBERON_0001088,urine,False,,
http://purl.obolibrary.org/obo/HP_0002157,Azotemia,part of,http://purl.obolibrary.org/obo/UBERON_0000178,blood,False,,
http://purl.obolibrary.org/obo/HP_0002159,Heparan sulfate excretion in urine,part of,http://purl.obolibrary.org/obo/UBERON_0001088,urine,False,,
http://purl.obolibrary.org/obo/HP_0002160,Hyperhomocystinemia,part of,http://purl.obolibrary.org/obo/UBERON_0000178,blood,False,,
http://purl.obolibrary.org/obo/HP_0002161,Hyperlysinemia,part of,http://purl.obolibrary.org/obo/UBERON_0000178,blood,False,,
http://purl.obolibrary.org/obo/HP_0002164,Nail dysplasia,characteristic of,http://purl.obolibrary.org/obo/UBERON_0001705,nail,False,,
http://purl.obolibrary.org/obo/HP_0002170,Intracranial hemorrhage,part of,http://purl.obolibrary.org/obo/UBERON_0003128,cranium,False,,
http://purl.obolibrary.org/obo/HP_0002180,Neurodegeneration,characteristic of part of,http://purl.obolibrary.org/obo/UBERON_0001017,central nervous system,False,,
http://purl.obolibrary.org/obo/HP_0002181,Cerebral edema,characteristic of part of,http://purl.obolibrary.org/obo/UBERON_0001893,telencephalon,False,,
http://purl.obolibrary.org/obo/HP_0002190,Choroid plexus cyst,part of,http://purl.obolibrary.org/obo/UBERON_0001886,choroid plexus,False,,
http://purl.obolibrary.org/obo/HP_0002195,Dysgenesis of the cerebellar vermis,characteristic of,http://purl.obolibrary.org/obo/UBERON_0004720,cerebellar vermis,False,,
http://purl.obolibrary.org/obo/HP_0002198,Dilated fourth ventricle,characteristic of,http://purl.obolibrary.org/obo/UBERON_0002422,fourth ventricle,False,,
http://purl.obolibrary.org/obo/HP_0002202,Pleural effusion,characteristic of,http://purl.obolibrary.org/obo/UBERON_0002402,pleural cavity,False,,
http://purl.obolibrary.org/obo/HP_0002206,Pulmonary fibrosis,characteristic of,http://purl.obolibrary.org/obo/UBERON_0002048,lung,False,,
http://purl.obolibrary.org/obo/HP_0002208,Coarse hair,characteristic of,http://purl.obolibrary.org/obo/UBERON_0001037,strand of hair,False,,
http://purl.obolibrary.org/obo/HP_0002209,Sparse scalp hair,characteristic of,http://purl.obolibrary.org/obo/UBERON_0016446,hair of head,False,,
http://purl.obolibrary.org/obo/HP_0002212,Curly hair,characteristic of,http://purl.obolibrary.org/obo/UBERON_0001037,strand of hair,False,,
http://purl.obolibrary.org/obo/HP_0002213,Fine hair,characteristic of,http://purl.obolibrary.org/obo/UBERON_0001037,strand of hair,False,,
http://purl.obolibrary.org/obo/HP_0002215,Sparse axillary hair,characteristic of,http://purl.obolibrary.org/obo/UBERON_0013699,strand of axillary hair,False,,
http://purl.obolibrary.org/obo/HP_0002219,Facial hypertrichosis,characteristic of,http://purl.obolibrary.org/obo/UBERON_0010171,strand of hair of face,False,,
http://purl.obolibrary.org/obo/HP_0002221,Absent axillary hair,characteristic of,http://purl.obolibrary.org/obo/UBERON_0013699,strand of axillary hair,False,,
http://purl.obolibrary.org/obo/HP_0002223,Absent eyebrow,characteristic of,http://purl.obolibrary.org/obo/UBERON_0010163,eyebrow,False,,
http://purl.obolibrary.org/obo/HP_0002225,Sparse pubic hair,characteristic of,http://purl.obolibrary.org/obo/UBERON_0013698,strand of pubic hair,False,,
http://purl.obolibrary.org/obo/HP_0002226,White eyebrow,characteristic of,http://purl.obolibrary.org/obo/UBERON_0010163,eyebrow,False,,
http://purl.obolibrary.org/obo/HP_0002227,White eyelashes,characteristic of,http://purl.obolibrary.org/obo/UBERON_0001702,eyelash,False,,
http://purl.obolibrary.org/obo/HP_0002231,Sparse body hair,characteristic of part of,http://purl.obolibrary.org/obo/UBERON_0016447,hair of trunk,False,,
http://purl.obolibrary.org/obo/HP_0002239,Gastrointestinal hemorrhage,part of,http://purl.obolibrary.org/obo/UBERON_0005409,alimentary part of gastrointestinal system,False,,
http://purl.obolibrary.org/obo/HP_0002240,Hepatomegaly,characteristic of,http://purl.obolibrary.org/obo/UBERON_0002107,liver,False,,
http://purl.obolibrary.org/obo/HP_0002242,Abnormal intestine morphology,characteristic of part of,http://purl.obolibrary.org/obo/UBERON_0000160,intestine,False,,
http://purl.obolibrary.org/obo/HP_0002244,Abnormal small intestine morphology,characteristic of part of,http://purl.obolibrary.org/obo/UBERON_0002108,small intestine,False,,
http://purl.obolibrary.org/obo/HP_0002246,Abnormal duodenum morphology,characteristic of part of,http://purl.obolibrary.org/obo/UBERON_0002114,duodenum,False,,
http://purl.obolibrary.org/obo/HP_0002247,Duodenal atresia,characteristic of,http://purl.obolibrary.org/obo/UBERON_0002114,duodenum,False,,
http://purl.obolibrary.org/obo/HP_0002249,Melena,part of,http://purl.obolibrary.org/obo/UBERON_0001988,feces,False,,
http://purl.obolibrary.org/obo/HP_0002250,Abnormal large intestine morphology,characteristic of part of,http://purl.obolibrary.org/obo/UBERON_0000059,large intestine,False,,
http://purl.obolibrary.org/obo/HP_0002253,Colonic diverticula,part of,http://purl.obolibrary.org/obo/UBERON_0001155,colon,False,,
http://purl.obolibrary.org/obo/HP_0002256,Small bowel diverticula,part of,http://purl.obolibrary.org/obo/UBERON_0002108,small intestine,False,,
http://purl.obolibrary.org/obo/HP_0002270,Abnormality of the autonomic nervous system,characteristic of part of,http://purl.obolibrary.org/obo/UBERON_0002410,autonomic nervous system,False,,
http://purl.obolibrary.org/obo/HP_0002286,Fair hair,characteristic of,http://purl.obolibrary.org/obo/UBERON_0001037,strand of hair,False,,
http://purl.obolibrary.org/obo/HP_0002293,Alopecia of scalp,characteristic of,http://purl.obolibrary.org/obo/UBERON_0000403,scalp,False,,
http://purl.obolibrary.org/obo/HP_0002296,Progressive hypotrichosis,characteristic of,http://purl.obolibrary.org/obo/UBERON_0001037,strand of hair,False,,
http://purl.obolibrary.org/obo/HP_0002297,Red hair,characteristic of,http://purl.obolibrary.org/obo/UBERON_0001037,strand of hair,False,,
http://purl.obolibrary.org/obo/HP_0002298,Absent hair,characteristic of,http://purl.obolibrary.org/obo/UBERON_0001037,strand of hair,False,,
http://purl.obolibrary.org/obo/HP_0002314,Degeneration of the lateral corticospinal tracts,characteristic of,http://purl.obolibrary.org/obo/UBERON_0002589,lateral corticospinal tract,False,,
http://purl.obolibrary.org/obo/HP_0002334,Abnormal cerebellar vermis morphology,characteristic of part of,http://purl.obolibrary.org/obo/UBERON_0004720,cerebellar vermis,False,,
http://purl.obolibrary.org/obo/HP_0002335,Agenesis of cerebellar vermis,characteristic of,http://purl.obolibrary.org/obo/UBERON_0004720,cerebellar vermis,False,,
http://purl.obolibrary.org/obo/HP_0002339,Abnormal caudate nucleus morphology,characteristic of part of,http://purl.obolibrary.org/obo/UBERON_0001873,caudate nucleus,False,,
http://purl.obolibrary.org/obo/HP_0002340,Caudate atrophy,characteristic of,http://purl.obolibrary.org/obo/UBERON_0001873,caudate nucleus,False,,
http://purl.obolibrary.org/obo/HP_0002350,Cerebellar cyst,characteristic of,http://purl.obolibrary.org/obo/UBERON_0002037,cerebellum,False,,
http://purl.obolibrary.org/obo/HP_0002352,Leukoencephalopathy,characteristic of,http://purl.obolibrary.org/obo/UBERON_0002437,cerebral hemisphere white matter,False,,
http://purl.obolibrary.org/obo/HP_0002363,Abnormal brainstem morphology,characteristic of part of,http://purl.obolibrary.org/obo/UBERON_0002298,brainstem,False,,
http://purl.obolibrary.org/obo/HP_0002365,Hypoplasia of the brainstem,characteristic of,http://purl.obolibrary.org/obo/UBERON_0002298,brainstem,False,,
http://purl.obolibrary.org/obo/HP_0002389,Cavum septum pellucidum,characteristic of,http://purl.obolibrary.org/obo/UBERON_0002742,lamina of septum pellucidum,False,,
http://purl.obolibrary.org/obo/HP_0002389,Cavum septum pellucidum,towards,http://purl.obolibrary.org/obo/UBERON_0002742,lamina of septum pellucidum,False,,
http://purl.obolibrary.org/obo/HP_0002395,Lower limb hyperreflexia,occurs in,http://purl.obolibrary.org/obo/UBERON_0010709,pelvic complex,False,,
http://purl.obolibrary.org/obo/HP_0002404,Thickened superior cerebellar peduncle,characteristic of,http://purl.obolibrary.org/obo/UBERON_0007709,superior cerebellar peduncle of pons,False,,
http://purl.obolibrary.org/obo/HP_0002406,Limb dysmetria,characteristic of,http://purl.obolibrary.org/obo/UBERON_0010707,appendage girdle complex,False,,
http://purl.obolibrary.org/obo/HP_0002410,Aqueductal stenosis,characteristic of,http://purl.obolibrary.org/obo/UBERON_0002289,midbrain cerebral aqueduct,False,,
http://purl.obolibrary.org/obo/HP_0002418,Abnormal midbrain morphology,characteristic of part of,http://purl.obolibrary.org/obo/UBERON_0001891,midbrain,False,,
http://purl.obolibrary.org/obo/HP_0002438,Cerebellar malformation,characteristic of,http://purl.obolibrary.org/obo/UBERON_0002037,cerebellum,False,,
http://purl.obolibrary.org/obo/HP_0002444,Hypothalamic hamartoma,part of,http://purl.obolibrary.org/obo/UBERON_0001898,hypothalamus,False,,
http://purl.obolibrary.org/obo/HP_0002453,Abnormal globus pallidus morphology,characteristic of part of,http://purl.obolibrary.org/obo/UBERON_0001875,globus pallidus,False,,
http://purl.obolibrary.org/obo/HP_0002454,Eye of the tiger anomaly of globus pallidus,part of,http://purl.obolibrary.org/obo/UBERON_0001875,globus pallidus,False,,
http://purl.obolibrary.org/obo/HP_0002461,Cerebellar dentate nucleus calcification,characteristic of,http://purl.obolibrary.org/obo/UBERON_0002132,dentate nucleus,False,,
http://purl.obolibrary.org/obo/HP_0002472,Small cerebral cortex,characteristic of,http://purl.obolibrary.org/obo/UBERON_0000956,cerebral cortex,False,,
http://purl.obolibrary.org/obo/HP_0002480,Hepatic encephalopathy,characteristic of,http://purl.obolibrary.org/obo/UBERON_0002107,liver,False,,
http://purl.obolibrary.org/obo/HP_0002490,Increased CSF lactate,part of,http://purl.obolibrary.org/obo/UBERON_0001359,cerebrospinal fluid,False,,
http://purl.obolibrary.org/obo/HP_0002491,Spasticity of facial muscles,characteristic of,http://purl.obolibrary.org/obo/UBERON_0004473,musculature of face,False,,
http://purl.obolibrary.org/obo/HP_0002492,Abnormal corticospinal tract morphology,characteristic of part of,http://purl.obolibrary.org/obo/UBERON_0002707,corticospinal tract,False,,
http://purl.obolibrary.org/obo/HP_0002493,Upper motor neuron dysfunction,part of,http://purl.obolibrary.org/obo/UBERON_0001384,primary motor cortex,False,,
http://purl.obolibrary.org/obo/HP_0002500,Abnormal cerebral white matter morphology,characteristic of part of,http://purl.obolibrary.org/obo/UBERON_0002437,cerebral hemisphere white matter,False,,
http://purl.obolibrary.org/obo/HP_0002501,Spasticity of pharyngeal muscles,characteristic of,http://purl.obolibrary.org/obo/UBERON_0000933,chordate pharyngeal muscle,False,,
http://purl.obolibrary.org/obo/HP_0002509,Limb hypertonia,characteristic of,http://purl.obolibrary.org/obo/UBERON_0004480,musculature of limb,False,,
http://purl.obolibrary.org/obo/HP_0002514,Cerebral calcification,characteristic of,http://purl.obolibrary.org/obo/UBERON_0001893,telencephalon,False,,
http://purl.obolibrary.org/obo/HP_0002522,Areflexia of lower limbs,occurs in,http://purl.obolibrary.org/obo/UBERON_0010709,pelvic complex,False,,
http://purl.obolibrary.org/obo/HP_0002528,Granulovacuolar degeneration,characteristic of,http://purl.obolibrary.org/obo/UBERON_0001954,Ammon's horn,False,,
http://purl.obolibrary.org/obo/HP_0002529,Neuronal loss in central nervous system,part of,http://purl.obolibrary.org/obo/UBERON_0001017,central nervous system,False,,
http://purl.obolibrary.org/obo/HP_0002536,Abnormal cortical gyration,characteristic of part of,http://purl.obolibrary.org/obo/UBERON_0000200,gyrus,False,,
http://purl.obolibrary.org/obo/HP_0002538,Abnormal cerebral cortex morphology,characteristic of part of,http://purl.obolibrary.org/obo/UBERON_0000956,cerebral cortex,False,,
http://purl.obolibrary.org/obo/HP_0002539,Cortical dysplasia,characteristic of,http://purl.obolibrary.org/obo/UBERON_0000956,cerebral cortex,False,,
http://purl.obolibrary.org/obo/HP_0002550,Absent facial hair,characteristic of,http://purl.obolibrary.org/obo/UBERON_0010171,strand of hair of face,False,,
http://purl.obolibrary.org/obo/HP_0002552,Trichodysplasia,characteristic of,http://purl.obolibrary.org/obo/UBERON_0001037,strand of hair,False,,
http://purl.obolibrary.org/obo/HP_0002553,Highly arched eyebrow,characteristic of,http://purl.obolibrary.org/obo/UBERON_0010163,eyebrow,False,,
http://purl.obolibrary.org/obo/HP_0002555,Absent pubic hair,characteristic of,http://purl.obolibrary.org/obo/UBERON_0013698,strand of pubic hair,False,,
http://purl.obolibrary.org/obo/HP_0002557,Hypoplastic nipples,characteristic of,http://purl.obolibrary.org/obo/UBERON_0002030,nipple,False,,
http://purl.obolibrary.org/obo/HP_0002558,Supernumerary nipple,characteristic of,http://purl.obolibrary.org/obo/UBERON_0002030,nipple,False,,
http://purl.obolibrary.org/obo/HP_0002561,Absent nipple,characteristic of,http://purl.obolibrary.org/obo/UBERON_0002030,nipple,False,,
http://purl.obolibrary.org/obo/HP_0002562,Low-set nipples,characteristic of,http://purl.obolibrary.org/obo/UBERON_0002030,nipple,False,,
http://purl.obolibrary.org/obo/HP_0002566,Intestinal malrotation,characteristic of,http://purl.obolibrary.org/obo/UBERON_0005409,alimentary part of gastrointestinal system,False,,
http://purl.obolibrary.org/obo/HP_0002570,Steatorrhea,part of,http://purl.obolibrary.org/obo/UBERON_0001988,feces,False,,
http://purl.obolibrary.org/obo/HP_0002575,Tracheoesophageal fistula,characteristic of,http://purl.obolibrary.org/obo/UBERON_0001043,esophagus,False,,
http://purl.obolibrary.org/obo/HP_0002575,Tracheoesophageal fistula,characteristic of,http://purl.obolibrary.org/obo/UBERON_0003126,trachea,False,,
http://purl.obolibrary.org/obo/HP_0002577,Abnormal stomach morphology,characteristic of part of,http://purl.obolibrary.org/obo/UBERON_0000945,stomach,False,,
http://purl.obolibrary.org/obo/HP_0002578,Gastroparesis,characteristic of,http://purl.obolibrary.org/obo/UBERON_0008856,stomach muscularis externa,False,,
http://purl.obolibrary.org/obo/HP_0002583,Colitis,occurs in,http://purl.obolibrary.org/obo/UBERON_0001155,colon,False,,
http://purl.obolibrary.org/obo/HP_0002584,Intestinal bleeding,part of,http://purl.obolibrary.org/obo/UBERON_0000160,intestine,False,,
http://purl.obolibrary.org/obo/HP_0002585,Abnormal peritoneum morphology,characteristic of part of,http://purl.obolibrary.org/obo/UBERON_0002358,peritoneum,False,,
http://purl.obolibrary.org/obo/HP_0002586,Peritonitis,occurs in,http://purl.obolibrary.org/obo/UBERON_0002358,peritoneum,False,,
http://purl.obolibrary.org/obo/HP_0002588,Duodenal ulcer,part of,http://purl.obolibrary.org/obo/UBERON_0002114,duodenum,False,,
http://purl.obolibrary.org/obo/HP_0002589,Gastrointestinal atresia,characteristic of,http://purl.obolibrary.org/obo/UBERON_0005409,alimentary part of gastrointestinal system,False,,
http://purl.obolibrary.org/obo/HP_0002592,Gastric ulcer,part of,http://purl.obolibrary.org/obo/UBERON_0001199,mucosa of stomach,False,,
http://purl.obolibrary.org/obo/HP_0002594,Pancreatic hypoplasia,characteristic of,http://purl.obolibrary.org/obo/UBERON_0001264,pancreas,False,,
http://purl.obolibrary.org/obo/HP_0002597,Abnormality of the vasculature,characteristic of part of,http://purl.obolibrary.org/obo/UBERON_0002049,vasculature,False,,
http://purl.obolibrary.org/obo/HP_0002600,Hyporeflexia of lower limbs,occurs in,http://purl.obolibrary.org/obo/UBERON_0010709,pelvic complex,False,,
http://purl.obolibrary.org/obo/HP_0002601,Paresis of extensor muscles of the big toe,part of,http://purl.obolibrary.org/obo/UBERON_0003631,pedal digit 1,False,,
http://purl.obolibrary.org/obo/HP_0002604,Gastrointestinal telangiectasia,part of,http://purl.obolibrary.org/obo/UBERON_0005409,alimentary part of gastrointestinal system,False,,
http://purl.obolibrary.org/obo/HP_0002605,Hepatic necrosis,characteristic of part of,http://purl.obolibrary.org/obo/UBERON_0002107,liver,False,,
http://purl.obolibrary.org/obo/HP_0002615,Hypotension,part of,http://purl.obolibrary.org/obo/UBERON_0001981,blood vessel,False,,
http://purl.obolibrary.org/obo/HP_0002623,Overriding aorta,characteristic of,http://purl.obolibrary.org/obo/UBERON_0000947,aorta,False,,
http://purl.obolibrary.org/obo/HP_0002623,Overriding aorta,towards,http://purl.obolibrary.org/obo/UBERON_0004666,interventricular septum membranous part,False,,
http://purl.obolibrary.org/obo/HP_0002624,Abnormal venous morphology,characteristic of,http://purl.obolibrary.org/obo/UBERON_0001638,vein,False,,
http://purl.obolibrary.org/obo/HP_0002633,Vasculitis,part of,http://purl.obolibrary.org/obo/UBERON_0001981,blood vessel,False,,
http://purl.obolibrary.org/obo/HP_0002634,Arteriosclerosis,occurs in,http://purl.obolibrary.org/obo/UBERON_0001637,artery,False,,
http://purl.obolibrary.org/obo/HP_0002636,Dilatation of an abdominal artery,characteristic of,http://purl.obolibrary.org/obo/UBERON_0012254,abdominal aorta artery,False,,
http://purl.obolibrary.org/obo/HP_0002644,Abnormal pelvic girdle bone morphology,characteristic of part of,http://purl.obolibrary.org/obo/UBERON_0007830,pelvic girdle bone/zone,False,,
http://purl.obolibrary.org/obo/HP_0002650,Scoliosis,characteristic of,http://purl.obolibrary.org/obo/UBERON_0001130,vertebral column,False,,
http://purl.obolibrary.org/obo/HP_0002652,Skeletal dysplasia,characteristic of,http://purl.obolibrary.org/obo/UBERON_0004288,skeleton,False,,
http://purl.obolibrary.org/obo/HP_0002656,Epiphyseal dysplasia,characteristic of,http://purl.obolibrary.org/obo/UBERON_0001437,epiphysis,False,,
http://purl.obolibrary.org/obo/HP_0002659,Increased susceptibility to fractures,characteristic of,http://purl.obolibrary.org/obo/UBERON_0001474,bone element,False,,
http://purl.obolibrary.org/obo/HP_0002663,Delayed epiphyseal ossification,occurs in,http://purl.obolibrary.org/obo/UBERON_0001437,epiphysis,False,,
http://purl.obolibrary.org/obo/HP_0002673,Coxa valga,characteristic of,http://purl.obolibrary.org/obo/UBERON_0007119,neck of femur,False,,
http://purl.obolibrary.org/obo/HP_0002673,Coxa valga,towards,http://purl.obolibrary.org/obo/UBERON_0006862,diaphysis of femur,False,,
http://purl.obolibrary.org/obo/HP_0002677,Small foramen magnum,characteristic of,http://purl.obolibrary.org/obo/UBERON_0003687,foramen magnum,False,,
http://purl.obolibrary.org/obo/HP_0002678,Skull asymmetry,characteristic of,http://purl.obolibrary.org/obo/UBERON_0003129,skull,False,,
http://purl.obolibrary.org/obo/HP_0002679,Abnormal sella turcica morphology,characteristic of part of,http://purl.obolibrary.org/obo/UBERON_0003689,sella turcica,False,,
http://purl.obolibrary.org/obo/HP_0002681,Deformed sella turcica,characteristic of part of,http://purl.obolibrary.org/obo/UBERON_0003689,sella turcica,False,,
http://purl.obolibrary.org/obo/HP_0002682,Broad skull,characteristic of,http://purl.obolibrary.org/obo/UBERON_0003129,skull,False,,
http://purl.obolibrary.org/obo/HP_0002683,Abnormal calvaria morphology,characteristic of part of,http://purl.obolibrary.org/obo/UBERON_0004339,vault of skull,False,,
http://purl.obolibrary.org/obo/HP_0002684,Thickened calvaria,characteristic of,http://purl.obolibrary.org/obo/UBERON_0004339,vault of skull,False,,
http://purl.obolibrary.org/obo/HP_0002687,Abnormality of frontal sinus,characteristic of part of,http://purl.obolibrary.org/obo/UBERON_0001760,frontal sinus,False,,
http://purl.obolibrary.org/obo/HP_0002688,Absent frontal sinuses,part of,http://purl.obolibrary.org/obo/UBERON_0003129,skull,False,,
http://purl.obolibrary.org/obo/HP_0002689,Absent paranasal sinuses,characteristic of,http://purl.obolibrary.org/obo/UBERON_0001825,paranasal sinus,False,,
http://purl.obolibrary.org/obo/HP_0002690,Large sella turcica,characteristic of part of,http://purl.obolibrary.org/obo/UBERON_0003689,sella turcica,False,,
http://purl.obolibrary.org/obo/HP_0002692,Hypoplastic facial bones,part of,http://purl.obolibrary.org/obo/UBERON_0001456,face,False,,
http://purl.obolibrary.org/obo/HP_0002693,Abnormal skull base morphology,characteristic of part of,http://purl.obolibrary.org/obo/UBERON_0002517,basicranium,False,,
http://purl.obolibrary.org/obo/HP_0002694,Sclerosis of skull base,characteristic of,http://purl.obolibrary.org/obo/UBERON_0002517,basicranium,False,,
http://purl.obolibrary.org/obo/HP_0002696,Abnormal parietal bone morphology,characteristic of,http://purl.obolibrary.org/obo/UBERON_0000210,tetrapod parietal bone,False,,
http://purl.obolibrary.org/obo/HP_0002699,Abnormal foramen magnum morphology,characteristic of part of,http://purl.obolibrary.org/obo/UBERON_0003687,foramen magnum,False,,
http://purl.obolibrary.org/obo/HP_0002700,Large foramen magnum,characteristic of,http://purl.obolibrary.org/obo/UBERON_0003687,foramen magnum,False,,
http://purl.obolibrary.org/obo/HP_0002703,Abnormality of skull ossification,occurs in,http://purl.obolibrary.org/obo/UBERON_0003129,skull,False,,
http://purl.obolibrary.org/obo/HP_0002707,Palate telangiectasia,part of,http://purl.obolibrary.org/obo/UBERON_0001716,secondary palate,False,,
http://purl.obolibrary.org/obo/HP_0002715,Abnormality of the immune system,characteristic of part of,http://purl.obolibrary.org/obo/UBERON_0002405,immune system,False,,
http://purl.obolibrary.org/obo/HP_0002716,Lymphadenopathy,characteristic of,http://purl.obolibrary.org/obo/UBERON_0000029,lymph node,False,,
http://purl.obolibrary.org/obo/HP_0002717,Adrenal overactivity,characteristic of,http://purl.obolibrary.org/obo/UBERON_0002369,adrenal gland,False,,
http://purl.obolibrary.org/obo/HP_0002720,Decreased circulating IgA concentration,part of,http://purl.obolibrary.org/obo/UBERON_0000178,blood,False,,
http://purl.obolibrary.org/obo/HP_0002732,Lymph node hypoplasia,characteristic of,http://purl.obolibrary.org/obo/UBERON_0000029,lymph node,False,,
http://purl.obolibrary.org/obo/HP_0002733,Abnormal lymph node morphology,characteristic of part of,http://purl.obolibrary.org/obo/UBERON_0000029,lymph node,False,,
http://purl.obolibrary.org/obo/HP_0002737,Thick skull base,characteristic of part of,http://purl.obolibrary.org/obo/UBERON_0002517,basicranium,False,,
http://purl.obolibrary.org/obo/HP_0002738,Hypoplastic frontal sinuses,characteristic of,http://purl.obolibrary.org/obo/UBERON_0001760,frontal sinus,False,,
http://purl.obolibrary.org/obo/HP_0002749,Osteomalacia,characteristic of,http://purl.obolibrary.org/obo/UBERON_0001474,bone element,False,,
http://purl.obolibrary.org/obo/HP_0002750,Delayed skeletal maturation,occurs in,http://purl.obolibrary.org/obo/UBERON_0004288,skeleton,False,,
http://purl.obolibrary.org/obo/HP_0002752,Sparse bone trabeculae,characteristic of,http://purl.obolibrary.org/obo/UBERON_0002483,trabecular bone tissue,False,,
http://purl.obolibrary.org/obo/HP_0002753,Thin bony cortex,characteristic of,http://purl.obolibrary.org/obo/UBERON_0001439,compact bone tissue,False,,
http://purl.obolibrary.org/obo/HP_0002754,Osteomyelitis,occurs in,http://purl.obolibrary.org/obo/UBERON_0001474,bone element,False,,
http://purl.obolibrary.org/obo/HP_0002763,Abnormal cartilage morphology,characteristic of,http://purl.obolibrary.org/obo/UBERON_0007844,cartilage element,False,,
http://purl.obolibrary.org/obo/HP_0002764,Stippled chondral calcification,characteristic of,http://purl.obolibrary.org/obo/UBERON_0010996,articular cartilage of joint,False,,
http://purl.obolibrary.org/obo/HP_0002766,Relatively short spine,characteristic of,http://purl.obolibrary.org/obo/UBERON_0001130,vertebral column,False,,
http://purl.obolibrary.org/obo/HP_0002777,Tracheal stenosis,characteristic of,http://purl.obolibrary.org/obo/UBERON_0003126,trachea,False,,
http://purl.obolibrary.org/obo/HP_0002778,Abnormal tracheal morphology,characteristic of,http://purl.obolibrary.org/obo/UBERON_0003126,trachea,False,,
http://purl.obolibrary.org/obo/HP_0002781,Upper airway obstruction,characteristic of part of,http://purl.obolibrary.org/obo/UBERON_0001557,upper respiratory tract,False,,
http://purl.obolibrary.org/obo/HP_0002787,Tracheal calcification,characteristic of,http://purl.obolibrary.org/obo/UBERON_0003126,trachea,False,,
http://purl.obolibrary.org/obo/HP_0002795,Abnormal respiratory system physiology,characteristic of,http://purl.obolibrary.org/obo/UBERON_0001004,respiratory system,False,,
http://purl.obolibrary.org/obo/HP_0002808,Kyphosis,characteristic of part of,http://purl.obolibrary.org/obo/UBERON_0001130,vertebral column,False,,
http://purl.obolibrary.org/obo/HP_0002810,Dumbbell-shaped metaphyses,characteristic of,http://purl.obolibrary.org/obo/UBERON_0001438,metaphysis,False,,
http://purl.obolibrary.org/obo/HP_0002812,Coxa vara,characteristic of,http://purl.obolibrary.org/obo/UBERON_0007119,neck of femur,False,,
http://purl.obolibrary.org/obo/HP_0002812,Coxa vara,towards,http://purl.obolibrary.org/obo/UBERON_0006862,diaphysis of femur,False,,
http://purl.obolibrary.org/obo/HP_0002813,Abnormal limb bone morphology,characteristic of part of,http://purl.obolibrary.org/obo/UBERON_0002428,limb bone,False,,
http://purl.obolibrary.org/obo/HP_0002814,Abnormality of the lower limb,characteristic of part of,http://purl.obolibrary.org/obo/UBERON_0000978,leg,False,,
http://purl.obolibrary.org/obo/HP_0002815,Abnormality of the knee,characteristic of part of,http://purl.obolibrary.org/obo/UBERON_0001465,knee,False,,
http://purl.obolibrary.org/obo/HP_0002817,Abnormality of the upper limb,characteristic of part of,http://purl.obolibrary.org/obo/UBERON_0001460,arm,False,,
http://purl.obolibrary.org/obo/HP_0002818,Abnormal morphology of the radius,characteristic of part of,http://purl.obolibrary.org/obo/UBERON_0001423,radius bone,False,,
http://purl.obolibrary.org/obo/HP_0002822,Hyperplasia of the femoral trochanters,characteristic of,http://purl.obolibrary.org/obo/UBERON_0000980,trochanter,False,,
http://purl.obolibrary.org/obo/HP_0002823,Abnormal femur morphology,characteristic of,http://purl.obolibrary.org/obo/UBERON_0000981,femur,False,,
http://purl.obolibrary.org/obo/HP_0002827,Hip dislocation,characteristic of,http://purl.obolibrary.org/obo/UBERON_0001464,hip,False,,
http://purl.obolibrary.org/obo/HP_0002831,Long coccyx,characteristic of,http://purl.obolibrary.org/obo/UBERON_0001350,coccyx,False,,
http://purl.obolibrary.org/obo/HP_0002834,Flared femoral metaphysis,characteristic of,http://purl.obolibrary.org/obo/UBERON_0006865,metaphysis of femur,False,,
http://purl.obolibrary.org/obo/HP_0002836,Bladder exstrophy,characteristic of,http://purl.obolibrary.org/obo/UBERON_0001255,urinary bladder,False,,
http://purl.obolibrary.org/obo/HP_0002840,Lymphadenitis,occurs in,http://purl.obolibrary.org/obo/UBERON_0000029,lymph node,False,,
http://purl.obolibrary.org/obo/HP_0002849,Absence of lymph node germinal center,characteristic of,http://purl.obolibrary.org/obo/UBERON_0009039,lymph node germinal center,False,,
http://purl.obolibrary.org/obo/HP_0002850,Decreased circulating total IgM,part of,http://purl.obolibrary.org/obo/UBERON_0000178,blood,False,,
http://purl.obolibrary.org/obo/HP_0002866,Hypoplastic iliac wing,characteristic of,http://purl.obolibrary.org/obo/UBERON_0010746,iliac blade,False,,
http://purl.obolibrary.org/obo/HP_0002867,Abnormal ilium morphology,characteristic of part of,http://purl.obolibrary.org/obo/UBERON_0001273,ilium,False,,
http://purl.obolibrary.org/obo/HP_0002868,Narrow iliac wing,characteristic of,http://purl.obolibrary.org/obo/UBERON_0010746,iliac blade,False,,
http://purl.obolibrary.org/obo/HP_0002869,Flared iliac wing,characteristic of,http://purl.obolibrary.org/obo/UBERON_0010746,iliac blade,False,,
http://purl.obolibrary.org/obo/HP_0002900,Hypokalemia,part of,http://purl.obolibrary.org/obo/UBERON_0000178,blood,False,,
http://purl.obolibrary.org/obo/HP_0002901,Hypocalcemia,part of,http://purl.obolibrary.org/obo/UBERON_0000178,blood,False,,
http://purl.obolibrary.org/obo/HP_0002902,Hyponatremia,part of,http://purl.obolibrary.org/obo/UBERON_0000178,blood,False,,
http://purl.obolibrary.org/obo/HP_0002904,Hyperbilirubinemia,part of,http://purl.obolibrary.org/obo/UBERON_0000178,blood,False,,
http://purl.obolibrary.org/obo/HP_0002905,Hyperphosphatemia,part of,http://purl.obolibrary.org/obo/UBERON_0000178,blood,False,,
http://purl.obolibrary.org/obo/HP_0002910,Elevated circulating hepatic transaminase concentration,produced by,http://purl.obolibrary.org/obo/UBERON_0002107,liver,False,,
http://purl.obolibrary.org/obo/HP_0002912,Methylmalonic acidemia,part of,http://purl.obolibrary.org/obo/UBERON_0000178,blood,False,,
http://purl.obolibrary.org/obo/HP_0002913,Myoglobinuria,part of,http://purl.obolibrary.org/obo/UBERON_0001088,urine,False,,
http://purl.obolibrary.org/obo/HP_0002914,Hyperchloriduria,part of,http://purl.obolibrary.org/obo/UBERON_0001088,urine,False,,
http://purl.obolibrary.org/obo/HP_0002917,Hypomagnesemia,part of,http://purl.obolibrary.org/obo/UBERON_0000178,blood,False,,
http://purl.obolibrary.org/obo/HP_0002918,Hypermagnesemia,part of,http://purl.obolibrary.org/obo/UBERON_0000178,blood,False,,
http://purl.obolibrary.org/obo/HP_0002919,Ketonuria,part of,http://purl.obolibrary.org/obo/UBERON_0001088,urine,False,,
http://purl.obolibrary.org/obo/HP_0002920,Decreased circulating ACTH concentration,part of,http://purl.obolibrary.org/obo/UBERON_0000178,blood,False,,
http://purl.obolibrary.org/obo/HP_0002921,Abnormal cerebrospinal fluid morphology,characteristic of part of,http://purl.obolibrary.org/obo/UBERON_0001359,cerebrospinal fluid,False,,
http://purl.obolibrary.org/obo/HP_0002922,Increased CSF protein concentration,part of,http://purl.obolibrary.org/obo/UBERON_0001359,cerebrospinal fluid,False,,
http://purl.obolibrary.org/obo/HP_0002926,Abnormality of thyroid physiology,characteristic of,http://purl.obolibrary.org/obo/UBERON_0002046,thyroid gland,False,,
http://purl.obolibrary.org/obo/HP_0002927,Histidinuria,part of,http://purl.obolibrary.org/obo/UBERON_0001088,urine,False,,
http://purl.obolibrary.org/obo/HP_0002933,Ventral hernia,characteristic of,http://purl.obolibrary.org/obo/UBERON_0017672,abdominal viscera,False,,
http://purl.obolibrary.org/obo/HP_0002933,Ventral hernia,towards,http://purl.obolibrary.org/obo/UBERON_0003697,abdominal wall,False,,
http://purl.obolibrary.org/obo/HP_0002938,Lumbar hyperlordosis,characteristic of,http://purl.obolibrary.org/obo/UBERON_0006074,lumbar region of vertebral column,False,,
http://purl.obolibrary.org/obo/HP_0002942,Thoracic kyphosis,characteristic of,http://purl.obolibrary.org/obo/UBERON_0006073,thoracic region of vertebral column,False,,
http://purl.obolibrary.org/obo/HP_0002943,Thoracic scoliosis,characteristic of,http://purl.obolibrary.org/obo/UBERON_0006073,thoracic region of vertebral column,False,,
http://purl.obolibrary.org/obo/HP_0002944,Thoracolumbar scoliosis,characteristic of,http://purl.obolibrary.org/obo/UBERON_0009568,trunk region of vertebral column,False,,
http://purl.obolibrary.org/obo/HP_0002945,Intervertebral space narrowing,characteristic of,http://purl.obolibrary.org/obo/UBERON_0001066,intervertebral disk,False,,
http://purl.obolibrary.org/obo/HP_0002946,Supernumerary vertebrae,characteristic of,http://purl.obolibrary.org/obo/UBERON_0002412,vertebra,False,,
http://purl.obolibrary.org/obo/HP_0002947,Cervical kyphosis,characteristic of,http://purl.obolibrary.org/obo/UBERON_0006072,cervical region of vertebral column,False,,
http://purl.obolibrary.org/obo/HP_0002948,Vertebral fusion,characteristic of,http://purl.obolibrary.org/obo/UBERON_0002412,vertebra,False,,
http://purl.obolibrary.org/obo/HP_0002948,Vertebral fusion,towards,http://purl.obolibrary.org/obo/UBERON_0001075,bony vertebral centrum,False,,
http://purl.obolibrary.org/obo/HP_0002949,Fused cervical vertebrae,characteristic of,http://purl.obolibrary.org/obo/UBERON_0002413,cervical vertebra,False,,
http://purl.obolibrary.org/obo/HP_0002949,Fused cervical vertebrae,towards,http://purl.obolibrary.org/obo/UBERON_0002413,cervical vertebra,False,,
http://purl.obolibrary.org/obo/HP_0002970,Genu varum,characteristic of,http://purl.obolibrary.org/obo/UBERON_0003823,hindlimb zeugopod,False,,
http://purl.obolibrary.org/obo/HP_0002973,Abnormal forearm morphology,characteristic of part of,http://purl.obolibrary.org/obo/UBERON_0002386,forelimb zeugopod,False,,
http://purl.obolibrary.org/obo/HP_0002974,Radioulnar synostosis,part of,http://purl.obolibrary.org/obo/UBERON_0002386,forelimb zeugopod,False,,
http://purl.obolibrary.org/obo/HP_0002977,Aplasia/Hypoplasia involving the central nervous system,characteristic of part of,http://purl.obolibrary.org/obo/UBERON_0001017,central nervous system,False,,
http://purl.obolibrary.org/obo/HP_0002979,Bowing of the legs,characteristic of,http://purl.obolibrary.org/obo/UBERON_0003823,hindlimb zeugopod,False,,
http://purl.obolibrary.org/obo/HP_0002980,Femoral bowing,characteristic of,http://purl.obolibrary.org/obo/UBERON_0000981,femur,False,,
http://purl.obolibrary.org/obo/HP_0002981,Abnormality of the calf,characteristic of part of,http://purl.obolibrary.org/obo/UBERON_0003823,hindlimb zeugopod,False,,
http://purl.obolibrary.org/obo/HP_0002982,Tibial bowing,characteristic of,http://purl.obolibrary.org/obo/UBERON_0000979,tibia,False,,
http://purl.obolibrary.org/obo/HP_0002983,Micromelia,characteristic of,http://purl.obolibrary.org/obo/UBERON_0010707,appendage girdle complex,False,,
http://purl.obolibrary.org/obo/HP_0002984,Hypoplasia of the radius,characteristic of,http://purl.obolibrary.org/obo/UBERON_0001423,radius bone,False,,
http://purl.obolibrary.org/obo/HP_0002986,Radial bowing,characteristic of,http://purl.obolibrary.org/obo/UBERON_0001423,radius bone,False,,
http://purl.obolibrary.org/obo/HP_0002987,Elbow flexion contracture,attached to,http://purl.obolibrary.org/obo/UBERON_0001461,elbow,False,,
http://purl.obolibrary.org/obo/HP_0002990,Fibular aplasia,characteristic of,http://purl.obolibrary.org/obo/UBERON_0001446,fibula,False,,
http://purl.obolibrary.org/obo/HP_0002991,Abnormal fibula morphology,characteristic of,http://purl.obolibrary.org/obo/UBERON_0001446,fibula,False,,
http://purl.obolibrary.org/obo/HP_0002992,Abnormal tibia morphology,characteristic of,http://purl.obolibrary.org/obo/UBERON_0000979,tibia,False,,
http://purl.obolibrary.org/obo/HP_0002999,Patellar dislocation,characteristic of,http://purl.obolibrary.org/obo/UBERON_0002446,patella,False,,
http://purl.obolibrary.org/obo/HP_0003011,Abnormality of the musculature,characteristic of part of,http://purl.obolibrary.org/obo/UBERON_0001015,musculature,False,,
http://purl.obolibrary.org/obo/HP_0003015,Flared metaphysis,characteristic of,http://purl.obolibrary.org/obo/UBERON_0001438,metaphysis,False,,
http://purl.obolibrary.org/obo/HP_0003016,Metaphyseal widening,characteristic of,http://purl.obolibrary.org/obo/UBERON_0001438,metaphysis,False,,
http://purl.obolibrary.org/obo/HP_0003019,Abnormality of the wrist,characteristic of part of,http://purl.obolibrary.org/obo/UBERON_0004452,carpal region,False,,
http://purl.obolibrary.org/obo/HP_0003022,Hypoplasia of the ulna,characteristic of,http://purl.obolibrary.org/obo/UBERON_0001424,ulna,False,,
http://purl.obolibrary.org/obo/HP_0003025,Metaphyseal irregularity,characteristic of,http://purl.obolibrary.org/obo/UBERON_0001438,metaphysis,False,,
http://purl.obolibrary.org/obo/HP_0003026,Short long bone,characteristic of,http://purl.obolibrary.org/obo/UBERON_0002495,long bone,False,,
http://purl.obolibrary.org/obo/HP_0003028,Abnormality of the ankle,characteristic of part of,http://purl.obolibrary.org/obo/UBERON_0004454,tarsal region,False,,
http://purl.obolibrary.org/obo/HP_0003029,Enlargement of the ankles,characteristic of,http://purl.obolibrary.org/obo/UBERON_0004454,tarsal region,False,,
http://purl.obolibrary.org/obo/HP_0003031,Ulnar bowing,characteristic of,http://purl.obolibrary.org/obo/UBERON_0001424,ulna,False,,
http://purl.obolibrary.org/obo/HP_0003034,Diaphyseal sclerosis,occurs in,http://purl.obolibrary.org/obo/UBERON_0004769,diaphysis,False,,
http://purl.obolibrary.org/obo/HP_0003037,Enlarged joints,characteristic of,http://purl.obolibrary.org/obo/UBERON_0000982,skeletal joint,False,,
http://purl.obolibrary.org/obo/HP_0003038,Fibular hypoplasia,characteristic of,http://purl.obolibrary.org/obo/UBERON_0001446,fibula,False,,
http://purl.obolibrary.org/obo/HP_0003042,Elbow dislocation,part of,http://purl.obolibrary.org/obo/UBERON_0001461,elbow,False,,
http://purl.obolibrary.org/obo/HP_0003043,Abnormal shoulder morphology,characteristic of part of,http://purl.obolibrary.org/obo/UBERON_0001467,shoulder,False,,
http://purl.obolibrary.org/obo/HP_0003044,Shoulder flexion contracture,attached to,http://purl.obolibrary.org/obo/UBERON_0001467,shoulder,False,,
http://purl.obolibrary.org/obo/HP_0003045,Abnormal patella morphology,characteristic of part of,http://purl.obolibrary.org/obo/UBERON_0002446,patella,False,,
http://purl.obolibrary.org/obo/HP_0003048,Radial head subluxation,characteristic of,http://purl.obolibrary.org/obo/UBERON_0001012,head of radius,False,,
http://purl.obolibrary.org/obo/HP_0003048,Radial head subluxation,towards,http://purl.obolibrary.org/obo/UBERON_0000982,skeletal joint,False,,
http://purl.obolibrary.org/obo/HP_0003049,Ulnar deviation of the wrist,characteristic of,http://purl.obolibrary.org/obo/UBERON_0004452,carpal region,False,,
http://purl.obolibrary.org/obo/HP_0003051,Enlarged metaphyses,characteristic of,http://purl.obolibrary.org/obo/UBERON_0001438,metaphysis,False,,
http://purl.obolibrary.org/obo/HP_0003059,Abnormality of the radioulnar joints,characteristic of part of,http://purl.obolibrary.org/obo/UBERON_0001528,radio-ulnar joint,False,,
http://purl.obolibrary.org/obo/HP_0003065,Patellar hypoplasia,characteristic of,http://purl.obolibrary.org/obo/UBERON_0002446,patella,False,,
http://purl.obolibrary.org/obo/HP_0003071,Flattened epiphysis,characteristic of,http://purl.obolibrary.org/obo/UBERON_0001437,epiphysis,False,,
http://purl.obolibrary.org/obo/HP_0003072,Hypercalcemia,part of,http://purl.obolibrary.org/obo/UBERON_0000178,blood,False,,
http://purl.obolibrary.org/obo/HP_0003073,Hypoalbuminemia,part of,http://purl.obolibrary.org/obo/UBERON_0000178,blood,False,,
http://purl.obolibrary.org/obo/HP_0003074,Hyperglycemia,characteristic of,http://purl.obolibrary.org/obo/UBERON_0000178,blood,False,,
http://purl.obolibrary.org/obo/HP_0003075,Hypoproteinemia,part of,http://purl.obolibrary.org/obo/UBERON_0000178,blood,False,,
http://purl.obolibrary.org/obo/HP_0003076,Glycosuria,part of,http://purl.obolibrary.org/obo/UBERON_0001088,urine,False,,
http://purl.obolibrary.org/obo/HP_0003077,Hyperlipidemia,part of,http://purl.obolibrary.org/obo/UBERON_0000178,blood,False,,
http://purl.obolibrary.org/obo/HP_0003080,Hydroxyprolinuria,part of,http://purl.obolibrary.org/obo/UBERON_0001088,urine,False,,
http://purl.obolibrary.org/obo/HP_0003081,Increased urinary potassium,part of,http://purl.obolibrary.org/obo/UBERON_0001088,urine,False,,
http://purl.obolibrary.org/obo/HP_0003083,Dislocated radial head,characteristic of,http://purl.obolibrary.org/obo/UBERON_0001012,head of radius,False,,
http://purl.obolibrary.org/obo/HP_0003084,Recurrent long bone fractures,characteristic of part of,http://purl.obolibrary.org/obo/UBERON_0002495,long bone,False,,
http://purl.obolibrary.org/obo/HP_0003085,Long fibula,characteristic of,http://purl.obolibrary.org/obo/UBERON_0001446,fibula,False,,
http://purl.obolibrary.org/obo/HP_0003090,Hypoplasia of the capital femoral epiphysis,characteristic of,http://purl.obolibrary.org/obo/UBERON_0004412,proximal epiphysis of femur,False,,
http://purl.obolibrary.org/obo/HP_0003097,Short femur,characteristic of,http://purl.obolibrary.org/obo/UBERON_0000981,femur,False,,
http://purl.obolibrary.org/obo/HP_0003099,Fibular overgrowth,characteristic of,http://purl.obolibrary.org/obo/UBERON_0001446,fibula,False,,
http://purl.obolibrary.org/obo/HP_0003100,Slender long bone,characteristic of,http://purl.obolibrary.org/obo/UBERON_0002495,long bone,False,,
http://purl.obolibrary.org/obo/HP_0003103,Abnormal cortical bone morphology,characteristic of,http://purl.obolibrary.org/obo/UBERON_0001439,compact bone tissue,False,,
http://purl.obolibrary.org/obo/HP_0003107,Abnormal circulating cholesterol concentration,part of,http://purl.obolibrary.org/obo/UBERON_0000178,blood,False,,
http://purl.obolibrary.org/obo/HP_0003108,Hyperglycinuria,part of,http://purl.obolibrary.org/obo/UBERON_0001088,urine,False,,
http://purl.obolibrary.org/obo/HP_0003109,Hyperphosphaturia,part of,http://purl.obolibrary.org/obo/UBERON_0001088,urine,False,,
http://purl.obolibrary.org/obo/HP_0003110,Abnormality of urine homeostasis,occurs in,http://purl.obolibrary.org/obo/UBERON_0001088,urine,False,,
http://purl.obolibrary.org/obo/HP_0003111,Abnormal blood ion concentration,part of,http://purl.obolibrary.org/obo/UBERON_0000178,blood,False,,
http://purl.obolibrary.org/obo/HP_0003112,Abnormal circulating amino acid concentration,part of,http://purl.obolibrary.org/obo/UBERON_0000178,blood,False,,
http://purl.obolibrary.org/obo/HP_0003113,Hypochloremia,part of,http://purl.obolibrary.org/obo/UBERON_0000178,blood,False,,
http://purl.obolibrary.org/obo/HP_0003117,Abnormal circulating hormone concentration,part of,http://purl.obolibrary.org/obo/UBERON_0000178,blood,False,,
http://purl.obolibrary.org/obo/HP_0003118,Increased circulating cortisol level,part of,http://purl.obolibrary.org/obo/UBERON_0000178,blood,False,,
http://purl.obolibrary.org/obo/HP_0003119,Abnormal circulating lipid concentration,part of,http://purl.obolibrary.org/obo/UBERON_0000178,blood,False,,
http://purl.obolibrary.org/obo/HP_0003121,Limb joint contracture,characteristic of part of,http://purl.obolibrary.org/obo/UBERON_0010707,appendage girdle complex,False,,
http://purl.obolibrary.org/obo/HP_0003124,Hypercholesterolemia,part of,http://purl.obolibrary.org/obo/UBERON_0000178,blood,False,,
http://purl.obolibrary.org/obo/HP_0003127,Hypocalciuria,part of,http://purl.obolibrary.org/obo/UBERON_0001088,urine,False,,
http://purl.obolibrary.org/obo/HP_0003128,Lactic acidosis,part of,http://purl.obolibrary.org/obo/UBERON_0000178,blood,False,,
http://purl.obolibrary.org/obo/HP_0003131,Cystinuria,part of,http://purl.obolibrary.org/obo/UBERON_0001088,urine,False,,
http://purl.obolibrary.org/obo/HP_0003133,Abnormality of the spinocerebellar tracts,characteristic of part of,http://purl.obolibrary.org/obo/UBERON_0005413,spinocerebellar tract,False,,
http://purl.obolibrary.org/obo/HP_0003137,Prolinuria,part of,http://purl.obolibrary.org/obo/UBERON_0001088,urine,False,,
http://purl.obolibrary.org/obo/HP_0003138,Increased blood urea nitrogen,part of,http://purl.obolibrary.org/obo/UBERON_0000178,blood,False,,
http://purl.obolibrary.org/obo/HP_0003141,Increased LDL cholesterol concentration,part of,http://purl.obolibrary.org/obo/UBERON_0000178,blood,False,,
http://purl.obolibrary.org/obo/HP_0003144,Increased serum serotonin,part of,http://purl.obolibrary.org/obo/UBERON_0001977,blood serum,False,,
http://purl.obolibrary.org/obo/HP_0003146,Hypocholesterolemia,part of,http://purl.obolibrary.org/obo/UBERON_0000178,blood,False,,
http://purl.obolibrary.org/obo/HP_0003149,Hyperuricosuria,part of,http://purl.obolibrary.org/obo/UBERON_0001088,urine,False,,
http://purl.obolibrary.org/obo/HP_0003150,Glutaric aciduria,part of,http://purl.obolibrary.org/obo/UBERON_0001088,urine,False,,
http://purl.obolibrary.org/obo/HP_0003153,Cystathioninuria,part of,http://purl.obolibrary.org/obo/UBERON_0001088,urine,False,,
http://purl.obolibrary.org/obo/HP_0003154,Increased circulating ACTH level,part of,http://purl.obolibrary.org/obo/UBERON_0000178,blood,False,,
http://purl.obolibrary.org/obo/HP_0003159,Hyperoxaluria,part of,http://purl.obolibrary.org/obo/UBERON_0001088,urine,False,,
http://purl.obolibrary.org/obo/HP_0003161,4-Hydroxyphenylpyruvic aciduria,part of,http://purl.obolibrary.org/obo/UBERON_0001088,urine,False,,
http://purl.obolibrary.org/obo/HP_0003163,Elevated urinary delta-aminolevulinic acid,part of,http://purl.obolibrary.org/obo/UBERON_0001088,urine,False,,
http://purl.obolibrary.org/obo/HP_0003165,Elevated circulating parathyroid hormone level,part of,http://purl.obolibrary.org/obo/UBERON_0001977,blood serum,False,,
http://purl.obolibrary.org/obo/HP_0003166,Increased urinary taurine,part of,http://purl.obolibrary.org/obo/UBERON_0001088,urine,False,,
http://purl.obolibrary.org/obo/HP_0003167,Carnosinuria,part of,http://purl.obolibrary.org/obo/UBERON_0001088,urine,False,,
http://purl.obolibrary.org/obo/HP_0003170,Abnormal acetabulum morphology,characteristic of part of,http://purl.obolibrary.org/obo/UBERON_0001269,acetabular part of hip bone,False,,
http://purl.obolibrary.org/obo/HP_0003172,Abnormal pubic bone morphology,characteristic of part of,http://purl.obolibrary.org/obo/UBERON_0001275,pubis,False,,
http://purl.obolibrary.org/obo/HP_0003173,Hypoplastic pubic bone,characteristic of,http://purl.obolibrary.org/obo/UBERON_0001275,pubis,False,,
http://purl.obolibrary.org/obo/HP_0003174,Abnormal ischium morphology,characteristic of part of,http://purl.obolibrary.org/obo/UBERON_0001274,ischium,False,,
http://purl.obolibrary.org/obo/HP_0003175,Hypoplastic ischia,characteristic of,http://purl.obolibrary.org/obo/UBERON_0001274,ischium,False,,
http://purl.obolibrary.org/obo/HP_0003177,Squared iliac bones,characteristic of,http://purl.obolibrary.org/obo/UBERON_0001273,ilium,False,,
http://purl.obolibrary.org/obo/HP_0003179,Protrusio acetabuli,characteristic of,http://purl.obolibrary.org/obo/UBERON_0001269,acetabular part of hip bone,False,,
http://purl.obolibrary.org/obo/HP_0003182,Shallow acetabular fossae,characteristic of,http://purl.obolibrary.org/obo/UBERON_0014445,acetabular fossa,False,,
http://purl.obolibrary.org/obo/HP_0003183,Wide pubic symphysis,characteristic of,http://purl.obolibrary.org/obo/UBERON_0003699,pubic symphysis,False,,
http://purl.obolibrary.org/obo/HP_0003186,Inverted nipples,characteristic of,http://purl.obolibrary.org/obo/UBERON_0002030,nipple,False,,
http://purl.obolibrary.org/obo/HP_0003187,Breast hypoplasia,characteristic of,http://purl.obolibrary.org/obo/UBERON_0000310,breast,False,,
http://purl.obolibrary.org/obo/HP_0003189,Long nose,characteristic of,http://purl.obolibrary.org/obo/UBERON_0000004,nose,False,,
http://purl.obolibrary.org/obo/HP_0003191,Cleft ala nasi,characteristic of,http://purl.obolibrary.org/obo/UBERON_0006906,ala of nose,False,,
http://purl.obolibrary.org/obo/HP_0003194,Short nasal bridge,characteristic of,http://purl.obolibrary.org/obo/UBERON_0001681,nasal bone,False,,
http://purl.obolibrary.org/obo/HP_0003196,Short nose,characteristic of,http://purl.obolibrary.org/obo/UBERON_0000004,nose,False,,
http://purl.obolibrary.org/obo/HP_0003198,Myopathy,characteristic of,http://purl.obolibrary.org/obo/UBERON_0001015,musculature,False,,
http://purl.obolibrary.org/obo/HP_0003199,Decreased muscle mass,characteristic of,http://purl.obolibrary.org/obo/UBERON_0001630,muscle organ,False,,
http://purl.obolibrary.org/obo/HP_0003202,Skeletal muscle atrophy,characteristic of,http://purl.obolibrary.org/obo/UBERON_0018254,skeletal musculature,False,,
http://purl.obolibrary.org/obo/HP_0003207,Arterial calcification,characteristic of,http://purl.obolibrary.org/obo/UBERON_0001637,artery,False,,
http://purl.obolibrary.org/obo/HP_0003212,Increased circulating IgE concentration,part of,http://purl.obolibrary.org/obo/UBERON_0000178,blood,False,,
http://purl.obolibrary.org/obo/HP_0003215,Dicarboxylic aciduria,part of,http://purl.obolibrary.org/obo/UBERON_0001088,urine,False,,
http://purl.obolibrary.org/obo/HP_0003217,Hyperglutaminemia,part of,http://purl.obolibrary.org/obo/UBERON_0000178,blood,False,,
http://purl.obolibrary.org/obo/HP_0003218,Oroticaciduria,part of,http://purl.obolibrary.org/obo/UBERON_0001088,urine,False,,
http://purl.obolibrary.org/obo/HP_0003219,Ethylmalonic aciduria,part of,http://purl.obolibrary.org/obo/UBERON_0001088,urine,False,,
http://purl.obolibrary.org/obo/HP_0003228,Hypernatremia,part of,http://purl.obolibrary.org/obo/UBERON_0000178,blood,False,,
http://purl.obolibrary.org/obo/HP_0003231,Hypertyrosinemia,part of,http://purl.obolibrary.org/obo/UBERON_0000178,blood,False,,
http://purl.obolibrary.org/obo/HP_0003233,Decreased HDL cholesterol concentration,part of,http://purl.obolibrary.org/obo/UBERON_0000178,blood,False,,
http://purl.obolibrary.org/obo/HP_0003234,Decreased circulating carnitine concentration,part of,http://purl.obolibrary.org/obo/UBERON_0000178,blood,False,,
http://purl.obolibrary.org/obo/HP_0003235,Hypermethioninemia,part of,http://purl.obolibrary.org/obo/UBERON_0000178,blood,False,,
http://purl.obolibrary.org/obo/HP_0003236,Elevated circulating creatine kinase concentration,part of,http://purl.obolibrary.org/obo/UBERON_0000178,blood,False,,
http://purl.obolibrary.org/obo/HP_0003237,Increased circulating IgG concentration,part of,http://purl.obolibrary.org/obo/UBERON_0000178,blood,False,,
http://purl.obolibrary.org/obo/HP_0003239,Phosphoethanolaminuria,part of,http://purl.obolibrary.org/obo/UBERON_0001088,urine,False,,
http://purl.obolibrary.org/obo/HP_0003241,External genital hypoplasia,characteristic of part of,http://purl.obolibrary.org/obo/UBERON_0000990,reproductive system,False,,
http://purl.obolibrary.org/obo/HP_0003244,Penile hypospadias,characteristic of,http://purl.obolibrary.org/obo/UBERON_0012241,male urethral meatus,False,,
http://purl.obolibrary.org/obo/HP_0003244,Penile hypospadias,towards,http://purl.obolibrary.org/obo/UBERON_0017659,ventral surface of penis,False,,
http://purl.obolibrary.org/obo/HP_0003246,Prominent scrotal raphe,characteristic of,http://purl.obolibrary.org/obo/UBERON_0017732,raphe of scrotum,False,,
http://purl.obolibrary.org/obo/HP_0003247,Overgrowth of external genitalia,characteristic of,http://purl.obolibrary.org/obo/UBERON_0004176,external genitalia,False,,
http://purl.obolibrary.org/obo/HP_0003250,Aplasia of the vagina,characteristic of,http://purl.obolibrary.org/obo/UBERON_0000996,vagina,False,,
http://purl.obolibrary.org/obo/HP_0003251,Male infertility,characteristic of,http://purl.obolibrary.org/obo/UBERON_0000468,multicellular organism,False,,
http://purl.obolibrary.org/obo/HP_0003252,Anteriorly displaced genitalia,characteristic of,http://purl.obolibrary.org/obo/UBERON_0000990,reproductive system,False,,
http://purl.obolibrary.org/obo/HP_0003259,Elevated circulating creatinine concentration,part of,http://purl.obolibrary.org/obo/UBERON_0001977,blood serum,False,,
http://purl.obolibrary.org/obo/HP_0003260,Hydroxyprolinemia,part of,http://purl.obolibrary.org/obo/UBERON_0000178,blood,False,,
http://purl.obolibrary.org/obo/HP_0003261,Increased circulating IgA concentration,part of,http://purl.obolibrary.org/obo/UBERON_0000178,blood,False,,
http://purl.obolibrary.org/obo/HP_0003268,Argininuria,part of,http://purl.obolibrary.org/obo/UBERON_0001088,urine,False,,
http://purl.obolibrary.org/obo/HP_0003270,Abdominal distention,characteristic of,http://purl.obolibrary.org/obo/UBERON_0000916,abdomen,False,,
http://purl.obolibrary.org/obo/HP_0003271,Visceromegaly,characteristic of part of,http://purl.obolibrary.org/obo/UBERON_0017672,abdominal viscera,False,,
http://purl.obolibrary.org/obo/HP_0003272,Abnormal hip bone morphology,characteristic of part of,http://purl.obolibrary.org/obo/UBERON_0001272,innominate bone,False,,
http://purl.obolibrary.org/obo/HP_0003273,Hip contracture,attached to,http://purl.obolibrary.org/obo/UBERON_0001464,hip,False,,
http://purl.obolibrary.org/obo/HP_0003274,Hypoplastic acetabulae,characteristic of,http://purl.obolibrary.org/obo/UBERON_0001269,acetabular part of hip bone,False,,
http://purl.obolibrary.org/obo/HP_0003275,Narrow pelvis bone,characteristic of,http://purl.obolibrary.org/obo/UBERON_0007830,pelvic girdle bone/zone,False,,
http://purl.obolibrary.org/obo/HP_0003277,Constricted iliac wing,characteristic of,http://purl.obolibrary.org/obo/UBERON_0010746,iliac blade,False,,
http://purl.obolibrary.org/obo/HP_0003278,Square pelvis bone,characteristic of,http://purl.obolibrary.org/obo/UBERON_0007830,pelvic girdle bone/zone,False,,
http://purl.obolibrary.org/obo/HP_0003281,Increased circulating ferritin concentration,part of,http://purl.obolibrary.org/obo/UBERON_0001977,blood serum,False,,
http://purl.obolibrary.org/obo/HP_0003286,Cystathioninemia,part of,http://purl.obolibrary.org/obo/UBERON_0000178,blood,False,,
http://purl.obolibrary.org/obo/HP_0003292,Decreased serum leptin,part of,http://purl.obolibrary.org/obo/UBERON_0000178,blood,False,,
http://purl.obolibrary.org/obo/HP_0003296,Hyperthreoninuria,part of,http://purl.obolibrary.org/obo/UBERON_0001088,urine,False,,
http://purl.obolibrary.org/obo/HP_0003297,Hyperlysinuria,part of,http://purl.obolibrary.org/obo/UBERON_0001088,urine,False,,
http://purl.obolibrary.org/obo/HP_0003300,Ovoid vertebral bodies,characteristic of,http://purl.obolibrary.org/obo/UBERON_0001075,bony vertebral centrum,False,,
http://purl.obolibrary.org/obo/HP_0003301,Irregular vertebral endplates,characteristic of,http://purl.obolibrary.org/obo/UBERON_0014386,vertebral endplate,False,,
http://purl.obolibrary.org/obo/HP_0003306,Spinal rigidity,characteristic of,http://purl.obolibrary.org/obo/UBERON_0001130,vertebral column,False,,
http://purl.obolibrary.org/obo/HP_0003307,Hyperlordosis,characteristic of,http://purl.obolibrary.org/obo/UBERON_0001130,vertebral column,False,,
http://purl.obolibrary.org/obo/HP_0003308,Cervical subluxation,characteristic of part of,http://purl.obolibrary.org/obo/UBERON_0002413,cervical vertebra,False,,
http://purl.obolibrary.org/obo/HP_0003309,Ovoid thoracolumbar vertebrae,characteristic of,http://purl.obolibrary.org/obo/UBERON_0011677,trunk vertebra,False,,
http://purl.obolibrary.org/obo/HP_0003310,Abnormal odontoid process morphology,characteristic of part of,http://purl.obolibrary.org/obo/UBERON_0004096,odontoid process of cervical vertebra 2,False,,
http://purl.obolibrary.org/obo/HP_0003311,Hypoplasia of the odontoid process,characteristic of,http://purl.obolibrary.org/obo/UBERON_0004096,odontoid process of cervical vertebra 2,False,,
http://purl.obolibrary.org/obo/HP_0003312,Abnormal form of the vertebral bodies,characteristic of part of,http://purl.obolibrary.org/obo/UBERON_0001075,bony vertebral centrum,False,,
http://purl.obolibrary.org/obo/HP_0003318,Cervical spine hypermobility,characteristic of,http://purl.obolibrary.org/obo/UBERON_0002413,cervical vertebra,False,,
http://purl.obolibrary.org/obo/HP_0003319,Abnormality of the cervical spine,characteristic of part of,http://purl.obolibrary.org/obo/UBERON_0002413,cervical vertebra,False,,
http://purl.obolibrary.org/obo/HP_0003320,C1-C2 subluxation,characteristic of,http://purl.obolibrary.org/obo/UBERON_0001093,vertebral bone 2,False,,
http://purl.obolibrary.org/obo/HP_0003320,C1-C2 subluxation,towards,http://purl.obolibrary.org/obo/UBERON_0001092,vertebral bone 1,False,,
http://purl.obolibrary.org/obo/HP_0003323,Progressive muscle weakness,characteristic of,http://purl.obolibrary.org/obo/UBERON_0001630,muscle organ,False,,
http://purl.obolibrary.org/obo/HP_0003324,Generalized muscle weakness,characteristic of,http://purl.obolibrary.org/obo/UBERON_0001630,muscle organ,False,,
http://purl.obolibrary.org/obo/HP_0003325,Limb-girdle muscle weakness,characteristic of,http://purl.obolibrary.org/obo/UBERON_0004470,musculature of pelvic girdle,False,,
http://purl.obolibrary.org/obo/HP_0003325,Limb-girdle muscle weakness,characteristic of,http://purl.obolibrary.org/obo/UBERON_0004471,musculature of pectoral girdle,False,,
http://purl.obolibrary.org/obo/HP_0003325,Limb-girdle muscle weakness,characteristic of,http://purl.obolibrary.org/obo/UBERON_0004480,musculature of limb,False,,
http://purl.obolibrary.org/obo/HP_0003327,Axial muscle weakness,characteristic of,http://purl.obolibrary.org/obo/UBERON_0003897,axial muscle,False,,
http://purl.obolibrary.org/obo/HP_0003330,Abnormal bone structure,characteristic of,http://purl.obolibrary.org/obo/UBERON_0001474,bone element,False,,
http://purl.obolibrary.org/obo/HP_0003334,Elevated circulating catecholamine level,part of,http://purl.obolibrary.org/obo/UBERON_0000178,blood,False,,
http://purl.obolibrary.org/obo/HP_0003336,Abnormal enchondral ossification,occurs in,http://purl.obolibrary.org/obo/UBERON_0001474,bone element,False,,
http://purl.obolibrary.org/obo/HP_0003344,3-Methylglutaric aciduria,part of,http://purl.obolibrary.org/obo/UBERON_0001088,urine,False,,
http://purl.obolibrary.org/obo/HP_0003345,Elevated urinary norepinephrine level,part of,http://purl.obolibrary.org/obo/UBERON_0001088,urine,False,,
http://purl.obolibrary.org/obo/HP_0003348,Hyperalaninemia,part of,http://purl.obolibrary.org/obo/UBERON_0000178,blood,False,,
http://purl.obolibrary.org/obo/HP_0003351,Decreased circulating renin concentration,part of,http://purl.obolibrary.org/obo/UBERON_0000178,blood,False,,
http://purl.obolibrary.org/obo/HP_0003354,Hyperthreoninemia,part of,http://purl.obolibrary.org/obo/UBERON_0000178,blood,False,,
http://purl.obolibrary.org/obo/HP_0003355,Aminoaciduria,part of,http://purl.obolibrary.org/obo/UBERON_0001088,urine,False,,
http://purl.obolibrary.org/obo/HP_0003359,Decreased urinary sulfate,part of,http://purl.obolibrary.org/obo/UBERON_0001088,urine,False,,
http://purl.obolibrary.org/obo/HP_0003361,Tryptophanuria,part of,http://purl.obolibrary.org/obo/UBERON_0001088,urine,False,,
http://purl.obolibrary.org/obo/HP_0003362,Increased VLDL cholesterol concentration,part of,http://purl.obolibrary.org/obo/UBERON_0000178,blood,False,,
http://purl.obolibrary.org/obo/HP_0003367,Abnormal femoral neck morphology,characteristic of part of,http://purl.obolibrary.org/obo/UBERON_0007119,neck of femur,False,,
http://purl.obolibrary.org/obo/HP_0003368,Abnormal femoral head morphology,characteristic of part of,http://purl.obolibrary.org/obo/UBERON_0006767,head of femur,False,,
http://purl.obolibrary.org/obo/HP_0003370,Flat capital femoral epiphysis,characteristic of,http://purl.obolibrary.org/obo/UBERON_0004412,proximal epiphysis of femur,False,,
http://purl.obolibrary.org/obo/HP_0003371,Enlargement of the proximal femoral epiphysis,characteristic of,http://purl.obolibrary.org/obo/UBERON_0004412,proximal epiphysis of femur,False,,
http://purl.obolibrary.org/obo/HP_0003375,Narrow greater sciatic notch,characteristic of,http://purl.obolibrary.org/obo/UBERON_0014411,greater sciatic notch,False,,
http://purl.obolibrary.org/obo/HP_0003380,Decreased number of peripheral myelinated nerve fibers,part of,http://purl.obolibrary.org/obo/UBERON_0001021,nerve,False,,
http://purl.obolibrary.org/obo/HP_0003390,Sensory axonal neuropathy,part of,http://purl.obolibrary.org/obo/UBERON_0001027,sensory nerve,False,,
http://purl.obolibrary.org/obo/HP_0003392,First dorsal interossei muscle weakness,characteristic of,http://purl.obolibrary.org/obo/UBERON_0002988,first dorsal interosseous of manus,False,,
http://purl.obolibrary.org/obo/HP_0003393,Thenar muscle atrophy,characteristic of,http://purl.obolibrary.org/obo/UBERON_0014376,thenar muscle,False,,
http://purl.obolibrary.org/obo/HP_0003406,Peripheral nerve compression,characteristic of,http://purl.obolibrary.org/obo/UBERON_0001021,nerve,False,,
http://purl.obolibrary.org/obo/HP_0003411,Proximal femoral metaphyseal irregularity,characteristic of,http://purl.obolibrary.org/obo/UBERON_0006863,proximal metaphysis of femur,False,,
http://purl.obolibrary.org/obo/HP_0003413,Atlantoaxial abnormality,characteristic of part of,http://purl.obolibrary.org/obo/UBERON_0003694,atlanto-axial joint,False,,
http://purl.obolibrary.org/obo/HP_0003414,Atlantoaxial dislocation,characteristic of part of,http://purl.obolibrary.org/obo/UBERON_0003694,atlanto-axial joint,False,,
http://purl.obolibrary.org/obo/HP_0003416,Spinal canal stenosis,characteristic of,http://purl.obolibrary.org/obo/UBERON_0002291,central canal of spinal cord,False,,
http://purl.obolibrary.org/obo/HP_0003423,Thoracolumbar kyphoscoliosis,characteristic of,http://purl.obolibrary.org/obo/UBERON_0009568,trunk region of vertebral column,False,,
http://purl.obolibrary.org/obo/HP_0003426,First dorsal interossei muscle atrophy,characteristic of,http://purl.obolibrary.org/obo/UBERON_0002988,first dorsal interosseous of manus,False,,
http://purl.obolibrary.org/obo/HP_0003427,Thenar muscle weakness,characteristic of,http://purl.obolibrary.org/obo/UBERON_0014376,thenar muscle,False,,
http://purl.obolibrary.org/obo/HP_0003429,CNS hypomyelination,part of,http://purl.obolibrary.org/obo/UBERON_0001017,central nervous system,False,,
http://purl.obolibrary.org/obo/HP_0003440,Horizontal sacrum,characteristic of,http://purl.obolibrary.org/obo/UBERON_0003690,fused sacrum,False,,
http://purl.obolibrary.org/obo/HP_0003452,Increased circulating iron concentration,part of,http://purl.obolibrary.org/obo/UBERON_0001977,blood serum,False,,
http://purl.obolibrary.org/obo/HP_0003455,Elevated circulating long chain fatty acid concentration,part of,http://purl.obolibrary.org/obo/UBERON_0000178,blood,False,,
http://purl.obolibrary.org/obo/HP_0003460,Decreased circulating total IgA,part of,http://purl.obolibrary.org/obo/UBERON_0000178,blood,False,,
http://purl.obolibrary.org/obo/HP_0003468,Abnormal vertebral morphology,characteristic of part of,http://purl.obolibrary.org/obo/UBERON_0002412,vertebra,False,,
http://purl.obolibrary.org/obo/HP_0003469,Peripheral dysmyelination,occurs in,http://purl.obolibrary.org/obo/UBERON_0000010,peripheral nervous system,False,,
http://purl.obolibrary.org/obo/HP_0003484,Upper limb muscle weakness,characteristic of,http://purl.obolibrary.org/obo/UBERON_0004481,musculature of upper limb,False,,
http://purl.obolibrary.org/obo/HP_0003491,Elevated urine pyrophosphate,part of,http://purl.obolibrary.org/obo/UBERON_0001088,urine,False,,
http://purl.obolibrary.org/obo/HP_0003496,Increased circulating IgM level,part of,http://purl.obolibrary.org/obo/UBERON_0000178,blood,False,,
http://purl.obolibrary.org/obo/HP_0003510,Severe short stature,characteristic of,http://purl.obolibrary.org/obo/UBERON_0000468,multicellular organism,False,,
http://purl.obolibrary.org/obo/HP_0003521,Disproportionate short-trunk short stature,characteristic of,http://purl.obolibrary.org/obo/UBERON_0002100,trunk,False,,
http://purl.obolibrary.org/obo/HP_0003527,Hyperprostaglandinuria,part of,http://purl.obolibrary.org/obo/UBERON_0001088,urine,False,,
http://purl.obolibrary.org/obo/HP_0003528,Elevated circulating calcitonin concentration,part of,http://purl.obolibrary.org/obo/UBERON_0000178,blood,False,,
http://purl.obolibrary.org/obo/HP_0003530,Elevated circulating glutaric acid concentration,part of,http://purl.obolibrary.org/obo/UBERON_0000178,blood,False,,
http://purl.obolibrary.org/obo/HP_0003532,Ornithinuria,part of,http://purl.obolibrary.org/obo/UBERON_0001088,urine,False,,
http://purl.obolibrary.org/obo/HP_0003537,Hypouricemia,part of,http://purl.obolibrary.org/obo/UBERON_0000178,blood,False,,
http://purl.obolibrary.org/obo/HP_0003538,Increased iduronate sulfatase level,part of,http://purl.obolibrary.org/obo/UBERON_0000178,blood,False,,
http://purl.obolibrary.org/obo/HP_0003541,Urinary glycosaminoglycan excretion,part of,http://purl.obolibrary.org/obo/UBERON_0001088,urine,False,,
http://purl.obolibrary.org/obo/HP_0003542,Increased circulating pyruvate concentration,part of,http://purl.obolibrary.org/obo/UBERON_0001977,blood serum,False,,
http://purl.obolibrary.org/obo/HP_0003547,Shoulder girdle muscle weakness,characteristic of,http://purl.obolibrary.org/obo/UBERON_0008196,muscle of pectoral girdle,False,,
http://purl.obolibrary.org/obo/HP_0003549,Abnormality of connective tissue,characteristic of part of,http://purl.obolibrary.org/obo/UBERON_0002384,connective tissue,False,,
http://purl.obolibrary.org/obo/HP_0003552,Muscle stiffness,characteristic of,http://purl.obolibrary.org/obo/UBERON_0001630,muscle organ,False,,
http://purl.obolibrary.org/obo/HP_0003560,Muscular dystrophy,characteristic of part of,http://purl.obolibrary.org/obo/UBERON_0001015,musculature,False,,
http://purl.obolibrary.org/obo/HP_0003563,Decreased LDL cholesterol concentration,part of,http://purl.obolibrary.org/obo/UBERON_0000178,blood,False,,
http://purl.obolibrary.org/obo/HP_0003566,Increased serum prostaglandin E2,part of,http://purl.obolibrary.org/obo/UBERON_0001977,blood serum,False,,
http://purl.obolibrary.org/obo/HP_0003572,Low plasma citrulline,part of,http://purl.obolibrary.org/obo/UBERON_0000178,blood,False,,
http://purl.obolibrary.org/obo/HP_0003607,4-hydroxyphenylacetic aciduria,part of,http://purl.obolibrary.org/obo/UBERON_0001088,urine,False,,
http://purl.obolibrary.org/obo/HP_0003614,Trimethylaminuria,part of,http://purl.obolibrary.org/obo/UBERON_0001088,urine,False,,
http://purl.obolibrary.org/obo/HP_0003634,Amyoplasia,characteristic of,http://purl.obolibrary.org/obo/UBERON_0001015,musculature,False,,
http://purl.obolibrary.org/obo/HP_0003635,Loss of subcutaneous adipose tissue in limbs,part of,http://purl.obolibrary.org/obo/UBERON_0010707,appendage girdle complex,False,,
http://purl.obolibrary.org/obo/HP_0003639,Elevated urinary epinephrine level,part of,http://purl.obolibrary.org/obo/UBERON_0001088,urine,False,,
http://purl.obolibrary.org/obo/HP_0003641,Hemoglobinuria,part of,http://purl.obolibrary.org/obo/UBERON_0001088,urine,False,,
http://purl.obolibrary.org/obo/HP_0003646,Bicarbonaturia,part of,http://purl.obolibrary.org/obo/UBERON_0001088,urine,False,,
http://purl.obolibrary.org/obo/HP_0003648,Lacticaciduria,part of,http://purl.obolibrary.org/obo/UBERON_0001088,urine,False,,
http://purl.obolibrary.org/obo/HP_0003658,Hypomethioninemia,part of,http://purl.obolibrary.org/obo/UBERON_0000178,blood,False,,
http://purl.obolibrary.org/obo/HP_0003665,Amyotrophy of the musculature of the pelvis,characteristic of part of,http://purl.obolibrary.org/obo/UBERON_0001325,muscle of pelvis,False,,
http://purl.obolibrary.org/obo/HP_0003690,Limb muscle weakness,characteristic of part of,http://purl.obolibrary.org/obo/UBERON_0004480,musculature of limb,False,,
http://purl.obolibrary.org/obo/HP_0003696,Absent epiphysis of the distal phalanx of the 5th finger,part of,http://purl.obolibrary.org/obo/UBERON_0004314,distal phalanx of manual digit 5,False,,
http://purl.obolibrary.org/obo/HP_0003700,Generalized amyotrophy,characteristic of,http://purl.obolibrary.org/obo/UBERON_0018254,skeletal musculature,False,,
http://purl.obolibrary.org/obo/HP_0003712,Skeletal muscle hypertrophy,characteristic of,http://purl.obolibrary.org/obo/UBERON_0018254,skeletal musculature,False,,
http://purl.obolibrary.org/obo/HP_0003720,Generalized muscle hypertrophy,characteristic of,http://purl.obolibrary.org/obo/UBERON_0018254,skeletal musculature,False,,
http://purl.obolibrary.org/obo/HP_0003722,Neck flexor weakness,part of,http://purl.obolibrary.org/obo/UBERON_0000974,neck,False,,
http://purl.obolibrary.org/obo/HP_0003724,Shoulder girdle muscle atrophy,characteristic of,http://purl.obolibrary.org/obo/UBERON_0004471,musculature of pectoral girdle,False,,
http://purl.obolibrary.org/obo/HP_0003731,Quadriceps muscle weakness,characteristic of,http://purl.obolibrary.org/obo/UBERON_0001377,quadriceps femoris,False,,
http://purl.obolibrary.org/obo/HP_0003733,Thigh hypertrophy,characteristic of,http://purl.obolibrary.org/obo/UBERON_0004252,hindlimb stylopod muscle,False,,
http://purl.obolibrary.org/obo/HP_0003749,Pelvic girdle muscle weakness,characteristic of,http://purl.obolibrary.org/obo/UBERON_0001497,muscle of pelvic girdle,False,,
http://purl.obolibrary.org/obo/HP_0003750,Increased muscle fatiguability,characteristic of,http://purl.obolibrary.org/obo/UBERON_0001630,muscle organ,False,,
http://purl.obolibrary.org/obo/HP_0003756,Skeletal myopathy,characteristic of part of,http://purl.obolibrary.org/obo/UBERON_0004288,skeleton,False,,
http://purl.obolibrary.org/obo/HP_0003758,Reduced subcutaneous adipose tissue,characteristic of,http://purl.obolibrary.org/obo/UBERON_0002190,subcutaneous adipose tissue,False,,
http://purl.obolibrary.org/obo/HP_0003759,Hypoplasia of lymphatic vessels,characteristic of,http://purl.obolibrary.org/obo/UBERON_0001473,lymphatic vessel,False,,
http://purl.obolibrary.org/obo/HP_0003778,Short mandibular rami,characteristic of,http://purl.obolibrary.org/obo/UBERON_0000401,mandibular ramus,False,,
http://purl.obolibrary.org/obo/HP_0003795,Short middle phalanx of toe,characteristic of,http://purl.obolibrary.org/obo/UBERON_0003866,middle phalanx of pes,False,,
http://purl.obolibrary.org/obo/HP_0003796,Irregular iliac crest,characteristic of,http://purl.obolibrary.org/obo/UBERON_0014437,iliac crest,False,,
http://purl.obolibrary.org/obo/HP_0003797,Limb-girdle muscle atrophy,characteristic of,http://purl.obolibrary.org/obo/UBERON_0004480,musculature of limb,False,,
http://purl.obolibrary.org/obo/HP_0003808,Abnormal muscle tone,characteristic of,http://purl.obolibrary.org/obo/UBERON_0001630,muscle organ,False,,
http://purl.obolibrary.org/obo/HP_0003832,Abnormality of the tibial plateaux,characteristic of part of,http://purl.obolibrary.org/obo/UBERON_0004098,tibial plateaux,False,,
http://purl.obolibrary.org/obo/HP_0003834,Shoulder dislocation,characteristic of,http://purl.obolibrary.org/obo/UBERON_0001467,shoulder,False,,
http://purl.obolibrary.org/obo/HP_0003835,Shoulder subluxation,characteristic of,http://purl.obolibrary.org/obo/UBERON_0001467,shoulder,False,,
http://purl.obolibrary.org/obo/HP_0003836,Stippled calcification of the shoulder,characteristic of,http://purl.obolibrary.org/obo/UBERON_0001467,shoulder,False,,
http://purl.obolibrary.org/obo/HP_0003839,Abnormal upper limb epiphysis morphology,part of,http://purl.obolibrary.org/obo/UBERON_0010708,pectoral complex,False,,
http://purl.obolibrary.org/obo/HP_0003841,Fragmented epiphyses of the upper limbs,part of,http://purl.obolibrary.org/obo/UBERON_0010708,pectoral complex,False,,
http://purl.obolibrary.org/obo/HP_0003842,Irregular epiphyses of the upper limbs,part of,http://purl.obolibrary.org/obo/UBERON_0010708,pectoral complex,False,,
http://purl.obolibrary.org/obo/HP_0003843,Round epiphyses of the upper limbs,part of,http://purl.obolibrary.org/obo/UBERON_0010708,pectoral complex,False,,
http://purl.obolibrary.org/obo/HP_0003844,Small epiphyses of the upper limbs,part of,http://purl.obolibrary.org/obo/UBERON_0010708,pectoral complex,False,,
http://purl.obolibrary.org/obo/HP_0003846,Wide epiphyseal plates of the upper limbs,part of,http://purl.obolibrary.org/obo/UBERON_0010708,pectoral complex,False,,
http://purl.obolibrary.org/obo/HP_0003849,Flared upper limb metaphysis,characteristic of,http://purl.obolibrary.org/obo/UBERON_0010708,pectoral complex,False,,
http://purl.obolibrary.org/obo/HP_0003850,Upper-limb metaphyseal irregularity,part of,http://purl.obolibrary.org/obo/UBERON_0010708,pectoral complex,False,,
http://purl.obolibrary.org/obo/HP_0003856,Upper limb metaphyseal widening,part of,http://purl.obolibrary.org/obo/UBERON_0010708,pectoral complex,False,,
http://purl.obolibrary.org/obo/HP_0003860,Diaphyseal sclerosis of the upper limbs,part of,http://purl.obolibrary.org/obo/UBERON_0012475,skeleton of pectoral complex,False,,
http://purl.obolibrary.org/obo/HP_0003861,Broad diaphyses of the upper limbs,part of,http://purl.obolibrary.org/obo/UBERON_0010708,pectoral complex,False,,
http://purl.obolibrary.org/obo/HP_0003864,Bifid humerus,characteristic of,http://purl.obolibrary.org/obo/UBERON_0000976,humerus,False,,
http://purl.obolibrary.org/obo/HP_0003865,Bowed humerus,characteristic of,http://purl.obolibrary.org/obo/UBERON_0000976,humerus,False,,
http://purl.obolibrary.org/obo/HP_0003870,Crumpled humerus,characteristic of,http://purl.obolibrary.org/obo/UBERON_0000976,humerus,False,,
http://purl.obolibrary.org/obo/HP_0003871,Deformed humerus,characteristic of,http://purl.obolibrary.org/obo/UBERON_0000976,humerus,False,,
http://purl.obolibrary.org/obo/HP_0003876,Osteoporotic humerus,characteristic of,http://purl.obolibrary.org/obo/UBERON_0000976,humerus,False,,
http://purl.obolibrary.org/obo/HP_0003881,Humeral sclerosis,occurs in,http://purl.obolibrary.org/obo/UBERON_0000976,humerus,False,,
http://purl.obolibrary.org/obo/HP_0003882,Slender humerus,characteristic of,http://purl.obolibrary.org/obo/UBERON_0000976,humerus,False,,
http://purl.obolibrary.org/obo/HP_0003883,Tapered humerus,characteristic of,http://purl.obolibrary.org/obo/UBERON_0000976,humerus,False,,
http://purl.obolibrary.org/obo/HP_0003884,Triangular humerus,characteristic of,http://purl.obolibrary.org/obo/UBERON_0000976,humerus,False,,
http://purl.obolibrary.org/obo/HP_0003886,Wide humerus,characteristic of,http://purl.obolibrary.org/obo/UBERON_0000976,humerus,False,,
http://purl.obolibrary.org/obo/HP_0003887,Abnormal humeral head morphology,characteristic of part of,http://purl.obolibrary.org/obo/UBERON_0006801,proximal head of humerus,False,,
http://purl.obolibrary.org/obo/HP_0003888,Flattened humeral heads,characteristic of part of,http://purl.obolibrary.org/obo/UBERON_0006801,proximal head of humerus,False,,
http://purl.obolibrary.org/obo/HP_0003889,Abnormal deltoid tuberosity morphology,characteristic of part of,http://purl.obolibrary.org/obo/UBERON_0002498,deltopectoral crest,False,,
http://purl.obolibrary.org/obo/HP_0003890,Prominent deltoid tuberosities,characteristic of,http://purl.obolibrary.org/obo/UBERON_0002498,deltopectoral crest,False,,
http://purl.obolibrary.org/obo/HP_0003891,Abnormal humeral epiphysis morphology,characteristic of part of,http://purl.obolibrary.org/obo/UBERON_0004382,epiphysis of humerus,False,,
http://purl.obolibrary.org/obo/HP_0003892,Absent humeral epiphyseal ossification,occurs in,http://purl.obolibrary.org/obo/UBERON_0004382,epiphysis of humerus,False,,
http://purl.obolibrary.org/obo/HP_0003893,Advanced ossification of the humeral epiphysis,occurs in,http://purl.obolibrary.org/obo/UBERON_0004382,epiphysis of humerus,False,,
http://purl.obolibrary.org/obo/HP_0003894,Delayed humeral epiphyseal ossification,occurs in,http://purl.obolibrary.org/obo/UBERON_0004382,epiphysis of humerus,False,,
http://purl.obolibrary.org/obo/HP_0003895,Flattened humeral epiphyses,characteristic of,http://purl.obolibrary.org/obo/UBERON_0004382,epiphysis of humerus,False,,
http://purl.obolibrary.org/obo/HP_0003896,Irregular humeral epiphyses,characteristic of,http://purl.obolibrary.org/obo/UBERON_0004382,epiphysis of humerus,False,,
http://purl.obolibrary.org/obo/HP_0003897,Irregular ossification of the humeral epiphyses,occurs in,http://purl.obolibrary.org/obo/UBERON_0004382,epiphysis of humerus,False,,
http://purl.obolibrary.org/obo/HP_0003898,Large humeral epiphyses,characteristic of,http://purl.obolibrary.org/obo/UBERON_0004382,epiphysis of humerus,False,,
http://purl.obolibrary.org/obo/HP_0003899,Round humeral epiphyses,characteristic of,http://purl.obolibrary.org/obo/UBERON_0004382,epiphysis of humerus,False,,
http://purl.obolibrary.org/obo/HP_0003900,Small humeral epiphyses,characteristic of,http://purl.obolibrary.org/obo/UBERON_0004382,epiphysis of humerus,False,,
http://purl.obolibrary.org/obo/HP_0003901,Stippled calcification of the humeral epiphyses,characteristic of,http://purl.obolibrary.org/obo/UBERON_0004382,epiphysis of humerus,False,,
http://purl.obolibrary.org/obo/HP_0003902,Epiphyseal stippling of the humerus,characteristic of,http://purl.obolibrary.org/obo/UBERON_0004382,epiphysis of humerus,False,,
http://purl.obolibrary.org/obo/HP_0003903,Broad humeral epiphyses,characteristic of,http://purl.obolibrary.org/obo/UBERON_0004382,epiphysis of humerus,False,,
http://purl.obolibrary.org/obo/HP_0003904,Wide epiphyses of the upper limbs,part of,http://purl.obolibrary.org/obo/UBERON_0010708,pectoral complex,False,,
http://purl.obolibrary.org/obo/HP_0003905,Abnormality of the humeral epiphyseal plate,part of,http://purl.obolibrary.org/obo/UBERON_0000976,humerus,False,,
http://purl.obolibrary.org/obo/HP_0003906,Broad humeral epiphyseal plate,part of,http://purl.obolibrary.org/obo/UBERON_0000976,humerus,False,,
http://purl.obolibrary.org/obo/HP_0003907,Abnormal humeral metaphysis morphology,characteristic of part of,http://purl.obolibrary.org/obo/UBERON_0013749,metaphysis of humerus,False,,
http://purl.obolibrary.org/obo/HP_0003910,Enlarged humeral metaphyses,characteristic of,http://purl.obolibrary.org/obo/UBERON_0013749,metaphysis of humerus,False,,
http://purl.obolibrary.org/obo/HP_0003911,Flared humeral metaphysis,characteristic of,http://purl.obolibrary.org/obo/UBERON_0013749,metaphysis of humerus,False,,
http://purl.obolibrary.org/obo/HP_0003913,Humeral metaphyseal irregularity,characteristic of,http://purl.obolibrary.org/obo/UBERON_0013749,metaphysis of humerus,False,,
http://purl.obolibrary.org/obo/HP_0003914,Irregular ossification of humeral metaphyses,occurs in,http://purl.obolibrary.org/obo/UBERON_0013749,metaphysis of humerus,False,,
http://purl.obolibrary.org/obo/HP_0003917,Pointed humeral metaphysis,characteristic of,http://purl.obolibrary.org/obo/UBERON_0013749,metaphysis of humerus,False,,
http://purl.obolibrary.org/obo/HP_0003920,Sloping humeral metaphysis,characteristic of,http://purl.obolibrary.org/obo/UBERON_0013749,metaphysis of humerus,False,,
http://purl.obolibrary.org/obo/HP_0003923,Square humeral metaphysis,characteristic of,http://purl.obolibrary.org/obo/UBERON_0013749,metaphysis of humerus,False,,
http://purl.obolibrary.org/obo/HP_0003924,Stippled calcification of humeral metaphysis,characteristic of,http://purl.obolibrary.org/obo/UBERON_0013749,metaphysis of humerus,False,,
http://purl.obolibrary.org/obo/HP_0003926,Abnormal humeral diaphysis morphology,characteristic of part of,http://purl.obolibrary.org/obo/UBERON_0004652,humerus diaphysis,False,,
http://purl.obolibrary.org/obo/HP_0003927,Cortical irregularity of humeral diaphysis,characteristic of,http://purl.obolibrary.org/obo/UBERON_0004652,humerus diaphysis,False,,
http://purl.obolibrary.org/obo/HP_0003933,Sclerosis of humeral diaphysis,characteristic of,http://purl.obolibrary.org/obo/UBERON_0004652,humerus diaphysis,False,,
http://purl.obolibrary.org/obo/HP_0003934,Slender humeral diaphysis,characteristic of,http://purl.obolibrary.org/obo/UBERON_0004652,humerus diaphysis,False,,
http://purl.obolibrary.org/obo/HP_0003935,Wide humeral diaphysis,characteristic of,http://purl.obolibrary.org/obo/UBERON_0004652,humerus diaphysis,False,,
http://purl.obolibrary.org/obo/HP_0003940,Osteoarthritis of the elbow,characteristic of,http://purl.obolibrary.org/obo/UBERON_0001461,elbow,False,,
http://purl.obolibrary.org/obo/HP_0003941,Stippled calcification of the elbow,characteristic of,http://purl.obolibrary.org/obo/UBERON_0001461,elbow,False,,
http://purl.obolibrary.org/obo/HP_0003943,Abnormality of the joint spaces of the elbow,characteristic of part of,http://purl.obolibrary.org/obo/UBERON_0004099,joint space of elbow,False,,
http://purl.obolibrary.org/obo/HP_0003944,Narrow joint spaces of the elbow,characteristic of,http://purl.obolibrary.org/obo/UBERON_0004099,joint space of elbow,False,,
http://purl.obolibrary.org/obo/HP_0003946,Abnormality of the epiphyses of the elbow,part of,http://purl.obolibrary.org/obo/UBERON_0001461,elbow,False,,
http://purl.obolibrary.org/obo/HP_0003947,Delayed elbow epiphyseal ossification,part of,http://purl.obolibrary.org/obo/UBERON_0001461,elbow,False,,
http://purl.obolibrary.org/obo/HP_0003948,Irregular epiphyses of the elbow,part of,http://purl.obolibrary.org/obo/UBERON_0001461,elbow,False,,
http://purl.obolibrary.org/obo/HP_0003949,Abnormal elbow metaphysis morphology,characteristic of,http://purl.obolibrary.org/obo/UBERON_0001438,metaphysis,False,,
http://purl.obolibrary.org/obo/HP_0003953,Absent forearm bone,characteristic of,http://purl.obolibrary.org/obo/UBERON_0003466,forelimb zeugopod bone,False,,
http://purl.obolibrary.org/obo/HP_0003954,Angulated forearm bones,characteristic of part of,http://purl.obolibrary.org/obo/UBERON_0003466,forelimb zeugopod bone,False,,
http://purl.obolibrary.org/obo/HP_0003956,Bowed forearm bones,characteristic of,http://purl.obolibrary.org/obo/UBERON_0003466,forelimb zeugopod bone,False,,
http://purl.obolibrary.org/obo/HP_0003959,Deformed forearm bones,characteristic of,http://purl.obolibrary.org/obo/UBERON_0003466,forelimb zeugopod bone,False,,
http://purl.obolibrary.org/obo/HP_0003961,Fractured forearm bone,characteristic of,http://purl.obolibrary.org/obo/UBERON_0003466,forelimb zeugopod bone,False,,
http://purl.obolibrary.org/obo/HP_0003964,Osteoporotic forearm bones,characteristic of,http://purl.obolibrary.org/obo/UBERON_0003466,forelimb zeugopod bone,False,,
http://purl.obolibrary.org/obo/HP_0003967,Sclerotic forearm bones,occurs in,http://purl.obolibrary.org/obo/UBERON_0003466,forelimb zeugopod bone,False,,
http://purl.obolibrary.org/obo/HP_0003969,Slender forearm bones,characteristic of part of,http://purl.obolibrary.org/obo/UBERON_0003466,forelimb zeugopod bone,False,,
http://purl.obolibrary.org/obo/HP_0003971,Broad forearm bones,characteristic of part of,http://purl.obolibrary.org/obo/UBERON_0003466,forelimb zeugopod bone,False,,
http://purl.obolibrary.org/obo/HP_0003973,Wide radioulnar joints,characteristic of,http://purl.obolibrary.org/obo/UBERON_0001528,radio-ulnar joint,False,,
http://purl.obolibrary.org/obo/HP_0003974,Absent radius,characteristic of,http://purl.obolibrary.org/obo/UBERON_0001423,radius bone,False,,
http://purl.obolibrary.org/obo/HP_0003976,Constricted radius,characteristic of,http://purl.obolibrary.org/obo/UBERON_0001423,radius bone,False,,
http://purl.obolibrary.org/obo/HP_0003977,Deformed radius,characteristic of,http://purl.obolibrary.org/obo/UBERON_0001423,radius bone,False,,
http://purl.obolibrary.org/obo/HP_0003978,Fractured radius,characteristic of,http://purl.obolibrary.org/obo/UBERON_0001423,radius bone,False,,
http://purl.obolibrary.org/obo/HP_0003981,Broad radius,characteristic of,http://purl.obolibrary.org/obo/UBERON_0001423,radius bone,False,,
http://purl.obolibrary.org/obo/HP_0003982,Aplasia of the ulna,characteristic of,http://purl.obolibrary.org/obo/UBERON_0001424,ulna,False,,
http://purl.obolibrary.org/obo/HP_0003984,Posteriorly dislocated ulna,characteristic of,http://purl.obolibrary.org/obo/UBERON_0001424,ulna,False,,
http://purl.obolibrary.org/obo/HP_0003987,Fractured ulna,characteristic of,http://purl.obolibrary.org/obo/UBERON_0001424,ulna,False,,
http://purl.obolibrary.org/obo/HP_0003988,Long ulna,characteristic of,http://purl.obolibrary.org/obo/UBERON_0001424,ulna,False,,
http://purl.obolibrary.org/obo/HP_0003989,Notched ulna,characteristic of,http://purl.obolibrary.org/obo/UBERON_0001424,ulna,False,,
http://purl.obolibrary.org/obo/HP_0003990,Pointed ulna,characteristic of,http://purl.obolibrary.org/obo/UBERON_0001424,ulna,False,,
http://purl.obolibrary.org/obo/HP_0003991,Osteosclerosis of the ulna,occurs in,http://purl.obolibrary.org/obo/UBERON_0001424,ulna,False,,
http://purl.obolibrary.org/obo/HP_0003992,Slender ulna,characteristic of,http://purl.obolibrary.org/obo/UBERON_0001424,ulna,False,,
http://purl.obolibrary.org/obo/HP_0003993,Broad ulna,characteristic of,http://purl.obolibrary.org/obo/UBERON_0001424,ulna,False,,
http://purl.obolibrary.org/obo/HP_0003994,Dislocated wrist,characteristic of,http://purl.obolibrary.org/obo/UBERON_0004452,carpal region,False,,
http://purl.obolibrary.org/obo/HP_0003995,Abnormality of the radial head,characteristic of part of,http://purl.obolibrary.org/obo/UBERON_0001012,head of radius,False,,
http://purl.obolibrary.org/obo/HP_0003996,Flattened radial head,characteristic of part of,http://purl.obolibrary.org/obo/UBERON_0001012,head of radius,False,,
http://purl.obolibrary.org/obo/HP_0003997,Hypoplastic radial head,characteristic of,http://purl.obolibrary.org/obo/UBERON_0001012,head of radius,False,,
http://purl.obolibrary.org/obo/HP_0003998,Constricted radial neck,characteristic of,http://purl.obolibrary.org/obo/UBERON_0000199,neck of radius,False,,
http://purl.obolibrary.org/obo/HP_0003999,Abnormality of radial epiphyses,characteristic of part of,http://purl.obolibrary.org/obo/UBERON_0004385,epiphysis of radius,False,,
http://purl.obolibrary.org/obo/HP_0004000,Cone-shaped distal radial epiphysis,characteristic of,http://purl.obolibrary.org/obo/UBERON_0004385,epiphysis of radius,False,,
http://purl.obolibrary.org/obo/HP_0004002,Flattened radial epiphyses,characteristic of,http://purl.obolibrary.org/obo/UBERON_0004385,epiphysis of radius,False,,
http://purl.obolibrary.org/obo/HP_0004004,Irregular radial epiphyses,characteristic of,http://purl.obolibrary.org/obo/UBERON_0004385,epiphysis of radius,False,,
http://purl.obolibrary.org/obo/HP_0004005,Large radial epiphyses,characteristic of,http://purl.obolibrary.org/obo/UBERON_0004385,epiphysis of radius,False,,
http://purl.obolibrary.org/obo/HP_0004006,Round radial epiphyses,characteristic of,http://purl.obolibrary.org/obo/UBERON_0004385,epiphysis of radius,False,,
http://purl.obolibrary.org/obo/HP_0004007,Sclerotic radial epiphyses,characteristic of part of,http://purl.obolibrary.org/obo/UBERON_0004385,epiphysis of radius,False,,
http://purl.obolibrary.org/obo/HP_0004008,Sloping radial epiphyses,characteristic of,http://purl.obolibrary.org/obo/UBERON_0004385,epiphysis of radius,False,,
http://purl.obolibrary.org/obo/HP_0004010,Small radial epiphyses,characteristic of,http://purl.obolibrary.org/obo/UBERON_0004385,epiphysis of radius,False,,
http://purl.obolibrary.org/obo/HP_0004012,Premature fusion of the radial epiphyseal plates,towards,http://purl.obolibrary.org/obo/UBERON_0016425,epiphyseal plate of radius,False,,
http://purl.obolibrary.org/obo/HP_0004014,Broad radial epiphyseal plate,characteristic of,http://purl.obolibrary.org/obo/UBERON_0016425,epiphyseal plate of radius,False,,
http://purl.obolibrary.org/obo/HP_0004015,Abnormal radial metaphysis morphology,characteristic of part of,http://purl.obolibrary.org/obo/UBERON_0013751,metaphysis of radius,False,,
http://purl.obolibrary.org/obo/HP_0004018,Flared radial metaphysis,characteristic of,http://purl.obolibrary.org/obo/UBERON_0013751,metaphysis of radius,False,,
http://purl.obolibrary.org/obo/HP_0004019,Radial metaphyseal irregularity,characteristic of,http://purl.obolibrary.org/obo/UBERON_0013751,metaphysis of radius,False,,
http://purl.obolibrary.org/obo/HP_0004020,Irregular ossification of the radial metaphysis,occurs in,http://purl.obolibrary.org/obo/UBERON_0013751,metaphysis of radius,False,,
http://purl.obolibrary.org/obo/HP_0004023,Sloping radial metaphysis,characteristic of,http://purl.obolibrary.org/obo/UBERON_0013751,metaphysis of radius,False,,
http://purl.obolibrary.org/obo/HP_0004026,Broad radial metaphysis,characteristic of,http://purl.obolibrary.org/obo/UBERON_0013751,metaphysis of radius,False,,
http://purl.obolibrary.org/obo/HP_0004027,Abnormality of radial diaphysis,characteristic of part of,http://purl.obolibrary.org/obo/UBERON_0001028,diaphysis of radius,False,,
http://purl.obolibrary.org/obo/HP_0004030,Patchy sclerosis of radial diaphysis,occurs in,http://purl.obolibrary.org/obo/UBERON_0001028,diaphysis of radius,False,,
http://purl.obolibrary.org/obo/HP_0004031,Broad radial diaphysis,characteristic of part of,http://purl.obolibrary.org/obo/UBERON_0001028,diaphysis of radius,False,,
http://purl.obolibrary.org/obo/HP_0004032,Abnormal olecranon morphology,characteristic of part of,http://purl.obolibrary.org/obo/UBERON_0006810,olecranon,False,,
http://purl.obolibrary.org/obo/HP_0004033,Curved olecranon,characteristic of,http://purl.obolibrary.org/obo/UBERON_0006810,olecranon,False,,
http://purl.obolibrary.org/obo/HP_0004034,Irregular olecranon,characteristic of,http://purl.obolibrary.org/obo/UBERON_0006810,olecranon,False,,
http://purl.obolibrary.org/obo/HP_0004035,Abnormal ulnar styloid process morphology,characteristic of part of,http://purl.obolibrary.org/obo/UBERON_0011575,styloid process of ulna,False,,
http://purl.obolibrary.org/obo/HP_0004036,Long styloid process of ulna,characteristic of,http://purl.obolibrary.org/obo/UBERON_0011575,styloid process of ulna,False,,
http://purl.obolibrary.org/obo/HP_0004037,Abnormal ulnar epiphysis morphology,characteristic of part of,http://purl.obolibrary.org/obo/UBERON_0004386,epiphysis of ulna,False,,
http://purl.obolibrary.org/obo/HP_0004039,Abnormal ulnar metaphysis morphology,characteristic of part of,http://purl.obolibrary.org/obo/UBERON_0013748,ulnar metaphysis,False,,
http://purl.obolibrary.org/obo/HP_0004042,Ulnar metaphyseal irregularity,characteristic of,http://purl.obolibrary.org/obo/UBERON_0013748,ulnar metaphysis,False,,
http://purl.obolibrary.org/obo/HP_0004043,Lytic defects of ulnar metaphysis,occurs in,http://purl.obolibrary.org/obo/UBERON_0013748,ulnar metaphysis,False,,
http://purl.obolibrary.org/obo/HP_0004044,Pointed ulnar metaphysis,characteristic of,http://purl.obolibrary.org/obo/UBERON_0013748,ulnar metaphysis,False,,
http://purl.obolibrary.org/obo/HP_0004045,Sloping ulnar metaphysis,characteristic of,http://purl.obolibrary.org/obo/UBERON_0013748,ulnar metaphysis,False,,
http://purl.obolibrary.org/obo/HP_0004047,Wide ulnar metaphysis,characteristic of,http://purl.obolibrary.org/obo/UBERON_0013748,ulnar metaphysis,False,,
http://purl.obolibrary.org/obo/HP_0004050,Absent hand,characteristic of,http://purl.obolibrary.org/obo/UBERON_0001442,skeleton of manus,False,,
http://purl.obolibrary.org/obo/HP_0004051,Advanced ossification of the hand bones,occurs in,http://purl.obolibrary.org/obo/UBERON_0001442,skeleton of manus,False,,
http://purl.obolibrary.org/obo/HP_0004052,Delayed ossification of the hand bones,occurs in,http://purl.obolibrary.org/obo/UBERON_0001442,skeleton of manus,False,,
http://purl.obolibrary.org/obo/HP_0004053,Dysharmonic maturation of the hand bones,occurs in,http://purl.obolibrary.org/obo/UBERON_0001442,skeleton of manus,False,,
http://purl.obolibrary.org/obo/HP_0004054,Sclerosis of hand bone,occurs in,http://purl.obolibrary.org/obo/UBERON_0001442,skeleton of manus,False,,
http://purl.obolibrary.org/obo/HP_0004095,Curved fingers,characteristic of,http://purl.obolibrary.org/obo/UBERON_0002389,manual digit,False,,
http://purl.obolibrary.org/obo/HP_0004097,Deviation of finger,characteristic of,http://purl.obolibrary.org/obo/UBERON_0002389,manual digit,False,,
http://purl.obolibrary.org/obo/HP_0004099,Macrodactyly,characteristic of,http://purl.obolibrary.org/obo/UBERON_0002389,manual digit,False,,
http://purl.obolibrary.org/obo/HP_0004100,Abnormal 2nd finger morphology,characteristic of part of,http://purl.obolibrary.org/obo/UBERON_0003622,manual digit 2,False,,
http://purl.obolibrary.org/obo/HP_0004150,Abnormal 3rd finger morphology,characteristic of part of,http://purl.obolibrary.org/obo/UBERON_0003623,manual digit 3,False,,
http://purl.obolibrary.org/obo/HP_0004172,Abnormality of the middle phalanx of the 3rd finger,characteristic of part of,http://purl.obolibrary.org/obo/UBERON_0004321,middle phalanx of manual digit 3,False,,
http://purl.obolibrary.org/obo/HP_0004180,Short distal phalanx of the 3rd finger,characteristic of,http://purl.obolibrary.org/obo/UBERON_0004312,distal phalanx of manual digit 3,False,,
http://purl.obolibrary.org/obo/HP_0004188,Abnormal 4th finger morphology,characteristic of part of,http://purl.obolibrary.org/obo/UBERON_0003624,manual digit 4,False,,
http://purl.obolibrary.org/obo/HP_0004195,Osteolytic defects of the phalanges of the 4th finger,occurs in,http://purl.obolibrary.org/obo/UBERON_0003638,manual digit 4 phalanx,False,,
http://purl.obolibrary.org/obo/HP_0004197,Symphalangism of the 4th finger,characteristic of,http://purl.obolibrary.org/obo/UBERON_0003638,manual digit 4 phalanx,False,,
http://purl.obolibrary.org/obo/HP_0004197,Symphalangism of the 4th finger,towards,http://purl.obolibrary.org/obo/UBERON_0003638,manual digit 4 phalanx,False,,
http://purl.obolibrary.org/obo/HP_0004207,Abnormal 5th finger morphology,characteristic of part of,http://purl.obolibrary.org/obo/UBERON_0003625,manual digit 5,False,,
http://purl.obolibrary.org/obo/HP_0004209,Clinodactyly of the 5th finger,characteristic of,http://purl.obolibrary.org/obo/UBERON_0003625,manual digit 5,False,,
http://purl.obolibrary.org/obo/HP_0004213,Abnormal 5th finger phalanx morphology,characteristic of,http://purl.obolibrary.org/obo/UBERON_0003639,manual digit 5 phalanx,False,,
http://purl.obolibrary.org/obo/HP_0004214,Curved phalanges of the 5th finger,characteristic of,http://purl.obolibrary.org/obo/UBERON_0003639,manual digit 5 phalanx,False,,
http://purl.obolibrary.org/obo/HP_0004216,Osteolytic defects of the phalanges of the 5th finger,occurs in,http://purl.obolibrary.org/obo/UBERON_0003639,manual digit 5 phalanx,False,,
http://purl.obolibrary.org/obo/HP_0004218,Symphalangism of the 5th finger,characteristic of,http://purl.obolibrary.org/obo/UBERON_0003639,manual digit 5 phalanx,False,,
http://purl.obolibrary.org/obo/HP_0004218,Symphalangism of the 5th finger,towards,http://purl.obolibrary.org/obo/UBERON_0003639,manual digit 5 phalanx,False,,
http://purl.obolibrary.org/obo/HP_0004219,Abnormality of the middle phalanx of the 5th finger,characteristic of part of,http://purl.obolibrary.org/obo/UBERON_0004323,middle phalanx of manual digit 5,False,,
http://purl.obolibrary.org/obo/HP_0004220,Short middle phalanx of the 5th finger,characteristic of,http://purl.obolibrary.org/obo/UBERON_0004323,middle phalanx of manual digit 5,False,,
http://purl.obolibrary.org/obo/HP_0004222,Cone-shaped epiphysis of the distal phalanx of the 5th finger,part of,http://purl.obolibrary.org/obo/UBERON_0004314,distal phalanx of manual digit 5,False,,
http://purl.obolibrary.org/obo/HP_0004223,Ivory epiphysis of the distal phalanx of the 5th finger,part of,http://purl.obolibrary.org/obo/UBERON_0004314,distal phalanx of manual digit 5,False,,
http://purl.obolibrary.org/obo/HP_0004224,Abnormality of the epiphysis of the middle phalanx of the 5th finger,part of,http://purl.obolibrary.org/obo/UBERON_0004323,middle phalanx of manual digit 5,False,,
http://purl.obolibrary.org/obo/HP_0004225,Abnormality of the distal phalanx of the 5th finger,characteristic of part of,http://purl.obolibrary.org/obo/UBERON_0004314,distal phalanx of manual digit 5,False,,
http://purl.obolibrary.org/obo/HP_0004226,Curved distal phalanx of the 5th finger,characteristic of,http://purl.obolibrary.org/obo/UBERON_0004314,distal phalanx of manual digit 5,False,,
http://purl.obolibrary.org/obo/HP_0004227,Short distal phalanx of the 5th finger,characteristic of,http://purl.obolibrary.org/obo/UBERON_0004314,distal phalanx of manual digit 5,False,,
http://purl.obolibrary.org/obo/HP_0004230,Subluxation of the proximal interphalangeal joint of the little finger,characteristic of,http://purl.obolibrary.org/obo/UBERON_0016426,proximal interphalangeal joint of little finger,False,,
http://purl.obolibrary.org/obo/HP_0004231,Carpal bone aplasia,characteristic of,http://purl.obolibrary.org/obo/UBERON_0001435,carpal bone,False,,
http://purl.obolibrary.org/obo/HP_0004232,Accessory carpal bones,characteristic of,http://purl.obolibrary.org/obo/UBERON_0001435,carpal bone,False,,
http://purl.obolibrary.org/obo/HP_0004233,Advanced ossification of carpal bones,occurs in,http://purl.obolibrary.org/obo/UBERON_0001435,carpal bone,False,,
http://purl.obolibrary.org/obo/HP_0004236,Irregular carpal bones,characteristic of,http://purl.obolibrary.org/obo/UBERON_0001435,carpal bone,False,,
http://purl.obolibrary.org/obo/HP_0004237,Large carpal bones,characteristic of,http://purl.obolibrary.org/obo/UBERON_0001435,carpal bone,False,,
http://purl.obolibrary.org/obo/HP_0004239,Proximally placed carpal bones,characteristic of,http://purl.obolibrary.org/obo/UBERON_0001435,carpal bone,False,,
http://purl.obolibrary.org/obo/HP_0004241,Stippled calcification in carpal bones,characteristic of,http://purl.obolibrary.org/obo/UBERON_0009880,carpal skeleton,False,,
http://purl.obolibrary.org/obo/HP_0004242,Broad carpal bones,characteristic of,http://purl.obolibrary.org/obo/UBERON_0001435,carpal bone,False,,
http://purl.obolibrary.org/obo/HP_0004243,Abnormal scaphoid morphology,characteristic of part of,http://purl.obolibrary.org/obo/UBERON_0001427,radiale,False,,
http://purl.obolibrary.org/obo/HP_0004244,Accessory scaphoid,characteristic of,http://purl.obolibrary.org/obo/UBERON_0001427,radiale,False,,
http://purl.obolibrary.org/obo/HP_0004246,Delayed ossification of the scaphoid,occurs in,http://purl.obolibrary.org/obo/UBERON_0001427,radiale,False,,
http://purl.obolibrary.org/obo/HP_0004247,Small scaphoid,characteristic of,http://purl.obolibrary.org/obo/UBERON_0001427,radiale,False,,
http://purl.obolibrary.org/obo/HP_0004248,Abnormal lunate bone morphology,characteristic of part of,http://purl.obolibrary.org/obo/UBERON_0001428,intermedium,False,,
http://purl.obolibrary.org/obo/HP_0004249,Accessory lunate,characteristic of,http://purl.obolibrary.org/obo/UBERON_0001428,intermedium,False,,
http://purl.obolibrary.org/obo/HP_0004250,Proximally placed lunate,characteristic of,http://purl.obolibrary.org/obo/UBERON_0001428,intermedium,False,,
http://purl.obolibrary.org/obo/HP_0004252,Abnormal trapezium morphology,characteristic of part of,http://purl.obolibrary.org/obo/UBERON_0001430,distal carpal bone 1,False,,
http://purl.obolibrary.org/obo/HP_0004253,Absent trapezium,characteristic of part of,http://purl.obolibrary.org/obo/UBERON_0001430,distal carpal bone 1,False,,
http://purl.obolibrary.org/obo/HP_0004254,Delayed ossification of the trapezium,occurs in,http://purl.obolibrary.org/obo/UBERON_0001430,distal carpal bone 1,False,,
http://purl.obolibrary.org/obo/HP_0004255,Small trapezium,characteristic of,http://purl.obolibrary.org/obo/UBERON_0001430,distal carpal bone 1,False,,
http://purl.obolibrary.org/obo/HP_0004256,Abnormal trapezoid bone morphology,characteristic of part of,http://purl.obolibrary.org/obo/UBERON_0001431,distal carpal bone 2,False,,
http://purl.obolibrary.org/obo/HP_0004257,Delayed ossification of the trapezoid bone,occurs in,http://purl.obolibrary.org/obo/UBERON_0001431,distal carpal bone 2,False,,
http://purl.obolibrary.org/obo/HP_0004258,Small trapezoid bone,characteristic of,http://purl.obolibrary.org/obo/UBERON_0001431,distal carpal bone 2,False,,
http://purl.obolibrary.org/obo/HP_0004259,Abnormal hamate bone morphology,characteristic of part of,http://purl.obolibrary.org/obo/UBERON_0001433,distal carpal bone 4,False,,
http://purl.obolibrary.org/obo/HP_0004260,Large hamate bone,characteristic of,http://purl.obolibrary.org/obo/UBERON_0001433,distal carpal bone 4,False,,
http://purl.obolibrary.org/obo/HP_0004261,Wide hamate bone,characteristic of,http://purl.obolibrary.org/obo/UBERON_0001433,distal carpal bone 4,False,,
http://purl.obolibrary.org/obo/HP_0004262,Abnormal capitate bone morphology,characteristic of part of,http://purl.obolibrary.org/obo/UBERON_0001432,distal carpal bone 3,False,,
http://purl.obolibrary.org/obo/HP_0004263,Large capitate bone,characteristic of,http://purl.obolibrary.org/obo/UBERON_0001432,distal carpal bone 3,False,,
http://purl.obolibrary.org/obo/HP_0004274,Deficient ossification of hand bones,occurs in,http://purl.obolibrary.org/obo/UBERON_0001442,skeleton of manus,False,,
http://purl.obolibrary.org/obo/HP_0004275,Duplication of hand bones,towards,http://purl.obolibrary.org/obo/UBERON_0001442,skeleton of manus,False,,
http://purl.obolibrary.org/obo/HP_0004277,Fractured hand bones,characteristic of part of,http://purl.obolibrary.org/obo/UBERON_0001442,skeleton of manus,False,,
http://purl.obolibrary.org/obo/HP_0004278,Synostosis involving bones of the hand,characteristic of,http://purl.obolibrary.org/obo/UBERON_0001442,skeleton of manus,False,,
http://purl.obolibrary.org/obo/HP_0004278,Synostosis involving bones of the hand,towards,http://purl.obolibrary.org/obo/UBERON_0001442,skeleton of manus,False,,
http://purl.obolibrary.org/obo/HP_0004279,Short palm,characteristic of,http://purl.obolibrary.org/obo/UBERON_0008878,palmar part of manus,False,,
http://purl.obolibrary.org/obo/HP_0004280,Irregular ossification of hand bones,occurs in,http://purl.obolibrary.org/obo/UBERON_0001442,skeleton of manus,False,,
http://purl.obolibrary.org/obo/HP_0004283,Narrow palm,characteristic of,http://purl.obolibrary.org/obo/UBERON_0008878,palmar part of manus,False,,
http://purl.obolibrary.org/obo/HP_0004284,Notched hand bones,characteristic of part of,http://purl.obolibrary.org/obo/UBERON_0001442,skeleton of manus,False,,
http://purl.obolibrary.org/obo/HP_0004286,Patchy sclerosis of hand bones,occurs in,http://purl.obolibrary.org/obo/UBERON_0001442,skeleton of manus,False,,
http://purl.obolibrary.org/obo/HP_0004288,Pseudoepiphyses of hand bones,characteristic of part of,http://purl.obolibrary.org/obo/UBERON_0001442,skeleton of manus,False,,
http://purl.obolibrary.org/obo/HP_0004291,Stippled calcification of hand bones,characteristic of,http://purl.obolibrary.org/obo/UBERON_0005897,manus bone,False,,
http://purl.obolibrary.org/obo/HP_0004295,Abnormal gastric mucosa morphology,characteristic of part of,http://purl.obolibrary.org/obo/UBERON_0001199,mucosa of stomach,False,,
http://purl.obolibrary.org/obo/HP_0004296,Abnormal gastrointestinal vascular morphology,part of,http://purl.obolibrary.org/obo/UBERON_0005409,alimentary part of gastrointestinal system,False,,
http://purl.obolibrary.org/obo/HP_0004297,Abnormality of the biliary system,characteristic of part of,http://purl.obolibrary.org/obo/UBERON_0002294,biliary system,False,,
http://purl.obolibrary.org/obo/HP_0004298,Abnormality of the abdominal wall,characteristic of part of,http://purl.obolibrary.org/obo/UBERON_0003697,abdominal wall,False,,
http://purl.obolibrary.org/obo/HP_0004299,Hernia of the abdominal wall,characteristic of,http://purl.obolibrary.org/obo/UBERON_0003697,abdominal wall,False,,
http://purl.obolibrary.org/obo/HP_0004306,Abnormal endocardium morphology,characteristic of part of,http://purl.obolibrary.org/obo/UBERON_0002165,endocardium,False,,
http://purl.obolibrary.org/obo/HP_0004307,Abnormal anatomic location of the heart,characteristic of part of,http://purl.obolibrary.org/obo/UBERON_0000948,heart,False,,
http://purl.obolibrary.org/obo/HP_0004313,Decreased circulating immunoglobulin concentration,part of,http://purl.obolibrary.org/obo/UBERON_0000178,blood,False,,
http://purl.obolibrary.org/obo/HP_0004315,Decreased circulating IgG concentration,part of,http://purl.obolibrary.org/obo/UBERON_0000178,blood,False,,
http://purl.obolibrary.org/obo/HP_0004319,Decreased circulating aldosterone concentration,part of,http://purl.obolibrary.org/obo/UBERON_0000178,blood,False,,
http://purl.obolibrary.org/obo/HP_0004320,Vaginal fistula,part of,http://purl.obolibrary.org/obo/UBERON_0000996,vagina,False,,
http://purl.obolibrary.org/obo/HP_0004321,Bladder fistula,part of,http://purl.obolibrary.org/obo/UBERON_0001255,urinary bladder,False,,
http://purl.obolibrary.org/obo/HP_0004322,Short stature,characteristic of,http://purl.obolibrary.org/obo/UBERON_0000468,multicellular organism,False,,
http://purl.obolibrary.org/obo/HP_0004323,Abnormality of body weight,characteristic of,http://purl.obolibrary.org/obo/UBERON_0000468,multicellular organism,False,,
http://purl.obolibrary.org/obo/HP_0004324,Increased body weight,characteristic of,http://purl.obolibrary.org/obo/UBERON_0000468,multicellular organism,False,,
http://purl.obolibrary.org/obo/HP_0004325,Decreased body weight,characteristic of,http://purl.obolibrary.org/obo/UBERON_0000468,multicellular organism,False,,
http://purl.obolibrary.org/obo/HP_0004326,Cachexia,characteristic of,http://purl.obolibrary.org/obo/UBERON_0000468,multicellular organism,False,,
http://purl.obolibrary.org/obo/HP_0004327,Abnormal vitreous humor morphology,characteristic of part of,http://purl.obolibrary.org/obo/UBERON_0001797,vitreous humor,False,,
http://purl.obolibrary.org/obo/HP_0004328,Abnormal anterior eye segment morphology,characteristic of,http://purl.obolibrary.org/obo/UBERON_0001801,anterior segment of eyeball,False,,
http://purl.obolibrary.org/obo/HP_0004329,Abnormal posterior eye segment morphology,characteristic of,http://purl.obolibrary.org/obo/UBERON_0001802,posterior segment of eyeball,False,,
http://purl.obolibrary.org/obo/HP_0004330,Increased skull ossification,occurs in,http://purl.obolibrary.org/obo/UBERON_0003129,skull,False,,
http://purl.obolibrary.org/obo/HP_0004331,Decreased skull ossification,occurs in,http://purl.obolibrary.org/obo/UBERON_0003129,skull,False,,
http://purl.obolibrary.org/obo/HP_0004334,Dermal atrophy,characteristic of,http://purl.obolibrary.org/obo/UBERON_0002097,skin of body,False,,
http://purl.obolibrary.org/obo/HP_0004338,Abnormal circulating aromatic amino acid concentration,part of,http://purl.obolibrary.org/obo/UBERON_0000178,blood,False,,
http://purl.obolibrary.org/obo/HP_0004339,Abnormal circulating sulfur amino acid concentration,part of,http://purl.obolibrary.org/obo/UBERON_0000178,blood,False,,
http://purl.obolibrary.org/obo/HP_0004347,Weakness of muscles of respiration,characteristic of,http://purl.obolibrary.org/obo/UBERON_0014398,respiratory muscle,False,,
http://purl.obolibrary.org/obo/HP_0004348,Abnormality of bone mineral density,characteristic of,http://purl.obolibrary.org/obo/UBERON_0001474,bone element,False,,
http://purl.obolibrary.org/obo/HP_0004349,Reduced bone mineral density,characteristic of,http://purl.obolibrary.org/obo/UBERON_0001474,bone element,False,,
http://purl.obolibrary.org/obo/HP_0004352,Abnormal circulating purine concentration,part of,http://purl.obolibrary.org/obo/UBERON_0000178,blood,False,,
http://purl.obolibrary.org/obo/HP_0004353,Abnormal circulating pyrimidine concentration,part of,http://purl.obolibrary.org/obo/UBERON_0000178,blood,False,,
http://purl.obolibrary.org/obo/HP_0004354,Abnormal circulating carboxylic acid concentration,part of,http://purl.obolibrary.org/obo/UBERON_0000178,blood,False,,
http://purl.obolibrary.org/obo/HP_0004357,Abnormal circulating leucine concentration,part of,http://purl.obolibrary.org/obo/UBERON_0000178,blood,False,,
http://purl.obolibrary.org/obo/HP_0004359,Abnormal circulating fatty-acid concentration,part of,http://purl.obolibrary.org/obo/UBERON_0000178,blood,False,,
http://purl.obolibrary.org/obo/HP_0004360,Abnormality of acid-base homeostasis,characteristic of,http://purl.obolibrary.org/obo/UBERON_0006314,bodily fluid,False,,
http://purl.obolibrary.org/obo/HP_0004361,Abnormal circulating leptin concentration,part of,http://purl.obolibrary.org/obo/UBERON_0000178,blood,False,,
http://purl.obolibrary.org/obo/HP_0004362,Abnormal enteric ganglion morphology,characteristic of,http://purl.obolibrary.org/obo/UBERON_0001809,enteric ganglion,False,,
http://purl.obolibrary.org/obo/HP_0004363,Abnormal circulating calcium concentration,part of,http://purl.obolibrary.org/obo/UBERON_0000178,blood,False,,
http://purl.obolibrary.org/obo/HP_0004364,Abnormal circulating nitrogen compound concentration,part of,http://purl.obolibrary.org/obo/UBERON_0000178,blood,False,,
http://purl.obolibrary.org/obo/HP_0004365,Abnormal circulating tryptophan concentration,part of,http://purl.obolibrary.org/obo/UBERON_0000178,blood,False,,
http://purl.obolibrary.org/obo/HP_0004368,Increased circulating purine concentration,part of,http://purl.obolibrary.org/obo/UBERON_0000178,blood,False,,
http://purl.obolibrary.org/obo/HP_0004378,Abnormality of the anus,characteristic of part of,http://purl.obolibrary.org/obo/UBERON_0001245,anus,False,,
http://purl.obolibrary.org/obo/HP_0004380,Aortic valve calcification,characteristic of,http://purl.obolibrary.org/obo/UBERON_0002137,aortic valve,False,,
http://purl.obolibrary.org/obo/HP_0004382,Mitral valve calcification,characteristic of,http://purl.obolibrary.org/obo/UBERON_0002135,mitral valve,False,,
http://purl.obolibrary.org/obo/HP_0004383,Hypoplastic left heart,BSPO_0000120,http://purl.obolibrary.org/obo/UBERON_0000948,heart,False,,
http://purl.obolibrary.org/obo/HP_0004386,Gastrointestinal inflammation,occurs in,http://purl.obolibrary.org/obo/UBERON_0005409,alimentary part of gastrointestinal system,False,,
http://purl.obolibrary.org/obo/HP_0004388,Microcolon,characteristic of,http://purl.obolibrary.org/obo/UBERON_0001155,colon,False,,
http://purl.obolibrary.org/obo/HP_0004397,Ectopic anus,characteristic of,http://purl.obolibrary.org/obo/UBERON_0001245,anus,False,,
http://purl.obolibrary.org/obo/HP_0004398,Peptic ulcer,part of,http://purl.obolibrary.org/obo/UBERON_0005409,alimentary part of gastrointestinal system,False,,
http://purl.obolibrary.org/obo/HP_0004399,Congenital pyloric atresia,characteristic of,http://purl.obolibrary.org/obo/UBERON_0001166,pylorus,False,,
http://purl.obolibrary.org/obo/HP_0004400,Abnormality of the pylorus,characteristic of part of,http://purl.obolibrary.org/obo/UBERON_0001166,pylorus,False,,
http://purl.obolibrary.org/obo/HP_0004404,Abnormal nipple morphology,characteristic of,http://purl.obolibrary.org/obo/UBERON_0002030,nipple,False,,
http://purl.obolibrary.org/obo/HP_0004405,Prominent nipples,characteristic of,http://purl.obolibrary.org/obo/UBERON_0002030,nipple,False,,
http://purl.obolibrary.org/obo/HP_0004414,Abnormality of the pulmonary artery,characteristic of part of,http://purl.obolibrary.org/obo/UBERON_0002012,pulmonary artery,False,,
http://purl.obolibrary.org/obo/HP_0004415,Pulmonary artery stenosis,characteristic of,http://purl.obolibrary.org/obo/UBERON_0002012,pulmonary artery,False,,
http://purl.obolibrary.org/obo/HP_0004420,Arterial thrombosis,characteristic of,http://purl.obolibrary.org/obo/UBERON_0001637,artery,False,,
http://purl.obolibrary.org/obo/HP_0004425,Flat forehead,characteristic of,http://purl.obolibrary.org/obo/UBERON_0008200,forehead,False,,
http://purl.obolibrary.org/obo/HP_0004426,Abnormal cheek morphology,characteristic of part of,http://purl.obolibrary.org/obo/UBERON_0001567,cheek,False,,
http://purl.obolibrary.org/obo/HP_0004437,Cranial hyperostosis,characteristic of part of,http://purl.obolibrary.org/obo/UBERON_0003129,skull,False,,
http://purl.obolibrary.org/obo/HP_0004438,Hyperostosis frontalis interna,characteristic of,http://purl.obolibrary.org/obo/UBERON_0017690,internal surface of frontal bone,False,,
http://purl.obolibrary.org/obo/HP_0004440,Coronal craniosynostosis,characteristic of,http://purl.obolibrary.org/obo/UBERON_0002489,coronal suture,False,,
http://purl.obolibrary.org/obo/HP_0004442,Sagittal craniosynostosis,characteristic of,http://purl.obolibrary.org/obo/UBERON_0002492,sagittal suture,False,,
http://purl.obolibrary.org/obo/HP_0004443,Lambdoidal craniosynostosis,characteristic of,http://purl.obolibrary.org/obo/UBERON_0002491,lambdoid suture,False,,
http://purl.obolibrary.org/obo/HP_0004452,Abnormality of the middle ear ossicles,characteristic of part of,http://purl.obolibrary.org/obo/UBERON_0001686,auditory ossicle bone,False,,
http://purl.obolibrary.org/obo/HP_0004458,Dilatated internal auditory canal,characteristic of,http://purl.obolibrary.org/obo/UBERON_0011859,internal acoustic meatus,False,,
http://purl.obolibrary.org/obo/HP_0004481,Progressive macrocephaly,characteristic of,http://purl.obolibrary.org/obo/UBERON_0000033,head,False,,
http://purl.obolibrary.org/obo/HP_0004484,Craniofacial asymmetry,characteristic of,http://purl.obolibrary.org/obo/UBERON_0011156,facial skeleton,False,,
http://purl.obolibrary.org/obo/HP_0004490,Calvarial hyperostosis,characteristic of,http://purl.obolibrary.org/obo/UBERON_0004339,vault of skull,False,,
http://purl.obolibrary.org/obo/HP_0004491,Large posterior fontanelle,characteristic of,http://purl.obolibrary.org/obo/UBERON_0006683,posterior fontanelle,False,,
http://purl.obolibrary.org/obo/HP_0004493,Craniofacial hyperostosis,characteristic of,http://purl.obolibrary.org/obo/UBERON_0011156,facial skeleton,False,,
http://purl.obolibrary.org/obo/HP_0004510,Pancreatic islet-cell hyperplasia,characteristic of,http://purl.obolibrary.org/obo/UBERON_0000006,islet of Langerhans,False,,
http://purl.obolibrary.org/obo/HP_0004523,Long eyebrows,characteristic of,http://purl.obolibrary.org/obo/UBERON_0010163,eyebrow,False,,
http://purl.obolibrary.org/obo/HP_0004528,Generalized hypotrichosis,characteristic of,http://purl.obolibrary.org/obo/UBERON_0001037,strand of hair,False,,
http://purl.obolibrary.org/obo/HP_0004558,Cervical platyspondyly,characteristic of,http://purl.obolibrary.org/obo/UBERON_0002413,cervical vertebra,False,,
http://purl.obolibrary.org/obo/HP_0004563,Increased spinal bone density,characteristic of,http://purl.obolibrary.org/obo/UBERON_0001130,vertebral column,False,,
http://purl.obolibrary.org/obo/HP_0004568,Beaking of vertebral bodies,characteristic of,http://purl.obolibrary.org/obo/UBERON_0001075,bony vertebral centrum,False,,
http://purl.obolibrary.org/obo/HP_0004570,Increased vertebral height,characteristic of part of,http://purl.obolibrary.org/obo/UBERON_0002412,vertebra,False,,
http://purl.obolibrary.org/obo/HP_0004571,Widening of cervical spinal canal,part of,http://purl.obolibrary.org/obo/UBERON_0001130,vertebral column,False,,
http://purl.obolibrary.org/obo/HP_0004575,Fusion of midcervical facet joints,characteristic of,http://purl.obolibrary.org/obo/UBERON_0016404,cervical vertebral arch joint,False,,
http://purl.obolibrary.org/obo/HP_0004576,Sclerotic vertebral endplates,characteristic of,http://purl.obolibrary.org/obo/UBERON_0014386,vertebral endplate,False,,
http://purl.obolibrary.org/obo/HP_0004582,Irregularity of vertebral bodies,characteristic of,http://purl.obolibrary.org/obo/UBERON_0001075,bony vertebral centrum,False,,
http://purl.obolibrary.org/obo/HP_0004586,Biconcave vertebral bodies,characteristic of,http://purl.obolibrary.org/obo/UBERON_0001075,bony vertebral centrum,False,,
http://purl.obolibrary.org/obo/HP_0004589,Dysplasia of second lumbar vertebra,characteristic of,http://purl.obolibrary.org/obo/UBERON_0004618,lumbar vertebra 2,False,,
http://purl.obolibrary.org/obo/HP_0004590,Hypoplastic sacrum,characteristic of,http://purl.obolibrary.org/obo/UBERON_0003690,fused sacrum,False,,
http://purl.obolibrary.org/obo/HP_0004591,Disc-like vertebral bodies,characteristic of,http://purl.obolibrary.org/obo/UBERON_0001075,bony vertebral centrum,False,,
http://purl.obolibrary.org/obo/HP_0004592,Thoracic platyspondyly,characteristic of,http://purl.obolibrary.org/obo/UBERON_0002347,thoracic vertebra,False,,
http://purl.obolibrary.org/obo/HP_0004605,Absent vertebral body mineralization,occurs in,http://purl.obolibrary.org/obo/UBERON_0001075,bony vertebral centrum,False,,
http://purl.obolibrary.org/obo/HP_0004606,Unossified vertebral bodies,occurs in,http://purl.obolibrary.org/obo/UBERON_0001075,bony vertebral centrum,False,,
http://purl.obolibrary.org/obo/HP_0004608,Anteriorly placed odontoid process,characteristic of,http://purl.obolibrary.org/obo/UBERON_0004096,odontoid process of cervical vertebra 2,False,,
http://purl.obolibrary.org/obo/HP_0004610,Lumbar spinal canal stenosis,characteristic of,http://purl.obolibrary.org/obo/UBERON_0014543,lumbar division of spinal cord central canal,False,,
http://purl.obolibrary.org/obo/HP_0004614,Spina bifida occulta at S1,characteristic of,http://purl.obolibrary.org/obo/UBERON_0017671,bony part of vertebral arch of first sacral vertebra,False,,
http://purl.obolibrary.org/obo/HP_0004616,Cleft vertebral arch,characteristic of,http://purl.obolibrary.org/obo/UBERON_0010358,arch of centrum of vertebra,False,,
http://purl.obolibrary.org/obo/HP_0004619,Lumbar kyphoscoliosis,characteristic of,http://purl.obolibrary.org/obo/UBERON_0006074,lumbar region of vertebral column,False,,
http://purl.obolibrary.org/obo/HP_0004621,Enlarged vertebral pedicles,characteristic of,http://purl.obolibrary.org/obo/UBERON_0001078,pedicle of vertebra,False,,
http://purl.obolibrary.org/obo/HP_0004625,Biconvex vertebral bodies,characteristic of,http://purl.obolibrary.org/obo/UBERON_0001075,bony vertebral centrum,False,,
http://purl.obolibrary.org/obo/HP_0004626,Lumbar scoliosis,characteristic of,http://purl.obolibrary.org/obo/UBERON_0006074,lumbar region of vertebral column,False,,
http://purl.obolibrary.org/obo/HP_0004629,Small cervical vertebral bodies,part of,http://purl.obolibrary.org/obo/UBERON_0002413,cervical vertebra,False,,
http://purl.obolibrary.org/obo/HP_0004634,Cuboid-shaped vertebral bodies,characteristic of,http://purl.obolibrary.org/obo/UBERON_0001075,bony vertebral centrum,False,,
http://purl.obolibrary.org/obo/HP_0004635,Cervical C5/C6 vertebrae fusion,characteristic of,http://purl.obolibrary.org/obo/UBERON_0004614,mammalian cervical vertebra 5,False,,
http://purl.obolibrary.org/obo/HP_0004635,Cervical C5/C6 vertebrae fusion,towards,http://purl.obolibrary.org/obo/UBERON_0004615,mammalian cervical vertebra 6,False,,
http://purl.obolibrary.org/obo/HP_0004646,Hypoplasia of the nasal bone,characteristic of,http://purl.obolibrary.org/obo/UBERON_0001681,nasal bone,False,,
http://purl.obolibrary.org/obo/HP_0004660,Hypoplasia of facial musculature,part of,http://purl.obolibrary.org/obo/UBERON_0004473,musculature of face,False,,
http://purl.obolibrary.org/obo/HP_0004661,Frontalis muscle weakness,characteristic of,http://purl.obolibrary.org/obo/UBERON_0010952,frontalis muscle belly,False,,
http://purl.obolibrary.org/obo/HP_0004679,Large tarsal bones,characteristic of,http://purl.obolibrary.org/obo/UBERON_0001447,tarsal bone,False,,
http://purl.obolibrary.org/obo/HP_0004686,Short third metatarsal,characteristic of,http://purl.obolibrary.org/obo/UBERON_0003652,metatarsal bone of digit 3,False,,
http://purl.obolibrary.org/obo/HP_0004688,Irregular tarsal bones,characteristic of,http://purl.obolibrary.org/obo/UBERON_0001447,tarsal bone,False,,
http://purl.obolibrary.org/obo/HP_0004689,Short fourth metatarsal,characteristic of,http://purl.obolibrary.org/obo/UBERON_0003653,metatarsal bone of digit 4,False,,
http://purl.obolibrary.org/obo/HP_0004690,Thickened Achilles tendon,characteristic of,http://purl.obolibrary.org/obo/UBERON_0003701,calcaneal tendon,False,,
http://purl.obolibrary.org/obo/HP_0004691,2-3 toe syndactyly,characteristic of,http://purl.obolibrary.org/obo/UBERON_0003632,pedal digit 2,False,,
http://purl.obolibrary.org/obo/HP_0004691,2-3 toe syndactyly,towards,http://purl.obolibrary.org/obo/UBERON_0003633,pedal digit 3,False,,
http://purl.obolibrary.org/obo/HP_0004692,4-5 toe syndactyly,characteristic of,http://purl.obolibrary.org/obo/UBERON_0003634,pedal digit 4,False,,
http://purl.obolibrary.org/obo/HP_0004692,4-5 toe syndactyly,towards,http://purl.obolibrary.org/obo/UBERON_0003635,pedal digit 5,False,,
http://purl.obolibrary.org/obo/HP_0004699,Osteoporotic metatarsal,characteristic of,http://purl.obolibrary.org/obo/UBERON_0001448,metatarsal bone,False,,
http://purl.obolibrary.org/obo/HP_0004704,Short fifth metatarsal,characteristic of,http://purl.obolibrary.org/obo/UBERON_0003654,metatarsal bone of digit 5,False,,
http://purl.obolibrary.org/obo/HP_0004712,Renal malrotation,characteristic of,http://purl.obolibrary.org/obo/UBERON_0002113,kidney,False,,
http://purl.obolibrary.org/obo/HP_0004742,Abnormal renal collecting system morphology,characteristic of part of,http://purl.obolibrary.org/obo/UBERON_0004100,renal collecting system,False,,
http://purl.obolibrary.org/obo/HP_0004756,Ventricular tachycardia,characteristic of,http://purl.obolibrary.org/obo/UBERON_0002082,cardiac ventricle,False,,
http://purl.obolibrary.org/obo/HP_0004762,Hypoplasia of right ventricle,characteristic of,http://purl.obolibrary.org/obo/UBERON_0002080,heart right ventricle,False,,
http://purl.obolibrary.org/obo/HP_0004785,Malrotation of colon,characteristic of,http://purl.obolibrary.org/obo/UBERON_0001155,colon,False,,
http://purl.obolibrary.org/obo/HP_0004788,Intestinal lymphedema,characteristic of,http://purl.obolibrary.org/obo/UBERON_0000160,intestine,False,,
http://purl.obolibrary.org/obo/HP_0004790,Hypoplasia of the small intestine,characteristic of,http://purl.obolibrary.org/obo/UBERON_0002108,small intestine,False,,
http://purl.obolibrary.org/obo/HP_0004791,Esophageal ulceration,part of,http://purl.obolibrary.org/obo/UBERON_0001043,esophagus,False,,
http://purl.obolibrary.org/obo/HP_0004794,Malrotation of small bowel,characteristic of,http://purl.obolibrary.org/obo/UBERON_0002108,small intestine,False,,
http://purl.obolibrary.org/obo/HP_0004796,Gastrointestinal obstruction,characteristic of part of,http://purl.obolibrary.org/obo/UBERON_0005409,alimentary part of gastrointestinal system,False,,
http://purl.obolibrary.org/obo/HP_0004871,Perineal fistula,part of,http://purl.obolibrary.org/obo/UBERON_0002356,perineum,False,,
http://purl.obolibrary.org/obo/HP_0004878,Intercostal muscle weakness,characteristic of,http://purl.obolibrary.org/obo/UBERON_0001111,intercostal muscle,False,,
http://purl.obolibrary.org/obo/HP_0004890,Elevated pulmonary artery pressure,part of,http://purl.obolibrary.org/obo/UBERON_0002012,pulmonary artery,False,,
http://purl.obolibrary.org/obo/HP_0004921,Abnormal magnesium concentration,part of,http://purl.obolibrary.org/obo/UBERON_0000178,blood,False,,
http://purl.obolibrary.org/obo/HP_0004923,Hyperphenylalaninemia,part of,http://purl.obolibrary.org/obo/UBERON_0000178,blood,False,,
http://purl.obolibrary.org/obo/HP_0004925,Chronic lactic acidosis,characteristic of,http://purl.obolibrary.org/obo/UBERON_0000178,blood,False,,
http://purl.obolibrary.org/obo/HP_0004930,Abnormality of the pulmonary vasculature,characteristic of part of,http://purl.obolibrary.org/obo/UBERON_0000102,lung vasculature,False,,
http://purl.obolibrary.org/obo/HP_0004934,Vascular calcification,characteristic of,http://purl.obolibrary.org/obo/UBERON_0002049,vasculature,False,,
http://purl.obolibrary.org/obo/HP_0004935,Pulmonary artery atresia,characteristic of,http://purl.obolibrary.org/obo/UBERON_0002012,pulmonary artery,False,,
http://purl.obolibrary.org/obo/HP_0004936,Venous thrombosis,characteristic of,http://purl.obolibrary.org/obo/UBERON_0001638,vein,False,,
http://purl.obolibrary.org/obo/HP_0004940,Generalized arterial calcification,characteristic of,http://purl.obolibrary.org/obo/UBERON_0004572,arterial system,False,,
http://purl.obolibrary.org/obo/HP_0004942,Aortic aneurysm,part of,http://purl.obolibrary.org/obo/UBERON_0000947,aorta,False,,
http://purl.obolibrary.org/obo/HP_0004944,Dilatation of the cerebral artery,part of,http://purl.obolibrary.org/obo/UBERON_0004449,cerebral artery,False,,
http://purl.obolibrary.org/obo/HP_0004959,Descending thoracic aorta aneurysm,part of,http://purl.obolibrary.org/obo/UBERON_0002345,descending thoracic aorta,False,,
http://purl.obolibrary.org/obo/HP_0004960,Absent pulmonary artery,characteristic of,http://purl.obolibrary.org/obo/UBERON_0002012,pulmonary artery,False,,
http://purl.obolibrary.org/obo/HP_0004962,Thoracic aorta calcification,characteristic of,http://purl.obolibrary.org/obo/UBERON_0001515,thoracic aorta,False,,
http://purl.obolibrary.org/obo/HP_0004963,Calcification of the aorta,characteristic of,http://purl.obolibrary.org/obo/UBERON_0000947,aorta,False,,
http://purl.obolibrary.org/obo/HP_0004970,Ascending tubular aorta aneurysm,part of,http://purl.obolibrary.org/obo/UBERON_0001496,ascending aorta,False,,
http://purl.obolibrary.org/obo/HP_0004971,Pulmonary artery hypoplasia,characteristic of,http://purl.obolibrary.org/obo/UBERON_0002012,pulmonary artery,False,,
http://purl.obolibrary.org/obo/HP_0004974,Coarctation of abdominal aorta,characteristic of,http://purl.obolibrary.org/obo/UBERON_0001516,abdominal aorta,False,,
http://purl.obolibrary.org/obo/HP_0004976,Knee dislocation,characteristic of,http://purl.obolibrary.org/obo/UBERON_0001485,knee joint,False,,
http://purl.obolibrary.org/obo/HP_0004979,Metaphyseal sclerosis,characteristic of,http://purl.obolibrary.org/obo/UBERON_0001438,metaphysis,False,,
http://purl.obolibrary.org/obo/HP_0004981,Prominent styloid process of ulna,characteristic of,http://purl.obolibrary.org/obo/UBERON_0011575,styloid process of ulna,False,,
http://purl.obolibrary.org/obo/HP_0004991,Rhizomelic arm shortening,characteristic of,http://purl.obolibrary.org/obo/UBERON_0003822,forelimb stylopod,False,,
http://purl.obolibrary.org/obo/HP_0004997,Multicentric ossification of proximal humeral epiphyses,part of,http://purl.obolibrary.org/obo/UBERON_0004411,proximal epiphysis of humerus,False,,
http://purl.obolibrary.org/obo/HP_0005003,Aplasia/Hypoplasia of the capital femoral epiphysis,characteristic of,http://purl.obolibrary.org/obo/UBERON_0004412,proximal epiphysis of femur,False,,
http://purl.obolibrary.org/obo/HP_0005004,Flattened proximal radial epiphyses,characteristic of,http://purl.obolibrary.org/obo/UBERON_0004413,proximal epiphysis of radius,False,,
http://purl.obolibrary.org/obo/HP_0005013,Dysplastic distal radial epiphyses,characteristic of,http://purl.obolibrary.org/obo/UBERON_0004407,distal epiphysis of radius,False,,
http://purl.obolibrary.org/obo/HP_0005019,Diaphyseal undertubulation,characteristic of,http://purl.obolibrary.org/obo/UBERON_0004769,diaphysis,False,,
http://purl.obolibrary.org/obo/HP_0005035,Shortening of all phalanges of the toes,characteristic of,http://purl.obolibrary.org/obo/UBERON_0001449,phalanx of pes,False,,
http://purl.obolibrary.org/obo/HP_0005036,Unilateral ulnar hypoplasia,characteristic of,http://purl.obolibrary.org/obo/UBERON_0001424,ulna,False,,
http://purl.obolibrary.org/obo/HP_0005041,Irregular capital femoral epiphysis,characteristic of,http://purl.obolibrary.org/obo/UBERON_0004412,proximal epiphysis of femur,False,,
http://purl.obolibrary.org/obo/HP_0005045,Diaphyseal cortical sclerosis,occurs in,http://purl.obolibrary.org/obo/UBERON_0016423,compact bone of diaphysis,False,,
http://purl.obolibrary.org/obo/HP_0005067,Proximal fibular overgrowth,characteristic of,http://purl.obolibrary.org/obo/UBERON_0008775,proximal epiphysis of fibula,False,,
http://purl.obolibrary.org/obo/HP_0005068,Absent styloid process of ulna,characteristic of,http://purl.obolibrary.org/obo/UBERON_0011575,styloid process of ulna,False,,
http://purl.obolibrary.org/obo/HP_0005084,Anterior radial head dislocation,characteristic of,http://purl.obolibrary.org/obo/UBERON_0001012,head of radius,False,,
http://purl.obolibrary.org/obo/HP_0005086,Knee osteoarthritis,characteristic of,http://purl.obolibrary.org/obo/UBERON_0001465,knee,False,,
http://purl.obolibrary.org/obo/HP_0005089,Abnormal metaphyseal trabeculation,occurs in,http://purl.obolibrary.org/obo/UBERON_0001437,epiphysis,False,,
http://purl.obolibrary.org/obo/HP_0005093,Absent proximal radial epiphyses,characteristic of,http://purl.obolibrary.org/obo/UBERON_0004413,proximal epiphysis of radius,False,,
http://purl.obolibrary.org/obo/HP_0005102,Cochlear degeneration,characteristic of,http://purl.obolibrary.org/obo/UBERON_0001844,cochlea,False,,
http://purl.obolibrary.org/obo/HP_0005103,Calcification of the auricular cartilage,characteristic of,http://purl.obolibrary.org/obo/UBERON_0001867,cartilage of external ear,False,,
http://purl.obolibrary.org/obo/HP_0005104,Hypoplastic nasal septum,characteristic of,http://purl.obolibrary.org/obo/UBERON_0001706,nasal septum,False,,
http://purl.obolibrary.org/obo/HP_0005105,Abnormal nasal morphology,characteristic of,http://purl.obolibrary.org/obo/UBERON_0000004,nose,False,,
http://purl.obolibrary.org/obo/HP_0005106,Abnormality of the vertebral endplates,characteristic of part of,http://purl.obolibrary.org/obo/UBERON_0014386,vertebral endplate,False,,
http://purl.obolibrary.org/obo/HP_0005107,Abnormal sacrum morphology,characteristic of,http://purl.obolibrary.org/obo/UBERON_0003690,fused sacrum,False,,
http://purl.obolibrary.org/obo/HP_0005108,Abnormal intervertebral disk morphology,characteristic of part of,http://purl.obolibrary.org/obo/UBERON_0001066,intervertebral disk,False,,
http://purl.obolibrary.org/obo/HP_0005109,Abnormality of the Achilles tendon,characteristic of part of,http://purl.obolibrary.org/obo/UBERON_0003701,calcaneal tendon,False,,
http://purl.obolibrary.org/obo/HP_0005112,Abdominal aortic aneurysm,part of,http://purl.obolibrary.org/obo/UBERON_0001516,abdominal aorta,False,,
http://purl.obolibrary.org/obo/HP_0005113,Aortic arch aneurysm,part of,http://purl.obolibrary.org/obo/UBERON_0001508,arch of aorta,False,,
http://purl.obolibrary.org/obo/HP_0005120,Abnormal cardiac atrium morphology,characteristic of part of,http://purl.obolibrary.org/obo/UBERON_0002081,cardiac atrium,False,,
http://purl.obolibrary.org/obo/HP_0005132,Pericardial constriction,characteristic of part of,http://purl.obolibrary.org/obo/UBERON_0002407,pericardium,False,,
http://purl.obolibrary.org/obo/HP_0005134,Absence of the pulmonary valve,characteristic of,http://purl.obolibrary.org/obo/UBERON_0002146,pulmonary valve,False,,
http://purl.obolibrary.org/obo/HP_0005136,Mitral annular calcification,characteristic of,http://purl.obolibrary.org/obo/UBERON_0005995,mitral valve anulus,False,,
http://purl.obolibrary.org/obo/HP_0005145,Coronary artery stenosis,characteristic of,http://purl.obolibrary.org/obo/UBERON_0001621,coronary artery,False,,
http://purl.obolibrary.org/obo/HP_0005146,Cardiac valve calcification,characteristic of,http://purl.obolibrary.org/obo/UBERON_0000946,cardiac valve,False,,
http://purl.obolibrary.org/obo/HP_0005156,Hypoplastic left atrium,characteristic of,http://purl.obolibrary.org/obo/UBERON_0002079,left cardiac atrium,False,,
http://purl.obolibrary.org/obo/HP_0005164,Dysplastic pulmonary valve,characteristic of,http://purl.obolibrary.org/obo/UBERON_0002146,pulmonary valve,False,,
http://purl.obolibrary.org/obo/HP_0005176,Dysplastic aortic valve,characteristic of,http://purl.obolibrary.org/obo/UBERON_0002137,aortic valve,False,,
http://purl.obolibrary.org/obo/HP_0005180,Tricuspid regurgitation,characteristic of,http://purl.obolibrary.org/obo/UBERON_0002134,tricuspid valve,False,,
http://purl.obolibrary.org/obo/HP_0005182,Bicuspid pulmonary valve,characteristic of,http://purl.obolibrary.org/obo/UBERON_0002146,pulmonary valve,False,,
http://purl.obolibrary.org/obo/HP_0005186,Synovial lining hyperplasia,characteristic of,http://purl.obolibrary.org/obo/UBERON_0002217,synovial joint,False,,
http://purl.obolibrary.org/obo/HP_0005198,Stiff interphalangeal joints,characteristic of,http://purl.obolibrary.org/obo/UBERON_0006658,interphalangeal joint,False,,
http://purl.obolibrary.org/obo/HP_0005199,Aplasia of the abdominal wall musculature,characteristic of,http://purl.obolibrary.org/obo/UBERON_0002343,abdomen musculature,False,,
http://purl.obolibrary.org/obo/HP_0005200,Retroperitoneal fibrosis,characteristic of,http://purl.obolibrary.org/obo/UBERON_0002358,peritoneum,False,,
http://purl.obolibrary.org/obo/HP_0005207,Gastric hypertrophy,characteristic of,http://purl.obolibrary.org/obo/UBERON_0000945,stomach,False,,
http://purl.obolibrary.org/obo/HP_0005209,Intrahepatic bile duct cysts,characteristic of,http://purl.obolibrary.org/obo/UBERON_0003704,intrahepatic bile duct,False,,
http://purl.obolibrary.org/obo/HP_0005210,Hypoplastic colon,characteristic of,http://purl.obolibrary.org/obo/UBERON_0001155,colon,False,,
http://purl.obolibrary.org/obo/HP_0005211,Midgut malrotation,characteristic of,http://purl.obolibrary.org/obo/UBERON_0001045,midgut,False,,
http://purl.obolibrary.org/obo/HP_0005213,Pancreatic calcification,characteristic of,http://purl.obolibrary.org/obo/UBERON_0001264,pancreas,False,,
http://purl.obolibrary.org/obo/HP_0005214,Intestinal obstruction,characteristic of,http://purl.obolibrary.org/obo/UBERON_0000160,intestine,False,,
http://purl.obolibrary.org/obo/HP_0005222,Bowel diverticulosis,part of,http://purl.obolibrary.org/obo/UBERON_0000160,intestine,False,,
http://purl.obolibrary.org/obo/HP_0005223,Duplicated colon,towards,http://purl.obolibrary.org/obo/UBERON_0001155,colon,False,,
http://purl.obolibrary.org/obo/HP_0005224,Rectal abscess,part of,http://purl.obolibrary.org/obo/UBERON_0001052,rectum,False,,
http://purl.obolibrary.org/obo/HP_0005225,Intestinal edema,characteristic of,http://purl.obolibrary.org/obo/UBERON_0000160,intestine,False,,
http://purl.obolibrary.org/obo/HP_0005229,Jejunoileal ulceration,part of,http://purl.obolibrary.org/obo/UBERON_0002115,jejunum,False,,
http://purl.obolibrary.org/obo/HP_0005230,Biliary tract obstruction,characteristic of,http://purl.obolibrary.org/obo/UBERON_0001173,biliary tree,False,,
http://purl.obolibrary.org/obo/HP_0005231,Chronic gastritis,occurs in,http://purl.obolibrary.org/obo/UBERON_0000945,stomach,False,,
http://purl.obolibrary.org/obo/HP_0005232,Pancreatic dysplasia,characteristic of,http://purl.obolibrary.org/obo/UBERON_0001264,pancreas,False,,
http://purl.obolibrary.org/obo/HP_0005233,Hypoplasia of the gallbladder,characteristic of,http://purl.obolibrary.org/obo/UBERON_0002110,gallbladder,False,,
http://purl.obolibrary.org/obo/HP_0005235,Jejunal atresia,characteristic of,http://purl.obolibrary.org/obo/UBERON_0002115,jejunum,False,,
http://purl.obolibrary.org/obo/HP_0005237,Degenerative liver disease,characteristic of,http://purl.obolibrary.org/obo/UBERON_0002107,liver,False,,
http://purl.obolibrary.org/obo/HP_0005240,Esophageal obstruction,characteristic of part of,http://purl.obolibrary.org/obo/UBERON_0001043,esophagus,False,,
http://purl.obolibrary.org/obo/HP_0005242,Extrahepatic biliary duct atresia,characteristic of,http://purl.obolibrary.org/obo/UBERON_0003703,extrahepatic bile duct,False,,
http://purl.obolibrary.org/obo/HP_0005244,Gastrointestinal infarctions,part of,http://purl.obolibrary.org/obo/UBERON_0005409,alimentary part of gastrointestinal system,False,,
http://purl.obolibrary.org/obo/HP_0005245,Intestinal hypoplasia,characteristic of,http://purl.obolibrary.org/obo/UBERON_0000160,intestine,False,,
http://purl.obolibrary.org/obo/HP_0005247,Hypoplasia of the abdominal wall musculature,characteristic of,http://purl.obolibrary.org/obo/UBERON_0002378,muscle of abdomen,False,,
http://purl.obolibrary.org/obo/HP_0005248,Intrahepatic biliary atresia,characteristic of,http://purl.obolibrary.org/obo/UBERON_0003704,intrahepatic bile duct,False,,
http://purl.obolibrary.org/obo/HP_0005254,Unilateral chest hypoplasia,characteristic of,http://purl.obolibrary.org/obo/UBERON_0016416,anterior chest,False,,
http://purl.obolibrary.org/obo/HP_0005255,Absence of pectoralis minor muscle,characteristic of,http://purl.obolibrary.org/obo/UBERON_0001100,pectoralis minor,False,,
http://purl.obolibrary.org/obo/HP_0005256,Unilateral absence of pectoralis major muscle,characteristic of,http://purl.obolibrary.org/obo/UBERON_0002381,pectoralis major,False,,
http://purl.obolibrary.org/obo/HP_0005257,Thoracic hypoplasia,characteristic of,http://purl.obolibrary.org/obo/UBERON_0001443,chest,False,,
http://purl.obolibrary.org/obo/HP_0005258,Pectoral muscle hypoplasia/aplasia,characteristic of,http://purl.obolibrary.org/obo/UBERON_0002381,pectoralis major,False,,
http://purl.obolibrary.org/obo/HP_0005261,Joint hemorrhage,part of,http://purl.obolibrary.org/obo/UBERON_0000982,skeletal joint,False,,
http://purl.obolibrary.org/obo/HP_0005262,Abnormal synovial membrane morphology,characteristic of part of,http://purl.obolibrary.org/obo/UBERON_0007617,synovial cavity of joint,False,,
http://purl.obolibrary.org/obo/HP_0005263,Gastritis,occurs in,http://purl.obolibrary.org/obo/UBERON_0000945,stomach,False,,
http://purl.obolibrary.org/obo/HP_0005264,Abnormality of the gallbladder,characteristic of part of,http://purl.obolibrary.org/obo/UBERON_0002110,gallbladder,False,,
http://purl.obolibrary.org/obo/HP_0005265,Abnormal jejunum morphology,characteristic of part of,http://purl.obolibrary.org/obo/UBERON_0002115,jejunum,False,,
http://purl.obolibrary.org/obo/HP_0005266,Intestinal polyp,part of,http://purl.obolibrary.org/obo/UBERON_0000160,intestine,False,,
http://purl.obolibrary.org/obo/HP_0005273,Absent nasal septal cartilage,characteristic of,http://purl.obolibrary.org/obo/UBERON_0003407,cartilage of nasal septum,False,,
http://purl.obolibrary.org/obo/HP_0005274,Prominent nasal tip,characteristic of,http://purl.obolibrary.org/obo/UBERON_0012128,nose tip,False,,
http://purl.obolibrary.org/obo/HP_0005275,Cartilaginous ossification of nose,occurs in,http://purl.obolibrary.org/obo/UBERON_0006906,ala of nose,False,,
http://purl.obolibrary.org/obo/HP_0005278,Hypoplastic nasal tip,characteristic of,http://purl.obolibrary.org/obo/UBERON_0012128,nose tip,False,,
http://purl.obolibrary.org/obo/HP_0005280,Depressed nasal bridge,characteristic of,http://purl.obolibrary.org/obo/UBERON_0008340,nasal bridge,False,,
http://purl.obolibrary.org/obo/HP_0005281,Hypoplastic nasal bridge,characteristic of,http://purl.obolibrary.org/obo/UBERON_0008340,nasal bridge,False,,
http://purl.obolibrary.org/obo/HP_0005285,Absent nasal bridge,characteristic of,http://purl.obolibrary.org/obo/UBERON_0008340,nasal bridge,False,,
http://purl.obolibrary.org/obo/HP_0005288,Abnormal nostril morphology,characteristic of part of,http://purl.obolibrary.org/obo/UBERON_0005928,external naris,False,,
http://purl.obolibrary.org/obo/HP_0005289,Abnormal nasolabial region morphology,characteristic of part of,http://purl.obolibrary.org/obo/UBERON_0004101,nasolabial region,False,,
http://purl.obolibrary.org/obo/HP_0005290,Internal carotid artery hypoplasia,characteristic of,http://purl.obolibrary.org/obo/UBERON_0001532,internal carotid artery,False,,
http://purl.obolibrary.org/obo/HP_0005293,Venous insufficiency,characteristic of,http://purl.obolibrary.org/obo/UBERON_0001638,vein,False,,
http://purl.obolibrary.org/obo/HP_0005303,Aortic arch calcification,characteristic of,http://purl.obolibrary.org/obo/UBERON_0001508,arch of aorta,False,,
http://purl.obolibrary.org/obo/HP_0005304,Hypoplastic pulmonary veins,characteristic of,http://purl.obolibrary.org/obo/UBERON_0002016,pulmonary vein,False,,
http://purl.obolibrary.org/obo/HP_0005305,Cerebral venous thrombosis,characteristic of,http://purl.obolibrary.org/obo/UBERON_0001663,cerebral vein,False,,
http://purl.obolibrary.org/obo/HP_0005306,Capillary hemangioma,characteristic of,http://purl.obolibrary.org/obo/UBERON_0001982,capillary,False,,
http://purl.obolibrary.org/obo/HP_0005311,Agenesis of pulmonary vessels,characteristic of,http://purl.obolibrary.org/obo/UBERON_0000102,lung vasculature,False,,
http://purl.obolibrary.org/obo/HP_0005320,Lack of facial subcutaneous fat,part of,http://purl.obolibrary.org/obo/UBERON_0001456,face,False,,
http://purl.obolibrary.org/obo/HP_0005322,Prominent nasal septum,characteristic of,http://purl.obolibrary.org/obo/UBERON_0001706,nasal septum,False,,
http://purl.obolibrary.org/obo/HP_0005326,Hypoplastic philtrum,characteristic of,http://purl.obolibrary.org/obo/UBERON_0005402,philtrum,False,,
http://purl.obolibrary.org/obo/HP_0005332,Recurrent mandibular subluxations,characteristic of,http://purl.obolibrary.org/obo/UBERON_0001684,mandible,False,,
http://purl.obolibrary.org/obo/HP_0005336,Forehead hyperpigmentation,occurs in,http://purl.obolibrary.org/obo/UBERON_0016475,skin of forehead,False,,
http://purl.obolibrary.org/obo/HP_0005343,Hypoplasia of the bladder,characteristic of,http://purl.obolibrary.org/obo/UBERON_0001255,urinary bladder,False,,
http://purl.obolibrary.org/obo/HP_0005344,Abnormal carotid artery morphology,characteristic of part of,http://purl.obolibrary.org/obo/UBERON_0001530,common carotid artery plus branches,False,,
http://purl.obolibrary.org/obo/HP_0005345,Abnormal vena cava morphology,characteristic of,http://purl.obolibrary.org/obo/UBERON_0004087,vena cava,False,,
http://purl.obolibrary.org/obo/HP_0005347,Tracheal cartilaginous sleeve,characteristic of,http://purl.obolibrary.org/obo/UBERON_0003126,trachea,False,,
http://purl.obolibrary.org/obo/HP_0005349,Hypoplasia of the epiglottis,characteristic of,http://purl.obolibrary.org/obo/UBERON_0000388,epiglottis,False,,
http://purl.obolibrary.org/obo/HP_0005359,Aplasia of the thymus,characteristic of,http://purl.obolibrary.org/obo/UBERON_0002370,thymus,False,,
http://purl.obolibrary.org/obo/HP_0005415,Decreased CD8+ T cell proportion,part of,http://purl.obolibrary.org/obo/UBERON_0000178,blood,False,,
http://purl.obolibrary.org/obo/HP_0005441,Sclerotic cranial sutures,characteristic of part of,http://purl.obolibrary.org/obo/UBERON_0003685,cranial suture,False,,
http://purl.obolibrary.org/obo/HP_0005442,Widely patent coronal suture,characteristic of,http://purl.obolibrary.org/obo/UBERON_0002489,coronal suture,False,,
http://purl.obolibrary.org/obo/HP_0005445,Enlarged posterior fossa,characteristic of,http://purl.obolibrary.org/obo/UBERON_0008788,posterior cranial fossa,False,,
http://purl.obolibrary.org/obo/HP_0005450,Calvarial osteosclerosis,occurs in,http://purl.obolibrary.org/obo/UBERON_0004339,vault of skull,False,,
http://purl.obolibrary.org/obo/HP_0005451,Decreased cranial base ossification,occurs in,http://purl.obolibrary.org/obo/UBERON_0002517,basicranium,False,,
http://purl.obolibrary.org/obo/HP_0005453,Absent/hypoplastic paranasal sinuses,characteristic of,http://purl.obolibrary.org/obo/UBERON_0001825,paranasal sinus,False,,
http://purl.obolibrary.org/obo/HP_0005456,Absent ethmoidal sinuses,characteristic of,http://purl.obolibrary.org/obo/UBERON_0002453,ethmoid sinus,False,,
http://purl.obolibrary.org/obo/HP_0005458,Premature closure of fontanelles,part of,http://purl.obolibrary.org/obo/UBERON_0004339,vault of skull,False,,
http://purl.obolibrary.org/obo/HP_0005462,Calcification of falx cerebri,characteristic of,http://purl.obolibrary.org/obo/UBERON_0006059,falx cerebri,False,,
http://purl.obolibrary.org/obo/HP_0005463,Elongated sella turcica,characteristic of part of,http://purl.obolibrary.org/obo/UBERON_0003689,sella turcica,False,,
http://purl.obolibrary.org/obo/HP_0005464,Craniofacial osteosclerosis,occurs in,http://purl.obolibrary.org/obo/UBERON_0011156,facial skeleton,False,,
http://purl.obolibrary.org/obo/HP_0005466,Hypoplasia of the frontal bone,characteristic of,http://purl.obolibrary.org/obo/UBERON_0000209,tetrapod frontal bone,False,,
http://purl.obolibrary.org/obo/HP_0005469,Flat occiput,characteristic of,http://purl.obolibrary.org/obo/UBERON_0001676,occipital bone,False,,
http://purl.obolibrary.org/obo/HP_0005472,Orbital craniosynostosis,characteristic of,http://purl.obolibrary.org/obo/UBERON_0001697,orbit of skull,False,,
http://purl.obolibrary.org/obo/HP_0005473,Fusion of middle ear ossicles,characteristic of,http://purl.obolibrary.org/obo/UBERON_0001686,auditory ossicle bone,False,,
http://purl.obolibrary.org/obo/HP_0005473,Fusion of middle ear ossicles,towards,http://purl.obolibrary.org/obo/UBERON_0001686,auditory ossicle bone,False,,
http://purl.obolibrary.org/obo/HP_0005474,Decreased calvarial ossification,occurs in,http://purl.obolibrary.org/obo/UBERON_0004339,vault of skull,False,,
http://purl.obolibrary.org/obo/HP_0005476,Widely patent sagittal suture,characteristic of,http://purl.obolibrary.org/obo/UBERON_0002492,sagittal suture,False,,
http://purl.obolibrary.org/obo/HP_0005477,Progressive sclerosis of skull base,occurs in,http://purl.obolibrary.org/obo/UBERON_0002517,basicranium,False,,
http://purl.obolibrary.org/obo/HP_0005478,Prominent frontal sinuses,towards,http://purl.obolibrary.org/obo/UBERON_0001760,frontal sinus,False,,
http://purl.obolibrary.org/obo/HP_0005479,Decreased circulating IgE concentration,part of,http://purl.obolibrary.org/obo/UBERON_0000178,blood,False,,
http://purl.obolibrary.org/obo/HP_0005483,Abnormal epiglottis morphology,characteristic of part of,http://purl.obolibrary.org/obo/UBERON_0000388,epiglottis,False,,
http://purl.obolibrary.org/obo/HP_0005484,Secondary microcephaly,occurs in,http://purl.obolibrary.org/obo/UBERON_0000033,head,False,,
http://purl.obolibrary.org/obo/HP_0005486,Small fontanelle,characteristic of,http://purl.obolibrary.org/obo/UBERON_0002221,fontanelle,False,,
http://purl.obolibrary.org/obo/HP_0005487,Prominent metopic ridge,characteristic of,http://purl.obolibrary.org/obo/UBERON_0002490,frontal suture,False,,
http://purl.obolibrary.org/obo/HP_0005494,Premature posterior fontanelle closure,characteristic of,http://purl.obolibrary.org/obo/UBERON_0006683,posterior fontanelle,False,,
http://purl.obolibrary.org/obo/HP_0005510,Transient erythroblastopenia,part of,http://purl.obolibrary.org/obo/UBERON_0000178,blood,False,,
http://purl.obolibrary.org/obo/HP_0005513,Increased megakaryocyte count,part of,http://purl.obolibrary.org/obo/UBERON_0002371,bone marrow,False,,
http://purl.obolibrary.org/obo/HP_0005556,Abnormality of the metopic suture,characteristic of part of,http://purl.obolibrary.org/obo/UBERON_0002490,frontal suture,False,,
http://purl.obolibrary.org/obo/HP_0005557,Abnormal zygomatic arch morphology,characteristic of part of,http://purl.obolibrary.org/obo/UBERON_0002500,zygomatic arch,False,,
http://purl.obolibrary.org/obo/HP_0005563,Decreased numbers of nephrons,characteristic of,http://purl.obolibrary.org/obo/UBERON_0001285,nephron,False,,
http://purl.obolibrary.org/obo/HP_0005580,Duplication of renal pelvis,towards,http://purl.obolibrary.org/obo/UBERON_0001224,renal pelvis,False,,
http://purl.obolibrary.org/obo/HP_0005599,Hypopigmentation of hair,occurs in,http://purl.obolibrary.org/obo/UBERON_0001037,strand of hair,False,,
http://purl.obolibrary.org/obo/HP_0005606,Hyperpigmented nevi and streak,occurs in,http://purl.obolibrary.org/obo/UBERON_0000160,intestine,False,,
http://purl.obolibrary.org/obo/HP_0005607,Abnormal tracheobronchial morphology,characteristic of part of,http://purl.obolibrary.org/obo/UBERON_0007196,tracheobronchial tree,False,,
http://purl.obolibrary.org/obo/HP_0005609,Gallbladder dysfunction,characteristic of,http://purl.obolibrary.org/obo/UBERON_0002110,gallbladder,False,,
http://purl.obolibrary.org/obo/HP_0005613,Aplasia/hypoplasia of the femur,characteristic of,http://purl.obolibrary.org/obo/UBERON_0000981,femur,False,,
http://purl.obolibrary.org/obo/HP_0005616,Accelerated skeletal maturation,occurs in,http://purl.obolibrary.org/obo/UBERON_0004288,skeleton,False,,
http://purl.obolibrary.org/obo/HP_0005619,Thoracolumbar kyphosis,characteristic of,http://purl.obolibrary.org/obo/UBERON_0009568,trunk region of vertebral column,False,,
http://purl.obolibrary.org/obo/HP_0005620,Hypermobility of interphalangeal joints,characteristic of,http://purl.obolibrary.org/obo/UBERON_0006658,interphalangeal joint,False,,
http://purl.obolibrary.org/obo/HP_0005621,Trapezoidal vertebral body,characteristic of,http://purl.obolibrary.org/obo/UBERON_0001075,bony vertebral centrum,False,,
http://purl.obolibrary.org/obo/HP_0005622,Broad long bones,characteristic of,http://purl.obolibrary.org/obo/UBERON_0002495,long bone,False,,
http://purl.obolibrary.org/obo/HP_0005623,Absent ossification of calvaria,occurs in,http://purl.obolibrary.org/obo/UBERON_0004339,vault of skull,False,,
http://purl.obolibrary.org/obo/HP_0005625,Osteoporosis of vertebrae,characteristic of,http://purl.obolibrary.org/obo/UBERON_0002412,vertebra,False,,
http://purl.obolibrary.org/obo/HP_0005632,Absent forearm,characteristic of,http://purl.obolibrary.org/obo/UBERON_0002386,forelimb zeugopod,False,,
http://purl.obolibrary.org/obo/HP_0005638,Decreased anterioposterior diameter of lumbar vertebral bodies,part of,http://purl.obolibrary.org/obo/UBERON_0002414,lumbar vertebra,False,,
http://purl.obolibrary.org/obo/HP_0005643,Short 3rd toe,characteristic of,http://purl.obolibrary.org/obo/UBERON_0003633,pedal digit 3,False,,
http://purl.obolibrary.org/obo/HP_0005645,Intervertebral disk calcification,characteristic of,http://purl.obolibrary.org/obo/UBERON_0001066,intervertebral disk,False,,
http://purl.obolibrary.org/obo/HP_0005652,Cortical sclerosis,occurs in,http://purl.obolibrary.org/obo/UBERON_0001439,compact bone tissue,False,,
http://purl.obolibrary.org/obo/HP_0005659,Thoracic kyphoscoliosis,characteristic of,http://purl.obolibrary.org/obo/UBERON_0001443,chest,False,,
http://purl.obolibrary.org/obo/HP_0005665,Massively thickened long bone cortices,characteristic of,http://purl.obolibrary.org/obo/UBERON_0016422,compact bone of long bone,False,,
http://purl.obolibrary.org/obo/HP_0005687,Deformed humeral heads,characteristic of,http://purl.obolibrary.org/obo/UBERON_0006801,proximal head of humerus,False,,
http://purl.obolibrary.org/obo/HP_0005715,Flattened knee epiphyses,part of,http://purl.obolibrary.org/obo/UBERON_0001465,knee,False,,
http://purl.obolibrary.org/obo/HP_0005731,Cortical irregularity,characteristic of part of,http://purl.obolibrary.org/obo/UBERON_0001439,compact bone tissue,False,,
http://purl.obolibrary.org/obo/HP_0005736,Short tibia,characteristic of,http://purl.obolibrary.org/obo/UBERON_0000979,tibia,False,,
http://purl.obolibrary.org/obo/HP_0005739,Posterior subluxation of radial head,characteristic of,http://purl.obolibrary.org/obo/UBERON_0001012,head of radius,False,,
http://purl.obolibrary.org/obo/HP_0005745,Congenital foot contractures,characteristic of part of,http://purl.obolibrary.org/obo/UBERON_0002387,pes,False,,
http://purl.obolibrary.org/obo/HP_0005746,Osteosclerosis of the base of the skull,occurs in,http://purl.obolibrary.org/obo/UBERON_0002517,basicranium,False,,
http://purl.obolibrary.org/obo/HP_0005750,Lower-limb joint contracture,characteristic of part of,http://purl.obolibrary.org/obo/UBERON_0010709,pelvic complex,False,,
http://purl.obolibrary.org/obo/HP_0005769,Fifth finger distal phalanx clinodactyly,characteristic of,http://purl.obolibrary.org/obo/UBERON_0004314,distal phalanx of manual digit 5,False,,
http://purl.obolibrary.org/obo/HP_0005772,Aplasia/Hypoplasia of the tibia,characteristic of,http://purl.obolibrary.org/obo/UBERON_0000979,tibia,False,,
http://purl.obolibrary.org/obo/HP_0005773,Short forearm,characteristic of,http://purl.obolibrary.org/obo/UBERON_0003466,forelimb zeugopod bone,False,,
http://purl.obolibrary.org/obo/HP_0005776,Carpal bone malsegmentation,occurs in,http://purl.obolibrary.org/obo/UBERON_0001435,carpal bone,False,,
http://purl.obolibrary.org/obo/HP_0005787,Lumbar platyspondyly,characteristic of,http://purl.obolibrary.org/obo/UBERON_0002414,lumbar vertebra,False,,
http://purl.obolibrary.org/obo/HP_0005789,Generalized osteosclerosis,characteristic of,http://purl.obolibrary.org/obo/UBERON_0001474,bone element,False,,
http://purl.obolibrary.org/obo/HP_0005790,Short mandibular condyles,characteristic of,http://purl.obolibrary.org/obo/UBERON_0004657,mandible condylar process,False,,
http://purl.obolibrary.org/obo/HP_0005791,Cortical thickening of long bone diaphyses,part of,http://purl.obolibrary.org/obo/UBERON_0016422,compact bone of long bone,False,,
http://purl.obolibrary.org/obo/HP_0005792,Short humerus,characteristic of,http://purl.obolibrary.org/obo/UBERON_0000976,humerus,False,,
http://purl.obolibrary.org/obo/HP_0005807,Absent distal phalanges,characteristic of,http://purl.obolibrary.org/obo/UBERON_0003865,distal phalanx of manus,False,,
http://purl.obolibrary.org/obo/HP_0005815,Supernumerary ribs,characteristic of,http://purl.obolibrary.org/obo/UBERON_0002228,rib,False,,
http://purl.obolibrary.org/obo/HP_0005819,Short middle phalanx of finger,characteristic of,http://purl.obolibrary.org/obo/UBERON_0003864,middle phalanx of manus,False,,
http://purl.obolibrary.org/obo/HP_0005824,Clinodactyly of the 2nd toe,characteristic of,http://purl.obolibrary.org/obo/UBERON_0003632,pedal digit 2,False,,
http://purl.obolibrary.org/obo/HP_0005825,Mixed sclerosis of humeral metaphyses,characteristic of,http://purl.obolibrary.org/obo/UBERON_0013749,metaphysis of humerus,False,,
http://purl.obolibrary.org/obo/HP_0005830,Flexion contracture of toe,attached to,http://purl.obolibrary.org/obo/UBERON_0001466,pedal digit,False,,
http://purl.obolibrary.org/obo/HP_0005844,Rounded middle phalanx of finger,characteristic of,http://purl.obolibrary.org/obo/UBERON_0003864,middle phalanx of manus,False,,
http://purl.obolibrary.org/obo/HP_0005857,Cervical spina bifida,characteristic of,http://purl.obolibrary.org/obo/UBERON_0017670,bony part of cervical vertebral arch,False,,
http://purl.obolibrary.org/obo/HP_0005879,Congenital finger flexion contractures,characteristic of part of,http://purl.obolibrary.org/obo/UBERON_0002389,manual digit,False,,
http://purl.obolibrary.org/obo/HP_0005885,Absent ossification of cervical vertebral bodies,part of,http://purl.obolibrary.org/obo/UBERON_0006072,cervical region of vertebral column,False,,
http://purl.obolibrary.org/obo/HP_0005890,Hyperostosis cranialis interna,characteristic of,http://purl.obolibrary.org/obo/UBERON_0017692,internal surface of cranial base,False,,
http://purl.obolibrary.org/obo/HP_0005895,Radial deviation of thumb terminal phalanx,characteristic of,http://purl.obolibrary.org/obo/UBERON_0004337,distal phalanx of manual digit 1,False,,
http://purl.obolibrary.org/obo/HP_0005905,Abnormal cervical curvature,characteristic of part of,http://purl.obolibrary.org/obo/UBERON_0006072,cervical region of vertebral column,False,,
http://purl.obolibrary.org/obo/HP_0005912,Biliary atresia,characteristic of,http://purl.obolibrary.org/obo/UBERON_0001173,biliary tree,False,,
http://purl.obolibrary.org/obo/HP_0005913,Abnormal metacarpal epiphysis morphology,characteristic of part of,http://purl.obolibrary.org/obo/UBERON_0004390,epiphysis of metacarpal bone,False,,
http://purl.obolibrary.org/obo/HP_0005914,Aplasia/Hypoplasia involving the metacarpal bones,characteristic of,http://purl.obolibrary.org/obo/UBERON_0002374,metacarpal bone,False,,
http://purl.obolibrary.org/obo/HP_0005916,Abnormal metacarpal morphology,characteristic of part of,http://purl.obolibrary.org/obo/UBERON_0002374,metacarpal bone,False,,
http://purl.obolibrary.org/obo/HP_0005917,Supernumerary metacarpal bones,characteristic of,http://purl.obolibrary.org/obo/UBERON_0002374,metacarpal bone,False,,
http://purl.obolibrary.org/obo/HP_0005918,Abnormal finger phalanx morphology,characteristic of,http://purl.obolibrary.org/obo/UBERON_0001436,phalanx of manus,False,,
http://purl.obolibrary.org/obo/HP_0005920,Abnormal epiphysis morphology of the phalanges of the hand,characteristic of,http://purl.obolibrary.org/obo/UBERON_0004387,epiphysis of phalanx of manus,False,,
http://purl.obolibrary.org/obo/HP_0005922,Abnormal hand morphology,characteristic of part of,http://purl.obolibrary.org/obo/UBERON_0002398,manus,False,,
http://purl.obolibrary.org/obo/HP_0005923,Abnormal hand metaphysis morphology,part of,http://purl.obolibrary.org/obo/UBERON_0002398,manus,False,,
http://purl.obolibrary.org/obo/HP_0005924,Abnormal hand epiphysis morphology,part of,http://purl.obolibrary.org/obo/UBERON_0001442,skeleton of manus,False,,
http://purl.obolibrary.org/obo/HP_0005925,Abnormal hand diaphysis morphology,part of,http://purl.obolibrary.org/obo/UBERON_0002398,manus,False,,
http://purl.obolibrary.org/obo/HP_0005927,Aplasia/hypoplasia involving bones of the hand,characteristic of part of,http://purl.obolibrary.org/obo/UBERON_0001442,skeleton of manus,False,,
http://purl.obolibrary.org/obo/HP_0005928,Synostosis involving the fibula,characteristic of,http://purl.obolibrary.org/obo/UBERON_0001446,fibula,False,,
http://purl.obolibrary.org/obo/HP_0005928,Synostosis involving the fibula,towards,http://purl.obolibrary.org/obo/UBERON_0001446,fibula,False,,
http://purl.obolibrary.org/obo/HP_0005929,Synostosis involving the tibia,characteristic of,http://purl.obolibrary.org/obo/UBERON_0000979,tibia,False,,
http://purl.obolibrary.org/obo/HP_0005929,Synostosis involving the tibia,towards,http://purl.obolibrary.org/obo/UBERON_0000979,tibia,False,,
http://purl.obolibrary.org/obo/HP_0005930,Abnormal epiphysis morphology,characteristic of,http://purl.obolibrary.org/obo/UBERON_0001437,epiphysis,False,,
http://purl.obolibrary.org/obo/HP_0005938,Abnormal respiratory motile cilium morphology,part of,http://purl.obolibrary.org/obo/UBERON_0001004,respiratory system,False,,
http://purl.obolibrary.org/obo/HP_0005945,Laryngeal obstruction,characteristic of,http://purl.obolibrary.org/obo/UBERON_0001737,larynx,False,,
http://purl.obolibrary.org/obo/HP_0005954,Pulmonary capillary hemangiomatosis,characteristic of,http://purl.obolibrary.org/obo/UBERON_0016405,pulmonary capillary,False,,
http://purl.obolibrary.org/obo/HP_0005961,Hypoargininemia,part of,http://purl.obolibrary.org/obo/UBERON_0000178,blood,False,,
http://purl.obolibrary.org/obo/HP_0005989,Redundant neck skin,characteristic of,http://purl.obolibrary.org/obo/UBERON_0000974,neck,False,,
http://purl.obolibrary.org/obo/HP_0005990,Thyroid hypoplasia,characteristic of,http://purl.obolibrary.org/obo/UBERON_0002046,thyroid gland,False,,
http://purl.obolibrary.org/obo/HP_0005995,Decreased adipose tissue around neck,part of,http://purl.obolibrary.org/obo/UBERON_0000974,neck,False,,
http://purl.obolibrary.org/obo/HP_0005999,Ureteral atresia,characteristic of,http://purl.obolibrary.org/obo/UBERON_0000056,ureter,False,,
http://purl.obolibrary.org/obo/HP_0006000,Ureteral obstruction,characteristic of,http://purl.obolibrary.org/obo/UBERON_0000056,ureter,False,,
http://purl.obolibrary.org/obo/HP_0006009,Broad phalanx,characteristic of,http://purl.obolibrary.org/obo/UBERON_0003221,phalanx,False,,
http://purl.obolibrary.org/obo/HP_0006014,Abnormally shaped carpal bones,characteristic of part of,http://purl.obolibrary.org/obo/UBERON_0001435,carpal bone,False,,
http://purl.obolibrary.org/obo/HP_0006016,Delayed phalangeal epiphyseal ossification,occurs in,http://purl.obolibrary.org/obo/UBERON_0004446,epiphysis of phalanx,False,,
http://purl.obolibrary.org/obo/HP_0006026,Rounded epiphyses,characteristic of,http://purl.obolibrary.org/obo/UBERON_0004387,epiphysis of phalanx of manus,False,,
http://purl.obolibrary.org/obo/HP_0006028,Metaphyseal cupping of metacarpals,characteristic of,http://purl.obolibrary.org/obo/UBERON_0002374,metacarpal bone,False,,
http://purl.obolibrary.org/obo/HP_0006040,Long second metacarpal,characteristic of,http://purl.obolibrary.org/obo/UBERON_0003646,metacarpal bone of digit 2,False,,
http://purl.obolibrary.org/obo/HP_0006042,Y-shaped metacarpals,characteristic of,http://purl.obolibrary.org/obo/UBERON_0002374,metacarpal bone,False,,
http://purl.obolibrary.org/obo/HP_0006048,Distal widening of metacarpals,characteristic of,http://purl.obolibrary.org/obo/UBERON_0013753,distal epiphysis of metacarpal bone,False,,
http://purl.obolibrary.org/obo/HP_0006059,Cone-shaped metacarpal epiphyses,characteristic of,http://purl.obolibrary.org/obo/UBERON_0004390,epiphysis of metacarpal bone,False,,
http://purl.obolibrary.org/obo/HP_0006067,Multiple carpal ossification centers,part of,http://purl.obolibrary.org/obo/UBERON_0001435,carpal bone,False,,
http://purl.obolibrary.org/obo/HP_0006094,Finger joint hypermobility,part of,http://purl.obolibrary.org/obo/UBERON_0002389,manual digit,False,,
http://purl.obolibrary.org/obo/HP_0006097,3-4 finger osseus syndactyly,characteristic of,http://purl.obolibrary.org/obo/UBERON_0003623,manual digit 3,False,,
http://purl.obolibrary.org/obo/HP_0006097,3-4 finger osseus syndactyly,towards,http://purl.obolibrary.org/obo/UBERON_0003624,manual digit 4,False,,
http://purl.obolibrary.org/obo/HP_0006101,Finger syndactyly,characteristic of,http://purl.obolibrary.org/obo/UBERON_0002389,manual digit,False,,
http://purl.obolibrary.org/obo/HP_0006101,Finger syndactyly,towards,http://purl.obolibrary.org/obo/UBERON_0002389,manual digit,False,,
http://purl.obolibrary.org/obo/HP_0006106,Absent trapezoid bone,characteristic of part of,http://purl.obolibrary.org/obo/UBERON_0001431,distal carpal bone 2,False,,
http://purl.obolibrary.org/obo/HP_0006108,Tapered metacarpals,characteristic of,http://purl.obolibrary.org/obo/UBERON_0002374,metacarpal bone,False,,
http://purl.obolibrary.org/obo/HP_0006114,Multiple palmar creases,characteristic of,http://purl.obolibrary.org/obo/UBERON_0019246,palmar skin crease,False,,
http://purl.obolibrary.org/obo/HP_0006127,Long proximal phalanx of finger,characteristic of,http://purl.obolibrary.org/obo/UBERON_0002234,proximal phalanx of manus,False,,
http://purl.obolibrary.org/obo/HP_0006134,Enlarged metacarpal epiphyses,characteristic of,http://purl.obolibrary.org/obo/UBERON_0004390,epiphysis of metacarpal bone,False,,
http://purl.obolibrary.org/obo/HP_0006146,Broad metacarpal epiphyses,characteristic of,http://purl.obolibrary.org/obo/UBERON_0004390,epiphysis of metacarpal bone,False,,
http://purl.obolibrary.org/obo/HP_0006152,Proximal symphalangism of hands,characteristic of,http://purl.obolibrary.org/obo/UBERON_0002234,proximal phalanx of manus,False,,
http://purl.obolibrary.org/obo/HP_0006152,Proximal symphalangism of hands,towards,http://purl.obolibrary.org/obo/UBERON_0003637,manual digit 3 phalanx,False,,
http://purl.obolibrary.org/obo/HP_0006155,Long phalanx of finger,characteristic of,http://purl.obolibrary.org/obo/UBERON_0001436,phalanx of manus,False,,
http://purl.obolibrary.org/obo/HP_0006156,Ulnar deviation of thumb,characteristic of,http://purl.obolibrary.org/obo/UBERON_0001463,manual digit 1,False,,
http://purl.obolibrary.org/obo/HP_0006157,Prominent palmar flexion creases,characteristic of,http://purl.obolibrary.org/obo/UBERON_0019246,palmar skin crease,False,,
http://purl.obolibrary.org/obo/HP_0006159,Mesoaxial hand polydactyly,part of,http://purl.obolibrary.org/obo/UBERON_0002398,manus,False,,
http://purl.obolibrary.org/obo/HP_0006163,Enlarged metacarpophalangeal joints,characteristic of,http://purl.obolibrary.org/obo/UBERON_0003695,metacarpophalangeal joint,False,,
http://purl.obolibrary.org/obo/HP_0006166,Tubular metacarpal bones,characteristic of,http://purl.obolibrary.org/obo/UBERON_0002374,metacarpal bone,False,,
http://purl.obolibrary.org/obo/HP_0006167,Prominent proximal interphalangeal joints,characteristic of,http://purl.obolibrary.org/obo/UBERON_0009767,proximal interphalangeal joint,False,,
http://purl.obolibrary.org/obo/HP_0006176,Two carpal ossification centers present at birth,part of,http://purl.obolibrary.org/obo/UBERON_0001435,carpal bone,False,,
http://purl.obolibrary.org/obo/HP_0006179,Pseudoepiphyses of second metacarpal,characteristic of,http://purl.obolibrary.org/obo/UBERON_0003646,metacarpal bone of digit 2,False,,
http://purl.obolibrary.org/obo/HP_0006180,Crowded carpal bones,characteristic of,http://purl.obolibrary.org/obo/UBERON_0001435,carpal bone,False,,
http://purl.obolibrary.org/obo/HP_0006184,Decreased palmar creases,characteristic of,http://purl.obolibrary.org/obo/UBERON_0019246,palmar skin crease,False,,
http://purl.obolibrary.org/obo/HP_0006185,Enlarged proximal interphalangeal joints,characteristic of,http://purl.obolibrary.org/obo/UBERON_0009767,proximal interphalangeal joint,False,,
http://purl.obolibrary.org/obo/HP_0006191,Deep palmar crease,characteristic of,http://purl.obolibrary.org/obo/UBERON_0019246,palmar skin crease,False,,
http://purl.obolibrary.org/obo/HP_0006192,Tapered phalanx of finger,characteristic of,http://purl.obolibrary.org/obo/UBERON_0001436,phalanx of manus,False,,
http://purl.obolibrary.org/obo/HP_0006201,Hypermobility of distal interphalangeal joints,characteristic of,http://purl.obolibrary.org/obo/UBERON_0009768,distal interphalangeal joint,False,,
http://purl.obolibrary.org/obo/HP_0006202,Osteolysis of scaphoids,occurs in,http://purl.obolibrary.org/obo/UBERON_0001427,radiale,False,,
http://purl.obolibrary.org/obo/HP_0006208,Metaphyseal cupping of proximal phalanges,characteristic of,http://purl.obolibrary.org/obo/UBERON_0003868,proximal phalanx of pes,False,,
http://purl.obolibrary.org/obo/HP_0006233,Osteoarthritis of the distal interphalangeal joint,characteristic of,http://purl.obolibrary.org/obo/UBERON_0009768,distal interphalangeal joint,False,,
http://purl.obolibrary.org/obo/HP_0006236,Slender metacarpals,characteristic of,http://purl.obolibrary.org/obo/UBERON_0002374,metacarpal bone,False,,
http://purl.obolibrary.org/obo/HP_0006237,Prominent interphalangeal joints,characteristic of,http://purl.obolibrary.org/obo/UBERON_0006658,interphalangeal joint,False,,
http://purl.obolibrary.org/obo/HP_0006247,Enlarged interphalangeal joints,characteristic of,http://purl.obolibrary.org/obo/UBERON_0006658,interphalangeal joint,False,,
http://purl.obolibrary.org/obo/HP_0006253,Swelling of proximal interphalangeal joints,characteristic of,http://purl.obolibrary.org/obo/UBERON_0009767,proximal interphalangeal joint,False,,
http://purl.obolibrary.org/obo/HP_0006256,Abnormality of hand joint mobility,characteristic of part of,http://purl.obolibrary.org/obo/UBERON_0003839,forelimb joint,False,,
http://purl.obolibrary.org/obo/HP_0006257,Abnormality of carpal bone ossification,occurs in,http://purl.obolibrary.org/obo/UBERON_0001435,carpal bone,False,,
http://purl.obolibrary.org/obo/HP_0006261,Abnormal phalangeal joint morphology of the hand,characteristic of,http://purl.obolibrary.org/obo/UBERON_0007722,interphalangeal joint of manus,False,,
http://purl.obolibrary.org/obo/HP_0006262,Aplasia/Hypoplasia of the 5th finger,characteristic of,http://purl.obolibrary.org/obo/UBERON_0003625,manual digit 5,False,,
http://purl.obolibrary.org/obo/HP_0006263,Abnormality of the epiphyses of the 2nd finger,part of,http://purl.obolibrary.org/obo/UBERON_0003636,manual digit 2 phalanx,False,,
http://purl.obolibrary.org/obo/HP_0006264,Aplasia/Hypoplasia of the 2nd finger,characteristic of,http://purl.obolibrary.org/obo/UBERON_0003622,manual digit 2,False,,
http://purl.obolibrary.org/obo/HP_0006265,Aplasia/Hypoplasia of fingers,characteristic of,http://purl.obolibrary.org/obo/UBERON_0002389,manual digit,False,,
http://purl.obolibrary.org/obo/HP_0006266,Small placenta,characteristic of,http://purl.obolibrary.org/obo/UBERON_0001987,placenta,False,,
http://purl.obolibrary.org/obo/HP_0006267,Large placenta,characteristic of,http://purl.obolibrary.org/obo/UBERON_0001987,placenta,False,,
http://purl.obolibrary.org/obo/HP_0006270,Hypoplastic spleen,characteristic of,http://purl.obolibrary.org/obo/UBERON_0002106,spleen,False,,
http://purl.obolibrary.org/obo/HP_0006273,Pancreatic lymphangiectasis,part of,http://purl.obolibrary.org/obo/UBERON_0001264,pancreas,False,,
http://purl.obolibrary.org/obo/HP_0006277,Pancreatic hyperplasia,characteristic of,http://purl.obolibrary.org/obo/UBERON_0001264,pancreas,False,,
http://purl.obolibrary.org/obo/HP_0006278,Ectopic pancreatic tissue,part of,http://purl.obolibrary.org/obo/UBERON_0001264,pancreas,False,,
http://purl.obolibrary.org/obo/HP_0006280,Chronic pancreatitis,occurs in,http://purl.obolibrary.org/obo/UBERON_0001264,pancreas,False,,
http://purl.obolibrary.org/obo/HP_0006282,Generalized hypoplasia of dental enamel,characteristic of,http://purl.obolibrary.org/obo/UBERON_0001752,enamel,False,,
http://purl.obolibrary.org/obo/HP_0006289,Agenesis of central incisor,characteristic of,http://purl.obolibrary.org/obo/UBERON_0018551,incisor tooth 1,False,,
http://purl.obolibrary.org/obo/HP_0006293,Agenesis of maxillary central incisor,characteristic of,http://purl.obolibrary.org/obo/UBERON_0018603,upper central incisor tooth,False,,
http://purl.obolibrary.org/obo/HP_0006297,Enamel hypoplasia,characteristic of,http://purl.obolibrary.org/obo/UBERON_0001752,enamel,False,,
http://purl.obolibrary.org/obo/HP_0006302,Dagger-shaped pulp calcifications,characteristic of,http://purl.obolibrary.org/obo/UBERON_0001754,dental pulp,False,,
http://purl.obolibrary.org/obo/HP_0006308,Atrophy of alveolar ridges,characteristic of,http://purl.obolibrary.org/obo/UBERON_0004103,alveolar ridge,False,,
http://purl.obolibrary.org/obo/HP_0006334,Hypoplasia of the primary teeth,characteristic of,http://purl.obolibrary.org/obo/UBERON_0007116,primary dentition,False,,
http://purl.obolibrary.org/obo/HP_0006335,Persistence of primary teeth,characteristic of,http://purl.obolibrary.org/obo/UBERON_0007116,primary dentition,False,,
http://purl.obolibrary.org/obo/HP_0006336,Short dental root,characteristic of,http://purl.obolibrary.org/obo/UBERON_0003677,tooth root,False,,
http://purl.obolibrary.org/obo/HP_0006338,Malformation of mandibular premolar,characteristic of,http://purl.obolibrary.org/obo/UBERON_0016453,lower secondary premolar tooth,False,,
http://purl.obolibrary.org/obo/HP_0006339,Conical mandibular incisor,characteristic of,http://purl.obolibrary.org/obo/UBERON_0003451,lower jaw incisor,False,,
http://purl.obolibrary.org/obo/HP_0006344,Abnormal primary molar morphology,characteristic of,http://purl.obolibrary.org/obo/UBERON_0013616,primary molar tooth,False,,
http://purl.obolibrary.org/obo/HP_0006346,Screwdriver-shaped incisors,characteristic of,http://purl.obolibrary.org/obo/UBERON_0001098,incisor tooth,False,,
http://purl.obolibrary.org/obo/HP_0006347,Microdontia of primary teeth,characteristic of,http://purl.obolibrary.org/obo/UBERON_0007120,premolar tooth,False,,
http://purl.obolibrary.org/obo/HP_0006349,Agenesis of permanent teeth,characteristic of,http://purl.obolibrary.org/obo/UBERON_0007774,secondary dentition,False,,
http://purl.obolibrary.org/obo/HP_0006355,Agenesis of mandibular central incisor,characteristic of,http://purl.obolibrary.org/obo/UBERON_0018601,lower central incisor tooth,False,,
http://purl.obolibrary.org/obo/HP_0006361,Irregular femoral epiphysis,characteristic of,http://purl.obolibrary.org/obo/UBERON_0004384,epiphysis of femur,False,,
http://purl.obolibrary.org/obo/HP_0006366,Adductor longus contractures,characteristic of part of,http://purl.obolibrary.org/obo/UBERON_0000303,adductor longus,False,,
http://purl.obolibrary.org/obo/HP_0006369,Irregular patellae,characteristic of,http://purl.obolibrary.org/obo/UBERON_0002446,patella,False,,
http://purl.obolibrary.org/obo/HP_0006370,Distal ulnar epiphyseal stippling,characteristic of,http://purl.obolibrary.org/obo/UBERON_0004408,distal epiphysis of ulna,False,,
http://purl.obolibrary.org/obo/HP_0006371,Broad long bone diaphyses,part of,http://purl.obolibrary.org/obo/UBERON_0002495,long bone,False,,
http://purl.obolibrary.org/obo/HP_0006378,Osteolysis of patellae,occurs in,http://purl.obolibrary.org/obo/UBERON_0002446,patella,False,,
http://purl.obolibrary.org/obo/HP_0006380,Knee flexion contracture,attached to,http://purl.obolibrary.org/obo/UBERON_0001465,knee,False,,
http://purl.obolibrary.org/obo/HP_0006381,Rudimentary fibula,characteristic of,http://purl.obolibrary.org/obo/UBERON_0001446,fibula,False,,
http://purl.obolibrary.org/obo/HP_0006385,Short lower limbs,characteristic of,http://purl.obolibrary.org/obo/UBERON_0010709,pelvic complex,False,,
http://purl.obolibrary.org/obo/HP_0006386,Hypoplastic distal radial epiphyses,characteristic of,http://purl.obolibrary.org/obo/UBERON_0004407,distal epiphysis of radius,False,,
http://purl.obolibrary.org/obo/HP_0006387,Wide distal femoral metaphysis,characteristic of,http://purl.obolibrary.org/obo/UBERON_0006864,distal metaphysis of femur,False,,
http://purl.obolibrary.org/obo/HP_0006392,Increased density of long bones,characteristic of,http://purl.obolibrary.org/obo/UBERON_0002495,long bone,False,,
http://purl.obolibrary.org/obo/HP_0006398,Flat distal femoral epiphysis,characteristic of,http://purl.obolibrary.org/obo/UBERON_0004406,distal epiphysis of femur,False,,
http://purl.obolibrary.org/obo/HP_0006400,Absent knee epiphyses,part of,http://purl.obolibrary.org/obo/UBERON_0001465,knee,False,,
http://purl.obolibrary.org/obo/HP_0006402,Distal shortening of limbs,characteristic of,http://purl.obolibrary.org/obo/UBERON_0002471,zeugopod,False,,
http://purl.obolibrary.org/obo/HP_0006407,Irregular distal femoral epiphysis,characteristic of,http://purl.obolibrary.org/obo/UBERON_0004406,distal epiphysis of femur,False,,
http://purl.obolibrary.org/obo/HP_0006413,Broad tibial metaphyses,characteristic of,http://purl.obolibrary.org/obo/UBERON_0013750,metaphysis of tibia,False,,
http://purl.obolibrary.org/obo/HP_0006417,Wide femoral metaphysis,characteristic of,http://purl.obolibrary.org/obo/UBERON_0006865,metaphysis of femur,False,,
http://purl.obolibrary.org/obo/HP_0006424,Elongated radius,characteristic of,http://purl.obolibrary.org/obo/UBERON_0001423,radius bone,False,,
http://purl.obolibrary.org/obo/HP_0006426,Rudimentary to absent tibiae,characteristic of,http://purl.obolibrary.org/obo/UBERON_0000979,tibia,False,,
http://purl.obolibrary.org/obo/HP_0006429,Broad femoral neck,characteristic of,http://purl.obolibrary.org/obo/UBERON_0007119,neck of femur,False,,
http://purl.obolibrary.org/obo/HP_0006431,Abnormal proximal femoral metaphysis morphology,characteristic of,http://purl.obolibrary.org/obo/UBERON_0006863,proximal metaphysis of femur,False,,
http://purl.obolibrary.org/obo/HP_0006431,Abnormal proximal femoral metaphysis morphology,characteristic of,http://purl.obolibrary.org/obo/UBERON_0006864,distal metaphysis of femur,False,,
http://purl.obolibrary.org/obo/HP_0006433,Radial ray deficiency,characteristic of,http://purl.obolibrary.org/obo/UBERON_0001423,radius bone,False,,
http://purl.obolibrary.org/obo/HP_0006438,Enlargement of the distal femoral epiphysis,characteristic of,http://purl.obolibrary.org/obo/UBERON_0004406,distal epiphysis of femur,False,,
http://purl.obolibrary.org/obo/HP_0006440,Increased density of long bone diaphyses,part of,http://purl.obolibrary.org/obo/UBERON_0002495,long bone,False,,
http://purl.obolibrary.org/obo/HP_0006442,Hypoplasia of proximal fibula,characteristic of,http://purl.obolibrary.org/obo/UBERON_0008775,proximal epiphysis of fibula,False,,
http://purl.obolibrary.org/obo/HP_0006443,Patellar aplasia,characteristic of,http://purl.obolibrary.org/obo/UBERON_0002446,patella,False,,
http://purl.obolibrary.org/obo/HP_0006446,Dysplastic patella,characteristic of,http://purl.obolibrary.org/obo/UBERON_0002446,patella,False,,
http://purl.obolibrary.org/obo/HP_0006449,Distal radial epiphyseal osteolysis,occurs in,http://purl.obolibrary.org/obo/UBERON_0004407,distal epiphysis of radius,False,,
http://purl.obolibrary.org/obo/HP_0006450,Multicentric ossification of proximal femoral epiphyses,part of,http://purl.obolibrary.org/obo/UBERON_0004412,proximal epiphysis of femur,False,,
http://purl.obolibrary.org/obo/HP_0006453,Lateral displacement of the femoral head,characteristic of,http://purl.obolibrary.org/obo/UBERON_0006767,head of femur,False,,
http://purl.obolibrary.org/obo/HP_0006454,Delayed patellar ossification,occurs in,http://purl.obolibrary.org/obo/UBERON_0002446,patella,False,,
http://purl.obolibrary.org/obo/HP_0006456,Irregular proximal tibial epiphyses,characteristic of,http://purl.obolibrary.org/obo/UBERON_0008772,proximal epiphysis of tibia,False,,
http://purl.obolibrary.org/obo/HP_0006459,Dorsal subluxation of ulna,characteristic of,http://purl.obolibrary.org/obo/UBERON_0001424,ulna,False,,
http://purl.obolibrary.org/obo/HP_0006461,Proximal femoral epiphysiolysis,characteristic of,http://purl.obolibrary.org/obo/UBERON_0000981,femur,False,,
http://purl.obolibrary.org/obo/HP_0006461,Proximal femoral epiphysiolysis,towards,http://purl.obolibrary.org/obo/UBERON_0004412,proximal epiphysis of femur,False,,
http://purl.obolibrary.org/obo/HP_0006462,Generalized bone demineralization,characteristic of,http://purl.obolibrary.org/obo/UBERON_0001474,bone element,False,,
http://purl.obolibrary.org/obo/HP_0006463,Rickets of the lower limbs,characteristic of,http://purl.obolibrary.org/obo/UBERON_0010709,pelvic complex,False,,
http://purl.obolibrary.org/obo/HP_0006466,Ankle flexion contracture,characteristic of,http://purl.obolibrary.org/obo/UBERON_0004454,tarsal region,False,,
http://purl.obolibrary.org/obo/HP_0006470,Thin long bone diaphyses,part of,http://purl.obolibrary.org/obo/UBERON_0002495,long bone,False,,
http://purl.obolibrary.org/obo/HP_0006476,Abnormality of the pancreatic islet cells,part of,http://purl.obolibrary.org/obo/UBERON_0000006,islet of Langerhans,False,,
http://purl.obolibrary.org/obo/HP_0006477,Abnormal alveolar ridge morphology,characteristic of part of,http://purl.obolibrary.org/obo/UBERON_0004103,alveolar ridge,False,,
http://purl.obolibrary.org/obo/HP_0006479,Abnormal dental pulp morphology,characteristic of part of,http://purl.obolibrary.org/obo/UBERON_0001754,dental pulp,False,,
http://purl.obolibrary.org/obo/HP_0006481,Abnormality of primary teeth,characteristic of part of,http://purl.obolibrary.org/obo/UBERON_0007116,primary dentition,False,,
http://purl.obolibrary.org/obo/HP_0006482,Abnormal dental morphology,characteristic of,http://purl.obolibrary.org/obo/UBERON_0001091,calcareous tooth,False,,
http://purl.obolibrary.org/obo/HP_0006483,Abnormal number of teeth,characteristic of,http://purl.obolibrary.org/obo/UBERON_0001091,calcareous tooth,False,,
http://purl.obolibrary.org/obo/HP_0006485,Agenesis of incisor,characteristic of,http://purl.obolibrary.org/obo/UBERON_0001098,incisor tooth,False,,
http://purl.obolibrary.org/obo/HP_0006486,Abnormal dental root morphology,characteristic of part of,http://purl.obolibrary.org/obo/UBERON_0003677,tooth root,False,,
http://purl.obolibrary.org/obo/HP_0006487,Bowing of the long bones,characteristic of,http://purl.obolibrary.org/obo/UBERON_0002495,long bone,False,,
http://purl.obolibrary.org/obo/HP_0006488,Bowing of the arm,characteristic of,http://purl.obolibrary.org/obo/UBERON_0008962,forelimb bone,False,,
http://purl.obolibrary.org/obo/HP_0006489,Abnormal femoral metaphysis morphology,characteristic of part of,http://purl.obolibrary.org/obo/UBERON_0006865,metaphysis of femur,False,,
http://purl.obolibrary.org/obo/HP_0006490,Abnormal lower-limb metaphysis morphology,part of,http://purl.obolibrary.org/obo/UBERON_0010709,pelvic complex,False,,
http://purl.obolibrary.org/obo/HP_0006491,Abnormal tibial metaphysis morphology,characteristic of part of,http://purl.obolibrary.org/obo/UBERON_0013750,metaphysis of tibia,False,,
http://purl.obolibrary.org/obo/HP_0006492,Aplasia/Hypoplasia of the fibula,characteristic of,http://purl.obolibrary.org/obo/UBERON_0001446,fibula,False,,
http://purl.obolibrary.org/obo/HP_0006493,Aplasia/hypoplasia involving bones of the lower limbs,characteristic of part of,http://purl.obolibrary.org/obo/UBERON_0012476,skeleton of pelvic complex,False,,
http://purl.obolibrary.org/obo/HP_0006494,Aplasia/Hypoplasia involving bones of the feet,characteristic of part of,http://purl.obolibrary.org/obo/UBERON_0001445,skeleton of pes,False,,
http://purl.obolibrary.org/obo/HP_0006495,Aplasia/Hypoplasia of the ulna,characteristic of,http://purl.obolibrary.org/obo/UBERON_0001424,ulna,False,,
http://purl.obolibrary.org/obo/HP_0006496,Aplasia/hypoplasia involving bones of the upper limbs,characteristic of part of,http://purl.obolibrary.org/obo/UBERON_0012475,skeleton of pectoral complex,False,,
http://purl.obolibrary.org/obo/HP_0006498,Aplasia/Hypoplasia of the patella,characteristic of,http://purl.obolibrary.org/obo/UBERON_0002446,patella,False,,
http://purl.obolibrary.org/obo/HP_0006499,Abnormal femoral epiphysis morphology,characteristic of part of,http://purl.obolibrary.org/obo/UBERON_0004384,epiphysis of femur,False,,
http://purl.obolibrary.org/obo/HP_0006500,Abnormal lower limb epiphysis morphology,part of,http://purl.obolibrary.org/obo/UBERON_0010709,pelvic complex,False,,
http://purl.obolibrary.org/obo/HP_0006501,Aplasia/Hypoplasia of the radius,characteristic of,http://purl.obolibrary.org/obo/UBERON_0001423,radius bone,False,,
http://purl.obolibrary.org/obo/HP_0006502,Aplasia/Hypoplasia involving the carpal bones,characteristic of,http://purl.obolibrary.org/obo/UBERON_0001435,carpal bone,False,,
http://purl.obolibrary.org/obo/HP_0006503,Aplasia/hypoplasia involving forearm bones,characteristic of part of,http://purl.obolibrary.org/obo/UBERON_0003466,forelimb zeugopod bone,False,,
http://purl.obolibrary.org/obo/HP_0006505,Abnormal limb epiphysis morphology,part of,http://purl.obolibrary.org/obo/UBERON_0010707,appendage girdle complex,False,,
http://purl.obolibrary.org/obo/HP_0006507,Aplasia/hypoplasia of the humerus,characteristic of,http://purl.obolibrary.org/obo/UBERON_0000976,humerus,False,,
http://purl.obolibrary.org/obo/HP_0006508,Abnormality of tibial epiphyses,characteristic of part of,http://purl.obolibrary.org/obo/UBERON_0004383,epiphysis of tibia,False,,
http://purl.obolibrary.org/obo/HP_0006511,Laryngeal stridor,characteristic of,http://purl.obolibrary.org/obo/UBERON_0001737,larynx,False,,
http://purl.obolibrary.org/obo/HP_0006514,Intraalveolar nodular calcifications,characteristic of,http://purl.obolibrary.org/obo/UBERON_0002299,alveolus of lung,False,,
http://purl.obolibrary.org/obo/HP_0006529,Abnormal pulmonary lymphatics,characteristic of part of,http://purl.obolibrary.org/obo/UBERON_0018226,pulmonary part of lymphatic system,False,,
http://purl.obolibrary.org/obo/HP_0006533,Bronchodysplasia,characteristic of part of,http://purl.obolibrary.org/obo/UBERON_0002185,bronchus,False,,
http://purl.obolibrary.org/obo/HP_0006535,Recurrent intrapulmonary hemorrhage,part of,http://purl.obolibrary.org/obo/UBERON_0002048,lung,False,,
http://purl.obolibrary.org/obo/HP_0006539,Bronchial cartilage hypoplasia,characteristic of,http://purl.obolibrary.org/obo/UBERON_0001956,cartilage of bronchus,False,,
http://purl.obolibrary.org/obo/HP_0006554,Acute hepatic failure,characteristic of,http://purl.obolibrary.org/obo/UBERON_0002107,liver,False,,
http://purl.obolibrary.org/obo/HP_0006559,Hepatic calcification,characteristic of,http://purl.obolibrary.org/obo/UBERON_0002107,liver,False,,
http://purl.obolibrary.org/obo/HP_0006560,Biliary hyperplasia,characteristic of,http://purl.obolibrary.org/obo/UBERON_0001173,biliary tree,False,,
http://purl.obolibrary.org/obo/HP_0006568,Increased hepatic glycogen content,part of,http://purl.obolibrary.org/obo/UBERON_0002107,liver,False,,
http://purl.obolibrary.org/obo/HP_0006571,Reduced number of intrahepatic bile ducts,characteristic of,http://purl.obolibrary.org/obo/UBERON_0003704,intrahepatic bile duct,False,,
http://purl.obolibrary.org/obo/HP_0006580,Portal fibrosis,characteristic of,http://purl.obolibrary.org/obo/UBERON_0002017,portal vein,False,,
http://purl.obolibrary.org/obo/HP_0006585,Congenital pseudoarthrosis of the clavicle,characteristic of,http://purl.obolibrary.org/obo/UBERON_0001105,clavicle bone,False,,
http://purl.obolibrary.org/obo/HP_0006591,Absent glenoid fossa,characteristic of,http://purl.obolibrary.org/obo/UBERON_0006657,glenoid fossa,False,,
http://purl.obolibrary.org/obo/HP_0006597,Diaphragmatic paralysis,characteristic of,http://purl.obolibrary.org/obo/UBERON_0001103,diaphragm,False,,
http://purl.obolibrary.org/obo/HP_0006598,Irregular ossification at anterior rib ends,occurs in,http://purl.obolibrary.org/obo/UBERON_0002235,tubercle of rib,False,,
http://purl.obolibrary.org/obo/HP_0006600,Progressive calcification of costochondral cartilage,characteristic of,http://purl.obolibrary.org/obo/UBERON_0002293,costochondral joint,False,,
http://purl.obolibrary.org/obo/HP_0006606,Irregular chondrocostal junctions,characteristic of,http://purl.obolibrary.org/obo/UBERON_0002293,costochondral joint,False,,
http://purl.obolibrary.org/obo/HP_0006607,Precocious costochondral ossification,occurs in,http://purl.obolibrary.org/obo/UBERON_0002293,costochondral joint,False,,
http://purl.obolibrary.org/obo/HP_0006610,Wide intermamillary distance,characteristic of,http://purl.obolibrary.org/obo/UBERON_0013771,line connecting laterally paired nipples,False,,
http://purl.obolibrary.org/obo/HP_0006611,Decreased number of sternal ossification centers,part of,http://purl.obolibrary.org/obo/UBERON_0000975,sternum,False,,
http://purl.obolibrary.org/obo/HP_0006619,Anterior rib punctate calcifications,characteristic of,http://purl.obolibrary.org/obo/UBERON_4100117,presacral rib,False,,
http://purl.obolibrary.org/obo/HP_0006628,Absent sternal ossification,occurs in,http://purl.obolibrary.org/obo/UBERON_0000975,sternum,False,,
http://purl.obolibrary.org/obo/HP_0006633,Glenoid fossa hypoplasia,characteristic of,http://purl.obolibrary.org/obo/UBERON_0006657,glenoid fossa,False,,
http://purl.obolibrary.org/obo/HP_0006637,Sternal punctate calcifications,characteristic of,http://purl.obolibrary.org/obo/UBERON_0000975,sternum,False,,
http://purl.obolibrary.org/obo/HP_0006640,Multiple rib fractures,characteristic of,http://purl.obolibrary.org/obo/UBERON_0002228,rib,False,,
http://purl.obolibrary.org/obo/HP_0006641,Prominent floating ribs,characteristic of,http://purl.obolibrary.org/obo/UBERON_0002239,floating rib,False,,
http://purl.obolibrary.org/obo/HP_0006642,Large sternal ossification centers,part of,http://purl.obolibrary.org/obo/UBERON_0000975,sternum,False,,
http://purl.obolibrary.org/obo/HP_0006643,Fused sternal ossification centers,characteristic of,http://purl.obolibrary.org/obo/UBERON_0010355,ossification center,False,,
http://purl.obolibrary.org/obo/HP_0006643,Fused sternal ossification centers,characteristic of part of,http://purl.obolibrary.org/obo/UBERON_0000975,sternum,False,,
http://purl.obolibrary.org/obo/HP_0006643,Fused sternal ossification centers,towards,http://purl.obolibrary.org/obo/UBERON_0010355,ossification center,False,,
http://purl.obolibrary.org/obo/HP_0006644,Thoracic dysplasia,characteristic of,http://purl.obolibrary.org/obo/UBERON_0001443,chest,False,,
http://purl.obolibrary.org/obo/HP_0006645,Thin clavicles,characteristic of,http://purl.obolibrary.org/obo/UBERON_0001105,clavicle bone,False,,
http://purl.obolibrary.org/obo/HP_0006646,Costal cartilage calcification,characteristic of,http://purl.obolibrary.org/obo/UBERON_0002236,costal cartilage,False,,
http://purl.obolibrary.org/obo/HP_0006657,Hypoplasia of first ribs,characteristic of,http://purl.obolibrary.org/obo/UBERON_0004601,rib 1,False,,
http://purl.obolibrary.org/obo/HP_0006659,Internally rotated shoulders,characteristic of,http://purl.obolibrary.org/obo/UBERON_0001467,shoulder,False,,
http://purl.obolibrary.org/obo/HP_0006660,Aplastic clavicle,characteristic of,http://purl.obolibrary.org/obo/UBERON_0001105,clavicle bone,False,,
http://purl.obolibrary.org/obo/HP_0006668,Twelfth rib hypoplasia,characteristic of,http://purl.obolibrary.org/obo/UBERON_0004611,rib 12,False,,
http://purl.obolibrary.org/obo/HP_0006681,Absent atrioventricular node,characteristic of,http://purl.obolibrary.org/obo/UBERON_0002352,atrioventricular node,False,,
http://purl.obolibrary.org/obo/HP_0006685,Endocardial fibrosis,characteristic of,http://purl.obolibrary.org/obo/UBERON_0002165,endocardium,False,,
http://purl.obolibrary.org/obo/HP_0006690,Myocardial calcification,characteristic of,http://purl.obolibrary.org/obo/UBERON_0002349,myocardium,False,,
http://purl.obolibrary.org/obo/HP_0006692,Short chordae tendineae of the tricuspid valve,characteristic of,http://purl.obolibrary.org/obo/UBERON_0014852,chorda tendinea of right ventricle,False,,
http://purl.obolibrary.org/obo/HP_0006693,Myocardial steatosis,part of,http://purl.obolibrary.org/obo/UBERON_0002349,myocardium,False,,
http://purl.obolibrary.org/obo/HP_0006695,Atrioventricular canal defect,characteristic of part of,http://purl.obolibrary.org/obo/UBERON_0002087,atrioventricular canal,False,,
http://purl.obolibrary.org/obo/HP_0006703,Aplasia/Hypoplasia of the lungs,characteristic of,http://purl.obolibrary.org/obo/UBERON_0002048,lung,False,,
http://purl.obolibrary.org/obo/HP_0006704,Abnormal coronary artery morphology,characteristic of part of,http://purl.obolibrary.org/obo/UBERON_0001621,coronary artery,False,,
http://purl.obolibrary.org/obo/HP_0006705,Abnormal atrioventricular valve morphology,characteristic of part of,http://purl.obolibrary.org/obo/UBERON_0002133,atrioventricular valve,False,,
http://purl.obolibrary.org/obo/HP_0006707,Abnormality of the hepatic vasculature,characteristic of part of,http://purl.obolibrary.org/obo/UBERON_0006877,vasculature of liver,False,,
http://purl.obolibrary.org/obo/HP_0006709,Aplasia/Hypoplasia of the nipples,characteristic of,http://purl.obolibrary.org/obo/UBERON_0002030,nipple,False,,
http://purl.obolibrary.org/obo/HP_0006710,Aplasia/Hypoplasia of the clavicles,characteristic of,http://purl.obolibrary.org/obo/UBERON_0001105,clavicle bone,False,,
http://purl.obolibrary.org/obo/HP_0006711,Aplasia/Hypoplasia involving bones of the thorax,characteristic of,http://purl.obolibrary.org/obo/UBERON_0014477,thoracic skeleton,False,,
http://purl.obolibrary.org/obo/HP_0006712,Aplasia/Hypoplasia of the ribs,characteristic of,http://purl.obolibrary.org/obo/UBERON_0002228,rib,False,,
http://purl.obolibrary.org/obo/HP_0006713,Aplasia/Hypoplasia of the scapulae,characteristic of,http://purl.obolibrary.org/obo/UBERON_0006849,scapula,False,,
http://purl.obolibrary.org/obo/HP_0006714,Aplasia/Hypoplasia of the sternum,characteristic of,http://purl.obolibrary.org/obo/UBERON_0000975,sternum,False,,
http://purl.obolibrary.org/obo/HP_0006739,Squamous cell carcinoma of the skin,characteristic of,http://purl.obolibrary.org/obo/UBERON_0002097,skin of body,False,,
http://purl.obolibrary.org/obo/HP_0006769,Myxoid subcutaneous tumors,part of,http://purl.obolibrary.org/obo/UBERON_0011818,superficial fascia,False,,
http://purl.obolibrary.org/obo/HP_0006784,Paranasal sinus hypoplasia,characteristic of,http://purl.obolibrary.org/obo/UBERON_0001825,paranasal sinus,False,,
http://purl.obolibrary.org/obo/HP_0006799,Basal ganglia cysts,characteristic of,http://purl.obolibrary.org/obo/UBERON_0002420,basal ganglion,False,,
http://purl.obolibrary.org/obo/HP_0006808,Cerebral hypomyelination,part of,http://purl.obolibrary.org/obo/UBERON_0000955,brain,False,,
http://purl.obolibrary.org/obo/HP_0006817,Aplasia/Hypoplasia of the cerebellar vermis,characteristic of part of,http://purl.obolibrary.org/obo/UBERON_0004720,cerebellar vermis,False,,
http://purl.obolibrary.org/obo/HP_0006824,Cranial nerve paralysis,characteristic of,http://purl.obolibrary.org/obo/UBERON_0001785,cranial nerve,False,,
http://purl.obolibrary.org/obo/HP_0006829,Severe muscular hypotonia,characteristic of,http://purl.obolibrary.org/obo/UBERON_0001630,muscle organ,False,,
http://purl.obolibrary.org/obo/HP_0006850,Hypoplasia of the ventral pons,characteristic of,http://purl.obolibrary.org/obo/UBERON_0002567,basal part of pons,False,,
http://purl.obolibrary.org/obo/HP_0006855,Cerebellar vermis atrophy,characteristic of,http://purl.obolibrary.org/obo/UBERON_0004720,cerebellar vermis,False,,
http://purl.obolibrary.org/obo/HP_0006872,Cerebral hypoplasia,characteristic of,http://purl.obolibrary.org/obo/UBERON_0001893,telencephalon,False,,
http://purl.obolibrary.org/obo/HP_0006888,Meningoencephalocele,characteristic of,http://purl.obolibrary.org/obo/UBERON_0002360,meninx,False,,
http://purl.obolibrary.org/obo/HP_0006888,Meningoencephalocele,towards,http://purl.obolibrary.org/obo/UBERON_0003129,skull,False,,
http://purl.obolibrary.org/obo/HP_0006891,Thick cerebral cortex,characteristic of,http://purl.obolibrary.org/obo/UBERON_0000956,cerebral cortex,False,,
http://purl.obolibrary.org/obo/HP_0006894,Hypoplastic olfactory lobes,characteristic of,http://purl.obolibrary.org/obo/UBERON_0005366,olfactory lobe,False,,
http://purl.obolibrary.org/obo/HP_0006895,Lower limb hypertonia,characteristic of,http://purl.obolibrary.org/obo/UBERON_0001383,muscle of leg,False,,
http://purl.obolibrary.org/obo/HP_0006897,Abducens palsy,characteristic of part of,http://purl.obolibrary.org/obo/UBERON_0001646,abducens nerve,False,,
http://purl.obolibrary.org/obo/HP_0006899,Fusion of the cerebellar hemispheres,characteristic of,http://purl.obolibrary.org/obo/UBERON_0014889,left hemisphere of cerebellum,False,,
http://purl.obolibrary.org/obo/HP_0006899,Fusion of the cerebellar hemispheres,towards,http://purl.obolibrary.org/obo/UBERON_0014890,right hemisphere of cerebellum,False,,
http://purl.obolibrary.org/obo/HP_0006921,Axial muscle stiffness,characteristic of,http://purl.obolibrary.org/obo/UBERON_0003897,axial muscle,False,,
http://purl.obolibrary.org/obo/HP_0006930,Frontoparietal cortical dysplasia,characteristic of,http://purl.obolibrary.org/obo/UBERON_0001870,frontal cortex,False,,
http://purl.obolibrary.org/obo/HP_0006930,Frontoparietal cortical dysplasia,characteristic of,http://purl.obolibrary.org/obo/UBERON_0016530,parietal cortex,False,,
http://purl.obolibrary.org/obo/HP_0006931,Pericallosal lipoma,characteristic of,http://purl.obolibrary.org/obo/UBERON_0002336,corpus callosum,False,,
http://purl.obolibrary.org/obo/HP_0006956,Lateral ventricle dilatation,characteristic of,http://purl.obolibrary.org/obo/UBERON_0002285,telencephalic ventricle,False,,
http://purl.obolibrary.org/obo/HP_0006959,Proximal spinal muscular atrophy,characteristic of,http://purl.obolibrary.org/obo/UBERON_0002240,spinal cord,False,,
http://purl.obolibrary.org/obo/HP_0006960,Choroid plexus calcification,characteristic of,http://purl.obolibrary.org/obo/UBERON_0001886,choroid plexus,False,,
http://purl.obolibrary.org/obo/HP_0006986,Upper limb spasticity,characteristic of,http://purl.obolibrary.org/obo/UBERON_0010708,pectoral complex,False,,
http://purl.obolibrary.org/obo/HP_0006989,Dysplastic corpus callosum,characteristic of,http://purl.obolibrary.org/obo/UBERON_0002336,corpus callosum,False,,
http://purl.obolibrary.org/obo/HP_0006999,Basal ganglia gliosis,occurs in,http://purl.obolibrary.org/obo/UBERON_0002420,basal ganglion,False,,
http://purl.obolibrary.org/obo/HP_0007001,Loss of Purkinje cells in the cerebellar vermis,characteristic of part of,http://purl.obolibrary.org/obo/UBERON_0004720,cerebellar vermis,False,,
http://purl.obolibrary.org/obo/HP_0007009,Central nervous system degeneration,characteristic of,http://purl.obolibrary.org/obo/UBERON_0001017,central nervous system,False,,
http://purl.obolibrary.org/obo/HP_0007011,Fourth cranial nerve palsy,characteristic of part of,http://purl.obolibrary.org/obo/UBERON_0001644,trochlear nerve,False,,
http://purl.obolibrary.org/obo/HP_0007016,Corticospinal tract hypoplasia,characteristic of,http://purl.obolibrary.org/obo/UBERON_0002707,corticospinal tract,False,,
http://purl.obolibrary.org/obo/HP_0007027,Poorly formed metencephalon,characteristic of,http://purl.obolibrary.org/obo/UBERON_0001895,metencephalon,False,,
http://purl.obolibrary.org/obo/HP_0007033,Cerebellar dysplasia,characteristic of,http://purl.obolibrary.org/obo/UBERON_0002037,cerebellum,False,,
http://purl.obolibrary.org/obo/HP_0007036,Hypoplasia of olfactory tract,characteristic of,http://purl.obolibrary.org/obo/UBERON_0002265,olfactory tract,False,,
http://purl.obolibrary.org/obo/HP_0007047,Atrophy of the dentate nucleus,characteristic of,http://purl.obolibrary.org/obo/UBERON_0002132,dentate nucleus,False,,
http://purl.obolibrary.org/obo/HP_0007048,Large basal ganglia,characteristic of,http://purl.obolibrary.org/obo/UBERON_0002420,basal ganglion,False,,
http://purl.obolibrary.org/obo/HP_0007074,Thick corpus callosum,characteristic of,http://purl.obolibrary.org/obo/UBERON_0002336,corpus callosum,False,,
http://purl.obolibrary.org/obo/HP_0007082,Dilated third ventricle,characteristic of,http://purl.obolibrary.org/obo/UBERON_0002286,third ventricle,False,,
http://purl.obolibrary.org/obo/HP_0007083,Hyperactive patellar reflex,occurs in,http://purl.obolibrary.org/obo/UBERON_0002446,patella,False,,
http://purl.obolibrary.org/obo/HP_0007096,Hypoplasia of the optic tract,characteristic of,http://purl.obolibrary.org/obo/UBERON_0001908,optic tract,False,,
http://purl.obolibrary.org/obo/HP_0007115,Naso-orbital encephalocele,characteristic of,http://purl.obolibrary.org/obo/UBERON_0000479,tissue,False,,
http://purl.obolibrary.org/obo/HP_0007115,Naso-orbital encephalocele,characteristic of part of,http://purl.obolibrary.org/obo/UBERON_0000955,brain,False,,
http://purl.obolibrary.org/obo/HP_0007115,Naso-orbital encephalocele,towards,http://purl.obolibrary.org/obo/UBERON_0001697,orbit of skull,False,,
http://purl.obolibrary.org/obo/HP_0007117,Corticospinal tract atrophy,characteristic of,http://purl.obolibrary.org/obo/UBERON_0002707,corticospinal tract,False,,
http://purl.obolibrary.org/obo/HP_0007129,Cerebellar medulloblastoma,characteristic of,http://purl.obolibrary.org/obo/UBERON_0002037,cerebellum,False,,
http://purl.obolibrary.org/obo/HP_0007132,Pallidal degeneration,characteristic of,http://purl.obolibrary.org/obo/UBERON_0001875,globus pallidus,False,,
http://purl.obolibrary.org/obo/HP_0007156,Asymmetric limb muscle stiffness,characteristic of,http://purl.obolibrary.org/obo/UBERON_0004480,musculature of limb,False,,
http://purl.obolibrary.org/obo/HP_0007181,Interosseus muscle atrophy,characteristic of,http://purl.obolibrary.org/obo/UBERON_0001502,interosseous muscle of manus,False,,
http://purl.obolibrary.org/obo/HP_0007182,Peripheral hypomyelination,part of,http://purl.obolibrary.org/obo/UBERON_0000010,peripheral nervous system,False,,
http://purl.obolibrary.org/obo/HP_0007190,Neuronal loss in the cerebral cortex,part of,http://purl.obolibrary.org/obo/UBERON_0000956,cerebral cortex,False,,
http://purl.obolibrary.org/obo/HP_0007201,Cerebral artery atherosclerosis,part of,http://purl.obolibrary.org/obo/UBERON_0004449,cerebral artery,False,,
http://purl.obolibrary.org/obo/HP_0007209,Facial paralysis,characteristic of,http://purl.obolibrary.org/obo/UBERON_0001577,facial muscle,False,,
http://purl.obolibrary.org/obo/HP_0007210,Lower limb amyotrophy,characteristic of,http://purl.obolibrary.org/obo/UBERON_0004482,musculature of lower limb,False,,
http://purl.obolibrary.org/obo/HP_0007229,Intracerebral periventricular calcifications,characteristic of,http://purl.obolibrary.org/obo/UBERON_0014932,periventricular white matter,False,,
http://purl.obolibrary.org/obo/HP_0007256,Abnormal pyramidal sign,characteristic of,http://purl.obolibrary.org/obo/UBERON_0002707,corticospinal tract,False,,
http://purl.obolibrary.org/obo/HP_0007265,Absent mesencephalon,characteristic of,http://purl.obolibrary.org/obo/UBERON_0001891,midbrain,False,,
http://purl.obolibrary.org/obo/HP_0007266,Cerebral dysmyelination,occurs in,http://purl.obolibrary.org/obo/UBERON_0003544,brain white matter,False,,
http://purl.obolibrary.org/obo/HP_0007269,Spinal muscular atrophy,characteristic of,http://purl.obolibrary.org/obo/UBERON_0001130,vertebral column,False,,
http://purl.obolibrary.org/obo/HP_0007291,Posterior fossa cyst,part of,http://purl.obolibrary.org/obo/UBERON_0008788,posterior cranial fossa,False,,
http://purl.obolibrary.org/obo/HP_0007299,Dysfunction of lateral corticospinal tracts,characteristic of,http://purl.obolibrary.org/obo/UBERON_0002589,lateral corticospinal tract,False,,
http://purl.obolibrary.org/obo/HP_0007305,CNS demyelination,part of,http://purl.obolibrary.org/obo/UBERON_0001017,central nervous system,False,,
http://purl.obolibrary.org/obo/HP_0007313,Cerebral degeneration,characteristic of,http://purl.obolibrary.org/obo/UBERON_0001893,telencephalon,False,,
http://purl.obolibrary.org/obo/HP_0007330,Frontoethmoidal encephalocele,characteristic of,http://purl.obolibrary.org/obo/UBERON_0000479,tissue,False,,
http://purl.obolibrary.org/obo/HP_0007330,Frontoethmoidal encephalocele,characteristic of part of,http://purl.obolibrary.org/obo/UBERON_0000955,brain,False,,
http://purl.obolibrary.org/obo/HP_0007330,Frontoethmoidal encephalocele,towards,http://purl.obolibrary.org/obo/UBERON_0000209,tetrapod frontal bone,False,,
http://purl.obolibrary.org/obo/HP_0007333,Hypoplasia of the frontal lobes,characteristic of,http://purl.obolibrary.org/obo/UBERON_0001870,frontal cortex,False,,
http://purl.obolibrary.org/obo/HP_0007340,Lower limb muscle weakness,characteristic of,http://purl.obolibrary.org/obo/UBERON_0010890,pelvic complex muscle,False,,
http://purl.obolibrary.org/obo/HP_0007341,Diffuse swelling of cerebral white matter,characteristic of,http://purl.obolibrary.org/obo/UBERON_0002437,cerebral hemisphere white matter,False,,
http://purl.obolibrary.org/obo/HP_0007343,Abnormal morphology of the limbic system,characteristic of,http://purl.obolibrary.org/obo/UBERON_0000349,limbic system,False,,
http://purl.obolibrary.org/obo/HP_0007344,Atrophy/Degeneration involving the spinal cord,characteristic of part of,http://purl.obolibrary.org/obo/UBERON_0002240,spinal cord,False,,
http://purl.obolibrary.org/obo/HP_0007350,Upper limb hyperreflexia,occurs in,http://purl.obolibrary.org/obo/UBERON_0010708,pectoral complex,False,,
http://purl.obolibrary.org/obo/HP_0007351,Upper limb postural tremor,characteristic of,http://purl.obolibrary.org/obo/UBERON_0010708,pectoral complex,False,,
http://purl.obolibrary.org/obo/HP_0007352,Cerebellar calcifications,characteristic of,http://purl.obolibrary.org/obo/UBERON_0002037,cerebellum,False,,
http://purl.obolibrary.org/obo/HP_0007360,Aplasia/Hypoplasia of the cerebellum,characteristic of,http://purl.obolibrary.org/obo/UBERON_0002037,cerebellum,False,,
http://purl.obolibrary.org/obo/HP_0007361,Abnormal pons morphology,characteristic of part of,http://purl.obolibrary.org/obo/UBERON_0000988,pons,False,,
http://purl.obolibrary.org/obo/HP_0007362,Aplasia/Hypoplasia of the brainstem,characteristic of,http://purl.obolibrary.org/obo/UBERON_0002298,brainstem,False,,
http://purl.obolibrary.org/obo/HP_0007364,Aplasia/Hypoplasia of the cerebrum,characteristic of,http://purl.obolibrary.org/obo/UBERON_0001893,telencephalon,False,,
http://purl.obolibrary.org/obo/HP_0007365,Aplasia/Hypoplasia involving the corticospinal tracts,characteristic of,http://purl.obolibrary.org/obo/UBERON_0002707,corticospinal tract,False,,
http://purl.obolibrary.org/obo/HP_0007366,Atrophy/Degeneration affecting the brainstem,characteristic of part of,http://purl.obolibrary.org/obo/UBERON_0002298,brainstem,False,,
http://purl.obolibrary.org/obo/HP_0007367,Atrophy/Degeneration affecting the central nervous system,characteristic of part of,http://purl.obolibrary.org/obo/UBERON_0001017,central nervous system,False,,
http://purl.obolibrary.org/obo/HP_0007369,Atrophy/Degeneration affecting the cerebrum,characteristic of part of,http://purl.obolibrary.org/obo/UBERON_0001893,telencephalon,False,,
http://purl.obolibrary.org/obo/HP_0007370,Aplasia/Hypoplasia of the corpus callosum,characteristic of,http://purl.obolibrary.org/obo/UBERON_0002336,corpus callosum,False,,
http://purl.obolibrary.org/obo/HP_0007371,Corpus callosum atrophy,characteristic of,http://purl.obolibrary.org/obo/UBERON_0002336,corpus callosum,False,,
http://purl.obolibrary.org/obo/HP_0007374,Atrophy/Degeneration involving the caudate nucleus,characteristic of part of,http://purl.obolibrary.org/obo/UBERON_0001873,caudate nucleus,False,,
http://purl.obolibrary.org/obo/HP_0007375,Abnormal septum pellucidum morphology,characteristic of part of,http://purl.obolibrary.org/obo/UBERON_0004714,septum pellucidum,False,,
http://purl.obolibrary.org/obo/HP_0007376,Abnormal choroid plexus morphology,characteristic of part of,http://purl.obolibrary.org/obo/UBERON_0001886,choroid plexus,False,,
http://purl.obolibrary.org/obo/HP_0007385,Aplasia cutis congenita of scalp,characteristic of,http://purl.obolibrary.org/obo/UBERON_0000403,scalp,False,,
http://purl.obolibrary.org/obo/HP_0007387,Hypoplastic sweat glands,characteristic of part of,http://purl.obolibrary.org/obo/UBERON_0001820,sweat gland,False,,
http://purl.obolibrary.org/obo/HP_0007392,Excessive wrinkled skin,characteristic of,http://purl.obolibrary.org/obo/UBERON_0002097,skin of body,False,,
http://purl.obolibrary.org/obo/HP_0007397,Axillary apocrine gland hypoplasia,part of,http://purl.obolibrary.org/obo/UBERON_0009472,axilla,False,,
http://purl.obolibrary.org/obo/HP_0007403,Hypertrophy of skin of soles,characteristic of,http://purl.obolibrary.org/obo/UBERON_0013778,skin of sole of pes,False,,
http://purl.obolibrary.org/obo/HP_0007406,Hyperpigmentation of eyelids,occurs in,http://purl.obolibrary.org/obo/UBERON_0001711,eyelid,False,,
http://purl.obolibrary.org/obo/HP_0007413,Nevus flammeus of the forehead,characteristic of,http://purl.obolibrary.org/obo/UBERON_0008200,forehead,False,,
http://purl.obolibrary.org/obo/HP_0007421,Telangiectases of the cheeks,part of,http://purl.obolibrary.org/obo/UBERON_0008803,skin of cheek,False,,
http://purl.obolibrary.org/obo/HP_0007430,Generalized edema,characteristic of part of,http://purl.obolibrary.org/obo/UBERON_0000468,multicellular organism,False,,
http://purl.obolibrary.org/obo/HP_0007440,Generalized hyperpigmentation,occurs in,http://purl.obolibrary.org/obo/UBERON_0000468,multicellular organism,False,,
http://purl.obolibrary.org/obo/HP_0007452,Midface capillary hemangioma,characteristic of,http://purl.obolibrary.org/obo/UBERON_0004089,midface,False,,
http://purl.obolibrary.org/obo/HP_0007457,Prominent veins on trunk,part of,http://purl.obolibrary.org/obo/UBERON_0002100,trunk,False,,
http://purl.obolibrary.org/obo/HP_0007460,Autoamputation of digits,towards,http://purl.obolibrary.org/obo/UBERON_0002544,digit,False,,
http://purl.obolibrary.org/obo/HP_0007485,Absence of subcutaneous fat,characteristic of,http://purl.obolibrary.org/obo/UBERON_0002190,subcutaneous adipose tissue,False,,
http://purl.obolibrary.org/obo/HP_0007500,Decreased number of sweat glands,characteristic of,http://purl.obolibrary.org/obo/UBERON_0001820,sweat gland,False,,
http://purl.obolibrary.org/obo/HP_0007513,Generalized hypopigmentation,occurs in,http://purl.obolibrary.org/obo/UBERON_0000468,multicellular organism,False,,
http://purl.obolibrary.org/obo/HP_0007515,Hypoplastic pilosebaceous units,characteristic of,http://purl.obolibrary.org/obo/UBERON_0011932,pilosebaceous unit,False,,
http://purl.obolibrary.org/obo/HP_0007521,Irregular hyperpigmentation of back,characteristic of,http://purl.obolibrary.org/obo/UBERON_0001068,skin of back,False,,
http://purl.obolibrary.org/obo/HP_0007537,Severe photosensitivity,characteristic of,http://purl.obolibrary.org/obo/UBERON_0010230,eyeball of camera-type eye,False,,
http://purl.obolibrary.org/obo/HP_0007542,Absent pigmentation of the ventral chest,occurs in,http://purl.obolibrary.org/obo/UBERON_0019200,skin of anterior chest,False,,
http://purl.obolibrary.org/obo/HP_0007576,Palmar neurofibroma,characteristic of,http://purl.obolibrary.org/obo/UBERON_0016430,palmar branch of median nerve,False,,
http://purl.obolibrary.org/obo/HP_0007592,Aplasia/Hypoplasia of the eccrine sweat glands,characteristic of part of,http://purl.obolibrary.org/obo/UBERON_0000423,eccrine sweat gland,False,,
http://purl.obolibrary.org/obo/HP_0007605,Excessive wrinkling of palmar skin,characteristic of,http://purl.obolibrary.org/obo/UBERON_0013777,skin of palm of manus,False,,
http://purl.obolibrary.org/obo/HP_0007616,Nevus flammeus nuchae,characteristic of,http://purl.obolibrary.org/obo/UBERON_0012477,dorsal part of neck,False,,
http://purl.obolibrary.org/obo/HP_0007618,Subcutaneous calcification,characteristic of,http://purl.obolibrary.org/obo/UBERON_0011818,superficial fascia,False,,
http://purl.obolibrary.org/obo/HP_0007626,Mandibular osteomyelitis,occurs in,http://purl.obolibrary.org/obo/UBERON_0001684,mandible,False,,
http://purl.obolibrary.org/obo/HP_0007627,Mandibular condyle aplasia,characteristic of,http://purl.obolibrary.org/obo/UBERON_0004657,mandible condylar process,False,,
http://purl.obolibrary.org/obo/HP_0007628,Mandibular condyle hypoplasia,characteristic of,http://purl.obolibrary.org/obo/UBERON_0004657,mandible condylar process,False,,
http://purl.obolibrary.org/obo/HP_0007633,Bilateral microphthalmos,characteristic of,http://purl.obolibrary.org/obo/UBERON_0010230,eyeball of camera-type eye,False,,
http://purl.obolibrary.org/obo/HP_0007646,Absent lower eyelashes,characteristic of,http://purl.obolibrary.org/obo/UBERON_0019255,lower eyelash,False,,
http://purl.obolibrary.org/obo/HP_0007651,Ectropion of lower eyelids,characteristic of,http://purl.obolibrary.org/obo/UBERON_0001713,lower eyelid,False,,
http://purl.obolibrary.org/obo/HP_0007656,Lacrimal gland aplasia,characteristic of,http://purl.obolibrary.org/obo/UBERON_0001817,lacrimal gland,False,,
http://purl.obolibrary.org/obo/HP_0007661,Abnormality of chorioretinal pigmentation,occurs in,http://purl.obolibrary.org/obo/UBERON_0000966,retina,False,,
http://purl.obolibrary.org/obo/HP_0007661,Abnormality of chorioretinal pigmentation,occurs in,http://purl.obolibrary.org/obo/UBERON_0001776,optic choroid,False,,
http://purl.obolibrary.org/obo/HP_0007665,Curly eyelashes,characteristic of,http://purl.obolibrary.org/obo/UBERON_0001702,eyelash,False,,
http://purl.obolibrary.org/obo/HP_0007676,Hypoplasia of the iris,characteristic of,http://purl.obolibrary.org/obo/UBERON_0001769,iris,False,,
http://purl.obolibrary.org/obo/HP_0007678,Lacrimal duct stenosis,characteristic of,http://purl.obolibrary.org/obo/UBERON_0002392,nasolacrimal duct,False,,
http://purl.obolibrary.org/obo/HP_0007680,Depigmented fundus,occurs in,http://purl.obolibrary.org/obo/UBERON_0003951,ocular fundus,False,,
http://purl.obolibrary.org/obo/HP_0007686,Abnormal pupillary function,characteristic of,http://purl.obolibrary.org/obo/UBERON_0001771,pupil,False,,
http://purl.obolibrary.org/obo/HP_0007697,Hypoplasia of the lower eyelids,characteristic of,http://purl.obolibrary.org/obo/UBERON_0001713,lower eyelid,False,,
http://purl.obolibrary.org/obo/HP_0007700,Ocular anterior segment dysgenesis,characteristic of,http://purl.obolibrary.org/obo/UBERON_0001766,anterior chamber of eyeball,False,,
http://purl.obolibrary.org/obo/HP_0007703,Abnormality of retinal pigmentation,occurs in,http://purl.obolibrary.org/obo/UBERON_0001782,pigmented layer of retina,False,,
http://purl.obolibrary.org/obo/HP_0007705,Corneal degeneration,characteristic of,http://purl.obolibrary.org/obo/UBERON_0000964,cornea,False,,
http://purl.obolibrary.org/obo/HP_0007715,Weak extraocular muscles,characteristic of,http://purl.obolibrary.org/obo/UBERON_0001601,extra-ocular muscle,False,,
http://purl.obolibrary.org/obo/HP_0007720,Flat cornea,characteristic of,http://purl.obolibrary.org/obo/UBERON_0000964,cornea,False,,
http://purl.obolibrary.org/obo/HP_0007722,Retinal pigment epithelial atrophy,part of,http://purl.obolibrary.org/obo/UBERON_0000483,epithelium,False,,
http://purl.obolibrary.org/obo/HP_0007730,Iris hypopigmentation,occurs in,http://purl.obolibrary.org/obo/UBERON_0001769,iris,False,,
http://purl.obolibrary.org/obo/HP_0007731,Chorioretinal dysplasia,characteristic of part of,http://purl.obolibrary.org/obo/UBERON_0000966,retina,False,,
http://purl.obolibrary.org/obo/HP_0007731,Chorioretinal dysplasia,characteristic of part of,http://purl.obolibrary.org/obo/UBERON_0001776,optic choroid,False,,
http://purl.obolibrary.org/obo/HP_0007732,Lacrimal gland hypoplasia,characteristic of,http://purl.obolibrary.org/obo/UBERON_0001817,lacrimal gland,False,,
http://purl.obolibrary.org/obo/HP_0007734,Enlarged lacrimal glands,characteristic of,http://purl.obolibrary.org/obo/UBERON_0001817,lacrimal gland,False,,
http://purl.obolibrary.org/obo/HP_0007750,Hypoplasia of the fovea,characteristic of,http://purl.obolibrary.org/obo/UBERON_0001786,fovea centralis,False,,
http://purl.obolibrary.org/obo/HP_0007754,Macular dystrophy,characteristic of part of,http://purl.obolibrary.org/obo/UBERON_0000053,macula lutea,False,,
http://purl.obolibrary.org/obo/HP_0007759,Opacification of the corneal stroma,characteristic of,http://purl.obolibrary.org/obo/UBERON_0001777,substantia propria of cornea,False,,
http://purl.obolibrary.org/obo/HP_0007763,Retinal telangiectasia,part of,http://purl.obolibrary.org/obo/UBERON_0000966,retina,False,,
http://purl.obolibrary.org/obo/HP_0007766,Optic disc hypoplasia,characteristic of,http://purl.obolibrary.org/obo/UBERON_0001783,optic disc,False,,
http://purl.obolibrary.org/obo/HP_0007770,Hypoplasia of the retina,characteristic of,http://purl.obolibrary.org/obo/UBERON_0000966,retina,False,,
http://purl.obolibrary.org/obo/HP_0007774,Hypoplasia of the ciliary body,characteristic of,http://purl.obolibrary.org/obo/UBERON_0001775,ciliary body,False,,
http://purl.obolibrary.org/obo/HP_0007776,Sparse lower eyelashes,characteristic of,http://purl.obolibrary.org/obo/UBERON_0019255,lower eyelash,False,,
http://purl.obolibrary.org/obo/HP_0007779,Anterior segment of eye aplasia,characteristic of,http://purl.obolibrary.org/obo/UBERON_0001801,anterior segment of eyeball,False,,
http://purl.obolibrary.org/obo/HP_0007787,Posterior subcapsular cataract,characteristic of,http://purl.obolibrary.org/obo/UBERON_0016459,posterior pole of lens,False,,
http://purl.obolibrary.org/obo/HP_0007807,Optic nerve compression,characteristic of,http://purl.obolibrary.org/obo/UBERON_0000941,cranial nerve II,False,,
http://purl.obolibrary.org/obo/HP_0007820,Lacrimal punctal atresia,characteristic of,http://purl.obolibrary.org/obo/UBERON_0010284,lacrimal punctum,False,,
http://purl.obolibrary.org/obo/HP_0007832,Pigmentation of the sclera,occurs in,http://purl.obolibrary.org/obo/UBERON_0001773,sclera,False,,
http://purl.obolibrary.org/obo/HP_0007835,S-shaped palpebral fissures,characteristic of,http://purl.obolibrary.org/obo/UBERON_0001819,palpebral fissure,False,,
http://purl.obolibrary.org/obo/HP_0007840,Long upper eyelashes,characteristic of,http://purl.obolibrary.org/obo/UBERON_0019254,upper eyelash,False,,
http://purl.obolibrary.org/obo/HP_0007850,Retinal vascular proliferation,part of,http://purl.obolibrary.org/obo/UBERON_0000966,retina,False,,
http://purl.obolibrary.org/obo/HP_0007862,Retinal calcification,characteristic of,http://purl.obolibrary.org/obo/UBERON_0000966,retina,False,,
http://purl.obolibrary.org/obo/HP_0007873,Abnormally prominent line of Schwalbe,characteristic of part of,http://purl.obolibrary.org/obo/UBERON_0011918,line of Schwalbe,False,,
http://purl.obolibrary.org/obo/HP_0007886,Absent extraocular muscles,characteristic of,http://purl.obolibrary.org/obo/UBERON_0001601,extra-ocular muscle,False,,
http://purl.obolibrary.org/obo/HP_0007892,Hypoplasia of the lacrimal punctum,characteristic of,http://purl.obolibrary.org/obo/UBERON_0010284,lacrimal punctum,False,,
http://purl.obolibrary.org/obo/HP_0007894,Hypopigmentation of the fundus,characteristic of,http://purl.obolibrary.org/obo/UBERON_0003951,ocular fundus,False,,
http://purl.obolibrary.org/obo/HP_0007900,Hypoplastic lacrimal duct,characteristic of,http://purl.obolibrary.org/obo/UBERON_0001850,lacrimal drainage system,False,,
http://purl.obolibrary.org/obo/HP_0007902,Vitreous hemorrhage,part of,http://purl.obolibrary.org/obo/UBERON_0001797,vitreous humor,False,,
http://purl.obolibrary.org/obo/HP_0007905,Abnormal iris vasculature,characteristic of part of,http://purl.obolibrary.org/obo/UBERON_0004118,vasculature of iris,False,,
http://purl.obolibrary.org/obo/HP_0007922,Hypermyelinated retinal nerve fibers,occurs in,http://purl.obolibrary.org/obo/UBERON_0001793,nerve fiber layer of retina,False,,
http://purl.obolibrary.org/obo/HP_0007925,Lacrimal duct aplasia,characteristic of,http://purl.obolibrary.org/obo/UBERON_0001850,lacrimal drainage system,False,,
http://purl.obolibrary.org/obo/HP_0007942,Internal ophthalmoplegia,characteristic of,http://purl.obolibrary.org/obo/UBERON_0001605,ciliary muscle,False,,
http://purl.obolibrary.org/obo/HP_0007957,Corneal opacity,characteristic of,http://purl.obolibrary.org/obo/UBERON_0000964,cornea,False,,
http://purl.obolibrary.org/obo/HP_0007968,Remnants of the hyaloid vascular system,characteristic of,http://purl.obolibrary.org/obo/UBERON_0002270,hyaloid artery,False,,
http://purl.obolibrary.org/obo/HP_0007973,Retinal dysplasia,characteristic of part of,http://purl.obolibrary.org/obo/UBERON_0000966,retina,False,,
http://purl.obolibrary.org/obo/HP_0007980,Absent retinal pigment epithelium,characteristic of,http://purl.obolibrary.org/obo/UBERON_0001782,pigmented layer of retina,False,,
http://purl.obolibrary.org/obo/HP_0007988,Macular hypopigmentation,occurs in,http://purl.obolibrary.org/obo/UBERON_0000053,macula lutea,False,,
http://purl.obolibrary.org/obo/HP_0007990,Hypoplastic iris stroma,characteristic of,http://purl.obolibrary.org/obo/UBERON_0001779,iris stroma,False,,
http://purl.obolibrary.org/obo/HP_0007993,Malformed lacrimal duct,characteristic of,http://purl.obolibrary.org/obo/UBERON_0001850,lacrimal drainage system,False,,
http://purl.obolibrary.org/obo/HP_0008000,Decreased corneal reflex,occurs in,http://purl.obolibrary.org/obo/UBERON_0000964,cornea,False,,
http://purl.obolibrary.org/obo/HP_0008001,Foveal hyperpigmentation,occurs in,http://purl.obolibrary.org/obo/UBERON_0001786,fovea centralis,False,,
http://purl.obolibrary.org/obo/HP_0008002,Abnormality of macular pigmentation,occurs in,http://purl.obolibrary.org/obo/UBERON_0000053,macula lutea,False,,
http://purl.obolibrary.org/obo/HP_0008034,Abnormal iris pigmentation,occurs in,http://purl.obolibrary.org/obo/UBERON_0001769,iris,False,,
http://purl.obolibrary.org/obo/HP_0008038,Aplastic/hypoplastic lacrimal glands,characteristic of,http://purl.obolibrary.org/obo/UBERON_0001817,lacrimal gland,False,,
http://purl.obolibrary.org/obo/HP_0008043,Retinal arteriolar constriction,part of,http://purl.obolibrary.org/obo/UBERON_0000966,retina,False,,
http://purl.obolibrary.org/obo/HP_0008046,Abnormal retinal vascular morphology,characteristic of part of,http://purl.obolibrary.org/obo/UBERON_0004864,vasculature of retina,False,,
http://purl.obolibrary.org/obo/HP_0008047,Abnormality of the vasculature of the eye,characteristic of part of,http://purl.obolibrary.org/obo/UBERON_0002203,vasculature of eye,False,,
http://purl.obolibrary.org/obo/HP_0008048,Abnormal line of Schwalbe morphology,characteristic of part of,http://purl.obolibrary.org/obo/UBERON_0011918,line of Schwalbe,False,,
http://purl.obolibrary.org/obo/HP_0008049,Abnormality of the extraocular muscles,characteristic of part of,http://purl.obolibrary.org/obo/UBERON_0001601,extra-ocular muscle,False,,
http://purl.obolibrary.org/obo/HP_0008050,Abnormality of the palpebral fissures,characteristic of part of,http://purl.obolibrary.org/obo/UBERON_0001819,palpebral fissure,False,,
http://purl.obolibrary.org/obo/HP_0008053,Aplasia/Hypoplasia of the iris,characteristic of,http://purl.obolibrary.org/obo/UBERON_0001769,iris,False,,
http://purl.obolibrary.org/obo/HP_0008054,Abnormal morphology of the conjunctival vasculature,part of,http://purl.obolibrary.org/obo/UBERON_0001811,conjunctiva,False,,
http://purl.obolibrary.org/obo/HP_0008055,Aplasia/Hypoplasia affecting the uvea,characteristic of,http://purl.obolibrary.org/obo/UBERON_0001768,uvea,False,,
http://purl.obolibrary.org/obo/HP_0008056,Aplasia/Hypoplasia affecting the eye,characteristic of,http://purl.obolibrary.org/obo/UBERON_0010230,eyeball of camera-type eye,False,,
http://purl.obolibrary.org/obo/HP_0008057,Aplasia/Hypoplasia affecting the fundus,characteristic of part of,http://purl.obolibrary.org/obo/UBERON_0003951,ocular fundus,False,,
http://purl.obolibrary.org/obo/HP_0008058,Aplasia/Hypoplasia of the optic nerve,characteristic of,http://purl.obolibrary.org/obo/UBERON_0000941,cranial nerve II,False,,
http://purl.obolibrary.org/obo/HP_0008059,Aplasia/Hypoplasia of the macula,characteristic of,http://purl.obolibrary.org/obo/UBERON_0000053,macula lutea,False,,
http://purl.obolibrary.org/obo/HP_0008060,Aplasia/Hypoplasia of the fovea,characteristic of,http://purl.obolibrary.org/obo/UBERON_0001786,fovea centralis,False,,
http://purl.obolibrary.org/obo/HP_0008061,Aplasia/Hypoplasia of the retina,characteristic of,http://purl.obolibrary.org/obo/UBERON_0000966,retina,False,,
http://purl.obolibrary.org/obo/HP_0008062,Aplasia/Hypoplasia affecting the anterior segment of the eye,characteristic of part of,http://purl.obolibrary.org/obo/UBERON_0001801,anterior segment of eyeball,False,,
http://purl.obolibrary.org/obo/HP_0008063,Aplasia/Hypoplasia of the lens,characteristic of,http://purl.obolibrary.org/obo/UBERON_0000965,lens of camera-type eye,False,,
http://purl.obolibrary.org/obo/HP_0008065,Aplasia/Hypoplasia of the skin,characteristic of,http://purl.obolibrary.org/obo/UBERON_0002097,skin of body,False,,
http://purl.obolibrary.org/obo/HP_0008066,Abnormal blistering of the skin,characteristic of part of,http://purl.obolibrary.org/obo/UBERON_0002097,skin of body,False,,
http://purl.obolibrary.org/obo/HP_0008070,Sparse hair,characteristic of,http://purl.obolibrary.org/obo/UBERON_0001037,strand of hair,False,,
http://purl.obolibrary.org/obo/HP_0008076,Osteoporotic tarsals,characteristic of,http://purl.obolibrary.org/obo/UBERON_0001447,tarsal bone,False,,
http://purl.obolibrary.org/obo/HP_0008079,Absent fifth metatarsal,characteristic of,http://purl.obolibrary.org/obo/UBERON_0003654,metatarsal bone of digit 5,False,,
http://purl.obolibrary.org/obo/HP_0008087,Nonossified fifth metatarsal,occurs in,http://purl.obolibrary.org/obo/UBERON_0003654,metatarsal bone of digit 5,False,,
http://purl.obolibrary.org/obo/HP_0008089,Abnormality of the fifth metatarsal bone,characteristic of part of,http://purl.obolibrary.org/obo/UBERON_0003654,metatarsal bone of digit 5,False,,
http://purl.obolibrary.org/obo/HP_0008093,Short 4th toe,characteristic of,http://purl.obolibrary.org/obo/UBERON_0003634,pedal digit 4,False,,
http://purl.obolibrary.org/obo/HP_0008095,Osteolysis of talus,occurs in,http://purl.obolibrary.org/obo/UBERON_0002395,talus,False,,
http://purl.obolibrary.org/obo/HP_0008103,Delayed tarsal ossification,occurs in,http://purl.obolibrary.org/obo/UBERON_0001447,tarsal bone,False,,
http://purl.obolibrary.org/obo/HP_0008108,Advanced tarsal ossification,occurs in,http://purl.obolibrary.org/obo/UBERON_0001447,tarsal bone,False,,
http://purl.obolibrary.org/obo/HP_0008114,Metatarsal diaphyseal endosteal sclerosis,part of,http://purl.obolibrary.org/obo/UBERON_0013774,diaphysis of metatarsal bone,False,,
http://purl.obolibrary.org/obo/HP_0008115,Clinodactyly of the 3rd toe,characteristic of,http://purl.obolibrary.org/obo/UBERON_0003633,pedal digit 3,False,,
http://purl.obolibrary.org/obo/HP_0008117,Shortening of the talar neck,characteristic of,http://purl.obolibrary.org/obo/UBERON_0015180,neck of talus,False,,
http://purl.obolibrary.org/obo/HP_0008119,Deformed tarsal bones,characteristic of,http://purl.obolibrary.org/obo/UBERON_0001447,tarsal bone,False,,
http://purl.obolibrary.org/obo/HP_0008131,Tarsal stippling,characteristic of,http://purl.obolibrary.org/obo/UBERON_0001447,tarsal bone,False,,
http://purl.obolibrary.org/obo/HP_0008134,Irregular tarsal ossification,occurs in,http://purl.obolibrary.org/obo/UBERON_0001447,tarsal bone,False,,
http://purl.obolibrary.org/obo/HP_0008141,Dislocation of toes,characteristic of,http://purl.obolibrary.org/obo/UBERON_0001466,pedal digit,False,,
http://purl.obolibrary.org/obo/HP_0008142,Delayed calcaneal ossification,occurs in,http://purl.obolibrary.org/obo/UBERON_0001450,calcaneus,False,,
http://purl.obolibrary.org/obo/HP_0008155,Mucopolysacchariduria,part of,http://purl.obolibrary.org/obo/UBERON_0001088,urine,False,,
http://purl.obolibrary.org/obo/HP_0008163,Decreased circulating cortisol level,part of,http://purl.obolibrary.org/obo/UBERON_0000178,blood,False,,
http://purl.obolibrary.org/obo/HP_0008180,Mildly elevated creatine kinase,part of,http://purl.obolibrary.org/obo/UBERON_0000178,blood,False,,
http://purl.obolibrary.org/obo/HP_0008181,Abetalipoproteinemia,part of,http://purl.obolibrary.org/obo/UBERON_0000178,blood,False,,
http://purl.obolibrary.org/obo/HP_0008182,Adrenocortical hypoplasia,characteristic of,http://purl.obolibrary.org/obo/UBERON_0001235,adrenal cortex,False,,
http://purl.obolibrary.org/obo/HP_0008188,Thyroid dysgenesis,characteristic of,http://purl.obolibrary.org/obo/UBERON_0002046,thyroid gland,False,,
http://purl.obolibrary.org/obo/HP_0008191,Thyroid agenesis,characteristic of,http://purl.obolibrary.org/obo/UBERON_0002046,thyroid gland,False,,
http://purl.obolibrary.org/obo/HP_0008194,Multiple pancreatic beta-cell adenomas,characteristic of,http://purl.obolibrary.org/obo/UBERON_0001264,pancreas,False,,
http://purl.obolibrary.org/obo/HP_0008208,Parathyroid hyperplasia,characteristic of,http://purl.obolibrary.org/obo/UBERON_0001132,parathyroid gland,False,,
http://purl.obolibrary.org/obo/HP_0008211,Parathyroid agenesis,characteristic of,http://purl.obolibrary.org/obo/UBERON_0001132,parathyroid gland,False,,
http://purl.obolibrary.org/obo/HP_0008214,Decreased serum estradiol,part of,http://purl.obolibrary.org/obo/UBERON_0001977,blood serum,False,,
http://purl.obolibrary.org/obo/HP_0008216,Adrenal gland dysgenesis,characteristic of,http://purl.obolibrary.org/obo/UBERON_0002369,adrenal gland,False,,
http://purl.obolibrary.org/obo/HP_0008221,Adrenal hyperplasia,characteristic of,http://purl.obolibrary.org/obo/UBERON_0002369,adrenal gland,False,,
http://purl.obolibrary.org/obo/HP_0008222,Female infertility,characteristic of,http://purl.obolibrary.org/obo/UBERON_0000468,multicellular organism,False,,
http://purl.obolibrary.org/obo/HP_0008229,Thyroid lymphangiectasia,part of,http://purl.obolibrary.org/obo/UBERON_0002046,thyroid gland,False,,
http://purl.obolibrary.org/obo/HP_0008233,Decreased circulating progesterone,part of,http://purl.obolibrary.org/obo/UBERON_0001977,blood serum,False,,
http://purl.obolibrary.org/obo/HP_0008239,Adrenal medullary hypoplasia,characteristic of,http://purl.obolibrary.org/obo/UBERON_0001236,adrenal medulla,False,,
http://purl.obolibrary.org/obo/HP_0008247,Euthyroid hyperthyroxinemia,part of,http://purl.obolibrary.org/obo/UBERON_0000178,blood,False,,
http://purl.obolibrary.org/obo/HP_0008249,Thyroid hyperplasia,characteristic of,http://purl.obolibrary.org/obo/UBERON_0002046,thyroid gland,False,,
http://purl.obolibrary.org/obo/HP_0008261,Pancreatic islet cell adenoma,part of,http://purl.obolibrary.org/obo/UBERON_0001264,pancreas,False,,
http://purl.obolibrary.org/obo/HP_0008277,Abnormal blood zinc concentration,part of,http://purl.obolibrary.org/obo/UBERON_0000178,blood,False,,
http://purl.obolibrary.org/obo/HP_0008278,Cerebellar cortical atrophy,characteristic of,http://purl.obolibrary.org/obo/UBERON_0002129,cerebellar cortex,False,,
http://purl.obolibrary.org/obo/HP_0008301,Dermatan sulfate excretion in urine,part of,http://purl.obolibrary.org/obo/UBERON_0001088,urine,False,,
http://purl.obolibrary.org/obo/HP_0008303,Olivary degeneration,characteristic of part of,http://purl.obolibrary.org/obo/UBERON_0000128,olivary body,False,,
http://purl.obolibrary.org/obo/HP_0008311,Spinal cord posterior columns myelin loss,occurs in,http://purl.obolibrary.org/obo/UBERON_0002240,spinal cord,False,,
http://purl.obolibrary.org/obo/HP_0008316,Abnormal mitochondria in muscle tissue,part of,http://purl.obolibrary.org/obo/UBERON_0001015,musculature,False,,
http://purl.obolibrary.org/obo/HP_0008339,Diaminoaciduria,part of,http://purl.obolibrary.org/obo/UBERON_0001088,urine,False,,
http://purl.obolibrary.org/obo/HP_0008344,Elevated circulating branched chain amino acid concentration,part of,http://purl.obolibrary.org/obo/UBERON_0001969,blood plasma,False,,
http://purl.obolibrary.org/obo/HP_0008358,Hyperprolinemia,part of,http://purl.obolibrary.org/obo/UBERON_0000178,blood,False,,
http://purl.obolibrary.org/obo/HP_0008362,Aplasia/Hypoplasia of the hallux,characteristic of,http://purl.obolibrary.org/obo/UBERON_0003631,pedal digit 1,False,,
http://purl.obolibrary.org/obo/HP_0008363,Aplasia/Hypoplasia of the tarsal bones,characteristic of,http://purl.obolibrary.org/obo/UBERON_0001447,tarsal bone,False,,
http://purl.obolibrary.org/obo/HP_0008364,Abnormality of the calcaneus,characteristic of part of,http://purl.obolibrary.org/obo/UBERON_0001450,calcaneus,False,,
http://purl.obolibrary.org/obo/HP_0008365,Abnormal talus morphology,characteristic of part of,http://purl.obolibrary.org/obo/UBERON_0002395,talus,False,,
http://purl.obolibrary.org/obo/HP_0008366,Foot joint contracture,characteristic of part of,http://purl.obolibrary.org/obo/UBERON_0001487,pes joint,False,,
http://purl.obolibrary.org/obo/HP_0008368,Tarsal synostosis,characteristic of,http://purl.obolibrary.org/obo/UBERON_0001447,tarsal bone,False,,
http://purl.obolibrary.org/obo/HP_0008368,Tarsal synostosis,towards,http://purl.obolibrary.org/obo/UBERON_0001447,tarsal bone,False,,
http://purl.obolibrary.org/obo/HP_0008369,Abnormal tarsal ossification,occurs in,http://purl.obolibrary.org/obo/UBERON_0001447,tarsal bone,False,,
http://purl.obolibrary.org/obo/HP_0008371,Abnormal metatarsal ossification,occurs in,http://purl.obolibrary.org/obo/UBERON_0001448,metatarsal bone,False,,
http://purl.obolibrary.org/obo/HP_0008383,Slow-growing nails,occurs in,http://purl.obolibrary.org/obo/UBERON_0001705,nail,False,,
http://purl.obolibrary.org/obo/HP_0008386,Aplasia/Hypoplasia of the nails,characteristic of,http://purl.obolibrary.org/obo/UBERON_0001705,nail,False,,
http://purl.obolibrary.org/obo/HP_0008388,Abnormal toenail morphology,characteristic of part of,http://purl.obolibrary.org/obo/UBERON_0009567,nail of pedal digit,False,,
http://purl.obolibrary.org/obo/HP_0008391,Dystrophic fingernails,characteristic of,http://purl.obolibrary.org/obo/UBERON_0009565,nail of manual digit,False,,
http://purl.obolibrary.org/obo/HP_0008398,Hypoplastic fifth fingernail,characteristic of,http://purl.obolibrary.org/obo/UBERON_0011277,nail of manual digit 5,False,,
http://purl.obolibrary.org/obo/HP_0008401,Onychogryphosis of toenails,characteristic of,http://purl.obolibrary.org/obo/UBERON_0009567,nail of pedal digit,False,,
http://purl.obolibrary.org/obo/HP_0008404,Nail dystrophy,characteristic of,http://purl.obolibrary.org/obo/UBERON_0001705,nail,False,,
http://purl.obolibrary.org/obo/HP_0008417,Vertebral hypoplasia,characteristic of,http://purl.obolibrary.org/obo/UBERON_0002412,vertebra,False,,
http://purl.obolibrary.org/obo/HP_0008419,Intervertebral disk degeneration,characteristic of,http://purl.obolibrary.org/obo/UBERON_0001066,intervertebral disk,False,,
http://purl.obolibrary.org/obo/HP_0008420,Punctate vertebral calcifications,characteristic of,http://purl.obolibrary.org/obo/UBERON_0002412,vertebra,False,,
http://purl.obolibrary.org/obo/HP_0008421,Tall lumbar vertebral bodies,part of,http://purl.obolibrary.org/obo/UBERON_0002414,lumbar vertebra,False,,
http://purl.obolibrary.org/obo/HP_0008422,Vertebral wedging,characteristic of,http://purl.obolibrary.org/obo/UBERON_0002412,vertebra,False,,
http://purl.obolibrary.org/obo/HP_0008423,Spinal dysplasia,characteristic of,http://purl.obolibrary.org/obo/UBERON_0001130,vertebral column,False,,
http://purl.obolibrary.org/obo/HP_0008424,Hypoplastic 5th lumbar vertebrae,characteristic of,http://purl.obolibrary.org/obo/UBERON_0004621,lumbar vertebra 5,False,,
http://purl.obolibrary.org/obo/HP_0008425,Cuboid-shaped thoracolumbar vertebral bodies,part of,http://purl.obolibrary.org/obo/UBERON_0009568,trunk region of vertebral column,False,,
http://purl.obolibrary.org/obo/HP_0008428,Vertebral clefting,characteristic of,http://purl.obolibrary.org/obo/UBERON_0002412,vertebra,False,,
http://purl.obolibrary.org/obo/HP_0008434,Hypoplastic cervical vertebrae,characteristic of,http://purl.obolibrary.org/obo/UBERON_0002413,cervical vertebra,False,,
http://purl.obolibrary.org/obo/HP_0008436,Absent/hypoplastic coccyx,characteristic of,http://purl.obolibrary.org/obo/UBERON_0001350,coccyx,False,,
http://purl.obolibrary.org/obo/HP_0008437,Bifid thoracic vertebrae,characteristic of,http://purl.obolibrary.org/obo/UBERON_0002347,thoracic vertebra,False,,
http://purl.obolibrary.org/obo/HP_0008438,Vertebral arch anomaly,characteristic of part of,http://purl.obolibrary.org/obo/UBERON_0010358,arch of centrum of vertebra,False,,
http://purl.obolibrary.org/obo/HP_0008439,Lumbar hemivertebrae,characteristic of part of,http://purl.obolibrary.org/obo/UBERON_0002414,lumbar vertebra,False,,
http://purl.obolibrary.org/obo/HP_0008440,C1-C2 vertebral abnormality,characteristic of,http://purl.obolibrary.org/obo/UBERON_0001093,vertebral bone 2,False,,
http://purl.obolibrary.org/obo/HP_0008440,C1-C2 vertebral abnormality,towards,http://purl.obolibrary.org/obo/UBERON_0001092,vertebral bone 1,False,,
http://purl.obolibrary.org/obo/HP_0008441,Herniation of intervertebral nuclei,characteristic of,http://purl.obolibrary.org/obo/UBERON_0002242,nucleus pulposus,False,,
http://purl.obolibrary.org/obo/HP_0008442,Vertebral hyperostosis,characteristic of part of,http://purl.obolibrary.org/obo/UBERON_0002412,vertebra,False,,
http://purl.obolibrary.org/obo/HP_0008443,Neuropathic spinal arthropathy,characteristic of,http://purl.obolibrary.org/obo/UBERON_0001130,vertebral column,False,,
http://purl.obolibrary.org/obo/HP_0008445,Cervical spinal canal stenosis,characteristic of,http://purl.obolibrary.org/obo/UBERON_0014542,cervical division of cord spinal central canal,False,,
http://purl.obolibrary.org/obo/HP_0008447,Hypoplastic coccygeal vertebrae,characteristic of,http://purl.obolibrary.org/obo/UBERON_0001095,caudal vertebra,False,,
http://purl.obolibrary.org/obo/HP_0008454,Lumbar kyphosis,characteristic of,http://purl.obolibrary.org/obo/UBERON_0006074,lumbar region of vertebral column,False,,
http://purl.obolibrary.org/obo/HP_0008455,Dysplastic sacrum,characteristic of,http://purl.obolibrary.org/obo/UBERON_0003690,fused sacrum,False,,
http://purl.obolibrary.org/obo/HP_0008459,Cervical vertebral agenesis,characteristic of,http://purl.obolibrary.org/obo/UBERON_0002413,cervical vertebra,False,,
http://purl.obolibrary.org/obo/HP_0008460,Hypoplastic spinal processes,characteristic of,http://purl.obolibrary.org/obo/UBERON_0001076,neural spine,False,,
http://purl.obolibrary.org/obo/HP_0008463,Central vertebral hypoplasia,characteristic of,http://purl.obolibrary.org/obo/UBERON_0016412,central part of body of bony vertebral centrum,False,,
http://purl.obolibrary.org/obo/HP_0008464,Absent spinous processes of lower thoracic and lumbar vertebrae,part of,http://purl.obolibrary.org/obo/UBERON_0009568,trunk region of vertebral column,False,,
http://purl.obolibrary.org/obo/HP_0008465,Absent vertebra,characteristic of,http://purl.obolibrary.org/obo/UBERON_0002412,vertebra,False,,
http://purl.obolibrary.org/obo/HP_0008467,Thoracic hemivertebrae,characteristic of,http://purl.obolibrary.org/obo/UBERON_0001443,chest,False,,
http://purl.obolibrary.org/obo/HP_0008469,Cervical vertebral dysplasia,characteristic of,http://purl.obolibrary.org/obo/UBERON_0002413,cervical vertebra,False,,
http://purl.obolibrary.org/obo/HP_0008473,Narrow anterio-posterior vertebral body diameter,characteristic of,http://purl.obolibrary.org/obo/UBERON_0001075,bony vertebral centrum,False,,
http://purl.obolibrary.org/obo/HP_0008475,Hypoplastic sacral vertebrae,characteristic of,http://purl.obolibrary.org/obo/UBERON_0001094,sacral vertebra,False,,
http://purl.obolibrary.org/obo/HP_0008477,Poorly ossified cervical vertebrae,occurs in,http://purl.obolibrary.org/obo/UBERON_0002413,cervical vertebra,False,,
http://purl.obolibrary.org/obo/HP_0008479,Hypoplastic vertebral bodies,characteristic of,http://purl.obolibrary.org/obo/UBERON_0001075,bony vertebral centrum,False,,
http://purl.obolibrary.org/obo/HP_0008480,Cervical spondylosis,part of,http://purl.obolibrary.org/obo/UBERON_0006072,cervical region of vertebral column,False,,
http://purl.obolibrary.org/obo/HP_0008482,Asymmetry of spinal facet joints,part of,http://purl.obolibrary.org/obo/UBERON_0001130,vertebral column,False,,
http://purl.obolibrary.org/obo/HP_0008491,Premature anterior fontanel closure,characteristic of,http://purl.obolibrary.org/obo/UBERON_0002510,anterior fontanel,False,,
http://purl.obolibrary.org/obo/HP_0008515,Aplasia/Hypoplasia of the vertebrae,characteristic of,http://purl.obolibrary.org/obo/UBERON_0002412,vertebra,False,,
http://purl.obolibrary.org/obo/HP_0008516,Abnormality of the vertebral spinous processes,characteristic of part of,http://purl.obolibrary.org/obo/UBERON_0001076,neural spine,False,,
http://purl.obolibrary.org/obo/HP_0008517,Aplasia/Hypoplasia of the sacrum,characteristic of,http://purl.obolibrary.org/obo/UBERON_0003690,fused sacrum,False,,
http://purl.obolibrary.org/obo/HP_0008518,Aplasia/Hypoplasia involving the vertebral column,characteristic of,http://purl.obolibrary.org/obo/UBERON_0001130,vertebral column,False,,
http://purl.obolibrary.org/obo/HP_0008519,Abnormal coccyx morphology,characteristic of part of,http://purl.obolibrary.org/obo/UBERON_0001350,coccyx,False,,
http://purl.obolibrary.org/obo/HP_0008544,Abnormally folded helix,characteristic of,http://purl.obolibrary.org/obo/UBERON_0002488,helix of outer ear,False,,
http://purl.obolibrary.org/obo/HP_0008551,Microtia,characteristic of,http://purl.obolibrary.org/obo/UBERON_0001691,external ear,False,,
http://purl.obolibrary.org/obo/HP_0008554,Cochlear malformation,characteristic of,http://purl.obolibrary.org/obo/UBERON_0001844,cochlea,False,,
http://purl.obolibrary.org/obo/HP_0008555,Absent vestibular function,characteristic of,http://purl.obolibrary.org/obo/UBERON_0004681,vestibular system,False,,
http://purl.obolibrary.org/obo/HP_0008586,Hypoplasia of the cochlea,characteristic of,http://purl.obolibrary.org/obo/UBERON_0001844,cochlea,False,,
http://purl.obolibrary.org/obo/HP_0008589,Hypoplastic helices,characteristic of,http://purl.obolibrary.org/obo/UBERON_0002488,helix of outer ear,False,,
http://purl.obolibrary.org/obo/HP_0008593,Prominent antitragus,characteristic of,http://purl.obolibrary.org/obo/UBERON_0016467,antitragus,False,,
http://purl.obolibrary.org/obo/HP_0008608,Hypertrophic auricular cartilage,characteristic of,http://purl.obolibrary.org/obo/UBERON_0001848,auricular cartilage,False,,
http://purl.obolibrary.org/obo/HP_0008609,Abnormal middle ear morphology,characteristic of,http://purl.obolibrary.org/obo/UBERON_0001756,middle ear,False,,
http://purl.obolibrary.org/obo/HP_0008628,Abnormal stapes morphology,characteristic of part of,http://purl.obolibrary.org/obo/UBERON_0001687,stapes bone,False,,
http://purl.obolibrary.org/obo/HP_0008633,Agonadism,part of,http://purl.obolibrary.org/obo/UBERON_0000479,tissue,False,,
http://purl.obolibrary.org/obo/HP_0008635,Urinary bladder wall hypertrophy,characteristic of,http://purl.obolibrary.org/obo/UBERON_0001255,urinary bladder,False,,
http://purl.obolibrary.org/obo/HP_0008639,Gonadal hypoplasia,characteristic of,http://purl.obolibrary.org/obo/UBERON_0000991,gonad,False,,
http://purl.obolibrary.org/obo/HP_0008655,Aplasia/Hypoplasia of the fallopian tube,characteristic of,http://purl.obolibrary.org/obo/UBERON_0003889,fallopian tube,False,,
http://purl.obolibrary.org/obo/HP_0008661,Urethral stenosis,characteristic of,http://purl.obolibrary.org/obo/UBERON_0000057,urethra,False,,
http://purl.obolibrary.org/obo/HP_0008665,Clitoral hypertrophy,characteristic of,http://purl.obolibrary.org/obo/UBERON_0002411,clitoris,False,,
http://purl.obolibrary.org/obo/HP_0008682,Renal tubular epithelial necrosis,characteristic of,http://purl.obolibrary.org/obo/UBERON_0009773,renal tubule,False,,
http://purl.obolibrary.org/obo/HP_0008683,Enlarged labia minora,characteristic of,http://purl.obolibrary.org/obo/UBERON_0004014,labium minora,False,,
http://purl.obolibrary.org/obo/HP_0008684,Aplasia/hypoplasia of the uterus,characteristic of,http://purl.obolibrary.org/obo/UBERON_0000995,uterus,False,,
http://purl.obolibrary.org/obo/HP_0008687,Hypoplasia of the prostate,characteristic of,http://purl.obolibrary.org/obo/UBERON_0002367,prostate gland,False,,
http://purl.obolibrary.org/obo/HP_0008696,Renal hamartoma,part of,http://purl.obolibrary.org/obo/UBERON_0002113,kidney,False,,
http://purl.obolibrary.org/obo/HP_0008697,Hypoplasia of the fallopian tube,characteristic of,http://purl.obolibrary.org/obo/UBERON_0003889,fallopian tube,False,,
http://purl.obolibrary.org/obo/HP_0008702,Absent internal genitalia,characteristic of,http://purl.obolibrary.org/obo/UBERON_0004175,internal genitalia,False,,
http://purl.obolibrary.org/obo/HP_0008703,Gonadal calcification,characteristic of,http://purl.obolibrary.org/obo/UBERON_0000991,gonad,False,,
http://purl.obolibrary.org/obo/HP_0008711,Benign prostatic hyperplasia,characteristic of,http://purl.obolibrary.org/obo/UBERON_0002367,prostate gland,False,,
http://purl.obolibrary.org/obo/HP_0008714,Ureterovesical stenosis,characteristic of,http://purl.obolibrary.org/obo/UBERON_0009973,ureterovesical junction,False,,
http://purl.obolibrary.org/obo/HP_0008715,Testicular dysgenesis,characteristic of,http://purl.obolibrary.org/obo/UBERON_0000473,testis,False,,
http://purl.obolibrary.org/obo/HP_0008717,Unilateral renal atrophy,characteristic of,http://purl.obolibrary.org/obo/UBERON_0002113,kidney,False,,
http://purl.obolibrary.org/obo/HP_0008718,Unilateral renal dysplasia,characteristic of,http://purl.obolibrary.org/obo/UBERON_0002113,kidney,False,,
http://purl.obolibrary.org/obo/HP_0008724,Hypoplasia of the ovary,characteristic of,http://purl.obolibrary.org/obo/UBERON_0000992,ovary,False,,
http://purl.obolibrary.org/obo/HP_0008726,Hypoplasia of the vagina,characteristic of,http://purl.obolibrary.org/obo/UBERON_0000996,vagina,False,,
http://purl.obolibrary.org/obo/HP_0008734,Decreased testicular size,characteristic of,http://purl.obolibrary.org/obo/UBERON_0000473,testis,False,,
http://purl.obolibrary.org/obo/HP_0008736,Hypoplasia of penis,characteristic of,http://purl.obolibrary.org/obo/UBERON_0000989,penis,False,,
http://purl.obolibrary.org/obo/HP_0008740,Longitudinal vaginal septum,part of,http://purl.obolibrary.org/obo/UBERON_0000996,vagina,False,,
http://purl.obolibrary.org/obo/HP_0008743,Coronal hypospadias,characteristic of,http://purl.obolibrary.org/obo/UBERON_0012241,male urethral meatus,False,,
http://purl.obolibrary.org/obo/HP_0008743,Coronal hypospadias,towards,http://purl.obolibrary.org/obo/UBERON_0016408,corona of glans penis,False,,
http://purl.obolibrary.org/obo/HP_0008744,Abnormal aryepiglottic fold morphology,characteristic of part of,http://purl.obolibrary.org/obo/UBERON_0014385,aryepiglottic fold,False,,
http://purl.obolibrary.org/obo/HP_0008747,Cartilaginous ossification of larynx,occurs in,http://purl.obolibrary.org/obo/UBERON_0001739,laryngeal cartilage,False,,
http://purl.obolibrary.org/obo/HP_0008749,Laryngeal hypoplasia,characteristic of,http://purl.obolibrary.org/obo/UBERON_0001737,larynx,False,,
http://purl.obolibrary.org/obo/HP_0008750,Laryngeal atresia,characteristic of,http://purl.obolibrary.org/obo/UBERON_0001737,larynx,False,,
http://purl.obolibrary.org/obo/HP_0008751,Laryngeal cleft,characteristic of,http://purl.obolibrary.org/obo/UBERON_0001737,larynx,False,,
http://purl.obolibrary.org/obo/HP_0008752,Laryngeal cartilage malformation,characteristic of,http://purl.obolibrary.org/obo/UBERON_0001739,laryngeal cartilage,False,,
http://purl.obolibrary.org/obo/HP_0008753,Aplasia of the epiglottis,characteristic of,http://purl.obolibrary.org/obo/UBERON_0000388,epiglottis,False,,
http://purl.obolibrary.org/obo/HP_0008754,Laryngeal calcification,characteristic of,http://purl.obolibrary.org/obo/UBERON_0001737,larynx,False,,
http://purl.obolibrary.org/obo/HP_0008756,Bowing of the vocal cords,characteristic of,http://purl.obolibrary.org/obo/UBERON_0003706,laryngeal vocal fold,False,,
http://purl.obolibrary.org/obo/HP_0008757,Unilateral vocal cord paralysis,characteristic of,http://purl.obolibrary.org/obo/UBERON_0003706,laryngeal vocal fold,False,,
http://purl.obolibrary.org/obo/HP_0008771,Aplasia/Hypoplasia of the ear,characteristic of,http://purl.obolibrary.org/obo/UBERON_0001690,ear,False,,
http://purl.obolibrary.org/obo/HP_0008772,Aplasia/Hypoplasia of the external ear,characteristic of,http://purl.obolibrary.org/obo/UBERON_0001691,external ear,False,,
http://purl.obolibrary.org/obo/HP_0008773,Aplasia/Hypoplasia of the middle ear,characteristic of,http://purl.obolibrary.org/obo/UBERON_0001756,middle ear,False,,
http://purl.obolibrary.org/obo/HP_0008774,Aplasia/Hypoplasia of the inner ear,characteristic of,http://purl.obolibrary.org/obo/UBERON_0001846,internal ear,False,,
http://purl.obolibrary.org/obo/HP_0008775,Abnormal prostate morphology,characteristic of part of,http://purl.obolibrary.org/obo/UBERON_0002367,prostate gland,False,,
http://purl.obolibrary.org/obo/HP_0008776,Abnormal renal artery morphology,characteristic of part of,http://purl.obolibrary.org/obo/UBERON_0001184,renal artery,False,,
http://purl.obolibrary.org/obo/HP_0008777,Abnormal vocal cord morphology,characteristic of part of,http://purl.obolibrary.org/obo/UBERON_0003706,laryngeal vocal fold,False,,
http://purl.obolibrary.org/obo/HP_0008780,Congenital bilateral hip dislocation,characteristic of,http://purl.obolibrary.org/obo/UBERON_0001464,hip,False,,
http://purl.obolibrary.org/obo/HP_0008783,Wide proximal femoral metaphysis,characteristic of,http://purl.obolibrary.org/obo/UBERON_0006863,proximal metaphysis of femur,False,,
http://purl.obolibrary.org/obo/HP_0008784,Wide capital femoral epiphyses,characteristic of,http://purl.obolibrary.org/obo/UBERON_0004412,proximal epiphysis of femur,False,,
http://purl.obolibrary.org/obo/HP_0008785,Delayed ossification of pubic rami,occurs in,http://purl.obolibrary.org/obo/UBERON_0014444,pubic ramus,False,,
http://purl.obolibrary.org/obo/HP_0008788,Delayed pubic bone ossification,occurs in,http://purl.obolibrary.org/obo/UBERON_0001275,pubis,False,,
http://purl.obolibrary.org/obo/HP_0008789,Cone-shaped capital femoral epiphysis,characteristic of,http://purl.obolibrary.org/obo/UBERON_0004412,proximal epiphysis of femur,False,,
http://purl.obolibrary.org/obo/HP_0008794,Dysplastic iliac wing,characteristic of,http://purl.obolibrary.org/obo/UBERON_0010746,iliac blade,False,,
http://purl.obolibrary.org/obo/HP_0008796,Femoral retroversion,characteristic of,http://purl.obolibrary.org/obo/UBERON_0001464,hip,False,,
http://purl.obolibrary.org/obo/HP_0008797,Early ossification of capital femoral epiphyses,occurs in,http://purl.obolibrary.org/obo/UBERON_0004412,proximal epiphysis of femur,False,,
http://purl.obolibrary.org/obo/HP_0008798,Widened greater sciatic notch,characteristic of,http://purl.obolibrary.org/obo/UBERON_0014411,greater sciatic notch,False,,
http://purl.obolibrary.org/obo/HP_0008801,Hypoplasia of the lesser trochanter,characteristic of,http://purl.obolibrary.org/obo/UBERON_0002504,lesser trochanter,False,,
http://purl.obolibrary.org/obo/HP_0008802,Hypoplasia of the femoral head,characteristic of,http://purl.obolibrary.org/obo/UBERON_0006767,head of femur,False,,
http://purl.obolibrary.org/obo/HP_0008804,Broad femoral head,characteristic of,http://purl.obolibrary.org/obo/UBERON_0006767,head of femur,False,,
http://purl.obolibrary.org/obo/HP_0008807,Acetabular dysplasia,characteristic of,http://purl.obolibrary.org/obo/UBERON_0001269,acetabular part of hip bone,False,,
http://purl.obolibrary.org/obo/HP_0008808,High iliac wing,characteristic of,http://purl.obolibrary.org/obo/UBERON_0010746,iliac blade,False,,
http://purl.obolibrary.org/obo/HP_0008812,Flattened femoral head,characteristic of,http://purl.obolibrary.org/obo/UBERON_0006767,head of femur,False,,
http://purl.obolibrary.org/obo/HP_0008817,Aplastic pubic bone,characteristic of,http://purl.obolibrary.org/obo/UBERON_0001275,pubis,False,,
http://purl.obolibrary.org/obo/HP_0008818,Large iliac wing,characteristic of,http://purl.obolibrary.org/obo/UBERON_0010746,iliac blade,False,,
http://purl.obolibrary.org/obo/HP_0008819,Narrow femoral neck,characteristic of,http://purl.obolibrary.org/obo/UBERON_0007119,neck of femur,False,,
http://purl.obolibrary.org/obo/HP_0008820,Absent ossification of capital femoral epiphysis,occurs in,http://purl.obolibrary.org/obo/UBERON_0004411,proximal epiphysis of humerus,False,,
http://purl.obolibrary.org/obo/HP_0008823,Inferior pubic ramus hypoplasia,characteristic of,http://purl.obolibrary.org/obo/UBERON_0014439,inferior pubic ramus,False,,
http://purl.obolibrary.org/obo/HP_0008824,Hypoplastic iliac body,characteristic of,http://purl.obolibrary.org/obo/UBERON_0010747,body of ilium,False,,
http://purl.obolibrary.org/obo/HP_0008828,Delayed proximal femoral epiphyseal ossification,occurs in,http://purl.obolibrary.org/obo/UBERON_0004412,proximal epiphysis of femur,False,,
http://purl.obolibrary.org/obo/HP_0008829,Delayed femoral head ossification,occurs in,http://purl.obolibrary.org/obo/UBERON_0006767,head of femur,False,,
http://purl.obolibrary.org/obo/HP_0008830,Hypoplastic pubic ramus,characteristic of,http://purl.obolibrary.org/obo/UBERON_0014444,pubic ramus,False,,
http://purl.obolibrary.org/obo/HP_0008835,Multicentric femoral head ossification,part of,http://purl.obolibrary.org/obo/UBERON_0006767,head of femur,False,,
http://purl.obolibrary.org/obo/HP_0008838,Stippled calcification proximal humeral epiphyses,characteristic of,http://purl.obolibrary.org/obo/UBERON_0004411,proximal epiphysis of humerus,False,,
http://purl.obolibrary.org/obo/HP_0008839,Hypoplastic pelvis,characteristic of,http://purl.obolibrary.org/obo/UBERON_0002355,pelvic region of trunk,False,,
http://purl.obolibrary.org/obo/HP_0008843,Hip osteoarthritis,characteristic of,http://purl.obolibrary.org/obo/UBERON_0001464,hip,False,,
http://purl.obolibrary.org/obo/HP_0008873,Disproportionate short-limb short stature,characteristic of,http://purl.obolibrary.org/obo/UBERON_0002101,limb,False,,
http://purl.obolibrary.org/obo/HP_0008936,Axial hypotonia,characteristic of part of,http://purl.obolibrary.org/obo/UBERON_0004479,musculature of trunk,False,,
http://purl.obolibrary.org/obo/HP_0008948,Proximal upper limb amyotrophy,part of,http://purl.obolibrary.org/obo/UBERON_0003822,forelimb stylopod,False,,
http://purl.obolibrary.org/obo/HP_0008952,Shoulder muscle hypoplasia,characteristic of part of,http://purl.obolibrary.org/obo/UBERON_0004476,musculature of shoulder,False,,
http://purl.obolibrary.org/obo/HP_0008953,Pectoralis major hypoplasia,characteristic of part of,http://purl.obolibrary.org/obo/UBERON_0002381,pectoralis major,False,,
http://purl.obolibrary.org/obo/HP_0008956,Proximal lower limb amyotrophy,part of,http://purl.obolibrary.org/obo/UBERON_0000376,hindlimb stylopod,False,,
http://purl.obolibrary.org/obo/HP_0008962,Calf muscle hypoplasia,characteristic of part of,http://purl.obolibrary.org/obo/UBERON_0003823,hindlimb zeugopod,False,,
http://purl.obolibrary.org/obo/HP_0008963,Tibialis muscle weakness,characteristic of,http://purl.obolibrary.org/obo/UBERON_0001385,tibialis anterior,False,,
http://purl.obolibrary.org/obo/HP_0008968,Muscle hypertrophy of the lower extremities,characteristic of,http://purl.obolibrary.org/obo/UBERON_0010890,pelvic complex muscle,False,,
http://purl.obolibrary.org/obo/HP_0008969,Leg muscle stiffness,characteristic of part of,http://purl.obolibrary.org/obo/UBERON_0006067,musculature of hindlimb zeugopod,False,,
http://purl.obolibrary.org/obo/HP_0008981,Calf muscle hypertrophy,characteristic of part of,http://purl.obolibrary.org/obo/UBERON_0003823,hindlimb zeugopod,False,,
http://purl.obolibrary.org/obo/HP_0008984,Neck muscle hypoplasia,characteristic of,http://purl.obolibrary.org/obo/UBERON_0002377,muscle of neck,False,,
http://purl.obolibrary.org/obo/HP_0008985,Increased intramuscular fat,part of,http://purl.obolibrary.org/obo/UBERON_0001015,musculature,False,,
http://purl.obolibrary.org/obo/HP_0008986,Agenesis of the diaphragm,characteristic of,http://purl.obolibrary.org/obo/UBERON_0001103,diaphragm,False,,
http://purl.obolibrary.org/obo/HP_0008988,Pelvic girdle muscle atrophy,characteristic of,http://purl.obolibrary.org/obo/UBERON_0001497,muscle of pelvic girdle,False,,
http://purl.obolibrary.org/obo/HP_0008993,Increased intraabdominal fat,part of,http://purl.obolibrary.org/obo/UBERON_0000916,abdomen,False,,
http://purl.obolibrary.org/obo/HP_0008994,Proximal muscle weakness in lower limbs,characteristic of part of,http://purl.obolibrary.org/obo/UBERON_0004482,musculature of lower limb,False,,
http://purl.obolibrary.org/obo/HP_0008998,Pectoralis hypoplasia,characteristic of,http://purl.obolibrary.org/obo/UBERON_0002381,pectoralis major,False,,
http://purl.obolibrary.org/obo/HP_0009002,Loss of truncal subcutaneous adipose tissue,part of,http://purl.obolibrary.org/obo/UBERON_0002100,trunk,False,,
http://purl.obolibrary.org/obo/HP_0009003,Increased subcutaneous truncal adipose tissue,part of,http://purl.obolibrary.org/obo/UBERON_0002100,trunk,False,,
http://purl.obolibrary.org/obo/HP_0009004,Hypoplasia of the musculature,characteristic of,http://purl.obolibrary.org/obo/UBERON_0001630,muscle organ,False,,
http://purl.obolibrary.org/obo/HP_0009007,Biceps hypoplasia,characteristic of,http://purl.obolibrary.org/obo/UBERON_0001507,biceps brachii,False,,
http://purl.obolibrary.org/obo/HP_0009011,Hypoplasia of serratus anterior muscle,characteristic of,http://purl.obolibrary.org/obo/UBERON_0001125,serratus ventralis,False,,
http://purl.obolibrary.org/obo/HP_0009013,Congenital absence of gluteal muscles,characteristic of,http://purl.obolibrary.org/obo/UBERON_0002000,gluteal muscle,False,,
http://purl.obolibrary.org/obo/HP_0009016,Upper limb muscle hypoplasia,characteristic of part of,http://purl.obolibrary.org/obo/UBERON_0004481,musculature of upper limb,False,,
http://purl.obolibrary.org/obo/HP_0009017,Loss of gluteal subcutaneous adipose tissue,part of,http://purl.obolibrary.org/obo/UBERON_0013691,buttock,False,,
http://purl.obolibrary.org/obo/HP_0009023,Abdominal wall muscle weakness,part of,http://purl.obolibrary.org/obo/UBERON_0003697,abdominal wall,False,,
http://purl.obolibrary.org/obo/HP_0009025,Increased connective tissue,characteristic of,http://purl.obolibrary.org/obo/UBERON_0002384,connective tissue,False,,
http://purl.obolibrary.org/obo/HP_0009026,Hypoplasia of latissimus dorsi muscle,characteristic of,http://purl.obolibrary.org/obo/UBERON_0001112,latissimus dorsi muscle,False,,
http://purl.obolibrary.org/obo/HP_0009028,Generalized weakness of limb muscles,characteristic of,http://purl.obolibrary.org/obo/UBERON_0004480,musculature of limb,False,,
http://purl.obolibrary.org/obo/HP_0009049,Peroneal muscle atrophy,characteristic of,http://purl.obolibrary.org/obo/UBERON_0009132,peroneus,False,,
http://purl.obolibrary.org/obo/HP_0009050,Quadriceps muscle atrophy,characteristic of,http://purl.obolibrary.org/obo/UBERON_0001377,quadriceps femoris,False,,
http://purl.obolibrary.org/obo/HP_0009051,Increased muscle glycogen content,part of,http://purl.obolibrary.org/obo/UBERON_0001630,muscle organ,False,,
http://purl.obolibrary.org/obo/HP_0009055,Generalized limb muscle atrophy,characteristic of part of,http://purl.obolibrary.org/obo/UBERON_0004480,musculature of limb,False,,
http://purl.obolibrary.org/obo/HP_0009056,Loss of subcutaneous adipose tissue from upper limbs,part of,http://purl.obolibrary.org/obo/UBERON_0010708,pectoral complex,False,,
http://purl.obolibrary.org/obo/HP_0009058,Increased muscle lipid content,part of,http://purl.obolibrary.org/obo/UBERON_0001630,muscle organ,False,,
http://purl.obolibrary.org/obo/HP_0009072,Decreased Achilles reflex,occurs in,http://purl.obolibrary.org/obo/UBERON_0003701,calcaneal tendon,False,,
http://purl.obolibrary.org/obo/HP_0009085,Alveolar ridge overgrowth,characteristic of,http://purl.obolibrary.org/obo/UBERON_0004103,alveolar ridge,False,,
http://purl.obolibrary.org/obo/HP_0009092,Progressive alveolar ridge hypertrophy,characteristic of,http://purl.obolibrary.org/obo/UBERON_0004103,alveolar ridge,False,,
http://purl.obolibrary.org/obo/HP_0009094,Cleft lower alveolar ridge,characteristic of,http://purl.obolibrary.org/obo/UBERON_0004527,alveolar process of maxilla,False,,
http://purl.obolibrary.org/obo/HP_0009099,Median cleft palate,characteristic of,http://purl.obolibrary.org/obo/UBERON_0016442,median palatine suture,False,,
http://purl.obolibrary.org/obo/HP_0009100,Thick anterior alveolar ridges,characteristic of,http://purl.obolibrary.org/obo/UBERON_0004528,alveolar ridge of mandible,False,,
http://purl.obolibrary.org/obo/HP_0009101,Submucous cleft lip,part of,http://purl.obolibrary.org/obo/UBERON_0001833,lip,False,,
http://purl.obolibrary.org/obo/HP_0009103,Aplasia/Hypoplasia involving the pelvis,characteristic of,http://purl.obolibrary.org/obo/UBERON_0002355,pelvic region of trunk,False,,
http://purl.obolibrary.org/obo/HP_0009104,Aplasia/Hypoplasia of the pubic bone,characteristic of,http://purl.obolibrary.org/obo/UBERON_0001275,pubis,False,,
http://purl.obolibrary.org/obo/HP_0009105,Abnormal ossification of the pubic bone,occurs in,http://purl.obolibrary.org/obo/UBERON_0001275,pubis,False,,
http://purl.obolibrary.org/obo/HP_0009106,Abnormal pelvis bone ossification,occurs in,http://purl.obolibrary.org/obo/UBERON_0007830,pelvic girdle bone/zone,False,,
http://purl.obolibrary.org/obo/HP_0009107,Abnormal ossification involving the femoral head and neck,occurs in,http://purl.obolibrary.org/obo/UBERON_0006767,head of femur,False,,
http://purl.obolibrary.org/obo/HP_0009107,Abnormal ossification involving the femoral head and neck,occurs in,http://purl.obolibrary.org/obo/UBERON_0007119,neck of femur,False,,
http://purl.obolibrary.org/obo/HP_0009113,Diaphragmatic weakness,characteristic of,http://purl.obolibrary.org/obo/UBERON_0001103,diaphragm,False,,
http://purl.obolibrary.org/obo/HP_0009115,Aplasia/hypoplasia involving the skeleton,characteristic of,http://purl.obolibrary.org/obo/UBERON_0004288,skeleton,False,,
http://purl.obolibrary.org/obo/HP_0009116,Aplasia/Hypoplasia involving bones of the skull,characteristic of,http://purl.obolibrary.org/obo/UBERON_0003129,skull,False,,
http://purl.obolibrary.org/obo/HP_0009117,Aplasia/Hypoplasia of the maxilla,characteristic of,http://purl.obolibrary.org/obo/UBERON_0002397,maxilla,False,,
http://purl.obolibrary.org/obo/HP_0009118,Aplasia/Hypoplasia of the mandible,characteristic of,http://purl.obolibrary.org/obo/UBERON_0001684,mandible,False,,
http://purl.obolibrary.org/obo/HP_0009119,Aplasia/Hypoplasia of the frontal sinuses,characteristic of,http://purl.obolibrary.org/obo/UBERON_0001760,frontal sinus,False,,
http://purl.obolibrary.org/obo/HP_0009121,Abnormal axial skeleton morphology,characteristic of,http://purl.obolibrary.org/obo/UBERON_0002090,postcranial axial skeleton,False,,
http://purl.obolibrary.org/obo/HP_0009122,Aplasia/hypoplasia affecting bones of the axial skeleton,characteristic of part of,http://purl.obolibrary.org/obo/UBERON_0002090,postcranial axial skeleton,False,,
http://purl.obolibrary.org/obo/HP_0009124,Abnormal adipose tissue morphology,characteristic of part of,http://purl.obolibrary.org/obo/UBERON_0001013,adipose tissue,False,,
http://purl.obolibrary.org/obo/HP_0009126,Increased adipose tissue,characteristic of,http://purl.obolibrary.org/obo/UBERON_0001013,adipose tissue,False,,
http://purl.obolibrary.org/obo/HP_0009127,Abnormality of the musculature of the limbs,characteristic of part of,http://purl.obolibrary.org/obo/UBERON_0004480,musculature of limb,False,,
http://purl.obolibrary.org/obo/HP_0009128,Aplasia/Hypoplasia involving the musculature of the extremities,characteristic of part of,http://purl.obolibrary.org/obo/UBERON_0004480,musculature of limb,False,,
http://purl.obolibrary.org/obo/HP_0009129,Upper limb amyotrophy,characteristic of,http://purl.obolibrary.org/obo/UBERON_0004481,musculature of upper limb,False,,
http://purl.obolibrary.org/obo/HP_0009130,Hand muscle atrophy,characteristic of,http://purl.obolibrary.org/obo/UBERON_0004489,musculature of manus,False,,
http://purl.obolibrary.org/obo/HP_0009131,Abnormality of the musculature of the thorax,characteristic of part of,http://purl.obolibrary.org/obo/UBERON_0004464,musculature of thorax,False,,
http://purl.obolibrary.org/obo/HP_0009132,Abnormal tarsal bone mineral density,characteristic of,http://purl.obolibrary.org/obo/UBERON_0001447,tarsal bone,False,,
http://purl.obolibrary.org/obo/HP_0009134,Osteolysis involving bones of the feet,characteristic of part of,http://purl.obolibrary.org/obo/UBERON_0001445,skeleton of pes,False,,
http://purl.obolibrary.org/obo/HP_0009136,Duplication involving bones of the feet,towards,http://purl.obolibrary.org/obo/UBERON_0001445,skeleton of pes,False,,
http://purl.obolibrary.org/obo/HP_0009138,Synostosis involving bones of the lower limbs,characteristic of,http://purl.obolibrary.org/obo/UBERON_0012476,skeleton of pelvic complex,False,,
http://purl.obolibrary.org/obo/HP_0009138,Synostosis involving bones of the lower limbs,towards,http://purl.obolibrary.org/obo/UBERON_0012476,skeleton of pelvic complex,False,,
http://purl.obolibrary.org/obo/HP_0009139,Osteolysis involving bones of the lower limbs,characteristic of part of,http://purl.obolibrary.org/obo/UBERON_0012476,skeleton of pelvic complex,False,,
http://purl.obolibrary.org/obo/HP_0009140,Synostosis involving bones of the feet,characteristic of,http://purl.obolibrary.org/obo/UBERON_0001445,skeleton of pes,False,,
http://purl.obolibrary.org/obo/HP_0009140,Synostosis involving bones of the feet,towards,http://purl.obolibrary.org/obo/UBERON_0001445,skeleton of pes,False,,
http://purl.obolibrary.org/obo/HP_0009142,Duplication of bones involving the upper extremities,towards,http://purl.obolibrary.org/obo/UBERON_0012475,skeleton of pectoral complex,False,,
http://purl.obolibrary.org/obo/HP_0009144,Supernumerary bones of the axial skeleton,part of,http://purl.obolibrary.org/obo/UBERON_0002090,postcranial axial skeleton,False,,
http://purl.obolibrary.org/obo/HP_0009145,Abnormal cerebral artery morphology,characteristic of,http://purl.obolibrary.org/obo/UBERON_0004449,cerebral artery,False,,
http://purl.obolibrary.org/obo/HP_0009147,Enlarged epiphysis of the distal phalanx of the 5th finger,part of,http://purl.obolibrary.org/obo/UBERON_0004314,distal phalanx of manual digit 5,False,,
http://purl.obolibrary.org/obo/HP_0009148,Small epiphysis of the distal phalanx of the 5th finger,part of,http://purl.obolibrary.org/obo/UBERON_0004314,distal phalanx of manual digit 5,False,,
http://purl.obolibrary.org/obo/HP_0009149,Triangular epiphysis of the distal phalanx of the 5th finger,part of,http://purl.obolibrary.org/obo/UBERON_0004314,distal phalanx of manual digit 5,False,,
http://purl.obolibrary.org/obo/HP_0009150,Abnormality of the proximal phalanx of the 5th finger,characteristic of part of,http://purl.obolibrary.org/obo/UBERON_0004331,proximal phalanx of manual digit 5,False,,
http://purl.obolibrary.org/obo/HP_0009152,Abnormality of the epiphyses of the 5th finger,part of,http://purl.obolibrary.org/obo/UBERON_0003639,manual digit 5 phalanx,False,,
http://purl.obolibrary.org/obo/HP_0009153,Abnormality of the epiphysis of the proximal phalanx of the 5th finger,part of,http://purl.obolibrary.org/obo/UBERON_0004331,proximal phalanx of manual digit 5,False,,
http://purl.obolibrary.org/obo/HP_0009154,Triangular epiphysis of the proximal phalanx of the 5th finger,part of,http://purl.obolibrary.org/obo/UBERON_0004331,proximal phalanx of manual digit 5,False,,
http://purl.obolibrary.org/obo/HP_0009155,Cone-shaped epiphysis of the proximal phalanx of the 5th finger,part of,http://purl.obolibrary.org/obo/UBERON_0004331,proximal phalanx of manual digit 5,False,,
http://purl.obolibrary.org/obo/HP_0009157,Ivory epiphysis of the proximal phalanx of the 5th finger,part of,http://purl.obolibrary.org/obo/UBERON_0004331,proximal phalanx of manual digit 5,False,,
http://purl.obolibrary.org/obo/HP_0009158,Enlarged epiphysis of the proximal phalanx of the 5th finger,part of,http://purl.obolibrary.org/obo/UBERON_0004331,proximal phalanx of manual digit 5,False,,
http://purl.obolibrary.org/obo/HP_0009159,Small epiphysis of the proximal phalanx of the 5th finger,part of,http://purl.obolibrary.org/obo/UBERON_0004331,proximal phalanx of manual digit 5,False,,
http://purl.obolibrary.org/obo/HP_0009160,Absent epiphysis of the proximal phalanx of the 5th finger,part of,http://purl.obolibrary.org/obo/UBERON_0004331,proximal phalanx of manual digit 5,False,,
http://purl.obolibrary.org/obo/HP_0009161,Aplasia/Hypoplasia of the middle phalanx of the 5th finger,characteristic of,http://purl.obolibrary.org/obo/UBERON_0004323,middle phalanx of manual digit 5,False,,
http://purl.obolibrary.org/obo/HP_0009162,Absent middle phalanx of 5th finger,characteristic of,http://purl.obolibrary.org/obo/UBERON_0004323,middle phalanx of manual digit 5,False,,
http://purl.obolibrary.org/obo/HP_0009164,Abnormal calcification of the carpal bones,characteristic of,http://purl.obolibrary.org/obo/UBERON_0001435,carpal bone,False,,
http://purl.obolibrary.org/obo/HP_0009165,Stippling of the epiphysis of the distal phalanx of the 5th finger,part of,http://purl.obolibrary.org/obo/UBERON_0004314,distal phalanx of manual digit 5,False,,
http://purl.obolibrary.org/obo/HP_0009166,Fragmentation of the epiphysis of the distal phalanx of the 5th finger,part of,http://purl.obolibrary.org/obo/UBERON_0004314,distal phalanx of manual digit 5,False,,
http://purl.obolibrary.org/obo/HP_0009167,Irregular epiphysis of the distal phalanx of the 5th finger,part of,http://purl.obolibrary.org/obo/UBERON_0004314,distal phalanx of manual digit 5,False,,
http://purl.obolibrary.org/obo/HP_0009168,Bullet-shaped middle phalanx of the 5th finger,characteristic of,http://purl.obolibrary.org/obo/UBERON_0004323,middle phalanx of manual digit 5,False,,
http://purl.obolibrary.org/obo/HP_0009169,Broad middle phalanx of the 5th finger,characteristic of,http://purl.obolibrary.org/obo/UBERON_0004323,middle phalanx of manual digit 5,False,,
http://purl.obolibrary.org/obo/HP_0009170,Osteolytic defects of the middle phalanx of the 5th finger,occurs in,http://purl.obolibrary.org/obo/UBERON_0004323,middle phalanx of manual digit 5,False,,
http://purl.obolibrary.org/obo/HP_0009171,Triangular epiphyses of the metacarpals,characteristic of,http://purl.obolibrary.org/obo/UBERON_0004390,epiphysis of metacarpal bone,False,,
http://purl.obolibrary.org/obo/HP_0009172,Abnormal 4th finger phalanx morphology,characteristic of,http://purl.obolibrary.org/obo/UBERON_0003638,manual digit 4 phalanx,False,,
http://purl.obolibrary.org/obo/HP_0009173,Curved middle phalanx of the 5th finger,characteristic of,http://purl.obolibrary.org/obo/UBERON_0004323,middle phalanx of manual digit 5,False,,
http://purl.obolibrary.org/obo/HP_0009174,Abnormality of the epiphyses of the 4th finger,part of,http://purl.obolibrary.org/obo/UBERON_0003638,manual digit 4 phalanx,False,,
http://purl.obolibrary.org/obo/HP_0009175,Patchy sclerosis of the middle phalanx of the 5th finger,occurs in,http://purl.obolibrary.org/obo/UBERON_0004323,middle phalanx of manual digit 5,False,,
http://purl.obolibrary.org/obo/HP_0009177,Proximal/middle symphalangism of 5th finger,characteristic of,http://purl.obolibrary.org/obo/UBERON_0004323,middle phalanx of manual digit 5,False,,
http://purl.obolibrary.org/obo/HP_0009177,Proximal/middle symphalangism of 5th finger,towards,http://purl.obolibrary.org/obo/UBERON_0004331,proximal phalanx of manual digit 5,False,,
http://purl.obolibrary.org/obo/HP_0009178,Symphalangism of middle phalanx of 5th finger,characteristic of,http://purl.obolibrary.org/obo/UBERON_0004323,middle phalanx of manual digit 5,False,,
http://purl.obolibrary.org/obo/HP_0009178,Symphalangism of middle phalanx of 5th finger,towards,http://purl.obolibrary.org/obo/UBERON_0004323,middle phalanx of manual digit 5,False,,
http://purl.obolibrary.org/obo/HP_0009179,Deviation of the 5th finger,characteristic of,http://purl.obolibrary.org/obo/UBERON_0003625,manual digit 5,False,,
http://purl.obolibrary.org/obo/HP_0009180,Ulnar deviation of the 5th finger,characteristic of,http://purl.obolibrary.org/obo/UBERON_0003625,manual digit 5,False,,
http://purl.obolibrary.org/obo/HP_0009182,Triangular shaped middle phalanx of the 5th finger,characteristic of,http://purl.obolibrary.org/obo/UBERON_0004323,middle phalanx of manual digit 5,False,,
http://purl.obolibrary.org/obo/HP_0009183,Joint contracture of the 5th finger,part of,http://purl.obolibrary.org/obo/UBERON_0003625,manual digit 5,False,,
http://purl.obolibrary.org/obo/HP_0009184,Contracture of the distal interphalangeal joint of the 5th finger,part of,http://purl.obolibrary.org/obo/UBERON_0003625,manual digit 5,False,,
http://purl.obolibrary.org/obo/HP_0009185,Contracture of the proximal interphalangeal joint of the 5th finger,part of,http://purl.obolibrary.org/obo/UBERON_0003625,manual digit 5,False,,
http://purl.obolibrary.org/obo/HP_0009186,Contracture of the metacarpophalangeal joint of the 5th finger,attached to,http://purl.obolibrary.org/obo/UBERON_0007747,metacarpophalangeal joint of manual digit 5,False,,
http://purl.obolibrary.org/obo/HP_0009187,Bracket epiphysis of the distal phalanx of the 5th finger,part of,http://purl.obolibrary.org/obo/UBERON_0004314,distal phalanx of manual digit 5,False,,
http://purl.obolibrary.org/obo/HP_0009188,Pseudoepiphysis of the distal phalanx of the 5th finger,characteristic of,http://purl.obolibrary.org/obo/UBERON_0004314,distal phalanx of manual digit 5,False,,
http://purl.obolibrary.org/obo/HP_0009189,Fragmentation of the metacarpal epiphyses,characteristic of,http://purl.obolibrary.org/obo/UBERON_0004390,epiphysis of metacarpal bone,False,,
http://purl.obolibrary.org/obo/HP_0009190,Irregular epiphyses of the metacarpals,characteristic of,http://purl.obolibrary.org/obo/UBERON_0004390,epiphysis of metacarpal bone,False,,
http://purl.obolibrary.org/obo/HP_0009191,Ivory epiphyses of the metacarpals,characteristic of,http://purl.obolibrary.org/obo/UBERON_0004390,epiphysis of metacarpal bone,False,,
http://purl.obolibrary.org/obo/HP_0009192,Aplasia/Hypoplasia of the proximal phalanx of the 5th finger,characteristic of,http://purl.obolibrary.org/obo/UBERON_0004331,proximal phalanx of manual digit 5,False,,
http://purl.obolibrary.org/obo/HP_0009193,Metacarpal pseudoepiphysis,part of,http://purl.obolibrary.org/obo/UBERON_0002374,metacarpal bone,False,,
http://purl.obolibrary.org/obo/HP_0009194,Small epiphyses of the metacarpals,part of,http://purl.obolibrary.org/obo/UBERON_0002374,metacarpal bone,False,,
http://purl.obolibrary.org/obo/HP_0009195,Epiphyseal stippling of the metacarpals,characteristic of,http://purl.obolibrary.org/obo/UBERON_0004390,epiphysis of metacarpal bone,False,,
http://purl.obolibrary.org/obo/HP_0009196,Absent metacarpal epiphyses,characteristic of,http://purl.obolibrary.org/obo/UBERON_0004390,epiphysis of metacarpal bone,False,,
http://purl.obolibrary.org/obo/HP_0009197,Bracket epiphysis of the proximal phalanx of the 5th finger,characteristic of,http://purl.obolibrary.org/obo/UBERON_0004331,proximal phalanx of manual digit 5,False,,
http://purl.obolibrary.org/obo/HP_0009197,Bracket epiphysis of the proximal phalanx of the 5th finger,towards,http://purl.obolibrary.org/obo/UBERON_0004387,epiphysis of phalanx of manus,False,,
http://purl.obolibrary.org/obo/HP_0009198,Abnormality of the epiphysis of the distal phalanx of the 5th finger,part of,http://purl.obolibrary.org/obo/UBERON_0004314,distal phalanx of manual digit 5,False,,
http://purl.obolibrary.org/obo/HP_0009199,Irregular epiphysis of the proximal phalanx of the 5th finger,part of,http://purl.obolibrary.org/obo/UBERON_0004331,proximal phalanx of manual digit 5,False,,
http://purl.obolibrary.org/obo/HP_0009200,Pseudoepiphysis of the proximal phalanx of the 5th finger,characteristic of part of,http://purl.obolibrary.org/obo/UBERON_0004331,proximal phalanx of manual digit 5,False,,
http://purl.obolibrary.org/obo/HP_0009201,Stippling of the epiphysis of the proximal phalanx of the 5th finger,part of,http://purl.obolibrary.org/obo/UBERON_0004331,proximal phalanx of manual digit 5,False,,
http://purl.obolibrary.org/obo/HP_0009202,Fragmentation of the epiphysis of the proximal phalanx of the 5th finger,part of,http://purl.obolibrary.org/obo/UBERON_0004331,proximal phalanx of manual digit 5,False,,
http://purl.obolibrary.org/obo/HP_0009203,Absent epiphysis of the middle phalanx of the 5th finger,part of,http://purl.obolibrary.org/obo/UBERON_0004323,middle phalanx of manual digit 5,False,,
http://purl.obolibrary.org/obo/HP_0009204,Bracket epiphysis of the middle phalanx of the 5th finger,part of,http://purl.obolibrary.org/obo/UBERON_0004331,proximal phalanx of manual digit 5,False,,
http://purl.obolibrary.org/obo/HP_0009205,Cone-shaped epiphysis of the middle phalanx of the 5th finger,part of,http://purl.obolibrary.org/obo/UBERON_0004323,middle phalanx of manual digit 5,False,,
http://purl.obolibrary.org/obo/HP_0009206,Enlarged epiphysis of the middle phalanx of the 5th finger,part of,http://purl.obolibrary.org/obo/UBERON_0004323,middle phalanx of manual digit 5,False,,
http://purl.obolibrary.org/obo/HP_0009207,Fragmentation of the epiphysis of the middle phalanx of the 5th finger,part of,http://purl.obolibrary.org/obo/UBERON_0004323,middle phalanx of manual digit 5,False,,
http://purl.obolibrary.org/obo/HP_0009208,Irregular epiphysis of the middle phalanx of the 5th finger,part of,http://purl.obolibrary.org/obo/UBERON_0004323,middle phalanx of manual digit 5,False,,
http://purl.obolibrary.org/obo/HP_0009209,Ivory epiphysis of the middle phalanx of the 5th finger,part of,http://purl.obolibrary.org/obo/UBERON_0004323,middle phalanx of manual digit 5,False,,
http://purl.obolibrary.org/obo/HP_0009210,Pseudoepiphysis of the middle phalanx of the 5th finger,characteristic of,http://purl.obolibrary.org/obo/UBERON_0004323,middle phalanx of manual digit 5,False,,
http://purl.obolibrary.org/obo/HP_0009211,Small epiphysis of the middle phalanx of the 5th finger,part of,http://purl.obolibrary.org/obo/UBERON_0004323,middle phalanx of manual digit 5,False,,
http://purl.obolibrary.org/obo/HP_0009212,Stippling of the epiphysis of the middle phalanx of the 5th finger,part of,http://purl.obolibrary.org/obo/UBERON_0004323,middle phalanx of manual digit 5,False,,
http://purl.obolibrary.org/obo/HP_0009213,Triangular epiphysis of the middle phalanx of the 5th finger,part of,http://purl.obolibrary.org/obo/UBERON_0004323,middle phalanx of manual digit 5,False,,
http://purl.obolibrary.org/obo/HP_0009214,Absent epiphysis of the middle phalanx of the 4th finger,part of,http://purl.obolibrary.org/obo/UBERON_0004322,middle phalanx of manual digit 4,False,,
http://purl.obolibrary.org/obo/HP_0009215,Bracket epiphysis of the middle phalanx of the 4th finger,part of,http://purl.obolibrary.org/obo/UBERON_0004322,middle phalanx of manual digit 4,False,,
http://purl.obolibrary.org/obo/HP_0009216,Cone-shaped epiphysis of the middle phalanx of the 4th finger,part of,http://purl.obolibrary.org/obo/UBERON_0004322,middle phalanx of manual digit 4,False,,
http://purl.obolibrary.org/obo/HP_0009217,Enlarged epiphysis of the middle phalanx of the 4th finger,part of,http://purl.obolibrary.org/obo/UBERON_0004322,middle phalanx of manual digit 4,False,,
http://purl.obolibrary.org/obo/HP_0009218,Fragmentation of the epiphysis of the middle phalanx of the 4th finger,part of,http://purl.obolibrary.org/obo/UBERON_0004322,middle phalanx of manual digit 4,False,,
http://purl.obolibrary.org/obo/HP_0009219,Irregular epiphysis of the middle phalanx of the 4th finger,part of,http://purl.obolibrary.org/obo/UBERON_0004322,middle phalanx of manual digit 4,False,,
http://purl.obolibrary.org/obo/HP_0009220,Ivory epiphysis of the middle phalanx of the 4th finger,part of,http://purl.obolibrary.org/obo/UBERON_0004322,middle phalanx of manual digit 4,False,,
http://purl.obolibrary.org/obo/HP_0009221,Pseudoepiphysis of the middle phalanx of the 4th finger,characteristic of,http://purl.obolibrary.org/obo/UBERON_0004322,middle phalanx of manual digit 4,False,,
http://purl.obolibrary.org/obo/HP_0009222,Small epiphysis of the middle phalanx of the 4th finger,part of,http://purl.obolibrary.org/obo/UBERON_0004322,middle phalanx of manual digit 4,False,,
http://purl.obolibrary.org/obo/HP_0009223,Stippling of the epiphysis of the middle phalanx of the 4th finger,part of,http://purl.obolibrary.org/obo/UBERON_0004313,distal phalanx of manual digit 4,False,,
http://purl.obolibrary.org/obo/HP_0009224,Triangular epiphysis of the middle phalanx of the 4th finger,part of,http://purl.obolibrary.org/obo/UBERON_0004322,middle phalanx of manual digit 4,False,,
http://purl.obolibrary.org/obo/HP_0009225,Aplasia of the proximal phalanx of the 5th finger,characteristic of,http://purl.obolibrary.org/obo/UBERON_0004331,proximal phalanx of manual digit 5,False,,
http://purl.obolibrary.org/obo/HP_0009226,Short proximal phalanx of the 5th finger,characteristic of,http://purl.obolibrary.org/obo/UBERON_0004331,proximal phalanx of manual digit 5,False,,
http://purl.obolibrary.org/obo/HP_0009227,Broad proximal phalanx of the 5th finger,characteristic of,http://purl.obolibrary.org/obo/UBERON_0004331,proximal phalanx of manual digit 5,False,,
http://purl.obolibrary.org/obo/HP_0009228,Bullet-shaped proximal phalanx of the 5th finger,characteristic of,http://purl.obolibrary.org/obo/UBERON_0004331,proximal phalanx of manual digit 5,False,,
http://purl.obolibrary.org/obo/HP_0009229,Curved proximal phalanx of the 5th finger,characteristic of,http://purl.obolibrary.org/obo/UBERON_0004331,proximal phalanx of manual digit 5,False,,
http://purl.obolibrary.org/obo/HP_0009230,Osteolytic defects of the proximal phalanx of the 5th finger,occurs in,http://purl.obolibrary.org/obo/UBERON_0004331,proximal phalanx of manual digit 5,False,,
http://purl.obolibrary.org/obo/HP_0009231,Patchy sclerosis of the proximal phalanx of the 5th finger,occurs in,http://purl.obolibrary.org/obo/UBERON_0004331,proximal phalanx of manual digit 5,False,,
http://purl.obolibrary.org/obo/HP_0009232,Symphalangism affecting the proximal phalanx of the 5th finger,characteristic of,http://purl.obolibrary.org/obo/UBERON_0004331,proximal phalanx of manual digit 5,False,,
http://purl.obolibrary.org/obo/HP_0009232,Symphalangism affecting the proximal phalanx of the 5th finger,towards,http://purl.obolibrary.org/obo/UBERON_0004331,proximal phalanx of manual digit 5,False,,
http://purl.obolibrary.org/obo/HP_0009233,Triangular shaped proximal phalanx of the 5th finger,characteristic of,http://purl.obolibrary.org/obo/UBERON_0004331,proximal phalanx of manual digit 5,False,,
http://purl.obolibrary.org/obo/HP_0009234,Symphalangism of the proximal phalanx of the 5th finger with the 5th metacarpal,characteristic of,http://purl.obolibrary.org/obo/UBERON_0004331,proximal phalanx of manual digit 5,False,,
http://purl.obolibrary.org/obo/HP_0009234,Symphalangism of the proximal phalanx of the 5th finger with the 5th metacarpal,towards,http://purl.obolibrary.org/obo/UBERON_0003649,metacarpal bone of digit 5,False,,
http://purl.obolibrary.org/obo/HP_0009237,Short 5th finger,characteristic of,http://purl.obolibrary.org/obo/UBERON_0003625,manual digit 5,False,,
http://purl.obolibrary.org/obo/HP_0009238,Aplasia of the 5th finger,characteristic of,http://purl.obolibrary.org/obo/UBERON_0003625,manual digit 5,False,,
http://purl.obolibrary.org/obo/HP_0009239,Aplasia/Hypoplasia of the distal phalanx of the 5th finger,characteristic of,http://purl.obolibrary.org/obo/UBERON_0004314,distal phalanx of manual digit 5,False,,
http://purl.obolibrary.org/obo/HP_0009240,Broad distal phalanx of the 5th finger,characteristic of,http://purl.obolibrary.org/obo/UBERON_0004314,distal phalanx of manual digit 5,False,,
http://purl.obolibrary.org/obo/HP_0009241,Bullet-shaped distal phalanx of the 5th finger,characteristic of,http://purl.obolibrary.org/obo/UBERON_0004314,distal phalanx of manual digit 5,False,,
http://purl.obolibrary.org/obo/HP_0009242,Osteolytic defects of the distal phalanx of the 5th finger,occurs in,http://purl.obolibrary.org/obo/UBERON_0004314,distal phalanx of manual digit 5,False,,
http://purl.obolibrary.org/obo/HP_0009243,Patchy sclerosis of the distal phalanx of the 5th finger,occurs in,http://purl.obolibrary.org/obo/UBERON_0004314,distal phalanx of manual digit 5,False,,
http://purl.obolibrary.org/obo/HP_0009244,Distal/middle symphalangism of 5th finger,characteristic of,http://purl.obolibrary.org/obo/UBERON_0004314,distal phalanx of manual digit 5,False,,
http://purl.obolibrary.org/obo/HP_0009244,Distal/middle symphalangism of 5th finger,towards,http://purl.obolibrary.org/obo/UBERON_0004323,middle phalanx of manual digit 5,False,,
http://purl.obolibrary.org/obo/HP_0009245,Triangular shaped distal phalanx of the 5th finger,characteristic of,http://purl.obolibrary.org/obo/UBERON_0004314,distal phalanx of manual digit 5,False,,
http://purl.obolibrary.org/obo/HP_0009246,Aplasia of the distal phalanx of the 5th finger,characteristic of,http://purl.obolibrary.org/obo/UBERON_0004314,distal phalanx of manual digit 5,False,,
http://purl.obolibrary.org/obo/HP_0009247,Abnormality of the epiphysis of the middle phalanx of the 4th finger,part of,http://purl.obolibrary.org/obo/UBERON_0004322,middle phalanx of manual digit 4,False,,
http://purl.obolibrary.org/obo/HP_0009248,Abnormality of the epiphysis of the proximal phalanx of the 4th finger,part of,http://purl.obolibrary.org/obo/UBERON_0004330,proximal phalanx of manual digit 4,False,,
http://purl.obolibrary.org/obo/HP_0009249,Abnormality of the epiphysis of the distal phalanx of the 4th finger,part of,http://purl.obolibrary.org/obo/UBERON_0004313,distal phalanx of manual digit 4,False,,
http://purl.obolibrary.org/obo/HP_0009250,Absent epiphysis of the distal phalanx of the 4th finger,part of,http://purl.obolibrary.org/obo/UBERON_0004313,distal phalanx of manual digit 4,False,,
http://purl.obolibrary.org/obo/HP_0009251,Bracket epiphysis of the distal phalanx of the 4th finger,characteristic of,http://purl.obolibrary.org/obo/UBERON_0004314,distal phalanx of manual digit 5,False,,
http://purl.obolibrary.org/obo/HP_0009251,Bracket epiphysis of the distal phalanx of the 4th finger,towards,http://purl.obolibrary.org/obo/UBERON_0004387,epiphysis of phalanx of manus,False,,
http://purl.obolibrary.org/obo/HP_0009252,Cone-shaped epiphysis of the distal phalanx of the 4th finger,part of,http://purl.obolibrary.org/obo/UBERON_0004313,distal phalanx of manual digit 4,False,,
http://purl.obolibrary.org/obo/HP_0009253,Enlarged epiphysis of the distal phalanx of the 4th finger,part of,http://purl.obolibrary.org/obo/UBERON_0004313,distal phalanx of manual digit 4,False,,
http://purl.obolibrary.org/obo/HP_0009254,Fragmentation of the epiphysis of the distal phalanx of the 4th finger,part of,http://purl.obolibrary.org/obo/UBERON_0004313,distal phalanx of manual digit 4,False,,
http://purl.obolibrary.org/obo/HP_0009255,Irregular epiphysis of the distal phalanx of the 4th finger,part of,http://purl.obolibrary.org/obo/UBERON_0004313,distal phalanx of manual digit 4,False,,
http://purl.obolibrary.org/obo/HP_0009256,Ivory epiphysis of the distal phalanx of the 4th finger,part of,http://purl.obolibrary.org/obo/UBERON_0004313,distal phalanx of manual digit 4,False,,
http://purl.obolibrary.org/obo/HP_0009257,Pseudoepiphysis of the distal phalanx of the 4th finger,characteristic of,http://purl.obolibrary.org/obo/UBERON_0004313,distal phalanx of manual digit 4,False,,
http://purl.obolibrary.org/obo/HP_0009258,Small epiphysis of the distal phalanx of the 4th finger,part of,http://purl.obolibrary.org/obo/UBERON_0004313,distal phalanx of manual digit 4,False,,
http://purl.obolibrary.org/obo/HP_0009259,Stippling of the epiphysis of the distal phalanx of the 4th finger,part of,http://purl.obolibrary.org/obo/UBERON_0004330,proximal phalanx of manual digit 4,False,,
http://purl.obolibrary.org/obo/HP_0009260,Triangular epiphysis of the distal phalanx of the 4th finger,part of,http://purl.obolibrary.org/obo/UBERON_0004313,distal phalanx of manual digit 4,False,,
http://purl.obolibrary.org/obo/HP_0009261,Absent epiphysis of the proximal phalanx of the 4th finger,part of,http://purl.obolibrary.org/obo/UBERON_0004330,proximal phalanx of manual digit 4,False,,
http://purl.obolibrary.org/obo/HP_0009262,Bracket epiphysis of the proximal phalanx of the 4th finger,characteristic of,http://purl.obolibrary.org/obo/UBERON_0004330,proximal phalanx of manual digit 4,False,,
http://purl.obolibrary.org/obo/HP_0009262,Bracket epiphysis of the proximal phalanx of the 4th finger,towards,http://purl.obolibrary.org/obo/UBERON_0004387,epiphysis of phalanx of manus,False,,
http://purl.obolibrary.org/obo/HP_0009263,Cone-shaped epiphysis of the proximal phalanx of the 4th finger,part of,http://purl.obolibrary.org/obo/UBERON_0004330,proximal phalanx of manual digit 4,False,,
http://purl.obolibrary.org/obo/HP_0009264,Enlarged epiphysis of the proximal phalanx of the 4th finger,part of,http://purl.obolibrary.org/obo/UBERON_0004330,proximal phalanx of manual digit 4,False,,
http://purl.obolibrary.org/obo/HP_0009265,Fragmentation of the epiphysis of the proximal phalanx of the 4th finger,part of,http://purl.obolibrary.org/obo/UBERON_0004330,proximal phalanx of manual digit 4,False,,
http://purl.obolibrary.org/obo/HP_0009266,Irregular epiphysis of the proximal phalanx of the 4th finger,part of,http://purl.obolibrary.org/obo/UBERON_0004330,proximal phalanx of manual digit 4,False,,
http://purl.obolibrary.org/obo/HP_0009267,Ivory epiphysis of the proximal phalanx of the 4th finger,characteristic of,http://purl.obolibrary.org/obo/UBERON_0004330,proximal phalanx of manual digit 4,False,,
http://purl.obolibrary.org/obo/HP_0009267,Ivory epiphysis of the proximal phalanx of the 4th finger,towards,http://purl.obolibrary.org/obo/UBERON_0004387,epiphysis of phalanx of manus,False,,
http://purl.obolibrary.org/obo/HP_0009268,Pseudoepiphysis of the proximal phalanx of the 4th finger,characteristic of,http://purl.obolibrary.org/obo/UBERON_0004330,proximal phalanx of manual digit 4,False,,
http://purl.obolibrary.org/obo/HP_0009269,Small epiphysis of the proximal phalanx of the 4th finger,part of,http://purl.obolibrary.org/obo/UBERON_0004330,proximal phalanx of manual digit 4,False,,
http://purl.obolibrary.org/obo/HP_0009270,Stippling of the epiphysis of the proximal phalanx of the 4th finger,part of,http://purl.obolibrary.org/obo/UBERON_0004322,middle phalanx of manual digit 4,False,,
http://purl.obolibrary.org/obo/HP_0009271,Triangular epiphysis of the proximal phalanx of the 4th finger,part of,http://purl.obolibrary.org/obo/UBERON_0004330,proximal phalanx of manual digit 4,False,,
http://purl.obolibrary.org/obo/HP_0009272,Aplasia/Hypoplasia of the 4th finger,characteristic of,http://purl.obolibrary.org/obo/UBERON_0003624,manual digit 4,False,,
http://purl.obolibrary.org/obo/HP_0009273,Deviation of the 4th finger,characteristic of,http://purl.obolibrary.org/obo/UBERON_0003624,manual digit 4,False,,
http://purl.obolibrary.org/obo/HP_0009274,Joint contracture of the 4th finger,part of,http://purl.obolibrary.org/obo/UBERON_0003624,manual digit 4,False,,
http://purl.obolibrary.org/obo/HP_0009275,Contracture of the distal interphalangeal joint of the 4th finger,attached to,http://purl.obolibrary.org/obo/UBERON_0014670,distal interphalangeal joint of manual digit 4,False,,
http://purl.obolibrary.org/obo/HP_0009276,Contracture of the proximal interphalangeal joint of the 4th finger,part of,http://purl.obolibrary.org/obo/UBERON_0003624,manual digit 4,False,,
http://purl.obolibrary.org/obo/HP_0009277,Contracture of the metacarpophalangeal joint of the 4th finger,attached to,http://purl.obolibrary.org/obo/UBERON_0007744,metacarpophalangeal joint of manual digit 4,False,,
http://purl.obolibrary.org/obo/HP_0009278,Ulnar deviation of the 4th finger,characteristic of,http://purl.obolibrary.org/obo/UBERON_0003624,manual digit 4,False,,
http://purl.obolibrary.org/obo/HP_0009280,Short 4th finger,characteristic of,http://purl.obolibrary.org/obo/UBERON_0003624,manual digit 4,False,,
http://purl.obolibrary.org/obo/HP_0009281,Aplasia of the 4th finger,characteristic of,http://purl.obolibrary.org/obo/UBERON_0003624,manual digit 4,False,,
http://purl.obolibrary.org/obo/HP_0009282,Abnormality of the distal phalanx of the 4th finger,characteristic of part of,http://purl.obolibrary.org/obo/UBERON_0004313,distal phalanx of manual digit 4,False,,
http://purl.obolibrary.org/obo/HP_0009283,Abnormality of the middle phalanx of the 4th finger,characteristic of part of,http://purl.obolibrary.org/obo/UBERON_0004322,middle phalanx of manual digit 4,False,,
http://purl.obolibrary.org/obo/HP_0009284,Abnormality of the proximal phalanx of the 4th finger,characteristic of part of,http://purl.obolibrary.org/obo/UBERON_0004330,proximal phalanx of manual digit 4,False,,
http://purl.obolibrary.org/obo/HP_0009285,Curved phalanges of the 4th finger,characteristic of,http://purl.obolibrary.org/obo/UBERON_0003638,manual digit 4 phalanx,False,,
http://purl.obolibrary.org/obo/HP_0009286,Curved distal phalanx of the 4th finger,characteristic of,http://purl.obolibrary.org/obo/UBERON_0004313,distal phalanx of manual digit 4,False,,
http://purl.obolibrary.org/obo/HP_0009287,Curved middle phalanx of the 4th finger,characteristic of,http://purl.obolibrary.org/obo/UBERON_0004322,middle phalanx of manual digit 4,False,,
http://purl.obolibrary.org/obo/HP_0009288,Curved proximal phalanx of the 4th finger,characteristic of,http://purl.obolibrary.org/obo/UBERON_0004330,proximal phalanx of manual digit 4,False,,
http://purl.obolibrary.org/obo/HP_0009289,Aplasia/Hypoplasia of the distal phalanx of the 4th finger,characteristic of,http://purl.obolibrary.org/obo/UBERON_0004313,distal phalanx of manual digit 4,False,,
http://purl.obolibrary.org/obo/HP_0009290,Short distal phalanx of the 4th finger,characteristic of,http://purl.obolibrary.org/obo/UBERON_0004313,distal phalanx of manual digit 4,False,,
http://purl.obolibrary.org/obo/HP_0009291,Aplasia of the distal phalanx of the 4th finger,characteristic of,http://purl.obolibrary.org/obo/UBERON_0004313,distal phalanx of manual digit 4,False,,
http://purl.obolibrary.org/obo/HP_0009292,Broad distal phalanx of the 4th finger,characteristic of,http://purl.obolibrary.org/obo/UBERON_0004313,distal phalanx of manual digit 4,False,,
http://purl.obolibrary.org/obo/HP_0009293,Broad middle phalanx of the 4th finger,characteristic of,http://purl.obolibrary.org/obo/UBERON_0004322,middle phalanx of manual digit 4,False,,
http://purl.obolibrary.org/obo/HP_0009294,Absent middle phalanx of 4th finger,characteristic of,http://purl.obolibrary.org/obo/UBERON_0004322,middle phalanx of manual digit 4,False,,
http://purl.obolibrary.org/obo/HP_0009295,Short middle phalanx of the 4th finger,characteristic of,http://purl.obolibrary.org/obo/UBERON_0004322,middle phalanx of manual digit 4,False,,
http://purl.obolibrary.org/obo/HP_0009296,Bullet-shaped middle phalanx of the 4th finger,characteristic of,http://purl.obolibrary.org/obo/UBERON_0004322,middle phalanx of manual digit 4,False,,
http://purl.obolibrary.org/obo/HP_0009297,Osteolytic defects of the middle phalanx of the 4th finger,occurs in,http://purl.obolibrary.org/obo/UBERON_0004322,middle phalanx of manual digit 4,False,,
http://purl.obolibrary.org/obo/HP_0009298,Aplasia of the proximal phalanx of the 4th finger,characteristic of,http://purl.obolibrary.org/obo/UBERON_0004330,proximal phalanx of manual digit 4,False,,
http://purl.obolibrary.org/obo/HP_0009299,Aplasia/Hypoplasia of the middle phalanx of the 4th finger,characteristic of,http://purl.obolibrary.org/obo/UBERON_0004322,middle phalanx of manual digit 4,False,,
http://purl.obolibrary.org/obo/HP_0009300,Aplasia/Hypoplasia of the proximal phalanx of the 4th finger,characteristic of,http://purl.obolibrary.org/obo/UBERON_0004330,proximal phalanx of manual digit 4,False,,
http://purl.obolibrary.org/obo/HP_0009301,Short proximal phalanx of the 4th finger,characteristic of,http://purl.obolibrary.org/obo/UBERON_0004330,proximal phalanx of manual digit 4,False,,
http://purl.obolibrary.org/obo/HP_0009302,Bullet-shaped distal phalanx of the 4th finger,characteristic of,http://purl.obolibrary.org/obo/UBERON_0004313,distal phalanx of manual digit 4,False,,
http://purl.obolibrary.org/obo/HP_0009303,Osteolytic defects of the distal phalanx of the 4th finger,occurs in,http://purl.obolibrary.org/obo/UBERON_0004313,distal phalanx of manual digit 4,False,,
http://purl.obolibrary.org/obo/HP_0009304,Patchy sclerosis of the distal phalanx of the 4th finger,occurs in,http://purl.obolibrary.org/obo/UBERON_0004313,distal phalanx of manual digit 4,False,,
http://purl.obolibrary.org/obo/HP_0009305,Distal/middle symphalangism of 4th finger,characteristic of,http://purl.obolibrary.org/obo/UBERON_0004313,distal phalanx of manual digit 4,False,,
http://purl.obolibrary.org/obo/HP_0009305,Distal/middle symphalangism of 4th finger,towards,http://purl.obolibrary.org/obo/UBERON_0004322,middle phalanx of manual digit 4,False,,
http://purl.obolibrary.org/obo/HP_0009306,Triangular shaped distal phalanx of the 4th finger,characteristic of,http://purl.obolibrary.org/obo/UBERON_0004313,distal phalanx of manual digit 4,False,,
http://purl.obolibrary.org/obo/HP_0009307,Patchy sclerosis of the middle phalanx of the 4th finger,occurs in,http://purl.obolibrary.org/obo/UBERON_0004322,middle phalanx of manual digit 4,False,,
http://purl.obolibrary.org/obo/HP_0009308,Symphalangism of middle phalanx of 4th finger,characteristic of,http://purl.obolibrary.org/obo/UBERON_0004322,middle phalanx of manual digit 4,False,,
http://purl.obolibrary.org/obo/HP_0009308,Symphalangism of middle phalanx of 4th finger,towards,http://purl.obolibrary.org/obo/UBERON_0004323,middle phalanx of manual digit 5,False,,
http://purl.obolibrary.org/obo/HP_0009309,Triangular shaped middle phalanx of the 4th finger,characteristic of,http://purl.obolibrary.org/obo/UBERON_0004322,middle phalanx of manual digit 4,False,,
http://purl.obolibrary.org/obo/HP_0009310,Broad proximal phalanx of the 4th finger,characteristic of,http://purl.obolibrary.org/obo/UBERON_0004330,proximal phalanx of manual digit 4,False,,
http://purl.obolibrary.org/obo/HP_0009311,Bullet-shaped proximal phalanx of the 4th finger,characteristic of,http://purl.obolibrary.org/obo/UBERON_0004330,proximal phalanx of manual digit 4,False,,
http://purl.obolibrary.org/obo/HP_0009312,Osteolytic defects of the proximal phalanx of the 4th finger,occurs in,http://purl.obolibrary.org/obo/UBERON_0004330,proximal phalanx of manual digit 4,False,,
http://purl.obolibrary.org/obo/HP_0009313,Patchy sclerosis of the proximal phalanx of the 4th finger,occurs in,http://purl.obolibrary.org/obo/UBERON_0004330,proximal phalanx of manual digit 4,False,,
http://purl.obolibrary.org/obo/HP_0009314,Symphalangism affecting the proximal phalanx of the 4th finger,characteristic of,http://purl.obolibrary.org/obo/UBERON_0004330,proximal phalanx of manual digit 4,False,,
http://purl.obolibrary.org/obo/HP_0009314,Symphalangism affecting the proximal phalanx of the 4th finger,towards,http://purl.obolibrary.org/obo/UBERON_0004323,middle phalanx of manual digit 5,False,,
http://purl.obolibrary.org/obo/HP_0009315,Triangular shaped proximal phalanx of the 4th finger,characteristic of,http://purl.obolibrary.org/obo/UBERON_0004330,proximal phalanx of manual digit 4,False,,
http://purl.obolibrary.org/obo/HP_0009316,Abnormal 3rd finger phalanx morphology,characteristic of,http://purl.obolibrary.org/obo/UBERON_0003637,manual digit 3 phalanx,False,,
http://purl.obolibrary.org/obo/HP_0009317,Deviation of the 3rd finger,characteristic of,http://purl.obolibrary.org/obo/UBERON_0003623,manual digit 3,False,,
http://purl.obolibrary.org/obo/HP_0009318,Aplasia/Hypoplasia of the 3rd finger,characteristic of,http://purl.obolibrary.org/obo/UBERON_0003623,manual digit 3,False,,
http://purl.obolibrary.org/obo/HP_0009319,Joint contracture of the 3rd finger,part of,http://purl.obolibrary.org/obo/UBERON_0003623,manual digit 3,False,,
http://purl.obolibrary.org/obo/HP_0009320,Abnormality of the epiphyses of the 3rd finger,part of,http://purl.obolibrary.org/obo/UBERON_0003637,manual digit 3 phalanx,False,,
http://purl.obolibrary.org/obo/HP_0009321,Absent epiphysis of the middle phalanx of the 3rd finger,part of,http://purl.obolibrary.org/obo/UBERON_0004321,middle phalanx of manual digit 3,False,,
http://purl.obolibrary.org/obo/HP_0009322,Bracket epiphysis of the middle phalanx of the 3rd finger,part of,http://purl.obolibrary.org/obo/UBERON_0004321,middle phalanx of manual digit 3,False,,
http://purl.obolibrary.org/obo/HP_0009323,Cone-shaped epiphysis of the middle phalanx of the 3rd finger,part of,http://purl.obolibrary.org/obo/UBERON_0004321,middle phalanx of manual digit 3,False,,
http://purl.obolibrary.org/obo/HP_0009324,Enlarged epiphysis of the middle phalanx of the 3rd finger,part of,http://purl.obolibrary.org/obo/UBERON_0004321,middle phalanx of manual digit 3,False,,
http://purl.obolibrary.org/obo/HP_0009325,Fragmentation of the epiphysis of the middle phalanx of the 3rd finger,part of,http://purl.obolibrary.org/obo/UBERON_0004321,middle phalanx of manual digit 3,False,,
http://purl.obolibrary.org/obo/HP_0009326,Irregular epiphysis of the middle phalanx of the 3rd finger,part of,http://purl.obolibrary.org/obo/UBERON_0004321,middle phalanx of manual digit 3,False,,
http://purl.obolibrary.org/obo/HP_0009327,Ivory epiphysis of the middle phalanx of the 3rd finger,part of,http://purl.obolibrary.org/obo/UBERON_0004321,middle phalanx of manual digit 3,False,,
http://purl.obolibrary.org/obo/HP_0009328,Pseudoepiphysis of the middle phalanx of the 3rd finger,characteristic of,http://purl.obolibrary.org/obo/UBERON_0004321,middle phalanx of manual digit 3,False,,
http://purl.obolibrary.org/obo/HP_0009329,Small epiphysis of the middle phalanx of the 3rd finger,part of,http://purl.obolibrary.org/obo/UBERON_0004321,middle phalanx of manual digit 3,False,,
http://purl.obolibrary.org/obo/HP_0009330,Stippling of the epiphysis of the middle phalanx of the 3rd finger,part of,http://purl.obolibrary.org/obo/UBERON_0004321,middle phalanx of manual digit 3,False,,
http://purl.obolibrary.org/obo/HP_0009331,Triangular epiphysis of the middle phalanx of the 3rd finger,part of,http://purl.obolibrary.org/obo/UBERON_0004321,middle phalanx of manual digit 3,False,,
http://purl.obolibrary.org/obo/HP_0009332,Abnormality of the epiphysis of the distal phalanx of the 3rd finger,part of,http://purl.obolibrary.org/obo/UBERON_0004312,distal phalanx of manual digit 3,False,,
http://purl.obolibrary.org/obo/HP_0009333,Abnormality of the epiphysis of the proximal phalanx of the 3rd finger,part of,http://purl.obolibrary.org/obo/UBERON_0004329,proximal phalanx of manual digit 3,False,,
http://purl.obolibrary.org/obo/HP_0009334,Abnormality of the epiphysis of the middle phalanx of the 3rd finger,part of,http://purl.obolibrary.org/obo/UBERON_0004321,middle phalanx of manual digit 3,False,,
http://purl.obolibrary.org/obo/HP_0009335,Absent epiphysis of the distal phalanx of the 3rd finger,part of,http://purl.obolibrary.org/obo/UBERON_0004312,distal phalanx of manual digit 3,False,,
http://purl.obolibrary.org/obo/HP_0009336,Bracket epiphysis of the distal phalanx of the 3rd finger,part of,http://purl.obolibrary.org/obo/UBERON_0004312,distal phalanx of manual digit 3,False,,
http://purl.obolibrary.org/obo/HP_0009337,Cone-shaped epiphysis of the distal phalanx of the 3rd finger,part of,http://purl.obolibrary.org/obo/UBERON_0004312,distal phalanx of manual digit 3,False,,
http://purl.obolibrary.org/obo/HP_0009338,Enlarged epiphysis of the distal phalanx of the 3rd finger,part of,http://purl.obolibrary.org/obo/UBERON_0004312,distal phalanx of manual digit 3,False,,
http://purl.obolibrary.org/obo/HP_0009339,Fragmentation of the epiphysis of the distal phalanx of the 3rd finger,part of,http://purl.obolibrary.org/obo/UBERON_0004312,distal phalanx of manual digit 3,False,,
http://purl.obolibrary.org/obo/HP_0009340,Irregular epiphysis of the distal phalanx of the 3rd finger,part of,http://purl.obolibrary.org/obo/UBERON_0004312,distal phalanx of manual digit 3,False,,
http://purl.obolibrary.org/obo/HP_0009341,Ivory epiphysis of the distal phalanx of the 3rd finger,part of,http://purl.obolibrary.org/obo/UBERON_0004312,distal phalanx of manual digit 3,False,,
http://purl.obolibrary.org/obo/HP_0009342,Pseudoepiphysis of the distal phalanx of the 3rd finger,characteristic of,http://purl.obolibrary.org/obo/UBERON_0004312,distal phalanx of manual digit 3,False,,
http://purl.obolibrary.org/obo/HP_0009343,Small epiphysis of the distal phalanx of the 3rd finger,part of,http://purl.obolibrary.org/obo/UBERON_0004312,distal phalanx of manual digit 3,False,,
http://purl.obolibrary.org/obo/HP_0009344,Stippling of the epiphysis of the distal phalanx of the 3rd finger,part of,http://purl.obolibrary.org/obo/UBERON_0004312,distal phalanx of manual digit 3,False,,
http://purl.obolibrary.org/obo/HP_0009345,Triangular epiphysis of the distal phalanx of the 3rd finger,part of,http://purl.obolibrary.org/obo/UBERON_0004312,distal phalanx of manual digit 3,False,,
http://purl.obolibrary.org/obo/HP_0009346,Absent epiphysis of the proximal phalanx of the 3rd finger,part of,http://purl.obolibrary.org/obo/UBERON_0004329,proximal phalanx of manual digit 3,False,,
http://purl.obolibrary.org/obo/HP_0009347,Bracket epiphysis of the proximal phalanx of the 3rd finger,part of,http://purl.obolibrary.org/obo/UBERON_0004329,proximal phalanx of manual digit 3,False,,
http://purl.obolibrary.org/obo/HP_0009348,Cone-shaped epiphysis of the proximal phalanx of the 3rd finger,part of,http://purl.obolibrary.org/obo/UBERON_0004329,proximal phalanx of manual digit 3,False,,
http://purl.obolibrary.org/obo/HP_0009349,Enlarged epiphysis of the proximal phalanx of the 3rd finger,part of,http://purl.obolibrary.org/obo/UBERON_0004329,proximal phalanx of manual digit 3,False,,
http://purl.obolibrary.org/obo/HP_0009350,Fragmentation of the epiphysis of the proximal phalanx of the 3rd finger,part of,http://purl.obolibrary.org/obo/UBERON_0004329,proximal phalanx of manual digit 3,False,,
http://purl.obolibrary.org/obo/HP_0009351,Irregular epiphysis of the proximal phalanx of the 3rd finger,part of,http://purl.obolibrary.org/obo/UBERON_0004329,proximal phalanx of manual digit 3,False,,
http://purl.obolibrary.org/obo/HP_0009352,Ivory epiphysis of the proximal phalanx of the 3rd finger,part of,http://purl.obolibrary.org/obo/UBERON_0004329,proximal phalanx of manual digit 3,False,,
http://purl.obolibrary.org/obo/HP_0009353,Pseudoepiphysis of the proximal phalanx of the 3rd finger,characteristic of,http://purl.obolibrary.org/obo/UBERON_0004329,proximal phalanx of manual digit 3,False,,
http://purl.obolibrary.org/obo/HP_0009354,Small epiphysis of the proximal phalanx of the 3rd finger,part of,http://purl.obolibrary.org/obo/UBERON_0004329,proximal phalanx of manual digit 3,False,,
http://purl.obolibrary.org/obo/HP_0009355,Stippling of the epiphysis of the proximal phalanx of the 3rd finger,part of,http://purl.obolibrary.org/obo/UBERON_0004329,proximal phalanx of manual digit 3,False,,
http://purl.obolibrary.org/obo/HP_0009356,Triangular epiphysis of the proximal phalanx of the 3rd finger,part of,http://purl.obolibrary.org/obo/UBERON_0004329,proximal phalanx of manual digit 3,False,,
http://purl.obolibrary.org/obo/HP_0009357,Abnormality of the distal phalanx of the 3rd finger,characteristic of part of,http://purl.obolibrary.org/obo/UBERON_0004312,distal phalanx of manual digit 3,False,,
http://purl.obolibrary.org/obo/HP_0009358,Abnormality of the proximal phalanx of the 3rd finger,characteristic of part of,http://purl.obolibrary.org/obo/UBERON_0004329,proximal phalanx of manual digit 3,False,,
http://purl.obolibrary.org/obo/HP_0009374,Broad phalanges of the 5th finger,characteristic of,http://purl.obolibrary.org/obo/UBERON_0003639,manual digit 5 phalanx,False,,
http://purl.obolibrary.org/obo/HP_0009375,Bullet-shaped phalanges of the 5th finger,characteristic of,http://purl.obolibrary.org/obo/UBERON_0003639,manual digit 5 phalanx,False,,
http://purl.obolibrary.org/obo/HP_0009376,Aplasia/Hypoplasia of the phalanges of the 5th finger,characteristic of,http://purl.obolibrary.org/obo/UBERON_0003639,manual digit 5 phalanx,False,,
http://purl.obolibrary.org/obo/HP_0009377,Patchy sclerosis of 5th finger phalanx,occurs in,http://purl.obolibrary.org/obo/UBERON_0003639,manual digit 5 phalanx,False,,
http://purl.obolibrary.org/obo/HP_0009378,Triangular shaped phalanges of the 5th finger,characteristic of,http://purl.obolibrary.org/obo/UBERON_0003639,manual digit 5 phalanx,False,,
http://purl.obolibrary.org/obo/HP_0009380,Finger aplasia,characteristic of,http://purl.obolibrary.org/obo/UBERON_0002389,manual digit,False,,
http://purl.obolibrary.org/obo/HP_0009381,Short finger,characteristic of,http://purl.obolibrary.org/obo/UBERON_0002389,manual digit,False,,
http://purl.obolibrary.org/obo/HP_0009382,Absent epiphyses of the 5th finger,part of,http://purl.obolibrary.org/obo/UBERON_0003639,manual digit 5 phalanx,False,,
http://purl.obolibrary.org/obo/HP_0009383,Bracket epiphyses of the 5th finger,part of,http://purl.obolibrary.org/obo/UBERON_0003625,manual digit 5,False,,
http://purl.obolibrary.org/obo/HP_0009384,Cone-shaped epiphyses of the 5th finger,part of,http://purl.obolibrary.org/obo/UBERON_0003625,manual digit 5,False,,
http://purl.obolibrary.org/obo/HP_0009385,Enlarged epiphyses of the 5th finger,part of,http://purl.obolibrary.org/obo/UBERON_0003625,manual digit 5,False,,
http://purl.obolibrary.org/obo/HP_0009386,Fragmentation of the epiphyses of the 5th finger,part of,http://purl.obolibrary.org/obo/UBERON_0003639,manual digit 5 phalanx,False,,
http://purl.obolibrary.org/obo/HP_0009387,Irregular epiphyses of the 5th finger,part of,http://purl.obolibrary.org/obo/UBERON_0003625,manual digit 5,False,,
http://purl.obolibrary.org/obo/HP_0009388,Ivory epiphyses of the 5th finger,part of,http://purl.obolibrary.org/obo/UBERON_0003625,manual digit 5,False,,
http://purl.obolibrary.org/obo/HP_0009389,Pseudoepiphyses of the 5th finger,characteristic of,http://purl.obolibrary.org/obo/UBERON_0003639,manual digit 5 phalanx,False,,
http://purl.obolibrary.org/obo/HP_0009390,Small epiphyses of the 5th finger,part of,http://purl.obolibrary.org/obo/UBERON_0003625,manual digit 5,False,,
http://purl.obolibrary.org/obo/HP_0009391,Stippling of the epiphyses of the 5th finger,part of,http://purl.obolibrary.org/obo/UBERON_0003639,manual digit 5 phalanx,False,,
http://purl.obolibrary.org/obo/HP_0009392,Triangular epiphyses of the 5th finger,part of,http://purl.obolibrary.org/obo/UBERON_0003639,manual digit 5 phalanx,False,,
http://purl.obolibrary.org/obo/HP_0009393,Absent epiphyses of the 4th finger,part of,http://purl.obolibrary.org/obo/UBERON_0003638,manual digit 4 phalanx,False,,
http://purl.obolibrary.org/obo/HP_0009394,Bracket epiphyses of the 4th finger,part of,http://purl.obolibrary.org/obo/UBERON_0003624,manual digit 4,False,,
http://purl.obolibrary.org/obo/HP_0009395,Cone-shaped epiphyses of the 4th finger,part of,http://purl.obolibrary.org/obo/UBERON_0003638,manual digit 4 phalanx,False,,
http://purl.obolibrary.org/obo/HP_0009396,Enlarged epiphyses of the 4th finger,part of,http://purl.obolibrary.org/obo/UBERON_0003638,manual digit 4 phalanx,False,,
http://purl.obolibrary.org/obo/HP_0009397,Fragmentation of the epiphyses of the 4th finger,part of,http://purl.obolibrary.org/obo/UBERON_0003638,manual digit 4 phalanx,False,,
http://purl.obolibrary.org/obo/HP_0009398,Irregular epiphyses of the 4th finger,part of,http://purl.obolibrary.org/obo/UBERON_0003638,manual digit 4 phalanx,False,,
http://purl.obolibrary.org/obo/HP_0009399,Ivory epiphyses of the 4th finger,part of,http://purl.obolibrary.org/obo/UBERON_0003638,manual digit 4 phalanx,False,,
http://purl.obolibrary.org/obo/HP_0009400,Pseudoepiphyses of the 4th finger,characteristic of part of,http://purl.obolibrary.org/obo/UBERON_0003638,manual digit 4 phalanx,False,,
http://purl.obolibrary.org/obo/HP_0009401,Small epiphyses of the 4th finger,part of,http://purl.obolibrary.org/obo/UBERON_0003638,manual digit 4 phalanx,False,,
http://purl.obolibrary.org/obo/HP_0009402,Stippling of the epiphyses of the 4th finger,part of,http://purl.obolibrary.org/obo/UBERON_0003638,manual digit 4 phalanx,False,,
http://purl.obolibrary.org/obo/HP_0009403,Triangular epiphyses of the 4th finger,part of,http://purl.obolibrary.org/obo/UBERON_0003638,manual digit 4 phalanx,False,,
http://purl.obolibrary.org/obo/HP_0009404,Broad phalanges of the 4th finger,characteristic of,http://purl.obolibrary.org/obo/UBERON_0003638,manual digit 4 phalanx,False,,
http://purl.obolibrary.org/obo/HP_0009405,Bullet-shaped phalanges of the 4th finger,characteristic of,http://purl.obolibrary.org/obo/UBERON_0003638,manual digit 4 phalanx,False,,
http://purl.obolibrary.org/obo/HP_0009406,Patchy sclerosis of 4th finger phalanx,occurs in,http://purl.obolibrary.org/obo/UBERON_0003638,manual digit 4 phalanx,False,,
http://purl.obolibrary.org/obo/HP_0009407,Triangular shaped phalanges of the 4th finger,characteristic of,http://purl.obolibrary.org/obo/UBERON_0003638,manual digit 4 phalanx,False,,
http://purl.obolibrary.org/obo/HP_0009408,Aplasia/Hypoplasia of the phalanges of the 4th finger,characteristic of,http://purl.obolibrary.org/obo/UBERON_0003638,manual digit 4 phalanx,False,,
http://purl.obolibrary.org/obo/HP_0009410,Absent epiphyses of the 3rd finger,part of,http://purl.obolibrary.org/obo/UBERON_0003637,manual digit 3 phalanx,False,,
http://purl.obolibrary.org/obo/HP_0009411,Bracket epiphyses of the 3rd finger,part of,http://purl.obolibrary.org/obo/UBERON_0003637,manual digit 3 phalanx,False,,
http://purl.obolibrary.org/obo/HP_0009412,Cone-shaped epiphyses of the 3rd finger,part of,http://purl.obolibrary.org/obo/UBERON_0003637,manual digit 3 phalanx,False,,
http://purl.obolibrary.org/obo/HP_0009413,Enlarged epiphyses of the 3rd finger,part of,http://purl.obolibrary.org/obo/UBERON_0003637,manual digit 3 phalanx,False,,
http://purl.obolibrary.org/obo/HP_0009414,Fragmentation of the epiphyses of the 3rd finger,part of,http://purl.obolibrary.org/obo/UBERON_0003637,manual digit 3 phalanx,False,,
http://purl.obolibrary.org/obo/HP_0009415,Irregular epiphyses of the 3rd finger,part of,http://purl.obolibrary.org/obo/UBERON_0003637,manual digit 3 phalanx,False,,
http://purl.obolibrary.org/obo/HP_0009416,Ivory epiphyses of the 3rd finger,part of,http://purl.obolibrary.org/obo/UBERON_0003637,manual digit 3 phalanx,False,,
http://purl.obolibrary.org/obo/HP_0009417,Pseudoepiphyses of the 3rd finger,characteristic of part of,http://purl.obolibrary.org/obo/UBERON_0003637,manual digit 3 phalanx,False,,
http://purl.obolibrary.org/obo/HP_0009418,Small epiphyses of the 3rd finger,part of,http://purl.obolibrary.org/obo/UBERON_0003637,manual digit 3 phalanx,False,,
http://purl.obolibrary.org/obo/HP_0009419,Stippling of the epiphyses of the 3rd finger,part of,http://purl.obolibrary.org/obo/UBERON_0003637,manual digit 3 phalanx,False,,
http://purl.obolibrary.org/obo/HP_0009420,Triangular epiphyses of the 3rd finger,part of,http://purl.obolibrary.org/obo/UBERON_0003637,manual digit 3 phalanx,False,,
http://purl.obolibrary.org/obo/HP_0009421,Aplasia/Hypoplasia of the distal phalanx of the 3rd finger,characteristic of,http://purl.obolibrary.org/obo/UBERON_0004312,distal phalanx of manual digit 3,False,,
http://purl.obolibrary.org/obo/HP_0009422,Broad distal phalanx of the 3rd finger,characteristic of,http://purl.obolibrary.org/obo/UBERON_0004312,distal phalanx of manual digit 3,False,,
http://purl.obolibrary.org/obo/HP_0009423,Bullet-shaped distal phalanx of the 3rd finger,characteristic of,http://purl.obolibrary.org/obo/UBERON_0004312,distal phalanx of manual digit 3,False,,
http://purl.obolibrary.org/obo/HP_0009424,Osteolytic defects of the distal phalanx of the 3rd finger,occurs in,http://purl.obolibrary.org/obo/UBERON_0004312,distal phalanx of manual digit 3,False,,
http://purl.obolibrary.org/obo/HP_0009425,Patchy sclerosis of the distal phalanx of the 3rd finger,occurs in,http://purl.obolibrary.org/obo/UBERON_0004312,distal phalanx of manual digit 3,False,,
http://purl.obolibrary.org/obo/HP_0009426,Distal/middle symphalangism of 3rd finger,characteristic of,http://purl.obolibrary.org/obo/UBERON_0004312,distal phalanx of manual digit 3,False,,
http://purl.obolibrary.org/obo/HP_0009426,Distal/middle symphalangism of 3rd finger,towards,http://purl.obolibrary.org/obo/UBERON_0004321,middle phalanx of manual digit 3,False,,
http://purl.obolibrary.org/obo/HP_0009427,Triangular shaped distal phalanx of the 3rd finger,characteristic of,http://purl.obolibrary.org/obo/UBERON_0004312,distal phalanx of manual digit 3,False,,
http://purl.obolibrary.org/obo/HP_0009428,Curved distal phalanx of the 3rd finger,characteristic of,http://purl.obolibrary.org/obo/UBERON_0004312,distal phalanx of manual digit 3,False,,
http://purl.obolibrary.org/obo/HP_0009429,Aplasia of the distal phalanx of the 3rd finger,characteristic of,http://purl.obolibrary.org/obo/UBERON_0004312,distal phalanx of manual digit 3,False,,
http://purl.obolibrary.org/obo/HP_0009430,Broad middle phalanx of the 3rd finger,characteristic of,http://purl.obolibrary.org/obo/UBERON_0004321,middle phalanx of manual digit 3,False,,
http://purl.obolibrary.org/obo/HP_0009431,Bullet-shaped middle phalanx of the 3rd finger,characteristic of,http://purl.obolibrary.org/obo/UBERON_0004321,middle phalanx of manual digit 3,False,,
http://purl.obolibrary.org/obo/HP_0009432,Curved middle phalanx of the 3rd finger,characteristic of,http://purl.obolibrary.org/obo/UBERON_0004321,middle phalanx of manual digit 3,False,,
http://purl.obolibrary.org/obo/HP_0009433,Osteolytic defects of the middle phalanx of the 3rd finger,occurs in,http://purl.obolibrary.org/obo/UBERON_0004321,middle phalanx of manual digit 3,False,,
http://purl.obolibrary.org/obo/HP_0009434,Patchy sclerosis of the middle phalanx of the 3rd finger,occurs in,http://purl.obolibrary.org/obo/UBERON_0004321,middle phalanx of manual digit 3,False,,
http://purl.obolibrary.org/obo/HP_0009435,Symphalangism of middle phalanx of 3rd finger,characteristic of,http://purl.obolibrary.org/obo/UBERON_0004321,middle phalanx of manual digit 3,False,,
http://purl.obolibrary.org/obo/HP_0009435,Symphalangism of middle phalanx of 3rd finger,towards,http://purl.obolibrary.org/obo/UBERON_0004323,middle phalanx of manual digit 5,False,,
http://purl.obolibrary.org/obo/HP_0009436,Triangular shaped middle phalanx of the 3rd finger,characteristic of,http://purl.obolibrary.org/obo/UBERON_0004321,middle phalanx of manual digit 3,False,,
http://purl.obolibrary.org/obo/HP_0009437,Aplasia/Hypoplasia of the middle phalanx of the 3rd finger,characteristic of,http://purl.obolibrary.org/obo/UBERON_0004321,middle phalanx of manual digit 3,False,,
http://purl.obolibrary.org/obo/HP_0009438,Absent middle phalanx of 3rd finger,characteristic of,http://purl.obolibrary.org/obo/UBERON_0004321,middle phalanx of manual digit 3,False,,
http://purl.obolibrary.org/obo/HP_0009439,Short middle phalanx of the 3rd finger,characteristic of,http://purl.obolibrary.org/obo/UBERON_0004321,middle phalanx of manual digit 3,False,,
http://purl.obolibrary.org/obo/HP_0009440,Broad phalanges of the 3rd finger,characteristic of,http://purl.obolibrary.org/obo/UBERON_0003637,manual digit 3 phalanx,False,,
http://purl.obolibrary.org/obo/HP_0009441,Bullet-shaped phalanges of the 3rd finger,characteristic of,http://purl.obolibrary.org/obo/UBERON_0003637,manual digit 3 phalanx,False,,
http://purl.obolibrary.org/obo/HP_0009442,Curved phalanges of the 3rd finger,characteristic of,http://purl.obolibrary.org/obo/UBERON_0003637,manual digit 3 phalanx,False,,
http://purl.obolibrary.org/obo/HP_0009443,Osteolytic defects of the phalanges of the 3rd finger,occurs in,http://purl.obolibrary.org/obo/UBERON_0003637,manual digit 3 phalanx,False,,
http://purl.obolibrary.org/obo/HP_0009444,Patchy sclerosis of 3rd finger phalanx,occurs in,http://purl.obolibrary.org/obo/UBERON_0003637,manual digit 3 phalanx,False,,
http://purl.obolibrary.org/obo/HP_0009445,Symphalangism of the 3rd finger,characteristic of,http://purl.obolibrary.org/obo/UBERON_0003637,manual digit 3 phalanx,False,,
http://purl.obolibrary.org/obo/HP_0009445,Symphalangism of the 3rd finger,towards,http://purl.obolibrary.org/obo/UBERON_0003637,manual digit 3 phalanx,False,,
http://purl.obolibrary.org/obo/HP_0009446,Triangular shaped phalanges of the 3rd finger,characteristic of,http://purl.obolibrary.org/obo/UBERON_0003637,manual digit 3 phalanx,False,,
http://purl.obolibrary.org/obo/HP_0009447,Aplasia/Hypoplasia of the phalanges of the 3rd finger,characteristic of,http://purl.obolibrary.org/obo/UBERON_0003637,manual digit 3 phalanx,False,,
http://purl.obolibrary.org/obo/HP_0009450,Broad proximal phalanx of the 3rd finger,characteristic of,http://purl.obolibrary.org/obo/UBERON_0004329,proximal phalanx of manual digit 3,False,,
http://purl.obolibrary.org/obo/HP_0009451,Bullet-shaped proximal phalanx of the 3rd finger,characteristic of,http://purl.obolibrary.org/obo/UBERON_0004329,proximal phalanx of manual digit 3,False,,
http://purl.obolibrary.org/obo/HP_0009452,Curved proximal phalanx of the 3rd finger,characteristic of,http://purl.obolibrary.org/obo/UBERON_0004329,proximal phalanx of manual digit 3,False,,
http://purl.obolibrary.org/obo/HP_0009453,Osteolytic defects of the proximal phalanx of the 3rd finger,occurs in,http://purl.obolibrary.org/obo/UBERON_0004329,proximal phalanx of manual digit 3,False,,
http://purl.obolibrary.org/obo/HP_0009454,Patchy sclerosis of the proximal phalanx of the 3rd finger,occurs in,http://purl.obolibrary.org/obo/UBERON_0004329,proximal phalanx of manual digit 3,False,,
http://purl.obolibrary.org/obo/HP_0009455,Symphalangism affecting the proximal phalanx of the 3rd finger,characteristic of,http://purl.obolibrary.org/obo/UBERON_0004329,proximal phalanx of manual digit 3,False,,
http://purl.obolibrary.org/obo/HP_0009455,Symphalangism affecting the proximal phalanx of the 3rd finger,towards,http://purl.obolibrary.org/obo/UBERON_0004323,middle phalanx of manual digit 5,False,,
http://purl.obolibrary.org/obo/HP_0009456,Triangular shaped proximal phalanx of the 3rd finger,characteristic of,http://purl.obolibrary.org/obo/UBERON_0004329,proximal phalanx of manual digit 3,False,,
http://purl.obolibrary.org/obo/HP_0009457,Aplasia/Hypoplasia of the proximal phalanx of the 3rd finger,characteristic of,http://purl.obolibrary.org/obo/UBERON_0004329,proximal phalanx of manual digit 3,False,,
http://purl.obolibrary.org/obo/HP_0009458,Aplasia of the proximal phalanx of the 3rd finger,characteristic of,http://purl.obolibrary.org/obo/UBERON_0004329,proximal phalanx of manual digit 3,False,,
http://purl.obolibrary.org/obo/HP_0009459,Short proximal phalanx of the 3rd finger,characteristic of,http://purl.obolibrary.org/obo/UBERON_0004329,proximal phalanx of manual digit 3,False,,
http://purl.obolibrary.org/obo/HP_0009460,Aplasia of the 3rd finger,characteristic of,http://purl.obolibrary.org/obo/UBERON_0003623,manual digit 3,False,,
http://purl.obolibrary.org/obo/HP_0009461,Short 3rd finger,characteristic of,http://purl.obolibrary.org/obo/UBERON_0003623,manual digit 3,False,,
http://purl.obolibrary.org/obo/HP_0009463,Ulnar deviation of the 3rd finger,characteristic of,http://purl.obolibrary.org/obo/UBERON_0003623,manual digit 3,False,,
http://purl.obolibrary.org/obo/HP_0009464,Ulnar deviation of the 2nd finger,characteristic of,http://purl.obolibrary.org/obo/UBERON_0003622,manual digit 2,False,,
http://purl.obolibrary.org/obo/HP_0009465,Ulnar deviation of finger,characteristic of,http://purl.obolibrary.org/obo/UBERON_0002389,manual digit,False,,
http://purl.obolibrary.org/obo/HP_0009468,Deviation of the 2nd finger,characteristic of,http://purl.obolibrary.org/obo/UBERON_0003622,manual digit 2,False,,
http://purl.obolibrary.org/obo/HP_0009469,Contracture of the distal interphalangeal joint of the 3rd finger,attached to,http://purl.obolibrary.org/obo/UBERON_0014508,distal interphalangeal joint of manual digit 3,False,,
http://purl.obolibrary.org/obo/HP_0009470,Contracture of the metacarpophalangeal joint of the 3rd finger,attached to,http://purl.obolibrary.org/obo/UBERON_0007741,metacarpophalangeal joint of manual digit 3,False,,
http://purl.obolibrary.org/obo/HP_0009471,Contracture of the proximal interphalangeal joint of the 3rd finger,part of,http://purl.obolibrary.org/obo/UBERON_0003623,manual digit 3,False,,
http://purl.obolibrary.org/obo/HP_0009473,Joint contracture of the hand,characteristic of part of,http://purl.obolibrary.org/obo/UBERON_0001489,manus joint,False,,
http://purl.obolibrary.org/obo/HP_0009477,Proximal/middle symphalangism of 4th finger,characteristic of,http://purl.obolibrary.org/obo/UBERON_0004330,proximal phalanx of manual digit 4,False,,
http://purl.obolibrary.org/obo/HP_0009477,Proximal/middle symphalangism of 4th finger,towards,http://purl.obolibrary.org/obo/UBERON_0004322,middle phalanx of manual digit 4,False,,
http://purl.obolibrary.org/obo/HP_0009478,Symphalangism of the proximal phalanx of the 4th finger with the 4th metacarpal,characteristic of,http://purl.obolibrary.org/obo/UBERON_0004330,proximal phalanx of manual digit 4,False,,
http://purl.obolibrary.org/obo/HP_0009478,Symphalangism of the proximal phalanx of the 4th finger with the 4th metacarpal,towards,http://purl.obolibrary.org/obo/UBERON_0003648,metacarpal bone of digit 4,False,,
http://purl.obolibrary.org/obo/HP_0009482,Proximal/middle symphalangism of 3rd finger,characteristic of,http://purl.obolibrary.org/obo/UBERON_0004329,proximal phalanx of manual digit 3,False,,
http://purl.obolibrary.org/obo/HP_0009482,Proximal/middle symphalangism of 3rd finger,towards,http://purl.obolibrary.org/obo/UBERON_0004321,middle phalanx of manual digit 3,False,,
http://purl.obolibrary.org/obo/HP_0009483,Symphalangism of the proximal phalanx of the 3rd finger with the 3rd metacarpal,characteristic of,http://purl.obolibrary.org/obo/UBERON_0004329,proximal phalanx of manual digit 3,False,,
http://purl.obolibrary.org/obo/HP_0009483,Symphalangism of the proximal phalanx of the 3rd finger with the 3rd metacarpal,towards,http://purl.obolibrary.org/obo/UBERON_0003647,metacarpal bone of digit 3,False,,
http://purl.obolibrary.org/obo/HP_0009484,Deviation of the hand or of fingers of the hand,characteristic of,http://purl.obolibrary.org/obo/UBERON_0002389,manual digit,False,,
http://purl.obolibrary.org/obo/HP_0009484,Deviation of the hand or of fingers of the hand,characteristic of,http://purl.obolibrary.org/obo/UBERON_0002398,manus,False,,
http://purl.obolibrary.org/obo/HP_0009486,Radial deviation of the hand,characteristic of,http://purl.obolibrary.org/obo/UBERON_0002398,manus,False,,
http://purl.obolibrary.org/obo/HP_0009487,Ulnar deviation of the hand,characteristic of,http://purl.obolibrary.org/obo/UBERON_0002398,manus,False,,
http://purl.obolibrary.org/obo/HP_0009488,Absent epiphyses of the 2nd finger,part of,http://purl.obolibrary.org/obo/UBERON_0003622,manual digit 2,False,,
http://purl.obolibrary.org/obo/HP_0009489,Bracket epiphyses of the 2nd finger,part of,http://purl.obolibrary.org/obo/UBERON_0003622,manual digit 2,False,,
http://purl.obolibrary.org/obo/HP_0009490,Cone-shaped epiphyses of the 2nd finger,part of,http://purl.obolibrary.org/obo/UBERON_0003622,manual digit 2,False,,
http://purl.obolibrary.org/obo/HP_0009491,Enlarged epiphyses of the 2nd finger,part of,http://purl.obolibrary.org/obo/UBERON_0003622,manual digit 2,False,,
http://purl.obolibrary.org/obo/HP_0009492,Fragmentation of the epiphyses of the 2nd finger,part of,http://purl.obolibrary.org/obo/UBERON_0003636,manual digit 2 phalanx,False,,
http://purl.obolibrary.org/obo/HP_0009493,Irregular epiphyses of the 2nd finger,part of,http://purl.obolibrary.org/obo/UBERON_0003622,manual digit 2,False,,
http://purl.obolibrary.org/obo/HP_0009494,Ivory epiphyses of the 2nd finger,part of,http://purl.obolibrary.org/obo/UBERON_0003622,manual digit 2,False,,
http://purl.obolibrary.org/obo/HP_0009495,Pseudoepiphysis of the 2nd finger,characteristic of part of,http://purl.obolibrary.org/obo/UBERON_0003622,manual digit 2,False,,
http://purl.obolibrary.org/obo/HP_0009496,Small epiphyses of the 2nd finger,part of,http://purl.obolibrary.org/obo/UBERON_0003622,manual digit 2,False,,
http://purl.obolibrary.org/obo/HP_0009497,Stippling of the epiphyses of the 2nd finger,part of,http://purl.obolibrary.org/obo/UBERON_0003636,manual digit 2 phalanx,False,,
http://purl.obolibrary.org/obo/HP_0009498,Triangular epiphyses of the 2nd finger,part of,http://purl.obolibrary.org/obo/UBERON_0003622,manual digit 2,False,,
http://purl.obolibrary.org/obo/HP_0009499,Abnormality of the epiphysis of the distal phalanx of the 2nd finger,part of,http://purl.obolibrary.org/obo/UBERON_0004311,distal phalanx of manual digit 2,False,,
http://purl.obolibrary.org/obo/HP_0009500,Abnormality of the epiphysis of the middle phalanx of the 2nd finger,part of,http://purl.obolibrary.org/obo/UBERON_0004320,middle phalanx of manual digit 2,False,,
http://purl.obolibrary.org/obo/HP_0009501,Abnormality of the epiphysis of the proximal phalanx of the 2nd finger,part of,http://purl.obolibrary.org/obo/UBERON_0004328,proximal phalanx of manual digit 2,False,,
http://purl.obolibrary.org/obo/HP_0009502,Absent epiphysis of the distal phalanx of the 2nd finger,part of,http://purl.obolibrary.org/obo/UBERON_0004311,distal phalanx of manual digit 2,False,,
http://purl.obolibrary.org/obo/HP_0009503,Bracket epiphysis of the distal phalanx of the 2nd finger,part of,http://purl.obolibrary.org/obo/UBERON_0004311,distal phalanx of manual digit 2,False,,
http://purl.obolibrary.org/obo/HP_0009504,Cone-shaped epiphysis of the distal phalanx of the 2nd finger,part of,http://purl.obolibrary.org/obo/UBERON_0004311,distal phalanx of manual digit 2,False,,
http://purl.obolibrary.org/obo/HP_0009505,Enlarged epiphysis of the distal phalanx of the 2nd finger,part of,http://purl.obolibrary.org/obo/UBERON_0004311,distal phalanx of manual digit 2,False,,
http://purl.obolibrary.org/obo/HP_0009506,Fragmentation of the epiphysis of the distal phalanx of the 2nd finger,part of,http://purl.obolibrary.org/obo/UBERON_0004311,distal phalanx of manual digit 2,False,,
http://purl.obolibrary.org/obo/HP_0009507,Irregular epiphysis of the distal phalanx of the 2nd finger,part of,http://purl.obolibrary.org/obo/UBERON_0004311,distal phalanx of manual digit 2,False,,
http://purl.obolibrary.org/obo/HP_0009508,Ivory epiphysis of the distal phalanx of the 2nd finger,part of,http://purl.obolibrary.org/obo/UBERON_0004311,distal phalanx of manual digit 2,False,,
http://purl.obolibrary.org/obo/HP_0009509,Pseudoepiphysis of the distal phalanx of the 2nd finger,characteristic of,http://purl.obolibrary.org/obo/UBERON_0004311,distal phalanx of manual digit 2,False,,
http://purl.obolibrary.org/obo/HP_0009510,Small epiphysis of the distal phalanx of the 2nd finger,part of,http://purl.obolibrary.org/obo/UBERON_0004311,distal phalanx of manual digit 2,False,,
http://purl.obolibrary.org/obo/HP_0009511,Stippling of the epiphysis of the distal phalanx of the 2nd finger,part of,http://purl.obolibrary.org/obo/UBERON_0004311,distal phalanx of manual digit 2,False,,
http://purl.obolibrary.org/obo/HP_0009512,Triangular epiphysis of the distal phalanx of the 2nd finger,part of,http://purl.obolibrary.org/obo/UBERON_0004311,distal phalanx of manual digit 2,False,,
http://purl.obolibrary.org/obo/HP_0009513,Absent epiphysis of the middle phalanx of the 2nd finger,part of,http://purl.obolibrary.org/obo/UBERON_0004320,middle phalanx of manual digit 2,False,,
http://purl.obolibrary.org/obo/HP_0009514,Bracket epiphysis of the middle phalanx of the 2nd finger,part of,http://purl.obolibrary.org/obo/UBERON_0004320,middle phalanx of manual digit 2,False,,
http://purl.obolibrary.org/obo/HP_0009515,Cone-shaped epiphysis of the middle phalanx of the 2nd finger,part of,http://purl.obolibrary.org/obo/UBERON_0004320,middle phalanx of manual digit 2,False,,
http://purl.obolibrary.org/obo/HP_0009516,Enlarged epiphysis of the middle phalanx of the 2nd finger,part of,http://purl.obolibrary.org/obo/UBERON_0004320,middle phalanx of manual digit 2,False,,
http://purl.obolibrary.org/obo/HP_0009517,Fragmentation of the epiphysis of the middle phalanx of the 2nd finger,part of,http://purl.obolibrary.org/obo/UBERON_0004320,middle phalanx of manual digit 2,False,,
http://purl.obolibrary.org/obo/HP_0009518,Irregular epiphysis of the middle phalanx of the 2nd finger,part of,http://purl.obolibrary.org/obo/UBERON_0004320,middle phalanx of manual digit 2,False,,
http://purl.obolibrary.org/obo/HP_0009519,Ivory epiphysis of the middle phalanx of the 2nd finger,part of,http://purl.obolibrary.org/obo/UBERON_0004320,middle phalanx of manual digit 2,False,,
http://purl.obolibrary.org/obo/HP_0009520,Pseudoepiphysis of the middle phalanx of the 2nd finger,characteristic of,http://purl.obolibrary.org/obo/UBERON_0004320,middle phalanx of manual digit 2,False,,
http://purl.obolibrary.org/obo/HP_0009521,Small epiphysis of the middle phalanx of the 2nd finger,part of,http://purl.obolibrary.org/obo/UBERON_0004320,middle phalanx of manual digit 2,False,,
http://purl.obolibrary.org/obo/HP_0009522,Stippling of the epiphysis of the middle phalanx of the 2nd finger,part of,http://purl.obolibrary.org/obo/UBERON_0004320,middle phalanx of manual digit 2,False,,
http://purl.obolibrary.org/obo/HP_0009523,Triangular epiphysis of the middle phalanx of the 2nd finger,part of,http://purl.obolibrary.org/obo/UBERON_0004320,middle phalanx of manual digit 2,False,,
http://purl.obolibrary.org/obo/HP_0009524,Absent epiphysis of the proximal phalanx of the 2nd finger,part of,http://purl.obolibrary.org/obo/UBERON_0004328,proximal phalanx of manual digit 2,False,,
http://purl.obolibrary.org/obo/HP_0009525,Bracket epiphysis of the proximal phalanx of the 2nd finger,part of,http://purl.obolibrary.org/obo/UBERON_0004328,proximal phalanx of manual digit 2,False,,
http://purl.obolibrary.org/obo/HP_0009526,Cone-shaped epiphysis of the proximal phalanx of the 2nd finger,part of,http://purl.obolibrary.org/obo/UBERON_0004328,proximal phalanx of manual digit 2,False,,
http://purl.obolibrary.org/obo/HP_0009527,Enlarged epiphysis of the proximal phalanx of the 2nd finger,part of,http://purl.obolibrary.org/obo/UBERON_0004328,proximal phalanx of manual digit 2,False,,
http://purl.obolibrary.org/obo/HP_0009528,Fragmentation of the epiphysis of the proximal phalanx of the 2nd finger,part of,http://purl.obolibrary.org/obo/UBERON_0004328,proximal phalanx of manual digit 2,False,,
http://purl.obolibrary.org/obo/HP_0009529,Irregular epiphysis of the proximal phalanx of the 2nd finger,part of,http://purl.obolibrary.org/obo/UBERON_0004328,proximal phalanx of manual digit 2,False,,
http://purl.obolibrary.org/obo/HP_0009530,Ivory epiphysis of the proximal phalanx of the 2nd finger,part of,http://purl.obolibrary.org/obo/UBERON_0004328,proximal phalanx of manual digit 2,False,,
http://purl.obolibrary.org/obo/HP_0009531,Pseudoepiphysis of the proximal phalanx of the 2nd finger,characteristic of,http://purl.obolibrary.org/obo/UBERON_0004328,proximal phalanx of manual digit 2,False,,
http://purl.obolibrary.org/obo/HP_0009532,Small epiphysis of the proximal phalanx of the 2nd finger,part of,http://purl.obolibrary.org/obo/UBERON_0004328,proximal phalanx of manual digit 2,False,,
http://purl.obolibrary.org/obo/HP_0009533,Stippling of the epiphysis of the proximal phalanx of the 2nd finger,part of,http://purl.obolibrary.org/obo/UBERON_0004328,proximal phalanx of manual digit 2,False,,
http://purl.obolibrary.org/obo/HP_0009534,Triangular epiphysis of the proximal phalanx of the 2nd finger,part of,http://purl.obolibrary.org/obo/UBERON_0004328,proximal phalanx of manual digit 2,False,,
http://purl.obolibrary.org/obo/HP_0009535,Aplasia of the 2nd finger,characteristic of,http://purl.obolibrary.org/obo/UBERON_0003622,manual digit 2,False,,
http://purl.obolibrary.org/obo/HP_0009536,Short 2nd finger,characteristic of,http://purl.obolibrary.org/obo/UBERON_0003622,manual digit 2,False,,
http://purl.obolibrary.org/obo/HP_0009537,Flexion contracture of the 2nd finger,part of,http://purl.obolibrary.org/obo/UBERON_0003622,manual digit 2,False,,
http://purl.obolibrary.org/obo/HP_0009538,Contracture of the distal interphalangeal joint of the 2nd finger,attached to,http://purl.obolibrary.org/obo/UBERON_0014668,distal interphalangeal joint of manual digit 2,False,,
http://purl.obolibrary.org/obo/HP_0009539,Contracture of the metacarpophalangeal joint of the 2nd finger,part of,http://purl.obolibrary.org/obo/UBERON_0003622,manual digit 2,False,,
http://purl.obolibrary.org/obo/HP_0009540,Contracture of the proximal interphalangeal joint of the 2nd finger,part of,http://purl.obolibrary.org/obo/UBERON_0003622,manual digit 2,False,,
http://purl.obolibrary.org/obo/HP_0009541,Abnormality of the phalanges of the 2nd finger,characteristic of,http://purl.obolibrary.org/obo/UBERON_0003636,manual digit 2 phalanx,False,,
http://purl.obolibrary.org/obo/HP_0009542,Abnormality of the distal phalanx of the 2nd finger,characteristic of part of,http://purl.obolibrary.org/obo/UBERON_0004311,distal phalanx of manual digit 2,False,,
http://purl.obolibrary.org/obo/HP_0009543,Abnormality of the middle phalanx of the 2nd finger,characteristic of part of,http://purl.obolibrary.org/obo/UBERON_0004320,middle phalanx of manual digit 2,False,,
http://purl.obolibrary.org/obo/HP_0009544,Abnormality of the proximal phalanx of the 2nd finger,characteristic of part of,http://purl.obolibrary.org/obo/UBERON_0004328,proximal phalanx of manual digit 2,False,,
http://purl.obolibrary.org/obo/HP_0009545,Symphalangism of the 2nd finger,characteristic of,http://purl.obolibrary.org/obo/UBERON_0003636,manual digit 2 phalanx,False,,
http://purl.obolibrary.org/obo/HP_0009545,Symphalangism of the 2nd finger,towards,http://purl.obolibrary.org/obo/UBERON_0003636,manual digit 2 phalanx,False,,
http://purl.obolibrary.org/obo/HP_0009546,Triangular shaped phalanges of the 2nd finger,characteristic of,http://purl.obolibrary.org/obo/UBERON_0003636,manual digit 2 phalanx,False,,
http://purl.obolibrary.org/obo/HP_0009547,Broad phalanges of the 2nd finger,characteristic of,http://purl.obolibrary.org/obo/UBERON_0003636,manual digit 2 phalanx,False,,
http://purl.obolibrary.org/obo/HP_0009548,Bullet-shaped phalanges of the 2nd finger,characteristic of,http://purl.obolibrary.org/obo/UBERON_0003636,manual digit 2 phalanx,False,,
http://purl.obolibrary.org/obo/HP_0009549,Curved phalanges of the 2nd finger,characteristic of,http://purl.obolibrary.org/obo/UBERON_0003636,manual digit 2 phalanx,False,,
http://purl.obolibrary.org/obo/HP_0009550,Osteolytic defects of the phalanges of the 2nd finger,occurs in,http://purl.obolibrary.org/obo/UBERON_0003636,manual digit 2 phalanx,False,,
http://purl.obolibrary.org/obo/HP_0009551,Patchy sclerosis of 2nd finger phalanx,occurs in,http://purl.obolibrary.org/obo/UBERON_0003636,manual digit 2 phalanx,False,,
http://purl.obolibrary.org/obo/HP_0009552,Aplasia/Hypoplasia of the phalanges of the 2nd finger,characteristic of,http://purl.obolibrary.org/obo/UBERON_0003636,manual digit 2 phalanx,False,,
http://purl.obolibrary.org/obo/HP_0009553,Abnormality of the hairline,characteristic of part of,http://purl.obolibrary.org/obo/UBERON_0004104,hairline,False,,
http://purl.obolibrary.org/obo/HP_0009555,Hypoplasia of the pharynx,characteristic of,http://purl.obolibrary.org/obo/UBERON_0001042,chordate pharynx,False,,
http://purl.obolibrary.org/obo/HP_0009556,Absent tibia,characteristic of,http://purl.obolibrary.org/obo/UBERON_0000979,tibia,False,,
http://purl.obolibrary.org/obo/HP_0009557,Aplasia/Hypoplasia of the distal phalanx of the 2nd finger,characteristic of,http://purl.obolibrary.org/obo/UBERON_0004311,distal phalanx of manual digit 2,False,,
http://purl.obolibrary.org/obo/HP_0009558,Broad distal phalanx of the 2nd finger,characteristic of,http://purl.obolibrary.org/obo/UBERON_0004311,distal phalanx of manual digit 2,False,,
http://purl.obolibrary.org/obo/HP_0009559,Bullet-shaped distal phalanx of the 2nd finger,characteristic of,http://purl.obolibrary.org/obo/UBERON_0004311,distal phalanx of manual digit 2,False,,
http://purl.obolibrary.org/obo/HP_0009560,Curved distal phalanx of the 2nd finger,characteristic of,http://purl.obolibrary.org/obo/UBERON_0004311,distal phalanx of manual digit 2,False,,
http://purl.obolibrary.org/obo/HP_0009561,Osteolytic defects of the distal phalanx of the 2nd finger,characteristic of,http://purl.obolibrary.org/obo/UBERON_0004311,distal phalanx of manual digit 2,False,,
http://purl.obolibrary.org/obo/HP_0009562,Patchy sclerosis of the distal phalanx of the 2nd finger,occurs in,http://purl.obolibrary.org/obo/UBERON_0004311,distal phalanx of manual digit 2,False,,
http://purl.obolibrary.org/obo/HP_0009563,Distal/middle symphalangism of 2nd finger,characteristic of,http://purl.obolibrary.org/obo/UBERON_0004311,distal phalanx of manual digit 2,False,,
http://purl.obolibrary.org/obo/HP_0009563,Distal/middle symphalangism of 2nd finger,towards,http://purl.obolibrary.org/obo/UBERON_0004320,middle phalanx of manual digit 2,False,,
http://purl.obolibrary.org/obo/HP_0009564,Triangular shaped distal phalanx of the 2nd finger,characteristic of,http://purl.obolibrary.org/obo/UBERON_0004311,distal phalanx of manual digit 2,False,,
http://purl.obolibrary.org/obo/HP_0009565,Aplasia of the distal phalanx of the 2nd finger,characteristic of,http://purl.obolibrary.org/obo/UBERON_0004311,distal phalanx of manual digit 2,False,,
http://purl.obolibrary.org/obo/HP_0009566,Short distal phalanx of the 2nd finger,characteristic of,http://purl.obolibrary.org/obo/UBERON_0004311,distal phalanx of manual digit 2,False,,
http://purl.obolibrary.org/obo/HP_0009568,Aplasia/Hypoplasia of the middle phalanx of the 2nd finger,characteristic of,http://purl.obolibrary.org/obo/UBERON_0004320,middle phalanx of manual digit 2,False,,
http://purl.obolibrary.org/obo/HP_0009569,Broad middle phalanx of the 2nd finger,characteristic of,http://purl.obolibrary.org/obo/UBERON_0004320,middle phalanx of manual digit 2,False,,
http://purl.obolibrary.org/obo/HP_0009570,Bullet-shaped middle phalanx of the 2nd finger,characteristic of,http://purl.obolibrary.org/obo/UBERON_0004320,middle phalanx of manual digit 2,False,,
http://purl.obolibrary.org/obo/HP_0009571,Curved middle phalanx of the 2nd finger,characteristic of,http://purl.obolibrary.org/obo/UBERON_0004320,middle phalanx of manual digit 2,False,,
http://purl.obolibrary.org/obo/HP_0009572,Osteolytic defects of the middle phalanx of the 2nd finger,occurs in,http://purl.obolibrary.org/obo/UBERON_0004320,middle phalanx of manual digit 2,False,,
http://purl.obolibrary.org/obo/HP_0009573,Patchy sclerosis of the middle phalanx of the 2nd finger,occurs in,http://purl.obolibrary.org/obo/UBERON_0004320,middle phalanx of manual digit 2,False,,
http://purl.obolibrary.org/obo/HP_0009574,Symphalangism of middle phalanx of 2nd finger,characteristic of,http://purl.obolibrary.org/obo/UBERON_0004320,middle phalanx of manual digit 2,False,,
http://purl.obolibrary.org/obo/HP_0009574,Symphalangism of middle phalanx of 2nd finger,towards,http://purl.obolibrary.org/obo/UBERON_0004328,proximal phalanx of manual digit 2,False,,
http://purl.obolibrary.org/obo/HP_0009575,Triangular shaped middle phalanx of the 2nd finger,characteristic of,http://purl.obolibrary.org/obo/UBERON_0004320,middle phalanx of manual digit 2,False,,
http://purl.obolibrary.org/obo/HP_0009576,Absent middle phalanx of 2nd finger,characteristic of,http://purl.obolibrary.org/obo/UBERON_0004320,middle phalanx of manual digit 2,False,,
http://purl.obolibrary.org/obo/HP_0009577,Short middle phalanx of the 2nd finger,characteristic of,http://purl.obolibrary.org/obo/UBERON_0004320,middle phalanx of manual digit 2,False,,
http://purl.obolibrary.org/obo/HP_0009579,Proximal/middle symphalangism of the 2nd finger,characteristic of,http://purl.obolibrary.org/obo/UBERON_0004328,proximal phalanx of manual digit 2,False,,
http://purl.obolibrary.org/obo/HP_0009579,Proximal/middle symphalangism of the 2nd finger,towards,http://purl.obolibrary.org/obo/UBERON_0004320,middle phalanx of manual digit 2,False,,
http://purl.obolibrary.org/obo/HP_0009580,Aplasia/Hypoplasia of the proximal phalanx of the 2nd finger,characteristic of,http://purl.obolibrary.org/obo/UBERON_0004328,proximal phalanx of manual digit 2,False,,
http://purl.obolibrary.org/obo/HP_0009581,Broad proximal phalanx of the 2nd finger,characteristic of,http://purl.obolibrary.org/obo/UBERON_0004328,proximal phalanx of manual digit 2,False,,
http://purl.obolibrary.org/obo/HP_0009582,Bullet-shaped proximal phalanx of the 2nd finger,characteristic of,http://purl.obolibrary.org/obo/UBERON_0004328,proximal phalanx of manual digit 2,False,,
http://purl.obolibrary.org/obo/HP_0009583,Curved proximal phalanx of the 2nd finger,characteristic of,http://purl.obolibrary.org/obo/UBERON_0004328,proximal phalanx of manual digit 2,False,,
http://purl.obolibrary.org/obo/HP_0009584,Osteolytic defects of the proximal phalanx of the 2nd finger,occurs in,http://purl.obolibrary.org/obo/UBERON_0004328,proximal phalanx of manual digit 2,False,,
http://purl.obolibrary.org/obo/HP_0009585,Patchy sclerosis of the proximal phalanx of the 2nd finger,occurs in,http://purl.obolibrary.org/obo/UBERON_0004328,proximal phalanx of manual digit 2,False,,
http://purl.obolibrary.org/obo/HP_0009586,Symphalangism affecting the proximal phalanx of the 2nd finger,characteristic of,http://purl.obolibrary.org/obo/UBERON_0004328,proximal phalanx of manual digit 2,False,,
http://purl.obolibrary.org/obo/HP_0009586,Symphalangism affecting the proximal phalanx of the 2nd finger,towards,http://purl.obolibrary.org/obo/UBERON_0004328,proximal phalanx of manual digit 2,False,,
http://purl.obolibrary.org/obo/HP_0009587,Triangular shaped proximal phalanx of the 2nd finger,characteristic of,http://purl.obolibrary.org/obo/UBERON_0004328,proximal phalanx of manual digit 2,False,,
http://purl.obolibrary.org/obo/HP_0009591,Abnormal vestibulocochlear nerve morphology,characteristic of part of,http://purl.obolibrary.org/obo/UBERON_0001648,vestibulocochlear nerve,False,,
http://purl.obolibrary.org/obo/HP_0009594,Retinal hamartoma,characteristic of part of,http://purl.obolibrary.org/obo/UBERON_0000966,retina,False,,
http://purl.obolibrary.org/obo/HP_0009596,Aplasia of the proximal phalanx of the 2nd finger,characteristic of,http://purl.obolibrary.org/obo/UBERON_0004328,proximal phalanx of manual digit 2,False,,
http://purl.obolibrary.org/obo/HP_0009597,Short proximal phalanx of the 2nd finger,characteristic of,http://purl.obolibrary.org/obo/UBERON_0004328,proximal phalanx of manual digit 2,False,,
http://purl.obolibrary.org/obo/HP_0009598,Symphalangism of the proximal phalanx of the 2nd finger with the 2nd metacarpal,characteristic of,http://purl.obolibrary.org/obo/UBERON_0004328,proximal phalanx of manual digit 2,False,,
http://purl.obolibrary.org/obo/HP_0009598,Symphalangism of the proximal phalanx of the 2nd finger with the 2nd metacarpal,towards,http://purl.obolibrary.org/obo/UBERON_0003646,metacarpal bone of digit 2,False,,
http://purl.obolibrary.org/obo/HP_0009599,Abnormality of thumb epiphysis,part of,http://purl.obolibrary.org/obo/UBERON_0003620,manual digit 1 phalanx,False,,
http://purl.obolibrary.org/obo/HP_0009600,Thumb contracture,part of,http://purl.obolibrary.org/obo/UBERON_0001463,manual digit 1,False,,
http://purl.obolibrary.org/obo/HP_0009601,Aplasia/Hypoplasia of the thumb,characteristic of,http://purl.obolibrary.org/obo/UBERON_0001463,manual digit 1,False,,
http://purl.obolibrary.org/obo/HP_0009602,Abnormality of thumb phalanx,characteristic of,http://purl.obolibrary.org/obo/UBERON_0003620,manual digit 1 phalanx,False,,
http://purl.obolibrary.org/obo/HP_0009603,Deviation of the thumb,characteristic of,http://purl.obolibrary.org/obo/UBERON_0001463,manual digit 1,False,,
http://purl.obolibrary.org/obo/HP_0009606,Complete duplication of distal phalanx of the thumb,characteristic of,http://purl.obolibrary.org/obo/UBERON_0004337,distal phalanx of manual digit 1,False,,
http://purl.obolibrary.org/obo/HP_0009608,Complete duplication of proximal phalanx of the thumb,characteristic of,http://purl.obolibrary.org/obo/UBERON_0004338,proximal phalanx of manual digit 1,False,,
http://purl.obolibrary.org/obo/HP_0009611,Bifid distal phalanx of the thumb,characteristic of,http://purl.obolibrary.org/obo/UBERON_0004337,distal phalanx of manual digit 1,False,,
http://purl.obolibrary.org/obo/HP_0009615,Complete duplication of the first metacarpal,characteristic of,http://purl.obolibrary.org/obo/UBERON_0003645,metacarpal bone of digit 1,False,,
http://purl.obolibrary.org/obo/HP_0009616,Bifid first metacarpal,characteristic of,http://purl.obolibrary.org/obo/UBERON_0003645,metacarpal bone of digit 1,False,,
http://purl.obolibrary.org/obo/HP_0009617,Abnormality of the distal phalanx of the thumb,characteristic of part of,http://purl.obolibrary.org/obo/UBERON_0004337,distal phalanx of manual digit 1,False,,
http://purl.obolibrary.org/obo/HP_0009618,Abnormality of the proximal phalanx of the thumb,characteristic of part of,http://purl.obolibrary.org/obo/UBERON_0003620,manual digit 1 phalanx,False,,
http://purl.obolibrary.org/obo/HP_0009623,Proximal placement of thumb,characteristic of,http://purl.obolibrary.org/obo/UBERON_0001463,manual digit 1,False,,
http://purl.obolibrary.org/obo/HP_0009624,Carpometacarpal thumb joint contracture,attached to,http://purl.obolibrary.org/obo/UBERON_0011265,carpometacarpal joint of digit 1,False,,
http://purl.obolibrary.org/obo/HP_0009625,Metacarpophalangeal thumb joint contracture,attached to,http://purl.obolibrary.org/obo/UBERON_0007735,metacarpophalangeal joint of manual digit 1,False,,
http://purl.obolibrary.org/obo/HP_0009626,Interphalangeal thumb joint contracture,attached to,http://purl.obolibrary.org/obo/UBERON_0007723,interphalangeal joint of manual digit 1,False,,
http://purl.obolibrary.org/obo/HP_0009629,Aplasia/Hypoplasia of the proximal phalanx of the thumb,characteristic of,http://purl.obolibrary.org/obo/UBERON_0004338,proximal phalanx of manual digit 1,False,,
http://purl.obolibrary.org/obo/HP_0009630,Broad proximal phalanx of the thumb,characteristic of,http://purl.obolibrary.org/obo/UBERON_0004338,proximal phalanx of manual digit 1,False,,
http://purl.obolibrary.org/obo/HP_0009631,Bullet-shaped proximal phalanx of the thumb,characteristic of,http://purl.obolibrary.org/obo/UBERON_0004338,proximal phalanx of manual digit 1,False,,
http://purl.obolibrary.org/obo/HP_0009632,Curved proximal phalanx of the thumb,characteristic of,http://purl.obolibrary.org/obo/UBERON_0004338,proximal phalanx of manual digit 1,False,,
http://purl.obolibrary.org/obo/HP_0009633,Osteolytic defect of the proximal phalanx of the thumb,occurs in,http://purl.obolibrary.org/obo/UBERON_0004338,proximal phalanx of manual digit 1,False,,
http://purl.obolibrary.org/obo/HP_0009634,Patchy sclerosis of the proximal phalanx of the thumb,occurs in,http://purl.obolibrary.org/obo/UBERON_0004338,proximal phalanx of manual digit 1,False,,
http://purl.obolibrary.org/obo/HP_0009635,Synostosis of thumb phalanx,characteristic of,http://purl.obolibrary.org/obo/UBERON_0003620,manual digit 1 phalanx,False,,
http://purl.obolibrary.org/obo/HP_0009635,Synostosis of thumb phalanx,towards,http://purl.obolibrary.org/obo/UBERON_0003620,manual digit 1 phalanx,False,,
http://purl.obolibrary.org/obo/HP_0009637,Absent proximal phalanx of thumb,characteristic of,http://purl.obolibrary.org/obo/UBERON_0004338,proximal phalanx of manual digit 1,False,,
http://purl.obolibrary.org/obo/HP_0009638,Short proximal phalanx of thumb,characteristic of,http://purl.obolibrary.org/obo/UBERON_0004338,proximal phalanx of manual digit 1,False,,
http://purl.obolibrary.org/obo/HP_0009640,Synostosis of the proximal phalanx of the thumb with the 1st metacarpal,characteristic of,http://purl.obolibrary.org/obo/UBERON_0004338,proximal phalanx of manual digit 1,False,,
http://purl.obolibrary.org/obo/HP_0009640,Synostosis of the proximal phalanx of the thumb with the 1st metacarpal,towards,http://purl.obolibrary.org/obo/UBERON_0003645,metacarpal bone of digit 1,False,,
http://purl.obolibrary.org/obo/HP_0009642,Broad distal phalanx of the thumb,characteristic of,http://purl.obolibrary.org/obo/UBERON_0004337,distal phalanx of manual digit 1,False,,
http://purl.obolibrary.org/obo/HP_0009643,Bullet-shaped distal phalanx of the thumb,characteristic of,http://purl.obolibrary.org/obo/UBERON_0004337,distal phalanx of manual digit 1,False,,
http://purl.obolibrary.org/obo/HP_0009644,Curved distal phalanx of the thumb,characteristic of,http://purl.obolibrary.org/obo/UBERON_0004337,distal phalanx of manual digit 1,False,,
http://purl.obolibrary.org/obo/HP_0009645,Osteolytic defect of the distal phalanx of the thumb,occurs in,http://purl.obolibrary.org/obo/UBERON_0004337,distal phalanx of manual digit 1,False,,
http://purl.obolibrary.org/obo/HP_0009646,Patchy sclerosis of the distal phalanx of the thumb,occurs in,http://purl.obolibrary.org/obo/UBERON_0004337,distal phalanx of manual digit 1,False,,
http://purl.obolibrary.org/obo/HP_0009649,Aplasia of the distal phalanx of the thumb,characteristic of,http://purl.obolibrary.org/obo/UBERON_0004337,distal phalanx of manual digit 1,False,,
http://purl.obolibrary.org/obo/HP_0009650,Short distal phalanx of the thumb,characteristic of part of,http://purl.obolibrary.org/obo/UBERON_0004337,distal phalanx of manual digit 1,False,,
http://purl.obolibrary.org/obo/HP_0009652,Bullet-shaped thumb phalanx,characteristic of,http://purl.obolibrary.org/obo/UBERON_0003620,manual digit 1 phalanx,False,,
http://purl.obolibrary.org/obo/HP_0009653,Curved thumb phalanx,characteristic of,http://purl.obolibrary.org/obo/UBERON_0003620,manual digit 1 phalanx,False,,
http://purl.obolibrary.org/obo/HP_0009654,Osteolytic defect of thumb phalanx,occurs in,http://purl.obolibrary.org/obo/UBERON_0003620,manual digit 1 phalanx,False,,
http://purl.obolibrary.org/obo/HP_0009655,Patchy sclerosis of thumb phalanx,occurs in,http://purl.obolibrary.org/obo/UBERON_0003620,manual digit 1 phalanx,False,,
http://purl.obolibrary.org/obo/HP_0009658,Aplasia/Hypoplasia of the phalanges of the thumb,characteristic of,http://purl.obolibrary.org/obo/UBERON_0003620,manual digit 1 phalanx,False,,
http://purl.obolibrary.org/obo/HP_0009659,Partial absence of thumb,characteristic of,http://purl.obolibrary.org/obo/UBERON_0003620,manual digit 1 phalanx,False,,
http://purl.obolibrary.org/obo/HP_0009660,Short phalanx of the thumb,characteristic of,http://purl.obolibrary.org/obo/UBERON_0003620,manual digit 1 phalanx,False,,
http://purl.obolibrary.org/obo/HP_0009662,Abnormality of the epiphysis of the distal phalanx of the thumb,part of,http://purl.obolibrary.org/obo/UBERON_0004337,distal phalanx of manual digit 1,False,,
http://purl.obolibrary.org/obo/HP_0009663,Abnormality of the epiphysis of the proximal phalanx of the thumb,part of,http://purl.obolibrary.org/obo/UBERON_0004338,proximal phalanx of manual digit 1,False,,
http://purl.obolibrary.org/obo/HP_0009664,Absent epiphysis of the proximal phalanx of the thumb,part of,http://purl.obolibrary.org/obo/UBERON_0004338,proximal phalanx of manual digit 1,False,,
http://purl.obolibrary.org/obo/HP_0009665,Bracket epiphysis of the proximal phalanx of the thumb,part of,http://purl.obolibrary.org/obo/UBERON_0004338,proximal phalanx of manual digit 1,False,,
http://purl.obolibrary.org/obo/HP_0009666,Cone-shaped epiphysis of the proximal phalanx of the thumb,part of,http://purl.obolibrary.org/obo/UBERON_0004338,proximal phalanx of manual digit 1,False,,
http://purl.obolibrary.org/obo/HP_0009667,Enlarged epiphysis of the proximal phalanx of the thumb,part of,http://purl.obolibrary.org/obo/UBERON_0004338,proximal phalanx of manual digit 1,False,,
http://purl.obolibrary.org/obo/HP_0009668,Fragmentation of the epiphysis of the proximal phalanx of the thumb,part of,http://purl.obolibrary.org/obo/UBERON_0004338,proximal phalanx of manual digit 1,False,,
http://purl.obolibrary.org/obo/HP_0009669,Irregular epiphysis of the proximal phalanx of the thumb,part of,http://purl.obolibrary.org/obo/UBERON_0004338,proximal phalanx of manual digit 1,False,,
http://purl.obolibrary.org/obo/HP_0009670,Ivory epiphysis of the proximal phalanx of the thumb,part of,http://purl.obolibrary.org/obo/UBERON_0004338,proximal phalanx of manual digit 1,False,,
http://purl.obolibrary.org/obo/HP_0009671,Pseudoepiphysis of the proximal phalanx of the thumb,characteristic of part of,http://purl.obolibrary.org/obo/UBERON_0004338,proximal phalanx of manual digit 1,False,,
http://purl.obolibrary.org/obo/HP_0009672,Small epiphysis of the proximal phalanx of the thumb,part of,http://purl.obolibrary.org/obo/UBERON_0004338,proximal phalanx of manual digit 1,False,,
http://purl.obolibrary.org/obo/HP_0009673,Stippling of the epiphysis of the proximal phalanx of the thumb,part of,http://purl.obolibrary.org/obo/UBERON_0004338,proximal phalanx of manual digit 1,False,,
http://purl.obolibrary.org/obo/HP_0009674,Triangular epiphysis of the proximal phalanx of the thumb,part of,http://purl.obolibrary.org/obo/UBERON_0004338,proximal phalanx of manual digit 1,False,,
http://purl.obolibrary.org/obo/HP_0009675,Absent epiphysis of the distal phalanx of the thumb,part of,http://purl.obolibrary.org/obo/UBERON_0004337,distal phalanx of manual digit 1,False,,
http://purl.obolibrary.org/obo/HP_0009676,Bracket epiphysis of the distal phalanx of the thumb,part of,http://purl.obolibrary.org/obo/UBERON_0004337,distal phalanx of manual digit 1,False,,
http://purl.obolibrary.org/obo/HP_0009677,Cone-shaped epiphysis of the distal phalanx of the thumb,part of,http://purl.obolibrary.org/obo/UBERON_0004337,distal phalanx of manual digit 1,False,,
http://purl.obolibrary.org/obo/HP_0009678,Enlarged epiphysis of the distal phalanx of the thumb,part of,http://purl.obolibrary.org/obo/UBERON_0004337,distal phalanx of manual digit 1,False,,
http://purl.obolibrary.org/obo/HP_0009679,Fragmentation of the epiphysis of the distal phalanx of the thumb,part of,http://purl.obolibrary.org/obo/UBERON_0004337,distal phalanx of manual digit 1,False,,
http://purl.obolibrary.org/obo/HP_0009680,Irregular epiphysis of the distal phalanx of the thumb,part of,http://purl.obolibrary.org/obo/UBERON_0004337,distal phalanx of manual digit 1,False,,
http://purl.obolibrary.org/obo/HP_0009681,Ivory epiphysis of the distal phalanx of the thumb,part of,http://purl.obolibrary.org/obo/UBERON_0004337,distal phalanx of manual digit 1,False,,
http://purl.obolibrary.org/obo/HP_0009682,Pseudoepiphysis of the distal phalanx of the thumb,characteristic of part of,http://purl.obolibrary.org/obo/UBERON_0004337,distal phalanx of manual digit 1,False,,
http://purl.obolibrary.org/obo/HP_0009683,Small epiphysis of the distal phalanx of the thumb,part of,http://purl.obolibrary.org/obo/UBERON_0004337,distal phalanx of manual digit 1,False,,
http://purl.obolibrary.org/obo/HP_0009684,Stippling of the epiphysis of the distal phalanx of the thumb,part of,http://purl.obolibrary.org/obo/UBERON_0004337,distal phalanx of manual digit 1,False,,
http://purl.obolibrary.org/obo/HP_0009685,Triangular epiphysis of the distal phalanx of the thumb,part of,http://purl.obolibrary.org/obo/UBERON_0004337,distal phalanx of manual digit 1,False,,
http://purl.obolibrary.org/obo/HP_0009686,Absent epiphyses of the thumb,characteristic of,http://purl.obolibrary.org/obo/UBERON_0001463,manual digit 1,False,,
http://purl.obolibrary.org/obo/HP_0009687,Bracket epiphyses of the thumb,part of,http://purl.obolibrary.org/obo/UBERON_0001463,manual digit 1,False,,
http://purl.obolibrary.org/obo/HP_0009688,Cone-shaped epiphysis of the thumb,part of,http://purl.obolibrary.org/obo/UBERON_0003620,manual digit 1 phalanx,False,,
http://purl.obolibrary.org/obo/HP_0009689,Enlarged thumb epiphysis,part of,http://purl.obolibrary.org/obo/UBERON_0003620,manual digit 1 phalanx,False,,
http://purl.obolibrary.org/obo/HP_0009690,Fragmentation of thumb epiphysis,part of,http://purl.obolibrary.org/obo/UBERON_0003620,manual digit 1 phalanx,False,,
http://purl.obolibrary.org/obo/HP_0009691,Irregular thumb epiphysis,part of,http://purl.obolibrary.org/obo/UBERON_0003620,manual digit 1 phalanx,False,,
http://purl.obolibrary.org/obo/HP_0009692,Ivory epiphysis of the thumb,part of,http://purl.obolibrary.org/obo/UBERON_0001463,manual digit 1,False,,
http://purl.obolibrary.org/obo/HP_0009693,Pseudoepiphysis of the thumb,characteristic of part of,http://purl.obolibrary.org/obo/UBERON_0003620,manual digit 1 phalanx,False,,
http://purl.obolibrary.org/obo/HP_0009694,Small thumb epiphysis,part of,http://purl.obolibrary.org/obo/UBERON_0003620,manual digit 1 phalanx,False,,
http://purl.obolibrary.org/obo/HP_0009695,Stippling of thumb epiphysis,part of,http://purl.obolibrary.org/obo/UBERON_0003620,manual digit 1 phalanx,False,,
http://purl.obolibrary.org/obo/HP_0009696,Triangular epiphyses of the thumb,part of,http://purl.obolibrary.org/obo/UBERON_0001463,manual digit 1,False,,
http://purl.obolibrary.org/obo/HP_0009697,Contracture of the distal interphalangeal joint of the fingers,part of,http://purl.obolibrary.org/obo/UBERON_0002389,manual digit,False,,
http://purl.obolibrary.org/obo/HP_0009699,Osteolytic defects of the hand bones,characteristic of part of,http://purl.obolibrary.org/obo/UBERON_0001442,skeleton of manus,False,,
http://purl.obolibrary.org/obo/HP_0009700,Finger symphalangism,characteristic of,http://purl.obolibrary.org/obo/UBERON_0004249,manual digit bone,False,,
http://purl.obolibrary.org/obo/HP_0009700,Finger symphalangism,towards,http://purl.obolibrary.org/obo/UBERON_0004249,manual digit bone,False,,
http://purl.obolibrary.org/obo/HP_0009701,Metacarpal synostosis,characteristic of,http://purl.obolibrary.org/obo/UBERON_0002374,metacarpal bone,False,,
http://purl.obolibrary.org/obo/HP_0009701,Metacarpal synostosis,towards,http://purl.obolibrary.org/obo/UBERON_0002374,metacarpal bone,False,,
http://purl.obolibrary.org/obo/HP_0009702,Carpal synostosis,characteristic of,http://purl.obolibrary.org/obo/UBERON_0001435,carpal bone,False,,
http://purl.obolibrary.org/obo/HP_0009702,Carpal synostosis,towards,http://purl.obolibrary.org/obo/UBERON_0001435,carpal bone,False,,
http://purl.obolibrary.org/obo/HP_0009703,Synostosis involving the 1st metacarpal,characteristic of,http://purl.obolibrary.org/obo/UBERON_0003645,metacarpal bone of digit 1,False,,
http://purl.obolibrary.org/obo/HP_0009703,Synostosis involving the 1st metacarpal,towards,http://purl.obolibrary.org/obo/UBERON_0003645,metacarpal bone of digit 1,False,,
http://purl.obolibrary.org/obo/HP_0009714,Abnormal epididymis morphology,characteristic of part of,http://purl.obolibrary.org/obo/UBERON_0001301,epididymis,False,,
http://purl.obolibrary.org/obo/HP_0009720,Adenoma sebaceum,characteristic of,http://purl.obolibrary.org/obo/UBERON_0001456,face,False,,
http://purl.obolibrary.org/obo/HP_0009723,Abnormal subungual morphology,characteristic of part of,http://purl.obolibrary.org/obo/UBERON_0004105,subungual region,False,,
http://purl.obolibrary.org/obo/HP_0009729,Cardiac rhabdomyoma,characteristic of,http://purl.obolibrary.org/obo/UBERON_0000948,heart,False,,
http://purl.obolibrary.org/obo/HP_0009731,Cerebral hamartoma,part of,http://purl.obolibrary.org/obo/UBERON_0001893,telencephalon,False,,
http://purl.obolibrary.org/obo/HP_0009734,Optic nerve glioma,characteristic of,http://purl.obolibrary.org/obo/UBERON_0000941,cranial nerve II,False,,
http://purl.obolibrary.org/obo/HP_0009735,Spinal neurofibroma,characteristic of,http://purl.obolibrary.org/obo/UBERON_0001130,vertebral column,False,,
http://purl.obolibrary.org/obo/HP_0009736,Tibial pseudarthrosis,characteristic of,http://purl.obolibrary.org/obo/UBERON_0000979,tibia,False,,
http://purl.obolibrary.org/obo/HP_0009738,Abnormal antihelix morphology,characteristic of part of,http://purl.obolibrary.org/obo/UBERON_0016466,antihelix,False,,
http://purl.obolibrary.org/obo/HP_0009739,Hypoplasia of the antihelix,characteristic of,http://purl.obolibrary.org/obo/UBERON_0016466,antihelix,False,,
http://purl.obolibrary.org/obo/HP_0009740,Aplasia of the parotid gland,characteristic of,http://purl.obolibrary.org/obo/UBERON_0001831,parotid gland,False,,
http://purl.obolibrary.org/obo/HP_0009741,Nephrosclerosis,part of,http://purl.obolibrary.org/obo/UBERON_0002113,kidney,False,,
http://purl.obolibrary.org/obo/HP_0009742,Stiff shoulders,characteristic of,http://purl.obolibrary.org/obo/UBERON_0001467,shoulder,False,,
http://purl.obolibrary.org/obo/HP_0009744,Abnormal spinal dura mater morphology,characteristic of part of,http://purl.obolibrary.org/obo/UBERON_0002093,spinal dura mater,False,,
http://purl.obolibrary.org/obo/HP_0009746,Thick nasal septum,characteristic of,http://purl.obolibrary.org/obo/UBERON_0001706,nasal septum,False,,
http://purl.obolibrary.org/obo/HP_0009748,Large earlobe,characteristic of,http://purl.obolibrary.org/obo/UBERON_0001847,lobule of pinna,False,,
http://purl.obolibrary.org/obo/HP_0009751,Aplasia of the pectoralis major muscle,characteristic of,http://purl.obolibrary.org/obo/UBERON_0002381,pectoralis major,False,,
http://purl.obolibrary.org/obo/HP_0009752,Cleft in skull base,characteristic of part of,http://purl.obolibrary.org/obo/UBERON_0002517,basicranium,False,,
http://purl.obolibrary.org/obo/HP_0009754,Fibrous syngnathia,characteristic of,http://purl.obolibrary.org/obo/UBERON_0004103,alveolar ridge,False,,
http://purl.obolibrary.org/obo/HP_0009754,Fibrous syngnathia,towards,http://purl.obolibrary.org/obo/UBERON_0004103,alveolar ridge,False,,
http://purl.obolibrary.org/obo/HP_0009759,Neck pterygia,characteristic of,http://purl.obolibrary.org/obo/UBERON_0000974,neck,False,,
http://purl.obolibrary.org/obo/HP_0009762,Facial wrinkling,characteristic of,http://purl.obolibrary.org/obo/UBERON_0001456,face,False,,
http://purl.obolibrary.org/obo/HP_0009765,Low hanging columella,characteristic of,http://purl.obolibrary.org/obo/UBERON_0008341,columella nasi,False,,
http://purl.obolibrary.org/obo/HP_0009767,Aplasia/Hypoplasia of the phalanges of the hand,characteristic of,http://purl.obolibrary.org/obo/UBERON_0001436,phalanx of manus,False,,
http://purl.obolibrary.org/obo/HP_0009768,Broad phalanges of the hand,characteristic of,http://purl.obolibrary.org/obo/UBERON_0001436,phalanx of manus,False,,
http://purl.obolibrary.org/obo/HP_0009769,Bullet-shaped phalanges of the hand,characteristic of,http://purl.obolibrary.org/obo/UBERON_0001436,phalanx of manus,False,,
http://purl.obolibrary.org/obo/HP_0009770,Curved phalanges of the hand,characteristic of,http://purl.obolibrary.org/obo/UBERON_0001436,phalanx of manus,False,,
http://purl.obolibrary.org/obo/HP_0009771,Osteolytic defects of the phalanges of the hand,occurs in,http://purl.obolibrary.org/obo/UBERON_0001436,phalanx of manus,False,,
http://purl.obolibrary.org/obo/HP_0009772,Patchy sclerosis of finger phalanx,occurs in,http://purl.obolibrary.org/obo/UBERON_0001436,phalanx of manus,False,,
http://purl.obolibrary.org/obo/HP_0009773,Symphalangism affecting the phalanges of the hand,characteristic of,http://purl.obolibrary.org/obo/UBERON_0001436,phalanx of manus,False,,
http://purl.obolibrary.org/obo/HP_0009773,Symphalangism affecting the phalanges of the hand,towards,http://purl.obolibrary.org/obo/UBERON_0001436,phalanx of manus,False,,
http://purl.obolibrary.org/obo/HP_0009774,Triangular shaped phalanges of the hand,characteristic of,http://purl.obolibrary.org/obo/UBERON_0001436,phalanx of manus,False,,
http://purl.obolibrary.org/obo/HP_0009777,Absent thumb,characteristic of,http://purl.obolibrary.org/obo/UBERON_0001463,manual digit 1,False,,
http://purl.obolibrary.org/obo/HP_0009778,Short thumb,characteristic of,http://purl.obolibrary.org/obo/UBERON_0001463,manual digit 1,False,,
http://purl.obolibrary.org/obo/HP_0009779,3-4 toe syndactyly,characteristic of,http://purl.obolibrary.org/obo/UBERON_0003633,pedal digit 3,False,,
http://purl.obolibrary.org/obo/HP_0009779,3-4 toe syndactyly,towards,http://purl.obolibrary.org/obo/UBERON_0003634,pedal digit 4,False,,
http://purl.obolibrary.org/obo/HP_0009782,Aplasia/Hypoplasia of the biceps,characteristic of,http://purl.obolibrary.org/obo/UBERON_0001507,biceps brachii,False,,
http://purl.obolibrary.org/obo/HP_0009783,Biceps aplasia,characteristic of,http://purl.obolibrary.org/obo/UBERON_0001507,biceps brachii,False,,
http://purl.obolibrary.org/obo/HP_0009784,Aplasia/Hypoplasia of the triceps,characteristic of,http://purl.obolibrary.org/obo/UBERON_0001509,triceps brachii,False,,
http://purl.obolibrary.org/obo/HP_0009785,Triceps aplasia,characteristic of part of,http://purl.obolibrary.org/obo/UBERON_0001509,triceps brachii,False,,
http://purl.obolibrary.org/obo/HP_0009786,Aplasia/Hypoplasia of the musculature of the thigh,characteristic of,http://purl.obolibrary.org/obo/UBERON_0004463,musculature of hindlimb stylopod,False,,
http://purl.obolibrary.org/obo/HP_0009787,Aplasia/Hypoplasia of the quadriceps,characteristic of,http://purl.obolibrary.org/obo/UBERON_0001377,quadriceps femoris,False,,
http://purl.obolibrary.org/obo/HP_0009788,Quadriceps aplasia,characteristic of,http://purl.obolibrary.org/obo/UBERON_0001377,quadriceps femoris,False,,
http://purl.obolibrary.org/obo/HP_0009791,Bifid sacrum,characteristic of,http://purl.obolibrary.org/obo/UBERON_0003690,fused sacrum,False,,
http://purl.obolibrary.org/obo/HP_0009799,Supernumerary spleens,characteristic of,http://purl.obolibrary.org/obo/UBERON_0002106,spleen,False,,
http://purl.obolibrary.org/obo/HP_0009802,Aplasia of the phalanges of the hand,characteristic of,http://purl.obolibrary.org/obo/UBERON_0001436,phalanx of manus,False,,
http://purl.obolibrary.org/obo/HP_0009803,Short phalanx of finger,characteristic of,http://purl.obolibrary.org/obo/UBERON_0001436,phalanx of manus,False,,
http://purl.obolibrary.org/obo/HP_0009804,Tooth agenesis,characteristic of,http://purl.obolibrary.org/obo/UBERON_0001091,calcareous tooth,False,,
http://purl.obolibrary.org/obo/HP_0009808,Anomaly of the upper limb diaphyses,part of,http://purl.obolibrary.org/obo/UBERON_0012475,skeleton of pectoral complex,False,,
http://purl.obolibrary.org/obo/HP_0009809,Abnormal upper limb metaphysis morphology,part of,http://purl.obolibrary.org/obo/UBERON_0010708,pectoral complex,False,,
http://purl.obolibrary.org/obo/HP_0009810,Abnormality of upper limb joint,part of,http://purl.obolibrary.org/obo/UBERON_0010708,pectoral complex,False,,
http://purl.obolibrary.org/obo/HP_0009811,Abnormality of the elbow,characteristic of part of,http://purl.obolibrary.org/obo/UBERON_0001461,elbow,False,,
http://purl.obolibrary.org/obo/HP_0009812,Amelia involving the upper limbs,characteristic of part of,http://purl.obolibrary.org/obo/UBERON_0010708,pectoral complex,False,,
http://purl.obolibrary.org/obo/HP_0009813,Upper limb phocomelia,characteristic of part of,http://purl.obolibrary.org/obo/UBERON_0010708,pectoral complex,False,,
http://purl.obolibrary.org/obo/HP_0009814,Upper limb peromelia,characteristic of part of,http://purl.obolibrary.org/obo/UBERON_0010708,pectoral complex,False,,
http://purl.obolibrary.org/obo/HP_0009815,Aplasia/hypoplasia of the extremities,characteristic of part of,http://purl.obolibrary.org/obo/UBERON_0002091,appendicular skeleton,False,,
http://purl.obolibrary.org/obo/HP_0009816,Lower limb undergrowth,characteristic of part of,http://purl.obolibrary.org/obo/UBERON_0012476,skeleton of pelvic complex,False,,
http://purl.obolibrary.org/obo/HP_0009817,Aplasia involving bones of the lower limbs,characteristic of part of,http://purl.obolibrary.org/obo/UBERON_0012476,skeleton of pelvic complex,False,,
http://purl.obolibrary.org/obo/HP_0009818,Amelia involving the lower limbs,characteristic of part of,http://purl.obolibrary.org/obo/UBERON_0010709,pelvic complex,False,,
http://purl.obolibrary.org/obo/HP_0009819,Lower limb phocomelia,characteristic of part of,http://purl.obolibrary.org/obo/UBERON_0010709,pelvic complex,False,,
http://purl.obolibrary.org/obo/HP_0009820,Lower limb peromelia,characteristic of part of,http://purl.obolibrary.org/obo/UBERON_0010709,pelvic complex,False,,
http://purl.obolibrary.org/obo/HP_0009821,Forearm undergrowth,characteristic of,http://purl.obolibrary.org/obo/UBERON_0003466,forelimb zeugopod bone,False,,
http://purl.obolibrary.org/obo/HP_0009822,Aplasia involving forearm bones,characteristic of,http://purl.obolibrary.org/obo/UBERON_0003466,forelimb zeugopod bone,False,,
http://purl.obolibrary.org/obo/HP_0009823,Aplasia involving bones of the upper limbs,characteristic of part of,http://purl.obolibrary.org/obo/UBERON_0012475,skeleton of pectoral complex,False,,
http://purl.obolibrary.org/obo/HP_0009824,Upper limb undergrowth,characteristic of part of,http://purl.obolibrary.org/obo/UBERON_0012475,skeleton of pectoral complex,False,,
http://purl.obolibrary.org/obo/HP_0009825,Aplasia involving bones of the extremities,characteristic of part of,http://purl.obolibrary.org/obo/UBERON_0002091,appendicular skeleton,False,,
http://purl.obolibrary.org/obo/HP_0009826,Limb undergrowth,characteristic of part of,http://purl.obolibrary.org/obo/UBERON_0002091,appendicular skeleton,False,,
http://purl.obolibrary.org/obo/HP_0009828,Peromelia,part of,http://purl.obolibrary.org/obo/UBERON_0004288,skeleton,False,,
http://purl.obolibrary.org/obo/HP_0009832,Abnormal distal phalanx morphology of finger,characteristic of,http://purl.obolibrary.org/obo/UBERON_0003865,distal phalanx of manus,False,,
http://purl.obolibrary.org/obo/HP_0009833,Abnormal middle phalanx morphology of the hand,characteristic of,http://purl.obolibrary.org/obo/UBERON_0003864,middle phalanx of manus,False,,
http://purl.obolibrary.org/obo/HP_0009834,Abnormal proximal phalanx morphology of the hand,characteristic of,http://purl.obolibrary.org/obo/UBERON_0002234,proximal phalanx of manus,False,,
http://purl.obolibrary.org/obo/HP_0009835,Aplasia/Hypoplasia of the distal phalanges of the hand,characteristic of,http://purl.obolibrary.org/obo/UBERON_0003865,distal phalanx of manus,False,,
http://purl.obolibrary.org/obo/HP_0009836,Broad distal phalanx of finger,characteristic of,http://purl.obolibrary.org/obo/UBERON_0003865,distal phalanx of manus,False,,
http://purl.obolibrary.org/obo/HP_0009837,Bullet-shaped distal phalanges of the hand,characteristic of,http://purl.obolibrary.org/obo/UBERON_0003865,distal phalanx of manus,False,,
http://purl.obolibrary.org/obo/HP_0009838,Curved distal phalanges of the hand,characteristic of,http://purl.obolibrary.org/obo/UBERON_0003865,distal phalanx of manus,False,,
http://purl.obolibrary.org/obo/HP_0009839,Osteolytic defects of the distal phalanges of the hand,occurs in,http://purl.obolibrary.org/obo/UBERON_0003865,distal phalanx of manus,False,,
http://purl.obolibrary.org/obo/HP_0009840,Patchy sclerosis of distal phalanx of finger,occurs in,http://purl.obolibrary.org/obo/UBERON_0003865,distal phalanx of manus,False,,
http://purl.obolibrary.org/obo/HP_0009843,Aplasia/Hypoplasia of the middle phalanges of the hand,characteristic of,http://purl.obolibrary.org/obo/UBERON_0003864,middle phalanx of manus,False,,
http://purl.obolibrary.org/obo/HP_0009844,Broad middle phalanx of finger,characteristic of,http://purl.obolibrary.org/obo/UBERON_0003864,middle phalanx of manus,False,,
http://purl.obolibrary.org/obo/HP_0009845,Bullet-shaped middle phalanges of the hand,characteristic of,http://purl.obolibrary.org/obo/UBERON_0003864,middle phalanx of manus,False,,
http://purl.obolibrary.org/obo/HP_0009846,Curved middle phalanges of the hand,characteristic of,http://purl.obolibrary.org/obo/UBERON_0003864,middle phalanx of manus,False,,
http://purl.obolibrary.org/obo/HP_0009847,Osteolytic defects of the middle phalanges of the hand,occurs in,http://purl.obolibrary.org/obo/UBERON_0003864,middle phalanx of manus,False,,
http://purl.obolibrary.org/obo/HP_0009848,Patchy sclerosis of middle phalanx of finger,occurs in,http://purl.obolibrary.org/obo/UBERON_0003864,middle phalanx of manus,False,,
http://purl.obolibrary.org/obo/HP_0009850,Triangular shaped middle phalanges of the hand,characteristic of,http://purl.obolibrary.org/obo/UBERON_0003864,middle phalanx of manus,False,,
http://purl.obolibrary.org/obo/HP_0009851,Aplasia/Hypoplasia of the proximal phalanges of the hand,characteristic of,http://purl.obolibrary.org/obo/UBERON_0002234,proximal phalanx of manus,False,,
http://purl.obolibrary.org/obo/HP_0009852,Broad proximal phalanges of the hand,characteristic of,http://purl.obolibrary.org/obo/UBERON_0002234,proximal phalanx of manus,False,,
http://purl.obolibrary.org/obo/HP_0009853,Bullet-shaped proximal phalanges of the hand,characteristic of,http://purl.obolibrary.org/obo/UBERON_0002234,proximal phalanx of manus,False,,
http://purl.obolibrary.org/obo/HP_0009854,Curved proximal phalanges of the hand,characteristic of,http://purl.obolibrary.org/obo/UBERON_0002234,proximal phalanx of manus,False,,
http://purl.obolibrary.org/obo/HP_0009856,Patchy sclerosis of proximal phalanx of finger,occurs in,http://purl.obolibrary.org/obo/UBERON_0002234,proximal phalanx of manus,False,,
http://purl.obolibrary.org/obo/HP_0009875,Triangular shaped distal phalanges of the hand,characteristic of,http://purl.obolibrary.org/obo/UBERON_0003865,distal phalanx of manus,False,,
http://purl.obolibrary.org/obo/HP_0009881,Aplasia of the distal phalanges of the hand,characteristic of,http://purl.obolibrary.org/obo/UBERON_0003865,distal phalanx of manus,False,,
http://purl.obolibrary.org/obo/HP_0009882,Short distal phalanx of finger,characteristic of,http://purl.obolibrary.org/obo/UBERON_0003865,distal phalanx of manus,False,,
http://purl.obolibrary.org/obo/HP_0009884,Tapered distal phalanges of finger,characteristic of,http://purl.obolibrary.org/obo/UBERON_0003865,distal phalanx of manus,False,,
http://purl.obolibrary.org/obo/HP_0009887,Abnormality of hair pigmentation,occurs in,http://purl.obolibrary.org/obo/UBERON_0001037,strand of hair,False,,
http://purl.obolibrary.org/obo/HP_0009889,Localized hirsutism,part of,http://purl.obolibrary.org/obo/UBERON_0003101,male organism,False,,
http://purl.obolibrary.org/obo/HP_0009891,Underdeveloped supraorbital ridges,characteristic of,http://purl.obolibrary.org/obo/UBERON_0011576,supraorbital ridge,False,,
http://purl.obolibrary.org/obo/HP_0009892,Anotia,characteristic of,http://purl.obolibrary.org/obo/UBERON_0001691,external ear,False,,
http://purl.obolibrary.org/obo/HP_0009893,Telangiectasia of the ear,part of,http://purl.obolibrary.org/obo/UBERON_0001690,ear,False,,
http://purl.obolibrary.org/obo/HP_0009894,Thickened ears,characteristic of,http://purl.obolibrary.org/obo/UBERON_0001691,external ear,False,,
http://purl.obolibrary.org/obo/HP_0009895,Abnormality of the crus of the helix,characteristic of part of,http://purl.obolibrary.org/obo/UBERON_0004106,crus of ear,False,,
http://purl.obolibrary.org/obo/HP_0009896,Abnormal antitragus morphology,characteristic of part of,http://purl.obolibrary.org/obo/UBERON_0016467,antitragus,False,,
http://purl.obolibrary.org/obo/HP_0009898,Underdeveloped crus of the helix,characteristic of,http://purl.obolibrary.org/obo/UBERON_0004106,crus of ear,False,,
http://purl.obolibrary.org/obo/HP_0009899,Prominent crus of helix,characteristic of,http://purl.obolibrary.org/obo/UBERON_0004106,crus of ear,False,,
http://purl.obolibrary.org/obo/HP_0009902,Cleft helix,characteristic of,http://purl.obolibrary.org/obo/UBERON_0002488,helix of outer ear,False,,
http://purl.obolibrary.org/obo/HP_0009904,Prominent ear helix,characteristic of,http://purl.obolibrary.org/obo/UBERON_0002488,helix of outer ear,False,,
http://purl.obolibrary.org/obo/HP_0009905,Thin ear helix,characteristic of,http://purl.obolibrary.org/obo/UBERON_0002488,helix of outer ear,False,,
http://purl.obolibrary.org/obo/HP_0009906,Aplasia/Hypoplasia of the earlobes,characteristic of,http://purl.obolibrary.org/obo/UBERON_0001847,lobule of pinna,False,,
http://purl.obolibrary.org/obo/HP_0009910,Aplasia of the middle ear ossicles,characteristic of,http://purl.obolibrary.org/obo/UBERON_0001686,auditory ossicle bone,False,,
http://purl.obolibrary.org/obo/HP_0009911,Abnormal temporal bone morphology,characteristic of part of,http://purl.obolibrary.org/obo/UBERON_0001678,temporal bone,False,,
http://purl.obolibrary.org/obo/HP_0009912,Abnormal tragus morphology,characteristic of part of,http://purl.obolibrary.org/obo/UBERON_0010887,tragus,False,,
http://purl.obolibrary.org/obo/HP_0009913,Aplasia/Hypoplasia of the tragus,characteristic of,http://purl.obolibrary.org/obo/UBERON_0010887,tragus,False,,
http://purl.obolibrary.org/obo/HP_0009915,Corneal asymmetry,characteristic of,http://purl.obolibrary.org/obo/UBERON_0000964,cornea,False,,
http://purl.obolibrary.org/obo/HP_0009918,Ectopia pupillae,characteristic of,http://purl.obolibrary.org/obo/UBERON_0001771,pupil,False,,
http://purl.obolibrary.org/obo/HP_0009924,Aplasia/Hypoplasia involving the nose,characteristic of part of,http://purl.obolibrary.org/obo/UBERON_0000004,nose,False,,
http://purl.obolibrary.org/obo/HP_0009927,Aplasia of the nose,characteristic of,http://purl.obolibrary.org/obo/UBERON_0000004,nose,False,,
http://purl.obolibrary.org/obo/HP_0009928,Thick nasal alae,characteristic of part of,http://purl.obolibrary.org/obo/UBERON_0006906,ala of nose,False,,
http://purl.obolibrary.org/obo/HP_0009929,Abnormal columella morphology,characteristic of part of,http://purl.obolibrary.org/obo/UBERON_0008341,columella nasi,False,,
http://purl.obolibrary.org/obo/HP_0009930,Asymmetry of the nares,characteristic of,http://purl.obolibrary.org/obo/UBERON_0005928,external naris,False,,
http://purl.obolibrary.org/obo/HP_0009931,Enlarged naris,characteristic of,http://purl.obolibrary.org/obo/UBERON_0005928,external naris,False,,
http://purl.obolibrary.org/obo/HP_0009932,Single naris,part of,http://purl.obolibrary.org/obo/UBERON_0000004,nose,False,,
http://purl.obolibrary.org/obo/HP_0009933,Narrow naris,characteristic of,http://purl.obolibrary.org/obo/UBERON_0005928,external naris,False,,
http://purl.obolibrary.org/obo/HP_0009934,Supernumerary naris,characteristic of,http://purl.obolibrary.org/obo/UBERON_0005928,external naris,False,,
http://purl.obolibrary.org/obo/HP_0009935,Aplasia/Hypoplasia of the nasal septum,characteristic of,http://purl.obolibrary.org/obo/UBERON_0001706,nasal septum,False,,
http://purl.obolibrary.org/obo/HP_0009936,Narrow nasal septum,characteristic of,http://purl.obolibrary.org/obo/UBERON_0001706,nasal septum,False,,
http://purl.obolibrary.org/obo/HP_0009937,Facial hirsutism,part of,http://purl.obolibrary.org/obo/UBERON_0003101,male organism,False,,
http://purl.obolibrary.org/obo/HP_0009938,Sunken cheeks,characteristic of,http://purl.obolibrary.org/obo/UBERON_0001567,cheek,False,,
http://purl.obolibrary.org/obo/HP_0009939,Mandibular aplasia,characteristic of,http://purl.obolibrary.org/obo/UBERON_0001684,mandible,False,,
http://purl.obolibrary.org/obo/HP_0009940,Asymmetry of the mandible,characteristic of,http://purl.obolibrary.org/obo/UBERON_0001684,mandible,False,,
http://purl.obolibrary.org/obo/HP_0009941,Asymmetry of the mouth,characteristic of,http://purl.obolibrary.org/obo/UBERON_0000165,mouth,False,,
http://purl.obolibrary.org/obo/HP_0009943,Complete duplication of thumb phalanx,towards,http://purl.obolibrary.org/obo/UBERON_0003620,manual digit 1 phalanx,False,,
http://purl.obolibrary.org/obo/HP_0009944,Partial duplication of thumb phalanx,characteristic of,http://purl.obolibrary.org/obo/UBERON_0003620,manual digit 1 phalanx,False,,
http://purl.obolibrary.org/obo/HP_0009946,Polydactyly affecting the 2nd finger,part of,http://purl.obolibrary.org/obo/UBERON_0002398,manus,False,,
http://purl.obolibrary.org/obo/HP_0009950,Complete duplication of the distal phalanx of the 2nd finger,towards,http://purl.obolibrary.org/obo/UBERON_0004311,distal phalanx of manual digit 2,False,,
http://purl.obolibrary.org/obo/HP_0009952,Complete duplication of the middle phalanx of the 2nd finger,towards,http://purl.obolibrary.org/obo/UBERON_0004320,middle phalanx of manual digit 2,False,,
http://purl.obolibrary.org/obo/HP_0009954,Complete duplication of the proximal phalanx of the 2nd finger,towards,http://purl.obolibrary.org/obo/UBERON_0004328,proximal phalanx of manual digit 2,False,,
http://purl.obolibrary.org/obo/HP_0009957,Complete duplication of the phalanges of the 2nd finger,towards,http://purl.obolibrary.org/obo/UBERON_0003636,manual digit 2 phalanx,False,,
http://purl.obolibrary.org/obo/HP_0009958,Polydactyly affecting the 3rd finger,part of,http://purl.obolibrary.org/obo/UBERON_0002398,manus,False,,
http://purl.obolibrary.org/obo/HP_0009960,Complete duplication of the phalanges of the 3rd finger,towards,http://purl.obolibrary.org/obo/UBERON_0003637,manual digit 3 phalanx,False,,
http://purl.obolibrary.org/obo/HP_0009965,Complete duplication of the distal phalanx of the 3rd finger,towards,http://purl.obolibrary.org/obo/UBERON_0004312,distal phalanx of manual digit 3,False,,
http://purl.obolibrary.org/obo/HP_0009966,Complete duplication of the middle phalanx of the 3rd finger,towards,http://purl.obolibrary.org/obo/UBERON_0004321,middle phalanx of manual digit 3,False,,
http://purl.obolibrary.org/obo/HP_0009967,Complete duplication of the proximal phalanx of the 3rd finger,towards,http://purl.obolibrary.org/obo/UBERON_0004329,proximal phalanx of manual digit 3,False,,
http://purl.obolibrary.org/obo/HP_0009971,Polydactyly affecting the 4th finger,part of,http://purl.obolibrary.org/obo/UBERON_0002398,manus,False,,
http://purl.obolibrary.org/obo/HP_0009973,Complete duplication of the phalanges of the 4th finger,towards,http://purl.obolibrary.org/obo/UBERON_0003638,manual digit 4 phalanx,False,,
http://purl.obolibrary.org/obo/HP_0009978,Complete duplication of the distal phalanx of the 4th finger,towards,http://purl.obolibrary.org/obo/UBERON_0004313,distal phalanx of manual digit 4,False,,
http://purl.obolibrary.org/obo/HP_0009979,Complete duplication of the middle phalanx of the 4th finger,towards,http://purl.obolibrary.org/obo/UBERON_0004322,middle phalanx of manual digit 4,False,,
http://purl.obolibrary.org/obo/HP_0009980,Complete duplication of the proximal phalanx of the 4th finger,towards,http://purl.obolibrary.org/obo/UBERON_0004330,proximal phalanx of manual digit 4,False,,
http://purl.obolibrary.org/obo/HP_0009986,Complete duplication of the phalanges of the 5th finger,towards,http://purl.obolibrary.org/obo/UBERON_0003639,manual digit 5 phalanx,False,,
http://purl.obolibrary.org/obo/HP_0009991,Complete duplication of the distal phalanx of the 5th finger,towards,http://purl.obolibrary.org/obo/UBERON_0004314,distal phalanx of manual digit 5,False,,
http://purl.obolibrary.org/obo/HP_0009992,Complete duplication of the middle phalanx of the 5th finger,towards,http://purl.obolibrary.org/obo/UBERON_0004323,middle phalanx of manual digit 5,False,,
http://purl.obolibrary.org/obo/HP_0009993,Complete duplication of the proximal phalanx of the 5th finger,towards,http://purl.obolibrary.org/obo/UBERON_0004331,proximal phalanx of manual digit 5,False,,
http://purl.obolibrary.org/obo/HP_0009998,Complete duplication of phalanx of hand,towards,http://purl.obolibrary.org/obo/UBERON_0001436,phalanx of manus,False,,
http://purl.obolibrary.org/obo/HP_0010000,Complete duplication of the proximal phalanges of the hand,towards,http://purl.obolibrary.org/obo/UBERON_0002234,proximal phalanx of manus,False,,
http://purl.obolibrary.org/obo/HP_0010001,Complete duplication of the distal phalanges of the hand,towards,http://purl.obolibrary.org/obo/UBERON_0003865,distal phalanx of manus,False,,
http://purl.obolibrary.org/obo/HP_0010002,Complete duplication of the middle phalanges of the hand,towards,http://purl.obolibrary.org/obo/UBERON_0003864,middle phalanx of manus,False,,
http://purl.obolibrary.org/obo/HP_0010009,Abnormal 1st metacarpal morphology,characteristic of part of,http://purl.obolibrary.org/obo/UBERON_0003645,metacarpal bone of digit 1,False,,
http://purl.obolibrary.org/obo/HP_0010010,Abnormal 2nd metacarpal morphology,characteristic of part of,http://purl.obolibrary.org/obo/UBERON_0003646,metacarpal bone of digit 2,False,,
http://purl.obolibrary.org/obo/HP_0010011,Abnormal 3rd metacarpal morphology,characteristic of part of,http://purl.obolibrary.org/obo/UBERON_0003647,metacarpal bone of digit 3,False,,
http://purl.obolibrary.org/obo/HP_0010012,Abnormal 4th metacarpal morphology,characteristic of part of,http://purl.obolibrary.org/obo/UBERON_0003648,metacarpal bone of digit 4,False,,
http://purl.obolibrary.org/obo/HP_0010013,Abnormal 5th metacarpal morphology,characteristic of part of,http://purl.obolibrary.org/obo/UBERON_0003649,metacarpal bone of digit 5,False,,
http://purl.obolibrary.org/obo/HP_0010014,Abnormality of the epiphysis of the 1st metacarpal,part of,http://purl.obolibrary.org/obo/UBERON_0003645,metacarpal bone of digit 1,False,,
http://purl.obolibrary.org/obo/HP_0010015,Absent epiphysis of the 1st metacarpal,part of,http://purl.obolibrary.org/obo/UBERON_0003645,metacarpal bone of digit 1,False,,
http://purl.obolibrary.org/obo/HP_0010016,Bracket epiphysis of the 1st metacarpal,characteristic of,http://purl.obolibrary.org/obo/UBERON_0004391,epiphysis of first metacarpal bone,False,,
http://purl.obolibrary.org/obo/HP_0010017,Cone-shaped epiphysis of the 1st metacarpal,characteristic of,http://purl.obolibrary.org/obo/UBERON_0004391,epiphysis of first metacarpal bone,False,,
http://purl.obolibrary.org/obo/HP_0010018,Enlarged epiphysis of the 1st metacarpal,characteristic of,http://purl.obolibrary.org/obo/UBERON_0004391,epiphysis of first metacarpal bone,False,,
http://purl.obolibrary.org/obo/HP_0010019,Fragmentation of the epiphysis of the 1st metacarpal,characteristic of,http://purl.obolibrary.org/obo/UBERON_0004391,epiphysis of first metacarpal bone,False,,
http://purl.obolibrary.org/obo/HP_0010020,Irregular epiphysis of the 1st metacarpal,characteristic of,http://purl.obolibrary.org/obo/UBERON_0004391,epiphysis of first metacarpal bone,False,,
http://purl.obolibrary.org/obo/HP_0010021,Ivory epiphysis of the 1st metacarpal,characteristic of,http://purl.obolibrary.org/obo/UBERON_0004391,epiphysis of first metacarpal bone,False,,
http://purl.obolibrary.org/obo/HP_0010022,Pseudoepiphysis of the 1st metacarpal,part of,http://purl.obolibrary.org/obo/UBERON_0003645,metacarpal bone of digit 1,False,,
http://purl.obolibrary.org/obo/HP_0010023,Small epiphysis of the 1st metacarpal,characteristic of,http://purl.obolibrary.org/obo/UBERON_0004391,epiphysis of first metacarpal bone,False,,
http://purl.obolibrary.org/obo/HP_0010024,Epiphyseal stippling of the first metacarpal,characteristic of,http://purl.obolibrary.org/obo/UBERON_0004391,epiphysis of first metacarpal bone,False,,
http://purl.obolibrary.org/obo/HP_0010025,Triangular epiphysis of the 1st metacarpal,characteristic of,http://purl.obolibrary.org/obo/UBERON_0004391,epiphysis of first metacarpal bone,False,,
http://purl.obolibrary.org/obo/HP_0010026,Aplasia/Hypoplasia of the 1st metacarpal,characteristic of,http://purl.obolibrary.org/obo/UBERON_0003645,metacarpal bone of digit 1,False,,
http://purl.obolibrary.org/obo/HP_0010027,Broad 1st metacarpal,characteristic of,http://purl.obolibrary.org/obo/UBERON_0003645,metacarpal bone of digit 1,False,,
http://purl.obolibrary.org/obo/HP_0010028,Bullet-shaped 1st metacarpal,characteristic of,http://purl.obolibrary.org/obo/UBERON_0003645,metacarpal bone of digit 1,False,,
http://purl.obolibrary.org/obo/HP_0010029,Curved 1st metacarpal,characteristic of,http://purl.obolibrary.org/obo/UBERON_0003645,metacarpal bone of digit 1,False,,
http://purl.obolibrary.org/obo/HP_0010030,Osteolytic defects of the 1st metacarpal,occurs in,http://purl.obolibrary.org/obo/UBERON_0003645,metacarpal bone of digit 1,False,,
http://purl.obolibrary.org/obo/HP_0010031,Patchy sclerosis of the 1st metacarpal,occurs in,http://purl.obolibrary.org/obo/UBERON_0003645,metacarpal bone of digit 1,False,,
http://purl.obolibrary.org/obo/HP_0010034,Short 1st metacarpal,characteristic of,http://purl.obolibrary.org/obo/UBERON_0003645,metacarpal bone of digit 1,False,,
http://purl.obolibrary.org/obo/HP_0010035,Aplasia of the 1st metacarpal,characteristic of,http://purl.obolibrary.org/obo/UBERON_0003645,metacarpal bone of digit 1,False,,
http://purl.obolibrary.org/obo/HP_0010036,Aplasia/Hypoplasia of the 2nd metacarpal,characteristic of,http://purl.obolibrary.org/obo/UBERON_0003646,metacarpal bone of digit 2,False,,
http://purl.obolibrary.org/obo/HP_0010037,Aplasia of the 2nd metacarpal,characteristic of,http://purl.obolibrary.org/obo/UBERON_0003646,metacarpal bone of digit 2,False,,
http://purl.obolibrary.org/obo/HP_0010038,Short 2nd metacarpal,characteristic of,http://purl.obolibrary.org/obo/UBERON_0003646,metacarpal bone of digit 2,False,,
http://purl.obolibrary.org/obo/HP_0010039,Aplasia/Hypoplasia of the 3rd metacarpal,characteristic of,http://purl.obolibrary.org/obo/UBERON_0003647,metacarpal bone of digit 3,False,,
http://purl.obolibrary.org/obo/HP_0010040,Aplasia of the 3rd metacarpal,characteristic of,http://purl.obolibrary.org/obo/UBERON_0003647,metacarpal bone of digit 3,False,,
http://purl.obolibrary.org/obo/HP_0010041,Short 3rd metacarpal,characteristic of,http://purl.obolibrary.org/obo/UBERON_0003647,metacarpal bone of digit 3,False,,
http://purl.obolibrary.org/obo/HP_0010042,Aplasia/Hypoplasia of the 4th metacarpal,characteristic of,http://purl.obolibrary.org/obo/UBERON_0003648,metacarpal bone of digit 4,False,,
http://purl.obolibrary.org/obo/HP_0010043,Aplasia of the 4th metacarpal,characteristic of,http://purl.obolibrary.org/obo/UBERON_0003648,metacarpal bone of digit 4,False,,
http://purl.obolibrary.org/obo/HP_0010044,Short 4th metacarpal,characteristic of,http://purl.obolibrary.org/obo/UBERON_0003648,metacarpal bone of digit 4,False,,
http://purl.obolibrary.org/obo/HP_0010045,Aplasia/Hypoplasia of the 5th metacarpal,characteristic of,http://purl.obolibrary.org/obo/UBERON_0003649,metacarpal bone of digit 5,False,,
http://purl.obolibrary.org/obo/HP_0010046,Aplasia of the 5th metacarpal,characteristic of,http://purl.obolibrary.org/obo/UBERON_0003649,metacarpal bone of digit 5,False,,
http://purl.obolibrary.org/obo/HP_0010047,Short 5th metacarpal,characteristic of,http://purl.obolibrary.org/obo/UBERON_0003649,metacarpal bone of digit 5,False,,
http://purl.obolibrary.org/obo/HP_0010048,Aplasia of metacarpal bones,characteristic of,http://purl.obolibrary.org/obo/UBERON_0002374,metacarpal bone,False,,
http://purl.obolibrary.org/obo/HP_0010049,Short metacarpal,characteristic of,http://purl.obolibrary.org/obo/UBERON_0002374,metacarpal bone,False,,
http://purl.obolibrary.org/obo/HP_0010051,Deviation of the hallux,characteristic of,http://purl.obolibrary.org/obo/UBERON_0003631,pedal digit 1,False,,
http://purl.obolibrary.org/obo/HP_0010052,Abnormal morphology of the proximal phalanx of the hallux,characteristic of part of,http://purl.obolibrary.org/obo/UBERON_0004332,proximal phalanx of pedal digit 1,False,,
http://purl.obolibrary.org/obo/HP_0010053,Abnormality of the distal phalanx of the hallux,characteristic of part of,http://purl.obolibrary.org/obo/UBERON_0004315,distal phalanx of pedal digit 1,False,,
http://purl.obolibrary.org/obo/HP_0010054,Abnormality of the first metatarsal bone,characteristic of part of,http://purl.obolibrary.org/obo/UBERON_0003650,metatarsal bone of digit 1,False,,
http://purl.obolibrary.org/obo/HP_0010055,Broad hallux,characteristic of,http://purl.obolibrary.org/obo/UBERON_0003631,pedal digit 1,False,,
http://purl.obolibrary.org/obo/HP_0010056,Abnormality of the epiphyses of the hallux,part of,http://purl.obolibrary.org/obo/UBERON_0003640,pedal digit 1 phalanx,False,,
http://purl.obolibrary.org/obo/HP_0010057,Abnormal hallux phalanx morphology,characteristic of part of,http://purl.obolibrary.org/obo/UBERON_0003640,pedal digit 1 phalanx,False,,
http://purl.obolibrary.org/obo/HP_0010058,Aplasia/Hypoplasia of the phalanges of the hallux,characteristic of,http://purl.obolibrary.org/obo/UBERON_0003640,pedal digit 1 phalanx,False,,
http://purl.obolibrary.org/obo/HP_0010059,Broad hallux phalanx,characteristic of,http://purl.obolibrary.org/obo/UBERON_0003640,pedal digit 1 phalanx,False,,
http://purl.obolibrary.org/obo/HP_0010060,Bullet-shaped hallux phalanx,characteristic of,http://purl.obolibrary.org/obo/UBERON_0003640,pedal digit 1 phalanx,False,,
http://purl.obolibrary.org/obo/HP_0010061,Curved hallux phalanx,characteristic of,http://purl.obolibrary.org/obo/UBERON_0003640,pedal digit 1 phalanx,False,,
http://purl.obolibrary.org/obo/HP_0010062,Osteolytic defects of the phalanges of the hallux,occurs in,http://purl.obolibrary.org/obo/UBERON_0003640,pedal digit 1 phalanx,False,,
http://purl.obolibrary.org/obo/HP_0010063,Patchy sclerosis of hallux phalanx,occurs in,http://purl.obolibrary.org/obo/UBERON_0003640,pedal digit 1 phalanx,False,,
http://purl.obolibrary.org/obo/HP_0010064,Symphalangism affecting the phalanges of the hallux,characteristic of,http://purl.obolibrary.org/obo/UBERON_0003640,pedal digit 1 phalanx,False,,
http://purl.obolibrary.org/obo/HP_0010064,Symphalangism affecting the phalanges of the hallux,towards,http://purl.obolibrary.org/obo/UBERON_0003640,pedal digit 1 phalanx,False,,
http://purl.obolibrary.org/obo/HP_0010065,Triangular shaped phalanges of the hallux,characteristic of,http://purl.obolibrary.org/obo/UBERON_0003640,pedal digit 1 phalanx,False,,
http://purl.obolibrary.org/obo/HP_0010067,Aplasia/hypoplasia of the 1st metatarsal,characteristic of,http://purl.obolibrary.org/obo/UBERON_0003650,metatarsal bone of digit 1,False,,
http://purl.obolibrary.org/obo/HP_0010068,Broad first metatarsal,characteristic of,http://purl.obolibrary.org/obo/UBERON_0003650,metatarsal bone of digit 1,False,,
http://purl.obolibrary.org/obo/HP_0010069,Bullet-shaped 1st metatarsal,characteristic of,http://purl.obolibrary.org/obo/UBERON_0003650,metatarsal bone of digit 1,False,,
http://purl.obolibrary.org/obo/HP_0010070,Curved 1st metatarsal,characteristic of,http://purl.obolibrary.org/obo/UBERON_0003650,metatarsal bone of digit 1,False,,
http://purl.obolibrary.org/obo/HP_0010071,Osteolytic defects of the 1st metatarsal,occurs in,http://purl.obolibrary.org/obo/UBERON_0003650,metatarsal bone of digit 1,False,,
http://purl.obolibrary.org/obo/HP_0010072,Patchy sclerosis of the 1st metatarsal,occurs in,http://purl.obolibrary.org/obo/UBERON_0003650,metatarsal bone of digit 1,False,,
http://purl.obolibrary.org/obo/HP_0010073,Synostosis involving the 1st metatarsal,characteristic of,http://purl.obolibrary.org/obo/UBERON_0003650,metatarsal bone of digit 1,False,,
http://purl.obolibrary.org/obo/HP_0010073,Synostosis involving the 1st metatarsal,towards,http://purl.obolibrary.org/obo/UBERON_0003650,metatarsal bone of digit 1,False,,
http://purl.obolibrary.org/obo/HP_0010074,Triangular shaped 1st metatarsal,characteristic of,http://purl.obolibrary.org/obo/UBERON_0003650,metatarsal bone of digit 1,False,,
http://purl.obolibrary.org/obo/HP_0010076,Aplasia/Hypoplasia of the distal phalanx of the hallux,characteristic of,http://purl.obolibrary.org/obo/UBERON_0004315,distal phalanx of pedal digit 1,False,,
http://purl.obolibrary.org/obo/HP_0010077,Broad distal phalanx of the hallux,characteristic of,http://purl.obolibrary.org/obo/UBERON_0004315,distal phalanx of pedal digit 1,False,,
http://purl.obolibrary.org/obo/HP_0010078,Bullet-shaped distal phalanx of the hallux,characteristic of,http://purl.obolibrary.org/obo/UBERON_0004315,distal phalanx of pedal digit 1,False,,
http://purl.obolibrary.org/obo/HP_0010079,Curved distal phalanx of the hallux,characteristic of,http://purl.obolibrary.org/obo/UBERON_0004315,distal phalanx of pedal digit 1,False,,
http://purl.obolibrary.org/obo/HP_0010080,Osteolytic defects of the distal phalanx of the hallux,occurs in,http://purl.obolibrary.org/obo/UBERON_0004315,distal phalanx of pedal digit 1,False,,
http://purl.obolibrary.org/obo/HP_0010081,Patchy sclerosis of the distal phalanx of the hallux,occurs in,http://purl.obolibrary.org/obo/UBERON_0004315,distal phalanx of pedal digit 1,False,,
http://purl.obolibrary.org/obo/HP_0010082,Symphalangism affecting the distal phalanx of the hallux,characteristic of,http://purl.obolibrary.org/obo/UBERON_0004315,distal phalanx of pedal digit 1,False,,
http://purl.obolibrary.org/obo/HP_0010082,Symphalangism affecting the distal phalanx of the hallux,towards,http://purl.obolibrary.org/obo/UBERON_0004315,distal phalanx of pedal digit 1,False,,
http://purl.obolibrary.org/obo/HP_0010083,Triangular shaped distal phalanx of the hallux,characteristic of,http://purl.obolibrary.org/obo/UBERON_0004315,distal phalanx of pedal digit 1,False,,
http://purl.obolibrary.org/obo/HP_0010085,Aplasia/Hypoplasia of the proximal phalanx of the hallux,characteristic of,http://purl.obolibrary.org/obo/UBERON_0004332,proximal phalanx of pedal digit 1,False,,
http://purl.obolibrary.org/obo/HP_0010086,Broad proximal phalanx of the hallux,characteristic of,http://purl.obolibrary.org/obo/UBERON_0004332,proximal phalanx of pedal digit 1,False,,
http://purl.obolibrary.org/obo/HP_0010087,Bullet-shaped proximal phalanx of the hallux,characteristic of,http://purl.obolibrary.org/obo/UBERON_0004332,proximal phalanx of pedal digit 1,False,,
http://purl.obolibrary.org/obo/HP_0010088,Curved proximal phalanx of the hallux,characteristic of,http://purl.obolibrary.org/obo/UBERON_0004332,proximal phalanx of pedal digit 1,False,,
http://purl.obolibrary.org/obo/HP_0010089,Osteolytic defects of the proximal phalanx of the hallux,occurs in,http://purl.obolibrary.org/obo/UBERON_0004332,proximal phalanx of pedal digit 1,False,,
http://purl.obolibrary.org/obo/HP_0010090,Patchy sclerosis of the proximal phalanx of the hallux,occurs in,http://purl.obolibrary.org/obo/UBERON_0004332,proximal phalanx of pedal digit 1,False,,
http://purl.obolibrary.org/obo/HP_0010091,Symphalangism affecting the proximal phalanx of the hallux,characteristic of,http://purl.obolibrary.org/obo/UBERON_0004332,proximal phalanx of pedal digit 1,False,,
http://purl.obolibrary.org/obo/HP_0010091,Symphalangism affecting the proximal phalanx of the hallux,towards,http://purl.obolibrary.org/obo/UBERON_0004332,proximal phalanx of pedal digit 1,False,,
http://purl.obolibrary.org/obo/HP_0010092,Triangular shaped proximal phalanx of the hallux,characteristic of,http://purl.obolibrary.org/obo/UBERON_0004332,proximal phalanx of pedal digit 1,False,,
http://purl.obolibrary.org/obo/HP_0010094,Complete duplication of the proximal phalanx of the hallux,towards,http://purl.obolibrary.org/obo/UBERON_0004332,proximal phalanx of pedal digit 1,False,,
http://purl.obolibrary.org/obo/HP_0010096,Complete duplication of the distal phalanx of the hallux,towards,http://purl.obolibrary.org/obo/UBERON_0004315,distal phalanx of pedal digit 1,False,,
http://purl.obolibrary.org/obo/HP_0010098,Complete duplication of the 1st metatarsal,characteristic of,http://purl.obolibrary.org/obo/UBERON_0003650,metatarsal bone of digit 1,False,,
http://purl.obolibrary.org/obo/HP_0010100,Complete duplication of hallux phalanx,towards,http://purl.obolibrary.org/obo/UBERON_0003640,pedal digit 1 phalanx,False,,
http://purl.obolibrary.org/obo/HP_0010102,Aplasia of the distal phalanx of the hallux,characteristic of,http://purl.obolibrary.org/obo/UBERON_0004315,distal phalanx of pedal digit 1,False,,
http://purl.obolibrary.org/obo/HP_0010103,Short distal phalanx of hallux,characteristic of,http://purl.obolibrary.org/obo/UBERON_0004315,distal phalanx of pedal digit 1,False,,
http://purl.obolibrary.org/obo/HP_0010104,Absent first metatarsal,characteristic of,http://purl.obolibrary.org/obo/UBERON_0003650,metatarsal bone of digit 1,False,,
http://purl.obolibrary.org/obo/HP_0010105,Short first metatarsal,characteristic of,http://purl.obolibrary.org/obo/UBERON_0003650,metatarsal bone of digit 1,False,,
http://purl.obolibrary.org/obo/HP_0010106,Aplasia of the proximal phalanx of the hallux,characteristic of,http://purl.obolibrary.org/obo/UBERON_0004332,proximal phalanx of pedal digit 1,False,,
http://purl.obolibrary.org/obo/HP_0010107,Short proximal phalanx of hallux,characteristic of,http://purl.obolibrary.org/obo/UBERON_0004332,proximal phalanx of pedal digit 1,False,,
http://purl.obolibrary.org/obo/HP_0010109,Short hallux,characteristic of,http://purl.obolibrary.org/obo/UBERON_0003631,pedal digit 1,False,,
http://purl.obolibrary.org/obo/HP_0010110,Aplasia of the phalanges of the hallux,characteristic of,http://purl.obolibrary.org/obo/UBERON_0003640,pedal digit 1 phalanx,False,,
http://purl.obolibrary.org/obo/HP_0010111,Short phalanx of hallux,characteristic of,http://purl.obolibrary.org/obo/UBERON_0003640,pedal digit 1 phalanx,False,,
http://purl.obolibrary.org/obo/HP_0010112,Mesoaxial foot polydactyly,part of,http://purl.obolibrary.org/obo/UBERON_0002387,pes,False,,
http://purl.obolibrary.org/obo/HP_0010113,Absent hallux epiphysis,part of,http://purl.obolibrary.org/obo/UBERON_0003640,pedal digit 1 phalanx,False,,
http://purl.obolibrary.org/obo/HP_0010114,Bracket epiphyses of the hallux,part of,http://purl.obolibrary.org/obo/UBERON_0003640,pedal digit 1 phalanx,False,,
http://purl.obolibrary.org/obo/HP_0010115,Cone-shaped epiphyses of the hallux,part of,http://purl.obolibrary.org/obo/UBERON_0003640,pedal digit 1 phalanx,False,,
http://purl.obolibrary.org/obo/HP_0010116,Enlarged epiphyses of the hallux,part of,http://purl.obolibrary.org/obo/UBERON_0003640,pedal digit 1 phalanx,False,,
http://purl.obolibrary.org/obo/HP_0010117,Fragmentation of the epiphyses of the hallux,part of,http://purl.obolibrary.org/obo/UBERON_0003640,pedal digit 1 phalanx,False,,
http://purl.obolibrary.org/obo/HP_0010118,Irregular epiphyses of the hallux,part of,http://purl.obolibrary.org/obo/UBERON_0003640,pedal digit 1 phalanx,False,,
http://purl.obolibrary.org/obo/HP_0010119,Ivory epiphyses of the hallux,part of,http://purl.obolibrary.org/obo/UBERON_0003640,pedal digit 1 phalanx,False,,
http://purl.obolibrary.org/obo/HP_0010120,Pseudoepiphyses of the hallux,characteristic of,http://purl.obolibrary.org/obo/UBERON_0003640,pedal digit 1 phalanx,False,,
http://purl.obolibrary.org/obo/HP_0010121,Small epiphyses of the hallux,part of,http://purl.obolibrary.org/obo/UBERON_0003640,pedal digit 1 phalanx,False,,
http://purl.obolibrary.org/obo/HP_0010122,Stippling of the epiphyses of the hallux,part of,http://purl.obolibrary.org/obo/UBERON_0003640,pedal digit 1 phalanx,False,,
http://purl.obolibrary.org/obo/HP_0010123,Triangular epiphyses of the hallux,part of,http://purl.obolibrary.org/obo/UBERON_0003640,pedal digit 1 phalanx,False,,
http://purl.obolibrary.org/obo/HP_0010124,Abnormality of the epiphysis of the distal phalanx of the hallux,part of,http://purl.obolibrary.org/obo/UBERON_0004315,distal phalanx of pedal digit 1,False,,
http://purl.obolibrary.org/obo/HP_0010125,Abnormality of the epiphysis of the 1st metatarsal,characteristic of part of,http://purl.obolibrary.org/obo/UBERON_0004395,epiphysis of first metatarsal bone,False,,
http://purl.obolibrary.org/obo/HP_0010126,Abnormality of the epiphysis of the proximal phalanx of the hallux,part of,http://purl.obolibrary.org/obo/UBERON_0004332,proximal phalanx of pedal digit 1,False,,
http://purl.obolibrary.org/obo/HP_0010127,Absent epiphysis of the proximal phalanx of the hallux,part of,http://purl.obolibrary.org/obo/UBERON_0004332,proximal phalanx of pedal digit 1,False,,
http://purl.obolibrary.org/obo/HP_0010128,Bracket epiphysis of the proximal phalanx of the hallux,part of,http://purl.obolibrary.org/obo/UBERON_0004332,proximal phalanx of pedal digit 1,False,,
http://purl.obolibrary.org/obo/HP_0010129,Cone-shaped epiphysis of the proximal phalanx of the hallux,part of,http://purl.obolibrary.org/obo/UBERON_0004332,proximal phalanx of pedal digit 1,False,,
http://purl.obolibrary.org/obo/HP_0010130,Enlarged epiphysis of the proximal phalanx of the hallux,part of,http://purl.obolibrary.org/obo/UBERON_0004332,proximal phalanx of pedal digit 1,False,,
http://purl.obolibrary.org/obo/HP_0010131,Fragmentation of the epiphysis of the proximal phalanx of the hallux,part of,http://purl.obolibrary.org/obo/UBERON_0004332,proximal phalanx of pedal digit 1,False,,
http://purl.obolibrary.org/obo/HP_0010132,Irregular epiphysis of the proximal phalanx of the hallux,part of,http://purl.obolibrary.org/obo/UBERON_0004332,proximal phalanx of pedal digit 1,False,,
http://purl.obolibrary.org/obo/HP_0010133,Ivory epiphysis of the proximal phalanx of the hallux,part of,http://purl.obolibrary.org/obo/UBERON_0004332,proximal phalanx of pedal digit 1,False,,
http://purl.obolibrary.org/obo/HP_0010134,Pseudoepiphysis of the proximal phalanx of the hallux,characteristic of,http://purl.obolibrary.org/obo/UBERON_0004332,proximal phalanx of pedal digit 1,False,,
http://purl.obolibrary.org/obo/HP_0010135,Small epiphysis of the proximal phalanx of the hallux,part of,http://purl.obolibrary.org/obo/UBERON_0004332,proximal phalanx of pedal digit 1,False,,
http://purl.obolibrary.org/obo/HP_0010136,Stippling of the epiphysis of the proximal phalanx of the hallux,part of,http://purl.obolibrary.org/obo/UBERON_0004332,proximal phalanx of pedal digit 1,False,,
http://purl.obolibrary.org/obo/HP_0010137,Triangular epiphysis of the proximal phalanx of the hallux,part of,http://purl.obolibrary.org/obo/UBERON_0004332,proximal phalanx of pedal digit 1,False,,
http://purl.obolibrary.org/obo/HP_0010138,Absent epiphysis of the distal phalanx of the hallux,part of,http://purl.obolibrary.org/obo/UBERON_0004315,distal phalanx of pedal digit 1,False,,
http://purl.obolibrary.org/obo/HP_0010139,Bracket epiphysis of the distal phalanx of the hallux,part of,http://purl.obolibrary.org/obo/UBERON_0004315,distal phalanx of pedal digit 1,False,,
http://purl.obolibrary.org/obo/HP_0010140,Cone-shaped epiphysis of the distal phalanx of the hallux,part of,http://purl.obolibrary.org/obo/UBERON_0004315,distal phalanx of pedal digit 1,False,,
http://purl.obolibrary.org/obo/HP_0010141,Enlarged epiphysis of the distal phalanx of the hallux,part of,http://purl.obolibrary.org/obo/UBERON_0004315,distal phalanx of pedal digit 1,False,,
http://purl.obolibrary.org/obo/HP_0010142,Fragmentation of the epiphysis of the distal phalanx of the hallux,part of,http://purl.obolibrary.org/obo/UBERON_0004315,distal phalanx of pedal digit 1,False,,
http://purl.obolibrary.org/obo/HP_0010143,Irregular epiphysis of the distal phalanx of the hallux,part of,http://purl.obolibrary.org/obo/UBERON_0004315,distal phalanx of pedal digit 1,False,,
http://purl.obolibrary.org/obo/HP_0010144,Ivory epiphysis of the distal phalanx of the hallux,part of,http://purl.obolibrary.org/obo/UBERON_0004315,distal phalanx of pedal digit 1,False,,
http://purl.obolibrary.org/obo/HP_0010145,Pseudoepiphysis of the distal phalanx of the hallux,characteristic of,http://purl.obolibrary.org/obo/UBERON_0004315,distal phalanx of pedal digit 1,False,,
http://purl.obolibrary.org/obo/HP_0010146,Small epiphysis of the distal phalanx of the hallux,part of,http://purl.obolibrary.org/obo/UBERON_0004315,distal phalanx of pedal digit 1,False,,
http://purl.obolibrary.org/obo/HP_0010147,Stippling of the epiphysis of the distal phalanx of the hallux,part of,http://purl.obolibrary.org/obo/UBERON_0004315,distal phalanx of pedal digit 1,False,,
http://purl.obolibrary.org/obo/HP_0010148,Triangular epiphysis of the distal phalanx of the hallux,part of,http://purl.obolibrary.org/obo/UBERON_0004315,distal phalanx of pedal digit 1,False,,
http://purl.obolibrary.org/obo/HP_0010149,Absent epiphysis of the 1st metatarsal,part of,http://purl.obolibrary.org/obo/UBERON_0003650,metatarsal bone of digit 1,False,,
http://purl.obolibrary.org/obo/HP_0010150,Bracket epiphysis of the 1st metatarsal,characteristic of,http://purl.obolibrary.org/obo/UBERON_0004395,epiphysis of first metatarsal bone,False,,
http://purl.obolibrary.org/obo/HP_0010151,Cone-shaped epiphysis of the 1st metatarsal,characteristic of,http://purl.obolibrary.org/obo/UBERON_0004395,epiphysis of first metatarsal bone,False,,
http://purl.obolibrary.org/obo/HP_0010152,Enlarged epiphysis of the 1st metatarsal,characteristic of,http://purl.obolibrary.org/obo/UBERON_0004395,epiphysis of first metatarsal bone,False,,
http://purl.obolibrary.org/obo/HP_0010153,Fragmentation of the epiphysis of the 1st metatarsal,characteristic of,http://purl.obolibrary.org/obo/UBERON_0004395,epiphysis of first metatarsal bone,False,,
http://purl.obolibrary.org/obo/HP_0010154,Irregular epiphysis of the 1st metatarsal,characteristic of,http://purl.obolibrary.org/obo/UBERON_0004395,epiphysis of first metatarsal bone,False,,
http://purl.obolibrary.org/obo/HP_0010155,Ivory epiphysis of the 1st metatarsal,characteristic of,http://purl.obolibrary.org/obo/UBERON_0004395,epiphysis of first metatarsal bone,False,,
http://purl.obolibrary.org/obo/HP_0010156,Pseudoepiphysis of the 1st metatarsal,characteristic of,http://purl.obolibrary.org/obo/UBERON_0004395,epiphysis of first metatarsal bone,False,,
http://purl.obolibrary.org/obo/HP_0010157,Small epiphysis of the 1st metatarsal,characteristic of,http://purl.obolibrary.org/obo/UBERON_0004395,epiphysis of first metatarsal bone,False,,
http://purl.obolibrary.org/obo/HP_0010158,Stippling of the epiphysis of the 1st metatarsal,characteristic of,http://purl.obolibrary.org/obo/UBERON_0004395,epiphysis of first metatarsal bone,False,,
http://purl.obolibrary.org/obo/HP_0010159,Triangular epiphysis of the 1st metatarsal,characteristic of,http://purl.obolibrary.org/obo/UBERON_0004395,epiphysis of first metatarsal bone,False,,
http://purl.obolibrary.org/obo/HP_0010160,Abnormal toe epiphysis morphology,part of,http://purl.obolibrary.org/obo/UBERON_0001449,phalanx of pes,False,,
http://purl.obolibrary.org/obo/HP_0010161,Abnormal toe phalanx morphology,characteristic of part of,http://purl.obolibrary.org/obo/UBERON_0001449,phalanx of pes,False,,
http://purl.obolibrary.org/obo/HP_0010162,Absent epiphyses of the toes,part of,http://purl.obolibrary.org/obo/UBERON_0001449,phalanx of pes,False,,
http://purl.obolibrary.org/obo/HP_0010163,Bracket epiphyses of the toes,part of,http://purl.obolibrary.org/obo/UBERON_0001449,phalanx of pes,False,,
http://purl.obolibrary.org/obo/HP_0010164,Cone-shaped epiphyses of the toes,part of,http://purl.obolibrary.org/obo/UBERON_0001449,phalanx of pes,False,,
http://purl.obolibrary.org/obo/HP_0010165,Enlarged epiphyses of the toes,part of,http://purl.obolibrary.org/obo/UBERON_0001449,phalanx of pes,False,,
http://purl.obolibrary.org/obo/HP_0010166,Fragmentation of the epiphyses of the toes,part of,http://purl.obolibrary.org/obo/UBERON_0001449,phalanx of pes,False,,
http://purl.obolibrary.org/obo/HP_0010167,Irregular epiphyses of the toes,part of,http://purl.obolibrary.org/obo/UBERON_0001449,phalanx of pes,False,,
http://purl.obolibrary.org/obo/HP_0010168,Ivory epiphyses of the toes,part of,http://purl.obolibrary.org/obo/UBERON_0001449,phalanx of pes,False,,
http://purl.obolibrary.org/obo/HP_0010169,Pseudoepiphyses of the toes,characteristic of part of,http://purl.obolibrary.org/obo/UBERON_0001449,phalanx of pes,False,,
http://purl.obolibrary.org/obo/HP_0010170,Small epiphyses of the toes,part of,http://purl.obolibrary.org/obo/UBERON_0001449,phalanx of pes,False,,
http://purl.obolibrary.org/obo/HP_0010171,Epiphyseal stippling of toe phalanges,part of,http://purl.obolibrary.org/obo/UBERON_0001449,phalanx of pes,False,,
http://purl.obolibrary.org/obo/HP_0010172,Triangular epiphyses of the toes,part of,http://purl.obolibrary.org/obo/UBERON_0001449,phalanx of pes,False,,
http://purl.obolibrary.org/obo/HP_0010173,Aplasia/Hypoplasia of the phalanges of the toes,characteristic of,http://purl.obolibrary.org/obo/UBERON_0001449,phalanx of pes,False,,
http://purl.obolibrary.org/obo/HP_0010174,Broad phalanx of the toes,characteristic of,http://purl.obolibrary.org/obo/UBERON_0001449,phalanx of pes,False,,
http://purl.obolibrary.org/obo/HP_0010175,Bullet-shaped toe phalanx,characteristic of,http://purl.obolibrary.org/obo/UBERON_0001449,phalanx of pes,False,,
http://purl.obolibrary.org/obo/HP_0010176,Curved toe phalanx,characteristic of,http://purl.obolibrary.org/obo/UBERON_0001449,phalanx of pes,False,,
http://purl.obolibrary.org/obo/HP_0010177,Osteolytic defects of the phalanges of the toes,occurs in,http://purl.obolibrary.org/obo/UBERON_0001449,phalanx of pes,False,,
http://purl.obolibrary.org/obo/HP_0010179,Symphalangism affecting the phalanges of the toes,characteristic of,http://purl.obolibrary.org/obo/UBERON_0001449,phalanx of pes,False,,
http://purl.obolibrary.org/obo/HP_0010179,Symphalangism affecting the phalanges of the toes,towards,http://purl.obolibrary.org/obo/UBERON_0001449,phalanx of pes,False,,
http://purl.obolibrary.org/obo/HP_0010180,Triangular shaped phalanges of the toes,characteristic of,http://purl.obolibrary.org/obo/UBERON_0001449,phalanx of pes,False,,
http://purl.obolibrary.org/obo/HP_0010181,Duplication of phalanx of toe,towards,http://purl.obolibrary.org/obo/UBERON_0001449,phalanx of pes,False,,
http://purl.obolibrary.org/obo/HP_0010182,Abnormality of the distal phalanges of the toes,characteristic of part of,http://purl.obolibrary.org/obo/UBERON_0003867,distal phalanx of pes,False,,
http://purl.obolibrary.org/obo/HP_0010183,Abnormality of the middle phalanges of the toes,characteristic of part of,http://purl.obolibrary.org/obo/UBERON_0003866,middle phalanx of pes,False,,
http://purl.obolibrary.org/obo/HP_0010184,Abnormality of toe proximal phalanx,characteristic of part of,http://purl.obolibrary.org/obo/UBERON_0003868,proximal phalanx of pes,False,,
http://purl.obolibrary.org/obo/HP_0010185,Aplasia/Hypoplasia of the distal phalanges of the toes,characteristic of,http://purl.obolibrary.org/obo/UBERON_0003867,distal phalanx of pes,False,,
http://purl.obolibrary.org/obo/HP_0010186,Broad distal phalanx of the toes,characteristic of,http://purl.obolibrary.org/obo/UBERON_0003867,distal phalanx of pes,False,,
http://purl.obolibrary.org/obo/HP_0010187,Bullet-shaped distal toe phalanx,characteristic of,http://purl.obolibrary.org/obo/UBERON_0003867,distal phalanx of pes,False,,
http://purl.obolibrary.org/obo/HP_0010188,Curved distal toe phalanx,characteristic of,http://purl.obolibrary.org/obo/UBERON_0003867,distal phalanx of pes,False,,
http://purl.obolibrary.org/obo/HP_0010189,Osteolytic defects of the distal phalanges of the toes,occurs in,http://purl.obolibrary.org/obo/UBERON_0003867,distal phalanx of pes,False,,
http://purl.obolibrary.org/obo/HP_0010190,Patchy sclerosis of distal toe phalanx,occurs in,http://purl.obolibrary.org/obo/UBERON_0003867,distal phalanx of pes,False,,
http://purl.obolibrary.org/obo/HP_0010191,Symphalangism affecting the distal phalanges of the toes,characteristic of,http://purl.obolibrary.org/obo/UBERON_0003867,distal phalanx of pes,False,,
http://purl.obolibrary.org/obo/HP_0010191,Symphalangism affecting the distal phalanges of the toes,towards,http://purl.obolibrary.org/obo/UBERON_0003867,distal phalanx of pes,False,,
http://purl.obolibrary.org/obo/HP_0010192,Triangular shaped distal phalanges of the toes,characteristic of,http://purl.obolibrary.org/obo/UBERON_0003867,distal phalanx of pes,False,,
http://purl.obolibrary.org/obo/HP_0010193,Duplication of distal phalanx of toe,towards,http://purl.obolibrary.org/obo/UBERON_0003867,distal phalanx of pes,False,,
http://purl.obolibrary.org/obo/HP_0010194,Aplasia/Hypoplasia of the middle phalanges of the toes,characteristic of,http://purl.obolibrary.org/obo/UBERON_0003866,middle phalanx of pes,False,,
http://purl.obolibrary.org/obo/HP_0010195,Broad middle phalanges of the toes,characteristic of,http://purl.obolibrary.org/obo/UBERON_0003866,middle phalanx of pes,False,,
http://purl.obolibrary.org/obo/HP_0010196,Bullet-shaped middle phalanx of toe,characteristic of,http://purl.obolibrary.org/obo/UBERON_0003866,middle phalanx of pes,False,,
http://purl.obolibrary.org/obo/HP_0010197,Curved middle phalanx of toe,characteristic of,http://purl.obolibrary.org/obo/UBERON_0003866,middle phalanx of pes,False,,
http://purl.obolibrary.org/obo/HP_0010198,Osteolytic defects of the middle phalanges of the toes,occurs in,http://purl.obolibrary.org/obo/UBERON_0003866,middle phalanx of pes,False,,
http://purl.obolibrary.org/obo/HP_0010199,Patchy sclerosis of middle phalanx of toe,occurs in,http://purl.obolibrary.org/obo/UBERON_0003866,middle phalanx of pes,False,,
http://purl.obolibrary.org/obo/HP_0010200,Symphalangism affecting the middle phalanges of the toes,characteristic of,http://purl.obolibrary.org/obo/UBERON_0003866,middle phalanx of pes,False,,
http://purl.obolibrary.org/obo/HP_0010200,Symphalangism affecting the middle phalanges of the toes,towards,http://purl.obolibrary.org/obo/UBERON_0003866,middle phalanx of pes,False,,
http://purl.obolibrary.org/obo/HP_0010201,Triangular shaped middle phalanges of the toes,characteristic of,http://purl.obolibrary.org/obo/UBERON_0003866,middle phalanx of pes,False,,
http://purl.obolibrary.org/obo/HP_0010202,Duplication of middle phalanx of toe,towards,http://purl.obolibrary.org/obo/UBERON_0003866,middle phalanx of pes,False,,
http://purl.obolibrary.org/obo/HP_0010203,Aplasia/hypoplasia of proximal toe phalanx,characteristic of,http://purl.obolibrary.org/obo/UBERON_0003868,proximal phalanx of pes,False,,
http://purl.obolibrary.org/obo/HP_0010204,Broad proximal phalanx of toe,characteristic of,http://purl.obolibrary.org/obo/UBERON_0003868,proximal phalanx of pes,False,,
http://purl.obolibrary.org/obo/HP_0010205,Bullet-shaped proximal toe phalanx,characteristic of,http://purl.obolibrary.org/obo/UBERON_0003868,proximal phalanx of pes,False,,
http://purl.obolibrary.org/obo/HP_0010206,Curved proximal toe phalanx,characteristic of,http://purl.obolibrary.org/obo/UBERON_0003868,proximal phalanx of pes,False,,
http://purl.obolibrary.org/obo/HP_0010207,Osteolytic defect of the proximal toe phalanx,occurs in,http://purl.obolibrary.org/obo/UBERON_0003868,proximal phalanx of pes,False,,
http://purl.obolibrary.org/obo/HP_0010208,Patchy sclerosis of proximal toe phalanx,occurs in,http://purl.obolibrary.org/obo/UBERON_0003868,proximal phalanx of pes,False,,
http://purl.obolibrary.org/obo/HP_0010209,Symphalangism affecting the proximal phalanges of the toes,characteristic of,http://purl.obolibrary.org/obo/UBERON_0003868,proximal phalanx of pes,False,,
http://purl.obolibrary.org/obo/HP_0010209,Symphalangism affecting the proximal phalanges of the toes,towards,http://purl.obolibrary.org/obo/UBERON_0003868,proximal phalanx of pes,False,,
http://purl.obolibrary.org/obo/HP_0010210,Triangular shaped proximal phalanges of the toes,characteristic of,http://purl.obolibrary.org/obo/UBERON_0003868,proximal phalanx of pes,False,,
http://purl.obolibrary.org/obo/HP_0010211,Duplication of proximal phalanx of toe,towards,http://purl.obolibrary.org/obo/UBERON_0003868,proximal phalanx of pes,False,,
http://purl.obolibrary.org/obo/HP_0010212,Flexion contracture of the hallux,part of,http://purl.obolibrary.org/obo/UBERON_0003631,pedal digit 1,False,,
http://purl.obolibrary.org/obo/HP_0010213,Contracture of the tarsometatarsal joint of the hallux,part of,http://purl.obolibrary.org/obo/UBERON_0003631,pedal digit 1,False,,
http://purl.obolibrary.org/obo/HP_0010214,Contracture of the interphalangeal joint of the hallux,part of,http://purl.obolibrary.org/obo/UBERON_0003631,pedal digit 1,False,,
http://purl.obolibrary.org/obo/HP_0010215,Contractures of the metatarsophalangeal joint of the hallux,attached to,http://purl.obolibrary.org/obo/UBERON_0007750,metatarsophalangeal joint of pedal digit 1,False,,
http://purl.obolibrary.org/obo/HP_0010220,Abnormality of the epiphysis of the 2nd metacarpal,part of,http://purl.obolibrary.org/obo/UBERON_0003646,metacarpal bone of digit 2,False,,
http://purl.obolibrary.org/obo/HP_0010222,Abnormal 3rd metacarpal epiphysis morphology,part of,http://purl.obolibrary.org/obo/UBERON_0003647,metacarpal bone of digit 3,False,,
http://purl.obolibrary.org/obo/HP_0010224,Abnormal 4th metacarpal epiphysis morphology,part of,http://purl.obolibrary.org/obo/UBERON_0003648,metacarpal bone of digit 4,False,,
http://purl.obolibrary.org/obo/HP_0010226,Abnormal 5th metacarpal epiphysis morphology,part of,http://purl.obolibrary.org/obo/UBERON_0003649,metacarpal bone of digit 5,False,,
http://purl.obolibrary.org/obo/HP_0010228,Absent epiphyses of the phalanges of the hand,part of,http://purl.obolibrary.org/obo/UBERON_0001436,phalanx of manus,False,,
http://purl.obolibrary.org/obo/HP_0010229,Bracket epiphyses of the phalanges of the hand,characteristic of,http://purl.obolibrary.org/obo/UBERON_0004387,epiphysis of phalanx of manus,False,,
http://purl.obolibrary.org/obo/HP_0010230,Cone-shaped epiphyses of the phalanges of the hand,characteristic of,http://purl.obolibrary.org/obo/UBERON_0004387,epiphysis of phalanx of manus,False,,
http://purl.obolibrary.org/obo/HP_0010231,Enlarged epiphyses of the phalanges of the hand,characteristic of,http://purl.obolibrary.org/obo/UBERON_0004387,epiphysis of phalanx of manus,False,,
http://purl.obolibrary.org/obo/HP_0010232,Fragmentation of the epiphyses of the phalanges of the hand,characteristic of,http://purl.obolibrary.org/obo/UBERON_0004387,epiphysis of phalanx of manus,False,,
http://purl.obolibrary.org/obo/HP_0010233,Irregular epiphyses of the phalanges of the hand,characteristic of,http://purl.obolibrary.org/obo/UBERON_0004387,epiphysis of phalanx of manus,False,,
http://purl.obolibrary.org/obo/HP_0010234,Ivory epiphyses of the phalanges of the hand,characteristic of,http://purl.obolibrary.org/obo/UBERON_0004387,epiphysis of phalanx of manus,False,,
http://purl.obolibrary.org/obo/HP_0010235,Pseudoepiphyses of the phalanges of the hand,characteristic of part of,http://purl.obolibrary.org/obo/UBERON_0001436,phalanx of manus,False,,
http://purl.obolibrary.org/obo/HP_0010236,Small epiphyses of the phalanges of the hand,characteristic of,http://purl.obolibrary.org/obo/UBERON_0004387,epiphysis of phalanx of manus,False,,
http://purl.obolibrary.org/obo/HP_0010237,Epiphyseal stippling of finger phalanges,characteristic of,http://purl.obolibrary.org/obo/UBERON_0004387,epiphysis of phalanx of manus,False,,
http://purl.obolibrary.org/obo/HP_0010238,Triangular epiphyses of the phalanges of the hand,characteristic of,http://purl.obolibrary.org/obo/UBERON_0004387,epiphysis of phalanx of manus,False,,
http://purl.obolibrary.org/obo/HP_0010239,Aplasia of the middle phalanx of the hand,characteristic of,http://purl.obolibrary.org/obo/UBERON_0003864,middle phalanx of manus,False,,
http://purl.obolibrary.org/obo/HP_0010241,Short proximal phalanx of finger,characteristic of,http://purl.obolibrary.org/obo/UBERON_0002234,proximal phalanx of manus,False,,
http://purl.obolibrary.org/obo/HP_0010242,Aplasia of the proximal phalanges of the hand,characteristic of part of,http://purl.obolibrary.org/obo/UBERON_0002234,proximal phalanx of manus,False,,
http://purl.obolibrary.org/obo/HP_0010243,Abnormality of the epiphyses of the distal phalanx of finger,part of,http://purl.obolibrary.org/obo/UBERON_0003865,distal phalanx of manus,False,,
http://purl.obolibrary.org/obo/HP_0010244,Abnormality of the epiphyses of the middle phalanges of the hand,part of,http://purl.obolibrary.org/obo/UBERON_0003864,middle phalanx of manus,False,,
http://purl.obolibrary.org/obo/HP_0010245,Abnormality of the epiphyses of the proximal phalanges of the hand,part of,http://purl.obolibrary.org/obo/UBERON_0002234,proximal phalanx of manus,False,,
http://purl.obolibrary.org/obo/HP_0010246,Absent epiphyses of the distal phalanges of the hand,part of,http://purl.obolibrary.org/obo/UBERON_0003865,distal phalanx of manus,False,,
http://purl.obolibrary.org/obo/HP_0010247,Bracket epiphyses of the distal phalanges of the hand,part of,http://purl.obolibrary.org/obo/UBERON_0003865,distal phalanx of manus,False,,
http://purl.obolibrary.org/obo/HP_0010248,Cone-shaped epiphyses of the distal phalanges of the hand,part of,http://purl.obolibrary.org/obo/UBERON_0003865,distal phalanx of manus,False,,
http://purl.obolibrary.org/obo/HP_0010249,Enlarged epiphyses of the distal phalanges of the hand,part of,http://purl.obolibrary.org/obo/UBERON_0003865,distal phalanx of manus,False,,
http://purl.obolibrary.org/obo/HP_0010250,Fragmentation of the epiphyses of the distal phalanges of the hand,part of,http://purl.obolibrary.org/obo/UBERON_0003865,distal phalanx of manus,False,,
http://purl.obolibrary.org/obo/HP_0010251,Irregular epiphyses of the distal phalanges of the hand,part of,http://purl.obolibrary.org/obo/UBERON_0003865,distal phalanx of manus,False,,
http://purl.obolibrary.org/obo/HP_0010252,Ivory epiphyses of the distal phalanges of the hand,part of,http://purl.obolibrary.org/obo/UBERON_0003865,distal phalanx of manus,False,,
http://purl.obolibrary.org/obo/HP_0010253,Pseudoepiphyses of the distal phalanges of the hand,characteristic of part of,http://purl.obolibrary.org/obo/UBERON_0003865,distal phalanx of manus,False,,
http://purl.obolibrary.org/obo/HP_0010254,Small epiphyses of the distal phalanges of the hand,part of,http://purl.obolibrary.org/obo/UBERON_0003865,distal phalanx of manus,False,,
http://purl.obolibrary.org/obo/HP_0010255,Stippling of the epiphyses of the distal phalanges of the hand,part of,http://purl.obolibrary.org/obo/UBERON_0003865,distal phalanx of manus,False,,
http://purl.obolibrary.org/obo/HP_0010256,Triangular epiphyses of the distal phalanges of the hand,part of,http://purl.obolibrary.org/obo/UBERON_0003865,distal phalanx of manus,False,,
http://purl.obolibrary.org/obo/HP_0010257,Absent epiphyses of the middle phalanges of the hand,characteristic of,http://purl.obolibrary.org/obo/UBERON_0003864,middle phalanx of manus,False,,
http://purl.obolibrary.org/obo/HP_0010257,Absent epiphyses of the middle phalanges of the hand,characteristic of,http://purl.obolibrary.org/obo/UBERON_0004387,epiphysis of phalanx of manus,False,,
http://purl.obolibrary.org/obo/HP_0010258,Bracket epiphyses of the middle phalanges of the hand,part of,http://purl.obolibrary.org/obo/UBERON_0003864,middle phalanx of manus,False,,
http://purl.obolibrary.org/obo/HP_0010259,Cone-shaped epiphyses of the middle phalanges of the hand,part of,http://purl.obolibrary.org/obo/UBERON_0003864,middle phalanx of manus,False,,
http://purl.obolibrary.org/obo/HP_0010260,Enlarged epiphyses of the middle phalanges of the hand,part of,http://purl.obolibrary.org/obo/UBERON_0003864,middle phalanx of manus,False,,
http://purl.obolibrary.org/obo/HP_0010261,Fragmentation of the epiphyses of the middle phalanges of the hand,part of,http://purl.obolibrary.org/obo/UBERON_0003864,middle phalanx of manus,False,,
http://purl.obolibrary.org/obo/HP_0010262,Irregular epiphyses of the middle phalanges of the hand,part of,http://purl.obolibrary.org/obo/UBERON_0003864,middle phalanx of manus,False,,
http://purl.obolibrary.org/obo/HP_0010263,Ivory epiphyses of the middle phalanges of the hand,part of,http://purl.obolibrary.org/obo/UBERON_0003864,middle phalanx of manus,False,,
http://purl.obolibrary.org/obo/HP_0010264,Pseudoepiphyses of the middle phalanges of the hand,characteristic of part of,http://purl.obolibrary.org/obo/UBERON_0003864,middle phalanx of manus,False,,
http://purl.obolibrary.org/obo/HP_0010265,Small epiphyses of the middle phalanges of the hand,part of,http://purl.obolibrary.org/obo/UBERON_0003864,middle phalanx of manus,False,,
http://purl.obolibrary.org/obo/HP_0010266,Stippling of the epiphyses of the middle phalanges of the hand,part of,http://purl.obolibrary.org/obo/UBERON_0003864,middle phalanx of manus,False,,
http://purl.obolibrary.org/obo/HP_0010267,Triangular epiphyses of the middle phalanges of the hand,part of,http://purl.obolibrary.org/obo/UBERON_0003864,middle phalanx of manus,False,,
http://purl.obolibrary.org/obo/HP_0010268,Absent epiphyses of the proximal phalanges of the hand,part of,http://purl.obolibrary.org/obo/UBERON_0002234,proximal phalanx of manus,False,,
http://purl.obolibrary.org/obo/HP_0010269,Bracket epiphyses of the proximal phalanges of the hand,part of,http://purl.obolibrary.org/obo/UBERON_0002234,proximal phalanx of manus,False,,
http://purl.obolibrary.org/obo/HP_0010270,Cone-shaped epiphyses of the proximal phalanges of the hand,part of,http://purl.obolibrary.org/obo/UBERON_0002234,proximal phalanx of manus,False,,
http://purl.obolibrary.org/obo/HP_0010271,Enlarged epiphyses of the proximal phalanges of the hand,part of,http://purl.obolibrary.org/obo/UBERON_0002234,proximal phalanx of manus,False,,
http://purl.obolibrary.org/obo/HP_0010272,Fragmentation of the epiphyses of the proximal phalanges of the hand,part of,http://purl.obolibrary.org/obo/UBERON_0002234,proximal phalanx of manus,False,,
http://purl.obolibrary.org/obo/HP_0010273,Irregular epiphyses of the proximal phalanges of the hand,part of,http://purl.obolibrary.org/obo/UBERON_0002234,proximal phalanx of manus,False,,
http://purl.obolibrary.org/obo/HP_0010274,Ivory epiphyses of the proximal phalanges of the hand,part of,http://purl.obolibrary.org/obo/UBERON_0002234,proximal phalanx of manus,False,,
http://purl.obolibrary.org/obo/HP_0010275,Pseudoepiphyses of the proximal phalanges of the hand,characteristic of part of,http://purl.obolibrary.org/obo/UBERON_0002234,proximal phalanx of manus,False,,
http://purl.obolibrary.org/obo/HP_0010276,Small epiphyses of the proximal phalanges of the hand,part of,http://purl.obolibrary.org/obo/UBERON_0002234,proximal phalanx of manus,False,,
http://purl.obolibrary.org/obo/HP_0010277,Stippling of the epiphyses of the proximal phalanges of the hand,part of,http://purl.obolibrary.org/obo/UBERON_0002234,proximal phalanx of manus,False,,
http://purl.obolibrary.org/obo/HP_0010278,Triangular epiphyses of the proximal phalanges of the hand,part of,http://purl.obolibrary.org/obo/UBERON_0002234,proximal phalanx of manus,False,,
http://purl.obolibrary.org/obo/HP_0010280,Stomatitis,occurs in,http://purl.obolibrary.org/obo/UBERON_0003729,mouth mucosa,False,,
http://purl.obolibrary.org/obo/HP_0010281,Cleft lower lip,characteristic of,http://purl.obolibrary.org/obo/UBERON_0001835,lower lip,False,,
http://purl.obolibrary.org/obo/HP_0010282,Thin lower lip vermilion,characteristic of,http://purl.obolibrary.org/obo/UBERON_0001835,lower lip,False,,
http://purl.obolibrary.org/obo/HP_0010286,Abnormal salivary gland morphology,characteristic of part of,http://purl.obolibrary.org/obo/UBERON_0001044,saliva-secreting gland,False,,
http://purl.obolibrary.org/obo/HP_0010287,Abnormality of the submandibular glands,characteristic of part of,http://purl.obolibrary.org/obo/UBERON_0001736,submandibular gland,False,,
http://purl.obolibrary.org/obo/HP_0010288,Abnormality of the sublingual glands,characteristic of part of,http://purl.obolibrary.org/obo/UBERON_0001832,sublingual gland,False,,
http://purl.obolibrary.org/obo/HP_0010289,Cleft maxillary alveolar ridge,characteristic of,http://purl.obolibrary.org/obo/UBERON_0004103,alveolar ridge,False,,
http://purl.obolibrary.org/obo/HP_0010290,Short hard palate,characteristic of,http://purl.obolibrary.org/obo/UBERON_0003216,hard palate,False,,
http://purl.obolibrary.org/obo/HP_0010292,Absent uvula,characteristic of,http://purl.obolibrary.org/obo/UBERON_0001734,palatine uvula,False,,
http://purl.obolibrary.org/obo/HP_0010293,Aplasia/Hypoplasia of the uvula,characteristic of,http://purl.obolibrary.org/obo/UBERON_0001734,palatine uvula,False,,
http://purl.obolibrary.org/obo/HP_0010294,Palate fistula,part of,http://purl.obolibrary.org/obo/UBERON_0001716,secondary palate,False,,
http://purl.obolibrary.org/obo/HP_0010295,Aplasia/Hypoplasia of the tongue,characteristic of,http://purl.obolibrary.org/obo/UBERON_0001723,tongue,False,,
http://purl.obolibrary.org/obo/HP_0010297,Bifid tongue,characteristic of,http://purl.obolibrary.org/obo/UBERON_0001723,tongue,False,,
http://purl.obolibrary.org/obo/HP_0010298,Smooth tongue,characteristic of,http://purl.obolibrary.org/obo/UBERON_0001723,tongue,False,,
http://purl.obolibrary.org/obo/HP_0010299,Abnormal dentin morphology,characteristic of part of,http://purl.obolibrary.org/obo/UBERON_0001751,dentine,False,,
http://purl.obolibrary.org/obo/HP_0010301,Spinal dysraphism,characteristic of,http://purl.obolibrary.org/obo/UBERON_0010358,arch of centrum of vertebra,False,,
http://purl.obolibrary.org/obo/HP_0010303,Abnormal spinal meningeal morphology,characteristic of,http://purl.obolibrary.org/obo/UBERON_0003292,meninx of spinal cord,False,,
http://purl.obolibrary.org/obo/HP_0010305,Absence of the sacrum,characteristic of,http://purl.obolibrary.org/obo/UBERON_0003690,fused sacrum,False,,
http://purl.obolibrary.org/obo/HP_0010306,Short thorax,characteristic of,http://purl.obolibrary.org/obo/UBERON_0001443,chest,False,,
http://purl.obolibrary.org/obo/HP_0010308,Asternia,characteristic of,http://purl.obolibrary.org/obo/UBERON_0000975,sternum,False,,
http://purl.obolibrary.org/obo/HP_0010309,Bifid sternum,characteristic of,http://purl.obolibrary.org/obo/UBERON_0000975,sternum,False,,
http://purl.obolibrary.org/obo/HP_0010311,Aplasia/Hypoplasia of the breasts,characteristic of,http://purl.obolibrary.org/obo/UBERON_0000310,breast,False,,
http://purl.obolibrary.org/obo/HP_0010312,Asymmetry of the breasts,characteristic of,http://purl.obolibrary.org/obo/UBERON_0000310,breast,False,,
http://purl.obolibrary.org/obo/HP_0010313,Breast hypertrophy,characteristic of,http://purl.obolibrary.org/obo/UBERON_0000310,breast,False,,
http://purl.obolibrary.org/obo/HP_0010315,Aplasia/Hypoplasia of the diaphragm,characteristic of,http://purl.obolibrary.org/obo/UBERON_0001103,diaphragm,False,,
http://purl.obolibrary.org/obo/HP_0010317,Scapular aplasia,characteristic of,http://purl.obolibrary.org/obo/UBERON_0006849,scapula,False,,
http://purl.obolibrary.org/obo/HP_0010318,Aplasia/Hypoplasia of the abdominal wall musculature,part of,http://purl.obolibrary.org/obo/UBERON_0003697,abdominal wall,False,,
http://purl.obolibrary.org/obo/HP_0010319,Abnormal second toe morphology,characteristic of part of,http://purl.obolibrary.org/obo/UBERON_0003632,pedal digit 2,False,,
http://purl.obolibrary.org/obo/HP_0010320,Abnormal third toe morphology,characteristic of part of,http://purl.obolibrary.org/obo/UBERON_0003633,pedal digit 3,False,,
http://purl.obolibrary.org/obo/HP_0010321,Abnormal fourth toe morphology,characteristic of part of,http://purl.obolibrary.org/obo/UBERON_0003634,pedal digit 4,False,,
http://purl.obolibrary.org/obo/HP_0010322,Abnormal fifth toe morphology,characteristic of part of,http://purl.obolibrary.org/obo/UBERON_0003635,pedal digit 5,False,,
http://purl.obolibrary.org/obo/HP_0010323,Abnormality of the epiphyses of the 2nd toe,part of,http://purl.obolibrary.org/obo/UBERON_0003632,pedal digit 2,False,,
http://purl.obolibrary.org/obo/HP_0010324,Abnormal morphology of phalanx of the 2nd toe,characteristic of part of,http://purl.obolibrary.org/obo/UBERON_0003641,pedal digit 2 phalanx,False,,
http://purl.obolibrary.org/obo/HP_0010325,Aplasia/Hypoplasia of the 2nd toe,characteristic of,http://purl.obolibrary.org/obo/UBERON_0003632,pedal digit 2,False,,
http://purl.obolibrary.org/obo/HP_0010326,Deviation of the 2nd toe,characteristic of,http://purl.obolibrary.org/obo/UBERON_0003632,pedal digit 2,False,,
http://purl.obolibrary.org/obo/HP_0010327,Flexion contracture of the 2nd toe,part of,http://purl.obolibrary.org/obo/UBERON_0003632,pedal digit 2,False,,
http://purl.obolibrary.org/obo/HP_0010328,Polydactyly affecting the 2nd toe,part of,http://purl.obolibrary.org/obo/UBERON_0002387,pes,False,,
http://purl.obolibrary.org/obo/HP_0010329,Abnormality of the epiphyses of the 3rd toe,part of,http://purl.obolibrary.org/obo/UBERON_0003633,pedal digit 3,False,,
http://purl.obolibrary.org/obo/HP_0010330,Abnormality of the phalanges of the 3rd toe,characteristic of part of,http://purl.obolibrary.org/obo/UBERON_0003642,pedal digit 3 phalanx,False,,
http://purl.obolibrary.org/obo/HP_0010331,Aplasia/Hypoplasia of the 3rd toe,characteristic of,http://purl.obolibrary.org/obo/UBERON_0003633,pedal digit 3,False,,
http://purl.obolibrary.org/obo/HP_0010332,Deviation of the 3rd toe,characteristic of,http://purl.obolibrary.org/obo/UBERON_0003633,pedal digit 3,False,,
http://purl.obolibrary.org/obo/HP_0010333,Flexion contracture of 3rd toe,part of,http://purl.obolibrary.org/obo/UBERON_0003633,pedal digit 3,False,,
http://purl.obolibrary.org/obo/HP_0010334,Polydactyly affecting the 3rd toe,part of,http://purl.obolibrary.org/obo/UBERON_0002387,pes,False,,
http://purl.obolibrary.org/obo/HP_0010335,Abnormality of the epiphyses of the 4th toe,part of,http://purl.obolibrary.org/obo/UBERON_0003634,pedal digit 4,False,,
http://purl.obolibrary.org/obo/HP_0010336,Abnormality of the phalanges of the 4th toe,characteristic of part of,http://purl.obolibrary.org/obo/UBERON_0003862,pedal digit 4 phalanx,False,,
http://purl.obolibrary.org/obo/HP_0010337,Aplasia/Hypoplasia of the 4th toe,characteristic of,http://purl.obolibrary.org/obo/UBERON_0003634,pedal digit 4,False,,
http://purl.obolibrary.org/obo/HP_0010338,Deviation of the 4th toe,characteristic of,http://purl.obolibrary.org/obo/UBERON_0003634,pedal digit 4,False,,
http://purl.obolibrary.org/obo/HP_0010339,Flexion contracture of the 4th toe,part of,http://purl.obolibrary.org/obo/UBERON_0003634,pedal digit 4,False,,
http://purl.obolibrary.org/obo/HP_0010340,Polydactyly affecting the 4th toe,part of,http://purl.obolibrary.org/obo/UBERON_0002387,pes,False,,
http://purl.obolibrary.org/obo/HP_0010341,Abnormality of the epiphyses of the 5th toe,part of,http://purl.obolibrary.org/obo/UBERON_0003635,pedal digit 5,False,,
http://purl.obolibrary.org/obo/HP_0010342,Abnormality of the phalanges of the 5th toe,characteristic of part of,http://purl.obolibrary.org/obo/UBERON_0003863,pedal digit 5 phalanx,False,,
http://purl.obolibrary.org/obo/HP_0010343,Aplasia/Hypoplasia of the 5th toe,characteristic of,http://purl.obolibrary.org/obo/UBERON_0003635,pedal digit 5,False,,
http://purl.obolibrary.org/obo/HP_0010344,Deviation of the 5th toe,characteristic of,http://purl.obolibrary.org/obo/UBERON_0003635,pedal digit 5,False,,
http://purl.obolibrary.org/obo/HP_0010345,Flexion contracture of the 5th toe,part of,http://purl.obolibrary.org/obo/UBERON_0003635,pedal digit 5,False,,
http://purl.obolibrary.org/obo/HP_0010347,Aplasia/Hypoplasia of the phalanges of the 2nd toe,characteristic of,http://purl.obolibrary.org/obo/UBERON_0003641,pedal digit 2 phalanx,False,,
http://purl.obolibrary.org/obo/HP_0010348,Broad phalanges of the 2nd toe,characteristic of,http://purl.obolibrary.org/obo/UBERON_0003641,pedal digit 2 phalanx,False,,
http://purl.obolibrary.org/obo/HP_0010349,Bullet-shaped 2nd toe phalanx,characteristic of,http://purl.obolibrary.org/obo/UBERON_0003641,pedal digit 2 phalanx,False,,
http://purl.obolibrary.org/obo/HP_0010350,Curved 2nd toe phalanx,characteristic of,http://purl.obolibrary.org/obo/UBERON_0003641,pedal digit 2 phalanx,False,,
http://purl.obolibrary.org/obo/HP_0010351,Osteolytic defects of the phalanges of the 2nd toe,occurs in,http://purl.obolibrary.org/obo/UBERON_0003641,pedal digit 2 phalanx,False,,
http://purl.obolibrary.org/obo/HP_0010352,Patchy sclerosis of 2nd toe phalanx,occurs in,http://purl.obolibrary.org/obo/UBERON_0003641,pedal digit 2 phalanx,False,,
http://purl.obolibrary.org/obo/HP_0010353,Second toe symphalangism,characteristic of,http://purl.obolibrary.org/obo/UBERON_0003641,pedal digit 2 phalanx,False,,
http://purl.obolibrary.org/obo/HP_0010353,Second toe symphalangism,towards,http://purl.obolibrary.org/obo/UBERON_0003641,pedal digit 2 phalanx,False,,
http://purl.obolibrary.org/obo/HP_0010354,Triangular shaped phalanges of the 2nd toe,characteristic of,http://purl.obolibrary.org/obo/UBERON_0003641,pedal digit 2 phalanx,False,,
http://purl.obolibrary.org/obo/HP_0010356,Abnormality of the distal phalanx of the 2nd toe,characteristic of part of,http://purl.obolibrary.org/obo/UBERON_0004316,distal phalanx of pedal digit 2,False,,
http://purl.obolibrary.org/obo/HP_0010357,Abnormality of the middle phalanx of the 2nd toe,characteristic of part of,http://purl.obolibrary.org/obo/UBERON_0004324,middle phalanx of pedal digit 2,False,,
http://purl.obolibrary.org/obo/HP_0010358,Abnormal morphology of the proximal phalanx of the 2nd toe,characteristic of part of,http://purl.obolibrary.org/obo/UBERON_0004333,proximal phalanx of pedal digit 2,False,,
http://purl.obolibrary.org/obo/HP_0010359,Aplasia/Hypoplasia of the phalanges of the 3rd toe,characteristic of,http://purl.obolibrary.org/obo/UBERON_0003642,pedal digit 3 phalanx,False,,
http://purl.obolibrary.org/obo/HP_0010360,Broad phalanges of the 3rd toe,characteristic of,http://purl.obolibrary.org/obo/UBERON_0003642,pedal digit 3 phalanx,False,,
http://purl.obolibrary.org/obo/HP_0010361,Bullet-shaped 3rd toe phalanx,characteristic of,http://purl.obolibrary.org/obo/UBERON_0003642,pedal digit 3 phalanx,False,,
http://purl.obolibrary.org/obo/HP_0010362,Curved 3rd toe phalanx,characteristic of,http://purl.obolibrary.org/obo/UBERON_0003642,pedal digit 3 phalanx,False,,
http://purl.obolibrary.org/obo/HP_0010363,Osteolytic defects of the phalanges of the 3rd toe,occurs in,http://purl.obolibrary.org/obo/UBERON_0003642,pedal digit 3 phalanx,False,,
http://purl.obolibrary.org/obo/HP_0010364,Patchy sclerosis of 3rd toe phalanx,occurs in,http://purl.obolibrary.org/obo/UBERON_0003642,pedal digit 3 phalanx,False,,
http://purl.obolibrary.org/obo/HP_0010365,Symphalangism affecting the phalanges of the 3rd toe,characteristic of,http://purl.obolibrary.org/obo/UBERON_0003642,pedal digit 3 phalanx,False,,
http://purl.obolibrary.org/obo/HP_0010365,Symphalangism affecting the phalanges of the 3rd toe,towards,http://purl.obolibrary.org/obo/UBERON_0003642,pedal digit 3 phalanx,False,,
http://purl.obolibrary.org/obo/HP_0010366,Triangular shaped phalanges of the 3rd toe,characteristic of,http://purl.obolibrary.org/obo/UBERON_0004334,proximal phalanx of pedal digit 3,False,,
http://purl.obolibrary.org/obo/HP_0010367,Duplication of phalanx of the 3rd toe,towards,http://purl.obolibrary.org/obo/UBERON_0003642,pedal digit 3 phalanx,False,,
http://purl.obolibrary.org/obo/HP_0010368,Abnormality of the distal phalanx of the 3rd toe,characteristic of part of,http://purl.obolibrary.org/obo/UBERON_0004317,distal phalanx of pedal digit 3,False,,
http://purl.obolibrary.org/obo/HP_0010369,Abnormality of the middle phalanx of the 3rd toe,characteristic of part of,http://purl.obolibrary.org/obo/UBERON_0004325,middle phalanx of pedal digit 3,False,,
http://purl.obolibrary.org/obo/HP_0010370,Abnormal morphology of the proximal phalanx of the 3rd toe,characteristic of part of,http://purl.obolibrary.org/obo/UBERON_0004334,proximal phalanx of pedal digit 3,False,,
http://purl.obolibrary.org/obo/HP_0010371,Aplasia/Hypoplasia of the phalanges of the 4th toe,characteristic of,http://purl.obolibrary.org/obo/UBERON_0003862,pedal digit 4 phalanx,False,,
http://purl.obolibrary.org/obo/HP_0010372,Broad phalanges of the 4th toe,characteristic of,http://purl.obolibrary.org/obo/UBERON_0003862,pedal digit 4 phalanx,False,,
http://purl.obolibrary.org/obo/HP_0010373,Bullet-shaped 4th toe phalanx,characteristic of,http://purl.obolibrary.org/obo/UBERON_0003862,pedal digit 4 phalanx,False,,
http://purl.obolibrary.org/obo/HP_0010374,Curved 4th toe phalanx,characteristic of,http://purl.obolibrary.org/obo/UBERON_0003862,pedal digit 4 phalanx,False,,
http://purl.obolibrary.org/obo/HP_0010375,Osteolytic defects of the phalanges of the 4th toe,occurs in,http://purl.obolibrary.org/obo/UBERON_0003862,pedal digit 4 phalanx,False,,
http://purl.obolibrary.org/obo/HP_0010376,Patchy sclerosis of 4th toe phalanx,occurs in,http://purl.obolibrary.org/obo/UBERON_0003862,pedal digit 4 phalanx,False,,
http://purl.obolibrary.org/obo/HP_0010377,Symphalangism affecting the phalanges of the 4th toe,characteristic of,http://purl.obolibrary.org/obo/UBERON_0003862,pedal digit 4 phalanx,False,,
http://purl.obolibrary.org/obo/HP_0010377,Symphalangism affecting the phalanges of the 4th toe,towards,http://purl.obolibrary.org/obo/UBERON_0003862,pedal digit 4 phalanx,False,,
http://purl.obolibrary.org/obo/HP_0010378,Triangular shaped phalanges of the 4th toe,characteristic of,http://purl.obolibrary.org/obo/UBERON_0003862,pedal digit 4 phalanx,False,,
http://purl.obolibrary.org/obo/HP_0010379,Duplication of phalanx of the 4th toe,towards,http://purl.obolibrary.org/obo/UBERON_0003862,pedal digit 4 phalanx,False,,
http://purl.obolibrary.org/obo/HP_0010380,Abnormality of the distal phalanx of the 4th toe,characteristic of part of,http://purl.obolibrary.org/obo/UBERON_0004318,distal phalanx of pedal digit 4,False,,
http://purl.obolibrary.org/obo/HP_0010381,Abnormality of the middle phalanx of the 4th toe,characteristic of part of,http://purl.obolibrary.org/obo/UBERON_0004326,middle phalanx of pedal digit 4,False,,
http://purl.obolibrary.org/obo/HP_0010382,Abnormal morphology of the proximal phalanx of the 4th toe,characteristic of part of,http://purl.obolibrary.org/obo/UBERON_0004335,proximal phalanx of pedal digit 4,False,,
http://purl.obolibrary.org/obo/HP_0010383,Aplasia/Hypoplasia of the phalanges of the 5th toe,characteristic of,http://purl.obolibrary.org/obo/UBERON_0003863,pedal digit 5 phalanx,False,,
http://purl.obolibrary.org/obo/HP_0010384,Broad phalanges of the 5th toe,characteristic of,http://purl.obolibrary.org/obo/UBERON_0003863,pedal digit 5 phalanx,False,,
http://purl.obolibrary.org/obo/HP_0010385,Bullet-shaped 5th toe phalanx,characteristic of,http://purl.obolibrary.org/obo/UBERON_0003863,pedal digit 5 phalanx,False,,
http://purl.obolibrary.org/obo/HP_0010386,Curved 5th toe phalanx,characteristic of,http://purl.obolibrary.org/obo/UBERON_0003863,pedal digit 5 phalanx,False,,
http://purl.obolibrary.org/obo/HP_0010387,Osteolytic defects of the phalanges of the 5th toe,occurs in,http://purl.obolibrary.org/obo/UBERON_0003863,pedal digit 5 phalanx,False,,
http://purl.obolibrary.org/obo/HP_0010388,Patchy sclerosis of 5th toe phalanx,occurs in,http://purl.obolibrary.org/obo/UBERON_0003863,pedal digit 5 phalanx,False,,
http://purl.obolibrary.org/obo/HP_0010389,Symphalangism affecting the phalanges of the 5th toe,characteristic of,http://purl.obolibrary.org/obo/UBERON_0003863,pedal digit 5 phalanx,False,,
http://purl.obolibrary.org/obo/HP_0010389,Symphalangism affecting the phalanges of the 5th toe,towards,http://purl.obolibrary.org/obo/UBERON_0003863,pedal digit 5 phalanx,False,,
http://purl.obolibrary.org/obo/HP_0010390,Triangular shaped phalanges of the 5th toe,characteristic of,http://purl.obolibrary.org/obo/UBERON_0003863,pedal digit 5 phalanx,False,,
http://purl.obolibrary.org/obo/HP_0010391,Duplication of the phalanges of the 5th toe,towards,http://purl.obolibrary.org/obo/UBERON_0003863,pedal digit 5 phalanx,False,,
http://purl.obolibrary.org/obo/HP_0010392,Abnormality of the distal phalanx of the 5th toe,characteristic of part of,http://purl.obolibrary.org/obo/UBERON_0004319,distal phalanx of pedal digit 5,False,,
http://purl.obolibrary.org/obo/HP_0010393,Abnormality of the middle phalanx of the 5th toe,characteristic of part of,http://purl.obolibrary.org/obo/UBERON_0004327,middle phalanx of pedal digit 5,False,,
http://purl.obolibrary.org/obo/HP_0010394,Abnormal morphology of the proximal phalanx of the 5th toe,characteristic of part of,http://purl.obolibrary.org/obo/UBERON_0004336,proximal phalanx of pedal digit 5,False,,
http://purl.obolibrary.org/obo/HP_0010395,Aplasia/hypoplasia of the proximal phalanx of the 2nd toe,characteristic of,http://purl.obolibrary.org/obo/UBERON_0004333,proximal phalanx of pedal digit 2,False,,
http://purl.obolibrary.org/obo/HP_0010396,Broad proximal phalanx of the 2nd toe,characteristic of,http://purl.obolibrary.org/obo/UBERON_0004333,proximal phalanx of pedal digit 2,False,,
http://purl.obolibrary.org/obo/HP_0010397,Bullet-shaped proximal phalanx of the 2nd toe,characteristic of,http://purl.obolibrary.org/obo/UBERON_0004333,proximal phalanx of pedal digit 2,False,,
http://purl.obolibrary.org/obo/HP_0010398,Curved proximal phalanx of the 2nd toe,characteristic of,http://purl.obolibrary.org/obo/UBERON_0004333,proximal phalanx of pedal digit 2,False,,
http://purl.obolibrary.org/obo/HP_0010399,Osteolytic defects of the proximal phalanx of the 2nd toe,occurs in,http://purl.obolibrary.org/obo/UBERON_0004333,proximal phalanx of pedal digit 2,False,,
http://purl.obolibrary.org/obo/HP_0010400,Patchy sclerosis of the proximal phalanx of the 2nd toe,occurs in,http://purl.obolibrary.org/obo/UBERON_0004333,proximal phalanx of pedal digit 2,False,,
http://purl.obolibrary.org/obo/HP_0010401,Symphalangism affecting the proximal phalanx of the 2nd toe,characteristic of,http://purl.obolibrary.org/obo/UBERON_0004333,proximal phalanx of pedal digit 2,False,,
http://purl.obolibrary.org/obo/HP_0010401,Symphalangism affecting the proximal phalanx of the 2nd toe,towards,http://purl.obolibrary.org/obo/UBERON_0004333,proximal phalanx of pedal digit 2,False,,
http://purl.obolibrary.org/obo/HP_0010402,Triangular shaped proximal phalanx of the 2nd toe,characteristic of,http://purl.obolibrary.org/obo/UBERON_0004333,proximal phalanx of pedal digit 2,False,,
http://purl.obolibrary.org/obo/HP_0010404,Aplasia/Hypoplasia of the middle phalanx of the 2nd toe,characteristic of,http://purl.obolibrary.org/obo/UBERON_0004324,middle phalanx of pedal digit 2,False,,
http://purl.obolibrary.org/obo/HP_0010405,Broad middle phalanx of the 2nd toe,characteristic of,http://purl.obolibrary.org/obo/UBERON_0004324,middle phalanx of pedal digit 2,False,,
http://purl.obolibrary.org/obo/HP_0010406,Bullet-shaped middle phalanx of the 2nd toe,characteristic of,http://purl.obolibrary.org/obo/UBERON_0004324,middle phalanx of pedal digit 2,False,,
http://purl.obolibrary.org/obo/HP_0010407,Curved middle phalanx of the 2nd toe,characteristic of,http://purl.obolibrary.org/obo/UBERON_0004324,middle phalanx of pedal digit 2,False,,
http://purl.obolibrary.org/obo/HP_0010408,Osteolytic defects of the middle phalanx of the 2nd toe,occurs in,http://purl.obolibrary.org/obo/UBERON_0004324,middle phalanx of pedal digit 2,False,,
http://purl.obolibrary.org/obo/HP_0010409,Patchy sclerosis of the middle phalanx of the 2nd toe,occurs in,http://purl.obolibrary.org/obo/UBERON_0004324,middle phalanx of pedal digit 2,False,,
http://purl.obolibrary.org/obo/HP_0010410,Symphalangism affecting the middle phalanx of the 2nd toe,characteristic of,http://purl.obolibrary.org/obo/UBERON_0004324,middle phalanx of pedal digit 2,False,,
http://purl.obolibrary.org/obo/HP_0010410,Symphalangism affecting the middle phalanx of the 2nd toe,towards,http://purl.obolibrary.org/obo/UBERON_0004324,middle phalanx of pedal digit 2,False,,
http://purl.obolibrary.org/obo/HP_0010411,Triangular shaped middle phalanx of the 2nd toe,characteristic of,http://purl.obolibrary.org/obo/UBERON_0004324,middle phalanx of pedal digit 2,False,,
http://purl.obolibrary.org/obo/HP_0010413,Aplasia/Hypoplasia of the distal phalanx of the 2nd toe,characteristic of,http://purl.obolibrary.org/obo/UBERON_0004316,distal phalanx of pedal digit 2,False,,
http://purl.obolibrary.org/obo/HP_0010414,Broad distal phalanx of the 2nd toe,characteristic of,http://purl.obolibrary.org/obo/UBERON_0004316,distal phalanx of pedal digit 2,False,,
http://purl.obolibrary.org/obo/HP_0010415,Bullet-shaped distal phalanx of the 2nd toe,characteristic of,http://purl.obolibrary.org/obo/UBERON_0004316,distal phalanx of pedal digit 2,False,,
http://purl.obolibrary.org/obo/HP_0010416,Curved distal phalanx of the 2nd toe,characteristic of,http://purl.obolibrary.org/obo/UBERON_0004316,distal phalanx of pedal digit 2,False,,
http://purl.obolibrary.org/obo/HP_0010417,Osteolytic defects of the distal phalanx of the 2nd toe,occurs in,http://purl.obolibrary.org/obo/UBERON_0004316,distal phalanx of pedal digit 2,False,,
http://purl.obolibrary.org/obo/HP_0010418,Patchy sclerosis of the distal phalanx of the 2nd toe,occurs in,http://purl.obolibrary.org/obo/UBERON_0004316,distal phalanx of pedal digit 2,False,,
http://purl.obolibrary.org/obo/HP_0010419,Symphalangism affecting the distal phalanx of the 2nd toe,characteristic of,http://purl.obolibrary.org/obo/UBERON_0004316,distal phalanx of pedal digit 2,False,,
http://purl.obolibrary.org/obo/HP_0010419,Symphalangism affecting the distal phalanx of the 2nd toe,towards,http://purl.obolibrary.org/obo/UBERON_0003641,pedal digit 2 phalanx,False,,
http://purl.obolibrary.org/obo/HP_0010420,Triangular shaped distal phalanx of the 2nd toe,characteristic of,http://purl.obolibrary.org/obo/UBERON_0004316,distal phalanx of pedal digit 2,False,,
http://purl.obolibrary.org/obo/HP_0010422,Complete duplication of the proximal phalanx of the 2nd toe,towards,http://purl.obolibrary.org/obo/UBERON_0004333,proximal phalanx of pedal digit 2,False,,
http://purl.obolibrary.org/obo/HP_0010424,Complete duplication of the distal phalanx of the 2nd toe,towards,http://purl.obolibrary.org/obo/UBERON_0004316,distal phalanx of pedal digit 2,False,,
http://purl.obolibrary.org/obo/HP_0010426,Complete duplication of the middle phalanx of the 2nd toe,characteristic of,http://purl.obolibrary.org/obo/UBERON_0004324,middle phalanx of pedal digit 2,False,,
http://purl.obolibrary.org/obo/HP_0010429,Complete duplication of the phalanges of the 2nd toe,towards,http://purl.obolibrary.org/obo/UBERON_0003641,pedal digit 2 phalanx,False,,
http://purl.obolibrary.org/obo/HP_0010430,Aplasia of the phalanges of the 2nd toe,characteristic of,http://purl.obolibrary.org/obo/UBERON_0003641,pedal digit 2 phalanx,False,,
http://purl.obolibrary.org/obo/HP_0010431,Short phalanx of the 2nd toe,characteristic of,http://purl.obolibrary.org/obo/UBERON_0003641,pedal digit 2 phalanx,False,,
http://purl.obolibrary.org/obo/HP_0010432,Absent distal phalanx of the 2nd toe,characteristic of,http://purl.obolibrary.org/obo/UBERON_0004316,distal phalanx of pedal digit 2,False,,
http://purl.obolibrary.org/obo/HP_0010433,Short distal phalanx of the 2nd toe,characteristic of,http://purl.obolibrary.org/obo/UBERON_0004316,distal phalanx of pedal digit 2,False,,
http://purl.obolibrary.org/obo/HP_0010434,Aplasia of the middle phalanx of the 2nd toe,characteristic of,http://purl.obolibrary.org/obo/UBERON_0004324,middle phalanx of pedal digit 2,False,,
http://purl.obolibrary.org/obo/HP_0010435,Short middle phalanx of the 2nd toe,characteristic of,http://purl.obolibrary.org/obo/UBERON_0004324,middle phalanx of pedal digit 2,False,,
http://purl.obolibrary.org/obo/HP_0010436,Aplasia of the proximal phalanx of the 2nd toe,characteristic of,http://purl.obolibrary.org/obo/UBERON_0004333,proximal phalanx of pedal digit 2,False,,
http://purl.obolibrary.org/obo/HP_0010437,Short proximal phalanx of the 2nd toe,characteristic of,http://purl.obolibrary.org/obo/UBERON_0004333,proximal phalanx of pedal digit 2,False,,
http://purl.obolibrary.org/obo/HP_0010438,Abnormal ventricular septum morphology,characteristic of,http://purl.obolibrary.org/obo/UBERON_0002094,interventricular septum,False,,
http://purl.obolibrary.org/obo/HP_0010442,Polydactyly,part of,http://purl.obolibrary.org/obo/UBERON_0010707,appendage girdle complex,False,,
http://purl.obolibrary.org/obo/HP_0010443,Bifid femur,characteristic of,http://purl.obolibrary.org/obo/UBERON_0000981,femur,False,,
http://purl.obolibrary.org/obo/HP_0010444,Pulmonic regurgitation,characteristic of,http://purl.obolibrary.org/obo/UBERON_0002146,pulmonary valve,False,,
http://purl.obolibrary.org/obo/HP_0010446,Tricuspid stenosis,characteristic of part of,http://purl.obolibrary.org/obo/UBERON_0002134,tricuspid valve,False,,
http://purl.obolibrary.org/obo/HP_0010447,Anal fistula,part of,http://purl.obolibrary.org/obo/UBERON_0001245,anus,False,,
http://purl.obolibrary.org/obo/HP_0010448,Colonic atresia,characteristic of,http://purl.obolibrary.org/obo/UBERON_0001155,colon,False,,
http://purl.obolibrary.org/obo/HP_0010450,Esophageal stenosis,characteristic of,http://purl.obolibrary.org/obo/UBERON_0011566,lumen of esophagus,False,,
http://purl.obolibrary.org/obo/HP_0010451,Aplasia/Hypoplasia of the spleen,characteristic of,http://purl.obolibrary.org/obo/UBERON_0002106,spleen,False,,
http://purl.obolibrary.org/obo/HP_0010452,Ectopia of the spleen,characteristic of,http://purl.obolibrary.org/obo/UBERON_0002106,spleen,False,,
http://purl.obolibrary.org/obo/HP_0010453,Pelvic bone asymmetry,characteristic of,http://purl.obolibrary.org/obo/UBERON_0007830,pelvic girdle bone/zone,False,,
http://purl.obolibrary.org/obo/HP_0010456,Abnormal greater sciatic notch morphology,characteristic of part of,http://purl.obolibrary.org/obo/UBERON_0014411,greater sciatic notch,False,,
http://purl.obolibrary.org/obo/HP_0010458,Female pseudohermaphroditism,characteristic of,http://purl.obolibrary.org/obo/UBERON_0000468,multicellular organism,False,,
http://purl.obolibrary.org/obo/HP_0010460,Abnormality of the female genitalia,characteristic of part of,http://purl.obolibrary.org/obo/UBERON_0000474,female reproductive system,False,,
http://purl.obolibrary.org/obo/HP_0010461,Abnormality of the male genitalia,characteristic of part of,http://purl.obolibrary.org/obo/UBERON_0000079,male reproductive system,False,,
http://purl.obolibrary.org/obo/HP_0010462,Aplasia/Hypoplasia of the ovary,characteristic of,http://purl.obolibrary.org/obo/UBERON_0000992,ovary,False,,
http://purl.obolibrary.org/obo/HP_0010463,Aplasia of the ovary,characteristic of,http://purl.obolibrary.org/obo/UBERON_0000992,ovary,False,,
http://purl.obolibrary.org/obo/HP_0010468,Aplasia/Hypoplasia of the testes,characteristic of part of,http://purl.obolibrary.org/obo/UBERON_0000473,testis,False,,
http://purl.obolibrary.org/obo/HP_0010470,Supernumerary testes,characteristic of,http://purl.obolibrary.org/obo/UBERON_0000473,testis,False,,
http://purl.obolibrary.org/obo/HP_0010471,Oligosacchariduria,part of,http://purl.obolibrary.org/obo/UBERON_0001088,urine,False,,
http://purl.obolibrary.org/obo/HP_0010472,Abnormal circulating porphyrin concentration,part of,http://purl.obolibrary.org/obo/UBERON_0000178,blood,False,,
http://purl.obolibrary.org/obo/HP_0010473,Porphyrinuria,part of,http://purl.obolibrary.org/obo/UBERON_0001088,urine,False,,
http://purl.obolibrary.org/obo/HP_0010476,Aplasia/Hypoplasia of the bladder,characteristic of,http://purl.obolibrary.org/obo/UBERON_0001255,urinary bladder,False,,
http://purl.obolibrary.org/obo/HP_0010477,Aplasia of the bladder,characteristic of,http://purl.obolibrary.org/obo/UBERON_0001255,urinary bladder,False,,
http://purl.obolibrary.org/obo/HP_0010478,Abnormality of the urachus,characteristic of part of,http://purl.obolibrary.org/obo/UBERON_0002068,urachus,False,,
http://purl.obolibrary.org/obo/HP_0010479,Patent urachus,characteristic of,http://purl.obolibrary.org/obo/UBERON_0002068,urachus,False,,
http://purl.obolibrary.org/obo/HP_0010480,Urethral fistula,part of,http://purl.obolibrary.org/obo/UBERON_0000057,urethra,False,,
http://purl.obolibrary.org/obo/HP_0010484,Hypertrophy of the upper limb,characteristic of,http://purl.obolibrary.org/obo/UBERON_0010708,pectoral complex,False,,
http://purl.obolibrary.org/obo/HP_0010486,Abnormality of the hypothenar eminence,characteristic of part of,http://purl.obolibrary.org/obo/UBERON_0017717,hypothenar eminence,False,,
http://purl.obolibrary.org/obo/HP_0010487,Small hypothenar eminence,characteristic of,http://purl.obolibrary.org/obo/UBERON_0017717,hypothenar eminence,False,,
http://purl.obolibrary.org/obo/HP_0010488,Aplasia/Hypoplasia of the palmar creases,characteristic of,http://purl.obolibrary.org/obo/UBERON_0019246,palmar skin crease,False,,
http://purl.obolibrary.org/obo/HP_0010489,Absent palmar crease,characteristic of,http://purl.obolibrary.org/obo/UBERON_0019246,palmar skin crease,False,,
http://purl.obolibrary.org/obo/HP_0010490,Abnormality of the palmar creases,characteristic of part of,http://purl.obolibrary.org/obo/UBERON_0019246,palmar skin crease,False,,
http://purl.obolibrary.org/obo/HP_0010493,Long metacarpals,characteristic of,http://purl.obolibrary.org/obo/UBERON_0002374,metacarpal bone,False,,
http://purl.obolibrary.org/obo/HP_0010496,Hypertrophy of the lower limb,characteristic of,http://purl.obolibrary.org/obo/UBERON_0000978,leg,False,,
http://purl.obolibrary.org/obo/HP_0010499,Patellar subluxation,characteristic of,http://purl.obolibrary.org/obo/UBERON_0002446,patella,False,,
http://purl.obolibrary.org/obo/HP_0010502,Fibular bowing,characteristic of,http://purl.obolibrary.org/obo/UBERON_0001446,fibula,False,,
http://purl.obolibrary.org/obo/HP_0010503,Fibular duplication,characteristic of,http://purl.obolibrary.org/obo/UBERON_0001446,fibula,False,,
http://purl.obolibrary.org/obo/HP_0010504,Increased length of the tibia,characteristic of,http://purl.obolibrary.org/obo/UBERON_0000979,tibia,False,,
http://purl.obolibrary.org/obo/HP_0010507,Foot asymmetry,characteristic of,http://purl.obolibrary.org/obo/UBERON_0002387,pes,False,,
http://purl.obolibrary.org/obo/HP_0010509,Aplasia of the tarsal bones,characteristic of,http://purl.obolibrary.org/obo/UBERON_0001447,tarsal bone,False,,
http://purl.obolibrary.org/obo/HP_0010510,Hypermobility of toe joints,part of,http://purl.obolibrary.org/obo/UBERON_0001466,pedal digit,False,,
http://purl.obolibrary.org/obo/HP_0010511,Long toe,characteristic of,http://purl.obolibrary.org/obo/UBERON_0001466,pedal digit,False,,
http://purl.obolibrary.org/obo/HP_0010512,Adrenal calcification,characteristic of,http://purl.obolibrary.org/obo/UBERON_0002369,adrenal gland,False,,
http://purl.obolibrary.org/obo/HP_0010513,Pituitary calcification,characteristic of,http://purl.obolibrary.org/obo/UBERON_0000007,pituitary gland,False,,
http://purl.obolibrary.org/obo/HP_0010514,Hyperpituitarism,occurs in,http://purl.obolibrary.org/obo/UBERON_0000007,pituitary gland,False,,
http://purl.obolibrary.org/obo/HP_0010515,Aplasia/Hypoplasia of the thymus,characteristic of,http://purl.obolibrary.org/obo/UBERON_0002370,thymus,False,,
http://purl.obolibrary.org/obo/HP_0010516,Thymus hyperplasia,characteristic of,http://purl.obolibrary.org/obo/UBERON_0002370,thymus,False,,
http://purl.obolibrary.org/obo/HP_0010517,Ectopic thymus tissue,part of,http://purl.obolibrary.org/obo/UBERON_0002370,thymus,False,,
http://purl.obolibrary.org/obo/HP_0010537,Wide cranial sutures,characteristic of,http://purl.obolibrary.org/obo/UBERON_0003685,cranial suture,False,,
http://purl.obolibrary.org/obo/HP_0010538,Small sella turcica,characteristic of part of,http://purl.obolibrary.org/obo/UBERON_0003689,sella turcica,False,,
http://purl.obolibrary.org/obo/HP_0010539,Thin calvarium,characteristic of,http://purl.obolibrary.org/obo/UBERON_0004339,vault of skull,False,,
http://purl.obolibrary.org/obo/HP_0010557,Overlapping fingers,characteristic of,http://purl.obolibrary.org/obo/UBERON_0002389,manual digit,False,,
http://purl.obolibrary.org/obo/HP_0010557,Overlapping fingers,towards,http://purl.obolibrary.org/obo/UBERON_0002389,manual digit,False,,
http://purl.obolibrary.org/obo/HP_0010558,Abnormality of the clivus,characteristic of part of,http://purl.obolibrary.org/obo/UBERON_0004108,clivus of occipital bone,False,,
http://purl.obolibrary.org/obo/HP_0010559,Vertical clivus,characteristic of,http://purl.obolibrary.org/obo/UBERON_0004108,clivus of occipital bone,False,,
http://purl.obolibrary.org/obo/HP_0010560,Undulate clavicles,characteristic of,http://purl.obolibrary.org/obo/UBERON_0001105,clavicle bone,False,,
http://purl.obolibrary.org/obo/HP_0010561,Undulate ribs,characteristic of,http://purl.obolibrary.org/obo/UBERON_0002228,rib,False,,
http://purl.obolibrary.org/obo/HP_0010564,Bifid epiglottis,characteristic of,http://purl.obolibrary.org/obo/UBERON_0000388,epiglottis,False,,
http://purl.obolibrary.org/obo/HP_0010565,Aplasia/Hypoplasia of the Epiglottis,characteristic of,http://purl.obolibrary.org/obo/UBERON_0000388,epiglottis,False,,
http://purl.obolibrary.org/obo/HP_0010568,Hamartoma of the eye,part of,http://purl.obolibrary.org/obo/UBERON_0010230,eyeball of camera-type eye,False,,
http://purl.obolibrary.org/obo/HP_0010569,Elevated circulating 7-dehydrocholesterol concentration,part of,http://purl.obolibrary.org/obo/UBERON_0000178,blood,False,,
http://purl.obolibrary.org/obo/HP_0010571,Elevated circulating phytanic acid concentration,part of,http://purl.obolibrary.org/obo/UBERON_0000178,blood,False,,
http://purl.obolibrary.org/obo/HP_0010574,Abnormality of the epiphysis of the femoral head,part of,http://purl.obolibrary.org/obo/UBERON_0006767,head of femur,False,,
http://purl.obolibrary.org/obo/HP_0010575,Dysplasia of the femoral head,characteristic of,http://purl.obolibrary.org/obo/UBERON_0006767,head of femur,False,,
http://purl.obolibrary.org/obo/HP_0010576,Intracranial cystic lesion,part of,http://purl.obolibrary.org/obo/UBERON_0003128,cranium,False,,
http://purl.obolibrary.org/obo/HP_0010577,Absent epiphyses,characteristic of,http://purl.obolibrary.org/obo/UBERON_0001437,epiphysis,False,,
http://purl.obolibrary.org/obo/HP_0010578,Bracket epiphyses,characteristic of,http://purl.obolibrary.org/obo/UBERON_0001437,epiphysis,False,,
http://purl.obolibrary.org/obo/HP_0010579,Cone-shaped epiphysis,characteristic of,http://purl.obolibrary.org/obo/UBERON_0001437,epiphysis,False,,
http://purl.obolibrary.org/obo/HP_0010580,Enlarged epiphyses,characteristic of,http://purl.obolibrary.org/obo/UBERON_0001437,epiphysis,False,,
http://purl.obolibrary.org/obo/HP_0010582,Irregular epiphyses,characteristic of,http://purl.obolibrary.org/obo/UBERON_0001437,epiphysis,False,,
http://purl.obolibrary.org/obo/HP_0010583,Ivory epiphyses,characteristic of,http://purl.obolibrary.org/obo/UBERON_0001437,epiphysis,False,,
http://purl.obolibrary.org/obo/HP_0010585,Small epiphyses,characteristic of,http://purl.obolibrary.org/obo/UBERON_0001437,epiphysis,False,,
http://purl.obolibrary.org/obo/HP_0010587,Triangular epiphysis,characteristic of,http://purl.obolibrary.org/obo/UBERON_0001437,epiphysis,False,,
http://purl.obolibrary.org/obo/HP_0010590,Abnormality of the distal femoral epiphysis,characteristic of part of,http://purl.obolibrary.org/obo/UBERON_0004406,distal epiphysis of femur,False,,
http://purl.obolibrary.org/obo/HP_0010591,Abnormality of the proximal tibial epiphysis,characteristic of part of,http://purl.obolibrary.org/obo/UBERON_0008772,proximal epiphysis of tibia,False,,
http://purl.obolibrary.org/obo/HP_0010592,Abnormality of the distal tibial epiphysis,characteristic of part of,http://purl.obolibrary.org/obo/UBERON_0004405,distal epiphysis of tibia,False,,
http://purl.obolibrary.org/obo/HP_0010593,Abnormal fibular epiphysis morphology,characteristic of part of,http://purl.obolibrary.org/obo/UBERON_0004388,epiphysis of fibula,False,,
http://purl.obolibrary.org/obo/HP_0010594,Abnormality of the proximal fibular epiphysis,characteristic of part of,http://purl.obolibrary.org/obo/UBERON_0008775,proximal epiphysis of fibula,False,,
http://purl.obolibrary.org/obo/HP_0010595,Abnormality of the distal fibular epiphysis,characteristic of part of,http://purl.obolibrary.org/obo/UBERON_0004410,distal epiphysis of fibula,False,,
http://purl.obolibrary.org/obo/HP_0010596,Abnormality of the proximal radial epiphysis,characteristic of part of,http://purl.obolibrary.org/obo/UBERON_0004413,proximal epiphysis of radius,False,,
http://purl.obolibrary.org/obo/HP_0010597,Abnormality of the distal radial epiphysis,characteristic of part of,http://purl.obolibrary.org/obo/UBERON_0004407,distal epiphysis of radius,False,,
http://purl.obolibrary.org/obo/HP_0010598,Abnormality of the proximal humeral epiphysis,characteristic of part of,http://purl.obolibrary.org/obo/UBERON_0004411,proximal epiphysis of humerus,False,,
http://purl.obolibrary.org/obo/HP_0010599,Abnormality of the distal humeral epiphysis,characteristic of part of,http://purl.obolibrary.org/obo/UBERON_0004404,distal epiphysis of humerus,False,,
http://purl.obolibrary.org/obo/HP_0010600,Abnormal distal ulnar epiphysis morphology,characteristic of part of,http://purl.obolibrary.org/obo/UBERON_0004408,distal epiphysis of ulna,False,,
http://purl.obolibrary.org/obo/HP_0010601,Abnormal proximal ulnar epiphysis morphology,characteristic of part of,http://purl.obolibrary.org/obo/UBERON_0006822,proximal epiphysis of ulna,False,,
http://purl.obolibrary.org/obo/HP_0010604,Cyst of the eyelid,part of,http://purl.obolibrary.org/obo/UBERON_0001711,eyelid,False,,
http://purl.obolibrary.org/obo/HP_0010620,Malar prominence,characteristic of,http://purl.obolibrary.org/obo/UBERON_0002500,zygomatic arch,False,,
http://purl.obolibrary.org/obo/HP_0010621,Cutaneous syndactyly of toes,characteristic of,http://purl.obolibrary.org/obo/UBERON_0001466,pedal digit,False,,
http://purl.obolibrary.org/obo/HP_0010625,Anterior pituitary dysgenesis,characteristic of,http://purl.obolibrary.org/obo/UBERON_0002196,adenohypophysis,False,,
http://purl.obolibrary.org/obo/HP_0010626,Anterior pituitary agenesis,characteristic of,http://purl.obolibrary.org/obo/UBERON_0002196,adenohypophysis,False,,
http://purl.obolibrary.org/obo/HP_0010627,Anterior pituitary hypoplasia,characteristic of,http://purl.obolibrary.org/obo/UBERON_0002196,adenohypophysis,False,,
http://purl.obolibrary.org/obo/HP_0010628,Facial palsy,characteristic of part of,http://purl.obolibrary.org/obo/UBERON_0001577,facial muscle,False,,
http://purl.obolibrary.org/obo/HP_0010629,Abnormal morphology of the cortex of the humerus,characteristic of part of,http://purl.obolibrary.org/obo/UBERON_0004109,cortex of humerus,False,,
http://purl.obolibrary.org/obo/HP_0010630,Abnormal metatarsal epiphysis morphology,characteristic of part of,http://purl.obolibrary.org/obo/UBERON_0004389,epiphysis of metatarsal bone,False,,
http://purl.obolibrary.org/obo/HP_0010631,Abnormality of the epiphyses of the feet,part of,http://purl.obolibrary.org/obo/UBERON_0002387,pes,False,,
http://purl.obolibrary.org/obo/HP_0010637,Conjunctival amyloidosis,part of,http://purl.obolibrary.org/obo/UBERON_0001811,conjunctiva,False,,
http://purl.obolibrary.org/obo/HP_0010638,Elevated alkaline phosphatase of hepatic origin,part of,http://purl.obolibrary.org/obo/UBERON_0002107,liver,False,,
http://purl.obolibrary.org/obo/HP_0010639,Elevated alkaline phosphatase of bone origin,part of,http://purl.obolibrary.org/obo/UBERON_0001474,bone element,False,,
http://purl.obolibrary.org/obo/HP_0010640,Abnormal nasal cavity morphology,characteristic of part of,http://purl.obolibrary.org/obo/UBERON_0001707,nasal cavity,False,,
http://purl.obolibrary.org/obo/HP_0010641,Abnormality of the midnasal cavity,characteristic of part of,http://purl.obolibrary.org/obo/UBERON_0004110,midnasal cavity,False,,
http://purl.obolibrary.org/obo/HP_0010643,Midnasal atresia,characteristic of,http://purl.obolibrary.org/obo/UBERON_0004110,midnasal cavity,False,,
http://purl.obolibrary.org/obo/HP_0010644,Midnasal stenosis,characteristic of,http://purl.obolibrary.org/obo/UBERON_0004110,midnasal cavity,False,,
http://purl.obolibrary.org/obo/HP_0010645,Aplasia of the distal phalanges of the toes,characteristic of,http://purl.obolibrary.org/obo/UBERON_0003867,distal phalanx of pes,False,,
http://purl.obolibrary.org/obo/HP_0010647,Abnormal elasticity of skin,characteristic of,http://purl.obolibrary.org/obo/UBERON_0002097,skin of body,False,,
http://purl.obolibrary.org/obo/HP_0010648,Dermal translucency,characteristic of,http://purl.obolibrary.org/obo/UBERON_0002097,skin of body,False,,
http://purl.obolibrary.org/obo/HP_0010649,Flat nasal alae,characteristic of part of,http://purl.obolibrary.org/obo/UBERON_0006906,ala of nose,False,,
http://purl.obolibrary.org/obo/HP_0010650,Hypoplasia of the premaxilla,characteristic of,http://purl.obolibrary.org/obo/UBERON_0002244,premaxilla,False,,
http://purl.obolibrary.org/obo/HP_0010651,Abnormal meningeal morphology,characteristic of,http://purl.obolibrary.org/obo/UBERON_0002360,meninx,False,,
http://purl.obolibrary.org/obo/HP_0010652,Abnormal dura mater morphology,characteristic of,http://purl.obolibrary.org/obo/UBERON_0002363,dura mater,False,,
http://purl.obolibrary.org/obo/HP_0010653,Abnormality of the falx cerebri,characteristic of part of,http://purl.obolibrary.org/obo/UBERON_0006059,falx cerebri,False,,
http://purl.obolibrary.org/obo/HP_0010654,Aplasia of the falx cerebri,characteristic of,http://purl.obolibrary.org/obo/UBERON_0006059,falx cerebri,False,,
http://purl.obolibrary.org/obo/HP_0010655,Epiphyseal stippling,characteristic of,http://purl.obolibrary.org/obo/UBERON_0001437,epiphysis,False,,
http://purl.obolibrary.org/obo/HP_0010656,Abnormal epiphyseal ossification,occurs in,http://purl.obolibrary.org/obo/UBERON_0001437,epiphysis,False,,
http://purl.obolibrary.org/obo/HP_0010660,Abnormal hand bone ossification,occurs in,http://purl.obolibrary.org/obo/UBERON_0001442,skeleton of manus,False,,
http://purl.obolibrary.org/obo/HP_0010661,Absence of the third cerebral ventricle,part of,http://purl.obolibrary.org/obo/UBERON_0000955,brain,False,,
http://purl.obolibrary.org/obo/HP_0010662,Abnormal diencephalon morphology,characteristic of part of,http://purl.obolibrary.org/obo/UBERON_0001894,diencephalon,False,,
http://purl.obolibrary.org/obo/HP_0010663,Abnormal thalamus morphology,characteristic of,http://purl.obolibrary.org/obo/UBERON_0004703,dorsal thalamus,False,,
http://purl.obolibrary.org/obo/HP_0010664,Fusion of the left and right thalami,characteristic of,http://purl.obolibrary.org/obo/UBERON_0013683,left dorsal thalamus,False,,
http://purl.obolibrary.org/obo/HP_0010664,Fusion of the left and right thalami,towards,http://purl.obolibrary.org/obo/UBERON_0013684,right dorsal thalamus,False,,
http://purl.obolibrary.org/obo/HP_0010666,Hypoplasia of the anterior nasal spine,characteristic of,http://purl.obolibrary.org/obo/UBERON_0035139,anterior nasal spine of maxilla,False,,
http://purl.obolibrary.org/obo/HP_0010667,Aplasia of the maxilla,characteristic of,http://purl.obolibrary.org/obo/UBERON_0002397,maxilla,False,,
http://purl.obolibrary.org/obo/HP_0010668,Abnormal zygomatic bone morphology,characteristic of part of,http://purl.obolibrary.org/obo/UBERON_0001683,jugal bone,False,,
http://purl.obolibrary.org/obo/HP_0010669,Hypoplasia of the zygomatic bone,characteristic of,http://purl.obolibrary.org/obo/UBERON_0001683,jugal bone,False,,
http://purl.obolibrary.org/obo/HP_0010672,Abnormality of the third metatarsal bone,characteristic of part of,http://purl.obolibrary.org/obo/UBERON_0003652,metatarsal bone of digit 3,False,,
http://purl.obolibrary.org/obo/HP_0010674,Abnormal curvature of the vertebral column,characteristic of part of,http://purl.obolibrary.org/obo/UBERON_0001130,vertebral column,False,,
http://purl.obolibrary.org/obo/HP_0010675,Abnormal foot bone ossification,occurs in,http://purl.obolibrary.org/obo/UBERON_0001445,skeleton of pes,False,,
http://purl.obolibrary.org/obo/HP_0010679,Elevated tissue non-specific alkaline phosphatase,part of,http://purl.obolibrary.org/obo/UBERON_0000479,tissue,False,,
http://purl.obolibrary.org/obo/HP_0010680,Elevated alkaline phosphatase of renal origin,part of,http://purl.obolibrary.org/obo/UBERON_0002113,kidney,False,,
http://purl.obolibrary.org/obo/HP_0010683,Low tissue non-specific alkaline phosphatase,part of,http://purl.obolibrary.org/obo/UBERON_0000479,tissue,False,,
http://purl.obolibrary.org/obo/HP_0010684,Low alkaline phosphatase of bone origin,part of,http://purl.obolibrary.org/obo/UBERON_0001474,bone element,False,,
http://purl.obolibrary.org/obo/HP_0010685,Low alkaline phosphatase of renal origin,part of,http://purl.obolibrary.org/obo/UBERON_0002113,kidney,False,,
http://purl.obolibrary.org/obo/HP_0010686,Low alkaline phosphatase of hepatic origin,part of,http://purl.obolibrary.org/obo/UBERON_0002107,liver,False,,
http://purl.obolibrary.org/obo/HP_0010701,Abnormal circulating immunoglobulin concentration,part of,http://purl.obolibrary.org/obo/UBERON_0000178,blood,False,,
http://purl.obolibrary.org/obo/HP_0010702,Increased circulating immunoglobulin concentration,part of,http://purl.obolibrary.org/obo/UBERON_0000178,blood,False,,
http://purl.obolibrary.org/obo/HP_0010704,1-2 finger cutaneous syndactyly,characteristic of,http://purl.obolibrary.org/obo/UBERON_0001463,manual digit 1,False,,
http://purl.obolibrary.org/obo/HP_0010704,1-2 finger cutaneous syndactyly,towards,http://purl.obolibrary.org/obo/UBERON_0003622,manual digit 2,False,,
http://purl.obolibrary.org/obo/HP_0010705,4-5 finger cutaneous syndactyly,characteristic of,http://purl.obolibrary.org/obo/UBERON_0003625,manual digit 5,False,,
http://purl.obolibrary.org/obo/HP_0010705,4-5 finger cutaneous syndactyly,towards,http://purl.obolibrary.org/obo/UBERON_0003624,manual digit 4,False,,
http://purl.obolibrary.org/obo/HP_0010711,1-2 toe syndactyly,characteristic of,http://purl.obolibrary.org/obo/UBERON_0003631,pedal digit 1,False,,
http://purl.obolibrary.org/obo/HP_0010711,1-2 toe syndactyly,towards,http://purl.obolibrary.org/obo/UBERON_0003632,pedal digit 2,False,,
http://purl.obolibrary.org/obo/HP_0010719,Abnormality of hair texture,characteristic of,http://purl.obolibrary.org/obo/UBERON_0001037,strand of hair,False,,
http://purl.obolibrary.org/obo/HP_0010720,Abnormal hair pattern,characteristic of,http://purl.obolibrary.org/obo/UBERON_0001037,strand of hair,False,,
http://purl.obolibrary.org/obo/HP_0010721,Abnormal hair whorl,characteristic of part of,http://purl.obolibrary.org/obo/UBERON_0014381,whorl of hair,False,,
http://purl.obolibrary.org/obo/HP_0010722,Asymmetry of the ears,characteristic of,http://purl.obolibrary.org/obo/UBERON_0001690,ear,False,,
http://purl.obolibrary.org/obo/HP_0010728,Aplasia of the retina,characteristic of,http://purl.obolibrary.org/obo/UBERON_0000966,retina,False,,
http://purl.obolibrary.org/obo/HP_0010730,Double eyebrow,characteristic of,http://purl.obolibrary.org/obo/UBERON_0010163,eyebrow,False,,
http://purl.obolibrary.org/obo/HP_0010741,Pedal edema,characteristic of,http://purl.obolibrary.org/obo/UBERON_0000978,leg,False,,
http://purl.obolibrary.org/obo/HP_0010742,Edema of the upper limbs,characteristic of,http://purl.obolibrary.org/obo/UBERON_0010708,pectoral complex,False,,
http://purl.obolibrary.org/obo/HP_0010743,Short metatarsal,characteristic of part of,http://purl.obolibrary.org/obo/UBERON_0001448,metatarsal bone,False,,
http://purl.obolibrary.org/obo/HP_0010744,Absent metatarsal bone,characteristic of,http://purl.obolibrary.org/obo/UBERON_0001448,metatarsal bone,False,,
http://purl.obolibrary.org/obo/HP_0010745,Aplasia of the phalanges of the toes,characteristic of,http://purl.obolibrary.org/obo/UBERON_0001449,phalanx of pes,False,,
http://purl.obolibrary.org/obo/HP_0010746,Hypoplasia of the phalanges of the toes,characteristic of part of,http://purl.obolibrary.org/obo/UBERON_0001449,phalanx of pes,False,,
http://purl.obolibrary.org/obo/HP_0010748,Ectopic lacrimal punctum,characteristic of,http://purl.obolibrary.org/obo/UBERON_0010284,lacrimal punctum,False,,
http://purl.obolibrary.org/obo/HP_0010752,Cleft mandible,characteristic of,http://purl.obolibrary.org/obo/UBERON_0001684,mandible,False,,
http://purl.obolibrary.org/obo/HP_0010754,Abnormality of the temporomandibular joint,characteristic of part of,http://purl.obolibrary.org/obo/UBERON_0003700,temporomandibular joint,False,,
http://purl.obolibrary.org/obo/HP_0010755,Asymmetry of the maxilla,characteristic of part of,http://purl.obolibrary.org/obo/UBERON_0002397,maxilla,False,,
http://purl.obolibrary.org/obo/HP_0010756,Aplasia/Hypoplasia of the premaxilla,characteristic of,http://purl.obolibrary.org/obo/UBERON_0002244,premaxilla,False,,
http://purl.obolibrary.org/obo/HP_0010757,Aplasia of the premaxilla,characteristic of,http://purl.obolibrary.org/obo/UBERON_0002244,premaxilla,False,,
http://purl.obolibrary.org/obo/HP_0010758,Abnormality of the premaxilla,characteristic of part of,http://purl.obolibrary.org/obo/UBERON_0002244,premaxilla,False,,
http://purl.obolibrary.org/obo/HP_0010759,Prominence of the premaxilla,characteristic of,http://purl.obolibrary.org/obo/UBERON_0002244,premaxilla,False,,
http://purl.obolibrary.org/obo/HP_0010760,Absent toe,characteristic of,http://purl.obolibrary.org/obo/UBERON_0001466,pedal digit,False,,
http://purl.obolibrary.org/obo/HP_0010761,Broad columella,characteristic of part of,http://purl.obolibrary.org/obo/UBERON_0008341,columella nasi,False,,
http://purl.obolibrary.org/obo/HP_0010764,Short eyelashes,characteristic of,http://purl.obolibrary.org/obo/UBERON_0001702,eyelash,False,,
http://purl.obolibrary.org/obo/HP_0010777,Bronchomegaly,characteristic of,http://purl.obolibrary.org/obo/UBERON_0002185,bronchus,False,,
http://purl.obolibrary.org/obo/HP_0010778,Tracheomegaly,characteristic of,http://purl.obolibrary.org/obo/UBERON_0003126,trachea,False,,
http://purl.obolibrary.org/obo/HP_0010779,Large pelvis bone,characteristic of,http://purl.obolibrary.org/obo/UBERON_0007830,pelvic girdle bone/zone,False,,
http://purl.obolibrary.org/obo/HP_0010793,Bifid nail,characteristic of,http://purl.obolibrary.org/obo/UBERON_0001705,nail,False,,
http://purl.obolibrary.org/obo/HP_0010795,Cerebellar glioma,characteristic of part of,http://purl.obolibrary.org/obo/UBERON_0002037,cerebellum,False,,
http://purl.obolibrary.org/obo/HP_0010796,Brainstem glioma,characteristic of part of,http://purl.obolibrary.org/obo/UBERON_0002298,brainstem,False,,
http://purl.obolibrary.org/obo/HP_0010803,Everted upper lip vermilion,characteristic of,http://purl.obolibrary.org/obo/UBERON_0001834,upper lip,False,,
http://purl.obolibrary.org/obo/HP_0010808,Protruding tongue,characteristic of,http://purl.obolibrary.org/obo/UBERON_0001723,tongue,False,,
http://purl.obolibrary.org/obo/HP_0010809,Broad uvula,characteristic of,http://purl.obolibrary.org/obo/UBERON_0001734,palatine uvula,False,,
http://purl.obolibrary.org/obo/HP_0010810,Long uvula,characteristic of,http://purl.obolibrary.org/obo/UBERON_0001734,palatine uvula,False,,
http://purl.obolibrary.org/obo/HP_0010811,Narrow uvula,characteristic of,http://purl.obolibrary.org/obo/UBERON_0001734,palatine uvula,False,,
http://purl.obolibrary.org/obo/HP_0010812,Short uvula,characteristic of,http://purl.obolibrary.org/obo/UBERON_0001734,palatine uvula,False,,
http://purl.obolibrary.org/obo/HP_0010813,Abnormal number of hair whorls,characteristic of,http://purl.obolibrary.org/obo/UBERON_0014381,whorl of hair,False,,
http://purl.obolibrary.org/obo/HP_0010814,Abnormal position of hair whorl,characteristic of,http://purl.obolibrary.org/obo/UBERON_0014381,whorl of hair,False,,
http://purl.obolibrary.org/obo/HP_0010824,Abnormal fifth cranial nerve morphology,characteristic of,http://purl.obolibrary.org/obo/UBERON_0001645,trigeminal nerve,False,,
http://purl.obolibrary.org/obo/HP_0010825,Abnormality of the eleventh cranial nerve,characteristic of part of,http://purl.obolibrary.org/obo/UBERON_0002019,accessory XI nerve,False,,
http://purl.obolibrary.org/obo/HP_0010826,Abnormality of the twelfth cranial nerve,characteristic of part of,http://purl.obolibrary.org/obo/UBERON_0001650,hypoglossal nerve,False,,
http://purl.obolibrary.org/obo/HP_0010827,Abnormal seventh cranial physiology,characteristic of part of,http://purl.obolibrary.org/obo/UBERON_0001647,facial nerve,False,,
http://purl.obolibrary.org/obo/HP_0010836,Abnormal circulating copper concentration,part of,http://purl.obolibrary.org/obo/UBERON_0000178,blood,False,,
http://purl.obolibrary.org/obo/HP_0010837,Decreased circulating ceruloplasmin concentration,part of,http://purl.obolibrary.org/obo/UBERON_0000178,blood,False,,
http://purl.obolibrary.org/obo/HP_0010839,Increased urinary copper concentration,part of,http://purl.obolibrary.org/obo/UBERON_0001088,urine,False,,
http://purl.obolibrary.org/obo/HP_0010866,Abdominal wall defect,characteristic of,http://purl.obolibrary.org/obo/UBERON_0003697,abdominal wall,False,,
http://purl.obolibrary.org/obo/HP_0010876,Abnormal circulating protein concentration,part of,http://purl.obolibrary.org/obo/UBERON_0000178,blood,False,,
http://purl.obolibrary.org/obo/HP_0010881,Abnormality of the umbilical cord,characteristic of part of,http://purl.obolibrary.org/obo/UBERON_0002331,umbilical cord,False,,
http://purl.obolibrary.org/obo/HP_0010882,Pulmonary valve atresia,characteristic of,http://purl.obolibrary.org/obo/UBERON_0002146,pulmonary valve,False,,
http://purl.obolibrary.org/obo/HP_0010883,Aortic valve atresia,characteristic of,http://purl.obolibrary.org/obo/UBERON_0002137,aortic valve,False,,
http://purl.obolibrary.org/obo/HP_0010892,Abnormal circulating branched chain amino acid concentration,part of,http://purl.obolibrary.org/obo/UBERON_0000178,blood,False,,
http://purl.obolibrary.org/obo/HP_0010893,Abnormal circulating phenylalanine concentration,part of,http://purl.obolibrary.org/obo/UBERON_0000178,blood,False,,
http://purl.obolibrary.org/obo/HP_0010894,Abnormal circulating serine family amino acid concentration,part of,http://purl.obolibrary.org/obo/UBERON_0000178,blood,False,,
http://purl.obolibrary.org/obo/HP_0010895,Abnormal circulating glycine concentration,part of,http://purl.obolibrary.org/obo/UBERON_0000178,blood,False,,
http://purl.obolibrary.org/obo/HP_0010896,Hypersarcosinemia,part of,http://purl.obolibrary.org/obo/UBERON_0000178,blood,False,,
http://purl.obolibrary.org/obo/HP_0010898,Abnormal circulating sarcosine concentration,part of,http://purl.obolibrary.org/obo/UBERON_0000178,blood,False,,
http://purl.obolibrary.org/obo/HP_0010899,Abnormal circulating aspartate family amino acid concentration,part of,http://purl.obolibrary.org/obo/UBERON_0000178,blood,False,,
http://purl.obolibrary.org/obo/HP_0010900,Abnormal circulating threonine concentration,part of,http://purl.obolibrary.org/obo/UBERON_0000178,blood,False,,
http://purl.obolibrary.org/obo/HP_0010901,Abnormal circulating methionine concentration,part of,http://purl.obolibrary.org/obo/UBERON_0000178,blood,False,,
http://purl.obolibrary.org/obo/HP_0010902,Abnormal circulating glutamine family amino acid concentration,part of,http://purl.obolibrary.org/obo/UBERON_0000178,blood,False,,
http://purl.obolibrary.org/obo/HP_0010903,Abnormal circulating glutamine concentration,part of,http://purl.obolibrary.org/obo/UBERON_0000178,blood,False,,
http://purl.obolibrary.org/obo/HP_0010904,Abnormal circulating histidine concentration,part of,http://purl.obolibrary.org/obo/UBERON_0000178,blood,False,,
http://purl.obolibrary.org/obo/HP_0010906,Hyperhistidinemia,part of,http://purl.obolibrary.org/obo/UBERON_0000178,blood,False,,
http://purl.obolibrary.org/obo/HP_0010907,Abnormal circulating proline concentration,part of,http://purl.obolibrary.org/obo/UBERON_0000178,blood,False,,
http://purl.obolibrary.org/obo/HP_0010908,Abnormal circulating lysine concentration,part of,http://purl.obolibrary.org/obo/UBERON_0000178,blood,False,,
http://purl.obolibrary.org/obo/HP_0010909,Abnormal circulating arginine concentration,part of,http://purl.obolibrary.org/obo/UBERON_0000178,blood,False,,
http://purl.obolibrary.org/obo/HP_0010910,Hypervalinemia,part of,http://purl.obolibrary.org/obo/UBERON_0000178,blood,False,,
http://purl.obolibrary.org/obo/HP_0010911,Hyperleucinemia,part of,http://purl.obolibrary.org/obo/UBERON_0000178,blood,False,,
http://purl.obolibrary.org/obo/HP_0010912,Abnormal circulating isoleucine concentration,part of,http://purl.obolibrary.org/obo/UBERON_0000178,blood,False,,
http://purl.obolibrary.org/obo/HP_0010913,Hyperisoleucinemia,part of,http://purl.obolibrary.org/obo/UBERON_0000178,blood,False,,
http://purl.obolibrary.org/obo/HP_0010914,Abnormal circulating valine concentration,part of,http://purl.obolibrary.org/obo/UBERON_0000178,blood,False,,
http://purl.obolibrary.org/obo/HP_0010915,Abnormal circulating pyruvate family amino acid concentration,part of,http://purl.obolibrary.org/obo/UBERON_0000178,blood,False,,
http://purl.obolibrary.org/obo/HP_0010916,Abnormal circulating alanine concentration,part of,http://purl.obolibrary.org/obo/UBERON_0000178,blood,False,,
http://purl.obolibrary.org/obo/HP_0010917,Abnormal circulating tyrosine concentration,part of,http://purl.obolibrary.org/obo/UBERON_0000178,blood,False,,
http://purl.obolibrary.org/obo/HP_0010918,Abnormal circulating cysteine concentration,part of,http://purl.obolibrary.org/obo/UBERON_0000178,blood,False,,
http://purl.obolibrary.org/obo/HP_0010919,Abnormal circulating homocysteine concentration,part of,http://purl.obolibrary.org/obo/UBERON_0000178,blood,False,,
http://purl.obolibrary.org/obo/HP_0010927,Abnormal blood inorganic cation concentration,characteristic of,http://purl.obolibrary.org/obo/UBERON_0000178,blood,False,,
http://purl.obolibrary.org/obo/HP_0010929,Abnormal blood cation concentration,part of,http://purl.obolibrary.org/obo/UBERON_0000178,blood,False,,
http://purl.obolibrary.org/obo/HP_0010930,Abnormal blood monovalent inorganic cation concentration,part of,http://purl.obolibrary.org/obo/UBERON_0000178,blood,False,,
http://purl.obolibrary.org/obo/HP_0010931,Abnormal blood sodium concentration,characteristic of,http://purl.obolibrary.org/obo/UBERON_0000178,blood,False,,
http://purl.obolibrary.org/obo/HP_0010932,Abnormal circulating nucleobase concentration,part of,http://purl.obolibrary.org/obo/UBERON_0000178,blood,False,,
http://purl.obolibrary.org/obo/HP_0010933,Hyperxanthinemia,part of,http://purl.obolibrary.org/obo/UBERON_0000178,blood,False,,
http://purl.obolibrary.org/obo/HP_0010934,Xanthinuria,part of,http://purl.obolibrary.org/obo/UBERON_0001088,urine,False,,
http://purl.obolibrary.org/obo/HP_0010935,Abnormality of the upper urinary tract,characteristic of part of,http://purl.obolibrary.org/obo/UBERON_0011143,upper urinary tract,False,,
http://purl.obolibrary.org/obo/HP_0010936,Abnormality of the lower urinary tract,characteristic of part of,http://purl.obolibrary.org/obo/UBERON_0001556,lower urinary tract,False,,
http://purl.obolibrary.org/obo/HP_0010937,Abnormal nasal skeleton morphology,characteristic of part of,http://purl.obolibrary.org/obo/UBERON_0006813,nasal skeleton,False,,
http://purl.obolibrary.org/obo/HP_0010938,Abnormal external nose morphology,characteristic of part of,http://purl.obolibrary.org/obo/UBERON_0007827,external nose,False,,
http://purl.obolibrary.org/obo/HP_0010939,Abnormal nasal bone morphology,characteristic of part of,http://purl.obolibrary.org/obo/UBERON_0001681,nasal bone,False,,
http://purl.obolibrary.org/obo/HP_0010940,Aplasia/Hypoplasia of the nasal bone,characteristic of,http://purl.obolibrary.org/obo/UBERON_0001681,nasal bone,False,,
http://purl.obolibrary.org/obo/HP_0010941,Aplasia of the nasal bone,characteristic of,http://purl.obolibrary.org/obo/UBERON_0001681,nasal bone,False,,
http://purl.obolibrary.org/obo/HP_0010944,Abnormal renal pelvis morphology,characteristic of part of,http://purl.obolibrary.org/obo/UBERON_0001224,renal pelvis,False,,
http://purl.obolibrary.org/obo/HP_0010945,Fetal pyelectasis,characteristic of,http://purl.obolibrary.org/obo/UBERON_0001224,renal pelvis,False,,
http://purl.obolibrary.org/obo/HP_0010946,Dilatation of the renal pelvis,characteristic of,http://purl.obolibrary.org/obo/UBERON_0001224,renal pelvis,False,,
http://purl.obolibrary.org/obo/HP_0010950,Abnormal fourth ventricle morphology,characteristic of part of,http://purl.obolibrary.org/obo/UBERON_0002422,fourth ventricle,False,,
http://purl.obolibrary.org/obo/HP_0010951,Abnormal third ventricle morphology,characteristic of part of,http://purl.obolibrary.org/obo/UBERON_0002286,third ventricle,False,,
http://purl.obolibrary.org/obo/HP_0010954,Hypoplastic right heart,BSPO_0000121,http://purl.obolibrary.org/obo/UBERON_0000948,heart,False,,
http://purl.obolibrary.org/obo/HP_0010955,Dilatation of the bladder,characteristic of,http://purl.obolibrary.org/obo/UBERON_0001255,urinary bladder,False,,
http://purl.obolibrary.org/obo/HP_0010958,Bilateral renal agenesis,towards,http://purl.obolibrary.org/obo/UBERON_0002113,kidney,False,,
http://purl.obolibrary.org/obo/HP_0010964,Abnormal circulating long-chain fatty-acid concentration,part of,http://purl.obolibrary.org/obo/UBERON_0000178,blood,False,,
http://purl.obolibrary.org/obo/HP_0010965,Abnormal circulating phytanic acid concentration,part of,http://purl.obolibrary.org/obo/UBERON_0000178,blood,False,,
http://purl.obolibrary.org/obo/HP_0010966,Abnormal circulating fatty-acid anion concentration,part of,http://purl.obolibrary.org/obo/UBERON_0000178,blood,False,,
http://purl.obolibrary.org/obo/HP_0010967,Abnormal circulating carnitine concentration,part of,http://purl.obolibrary.org/obo/UBERON_0000178,blood,False,,
http://purl.obolibrary.org/obo/HP_0010978,Abnormality of immune system physiology,characteristic of,http://purl.obolibrary.org/obo/UBERON_0002405,immune system,False,,
http://purl.obolibrary.org/obo/HP_0010979,Abnormality of lipoprotein cholesterol concentration,part of,http://purl.obolibrary.org/obo/UBERON_0000178,blood,False,,
http://purl.obolibrary.org/obo/HP_0010980,Hyperlipoproteinemia,part of,http://purl.obolibrary.org/obo/UBERON_0000178,blood,False,,
http://purl.obolibrary.org/obo/HP_0010981,Hypolipoproteinemia,part of,http://purl.obolibrary.org/obo/UBERON_0000178,blood,False,,
http://purl.obolibrary.org/obo/HP_0010991,Abnormal morphology of the abdominal musculature,characteristic of part of,http://purl.obolibrary.org/obo/UBERON_0002343,abdomen musculature,False,,
http://purl.obolibrary.org/obo/HP_0010993,Abnormal cerebral subcortex morphology,characteristic of,http://purl.obolibrary.org/obo/UBERON_0000454,cerebral subcortex,False,,
http://purl.obolibrary.org/obo/HP_0010994,Abnormal corpus striatum morphology,characteristic of,http://purl.obolibrary.org/obo/UBERON_0002435,striatum,False,,
http://purl.obolibrary.org/obo/HP_0010995,Abnormal circulating dicarboxylic acid concentration,part of,http://purl.obolibrary.org/obo/UBERON_0000178,blood,False,,
http://purl.obolibrary.org/obo/HP_0010996,Abnormal circulating monocarboxylic acid concentration,part of,http://purl.obolibrary.org/obo/UBERON_0000178,blood,False,,
http://purl.obolibrary.org/obo/HP_0010999,Aplasia of the optic tract,characteristic of,http://purl.obolibrary.org/obo/UBERON_0001908,optic tract,False,,
http://purl.obolibrary.org/obo/HP_0011000,Aplasia/Hypoplasia of the optic tract,characteristic of,http://purl.obolibrary.org/obo/UBERON_0001908,optic tract,False,,
http://purl.obolibrary.org/obo/HP_0011001,Increased bone mineral density,characteristic of,http://purl.obolibrary.org/obo/UBERON_0001474,bone element,False,,
http://purl.obolibrary.org/obo/HP_0011002,Osteopetrosis,characteristic of,http://purl.obolibrary.org/obo/UBERON_0001474,bone element,False,,
http://purl.obolibrary.org/obo/HP_0011004,Abnormal systemic arterial morphology,characteristic of,http://purl.obolibrary.org/obo/UBERON_0004571,systemic arterial system,False,,
http://purl.obolibrary.org/obo/HP_0011006,Abnormal morphology of the musculature of the neck,characteristic of part of,http://purl.obolibrary.org/obo/UBERON_0004465,musculature of neck,False,,
http://purl.obolibrary.org/obo/HP_0011012,Abnormal circulating polysaccharide concentration,part of,http://purl.obolibrary.org/obo/UBERON_0000178,blood,False,,
http://purl.obolibrary.org/obo/HP_0011013,Abnormal circulating carbohydrate concentration,part of,http://purl.obolibrary.org/obo/UBERON_0000178,blood,False,,
http://purl.obolibrary.org/obo/HP_0011015,Abnormal blood glucose concentration,part of,http://purl.obolibrary.org/obo/UBERON_0000178,blood,False,,
http://purl.obolibrary.org/obo/HP_0011022,Abnormal circulating unsaturated fatty acid concentration,part of,http://purl.obolibrary.org/obo/UBERON_0000178,blood,False,,
http://purl.obolibrary.org/obo/HP_0011024,Abnormality of the gastrointestinal tract,characteristic of part of,http://purl.obolibrary.org/obo/UBERON_0005409,alimentary part of gastrointestinal system,False,,
http://purl.obolibrary.org/obo/HP_0011025,Abnormal cardiovascular system physiology,characteristic of,http://purl.obolibrary.org/obo/UBERON_0004535,cardiovascular system,False,,
http://purl.obolibrary.org/obo/HP_0011026,Aplasia/Hypoplasia of the vagina,characteristic of,http://purl.obolibrary.org/obo/UBERON_0000996,vagina,False,,
http://purl.obolibrary.org/obo/HP_0011027,Abnormal fallopian tube morphology,characteristic of part of,http://purl.obolibrary.org/obo/UBERON_0003889,fallopian tube,False,,
http://purl.obolibrary.org/obo/HP_0011029,Internal hemorrhage,part of,http://purl.obolibrary.org/obo/UBERON_0000468,multicellular organism,False,,
http://purl.obolibrary.org/obo/HP_0011030,Abnormal blood transition element cation concentration,part of,http://purl.obolibrary.org/obo/UBERON_0000178,blood,False,,
http://purl.obolibrary.org/obo/HP_0011031,Abnormality of iron homeostasis,part of,http://purl.obolibrary.org/obo/UBERON_0000178,blood,False,,
http://purl.obolibrary.org/obo/HP_0011034,Amyloidosis,part of,http://purl.obolibrary.org/obo/UBERON_0000479,tissue,False,,
http://purl.obolibrary.org/obo/HP_0011035,Abnormal renal cortex morphology,characteristic of,http://purl.obolibrary.org/obo/UBERON_0001225,cortex of kidney,False,,
http://purl.obolibrary.org/obo/HP_0011039,Abnormal helix morphology,characteristic of part of,http://purl.obolibrary.org/obo/UBERON_0002488,helix of outer ear,False,,
http://purl.obolibrary.org/obo/HP_0011040,Abnormal intrahepatic bile duct morphology,characteristic of part of,http://purl.obolibrary.org/obo/UBERON_0003704,intrahepatic bile duct,False,,
http://purl.obolibrary.org/obo/HP_0011041,Aplasia/Hypoplasia of the cervical spine,characteristic of part of,http://purl.obolibrary.org/obo/UBERON_0006072,cervical region of vertebral column,False,,
http://purl.obolibrary.org/obo/HP_0011042,Abnormal circulating potassium concentration,part of,http://purl.obolibrary.org/obo/UBERON_0000178,blood,False,,
http://purl.obolibrary.org/obo/HP_0011043,Abnormal circulating adrenocorticotropin concentration,part of,http://purl.obolibrary.org/obo/UBERON_0000178,blood,False,,
http://purl.obolibrary.org/obo/HP_0011044,Abnormal number of permanent teeth,characteristic of,http://purl.obolibrary.org/obo/UBERON_0007774,secondary dentition,False,,
http://purl.obolibrary.org/obo/HP_0011045,Agenesis of permanent maxillary central incisor,characteristic of,http://purl.obolibrary.org/obo/UBERON_0016454,upper central secondary incisor tooth,False,,
http://purl.obolibrary.org/obo/HP_0011046,Agenesis of primary maxillary central incisor,characteristic of,http://purl.obolibrary.org/obo/UBERON_0018593,upper central primary incisor tooth,False,,
http://purl.obolibrary.org/obo/HP_0011047,Agenesis of primary mandibular central incisor,characteristic of,http://purl.obolibrary.org/obo/UBERON_0018595,lower central primary incisor tooth,False,,
http://purl.obolibrary.org/obo/HP_0011048,Agenesis of permanent mandibular central incisor,characteristic of,http://purl.obolibrary.org/obo/UBERON_0018568,lower central secondary incisor tooth,False,,
http://purl.obolibrary.org/obo/HP_0011049,Agenesis of primary maxillary lateral incisor,characteristic of,http://purl.obolibrary.org/obo/UBERON_0018594,upper lateral primary incisor tooth,False,,
http://purl.obolibrary.org/obo/HP_0011050,Agenesis of permanent maxillary lateral incisor,characteristic of,http://purl.obolibrary.org/obo/UBERON_0016455,upper lateral secondary incisor tooth,False,,
http://purl.obolibrary.org/obo/HP_0011051,Agenesis of premolar,characteristic of,http://purl.obolibrary.org/obo/UBERON_0007120,premolar tooth,False,,
http://purl.obolibrary.org/obo/HP_0011052,Agenesis of maxillary premolar,characteristic of,http://purl.obolibrary.org/obo/UBERON_0016452,upper secondary premolar tooth,False,,
http://purl.obolibrary.org/obo/HP_0011053,Agenesis of mandibular premolar,characteristic of,http://purl.obolibrary.org/obo/UBERON_0016453,lower secondary premolar tooth,False,,
http://purl.obolibrary.org/obo/HP_0011054,Agenesis of molar,characteristic of,http://purl.obolibrary.org/obo/UBERON_0003655,molar tooth,False,,
http://purl.obolibrary.org/obo/HP_0011055,Agenesis of permanent molar,characteristic of,http://purl.obolibrary.org/obo/UBERON_0013618,secondary molar tooth,False,,
http://purl.obolibrary.org/obo/HP_0011056,Agenesis of first permanent molar tooth,characteristic of,http://purl.obolibrary.org/obo/UBERON_0018608,permanent molar tooth 1,False,,
http://purl.obolibrary.org/obo/HP_0011057,Agenesis of second permanent molar,characteristic of,http://purl.obolibrary.org/obo/UBERON_0018607,permanent molar tooth 2,False,,
http://purl.obolibrary.org/obo/HP_0011061,Abnormality of dental structure,characteristic of,http://purl.obolibrary.org/obo/UBERON_0001091,calcareous tooth,False,,
http://purl.obolibrary.org/obo/HP_0011062,Misalignment of incisors,characteristic of,http://purl.obolibrary.org/obo/UBERON_0001098,incisor tooth,False,,
http://purl.obolibrary.org/obo/HP_0011062,Misalignment of incisors,towards,http://purl.obolibrary.org/obo/UBERON_0001098,incisor tooth,False,,
http://purl.obolibrary.org/obo/HP_0011063,Abnormal incisor morphology,characteristic of,http://purl.obolibrary.org/obo/UBERON_0001098,incisor tooth,False,,
http://purl.obolibrary.org/obo/HP_0011064,Abnormal number of incisors,characteristic of,http://purl.obolibrary.org/obo/UBERON_0001098,incisor tooth,False,,
http://purl.obolibrary.org/obo/HP_0011065,Conical incisor,characteristic of,http://purl.obolibrary.org/obo/UBERON_0001098,incisor tooth,False,,
http://purl.obolibrary.org/obo/HP_0011069,Supernumerary tooth,characteristic of,http://purl.obolibrary.org/obo/UBERON_0001091,calcareous tooth,False,,
http://purl.obolibrary.org/obo/HP_0011070,Abnormal molar morphology,characteristic of,http://purl.obolibrary.org/obo/UBERON_0003655,molar tooth,False,,
http://purl.obolibrary.org/obo/HP_0011071,Abnormal permanent molar morphology,characteristic of,http://purl.obolibrary.org/obo/UBERON_0013618,secondary molar tooth,False,,
http://purl.obolibrary.org/obo/HP_0011072,Rootless teeth,characteristic of,http://purl.obolibrary.org/obo/UBERON_0003677,tooth root,False,,
http://purl.obolibrary.org/obo/HP_0011073,Abnormality of dental color,characteristic of,http://purl.obolibrary.org/obo/UBERON_0001091,calcareous tooth,False,,
http://purl.obolibrary.org/obo/HP_0011074,Localized hypoplasia of dental enamel,characteristic of,http://purl.obolibrary.org/obo/UBERON_0001752,enamel,False,,
http://purl.obolibrary.org/obo/HP_0011075,Green teeth,characteristic of,http://purl.obolibrary.org/obo/UBERON_0001091,calcareous tooth,False,,
http://purl.obolibrary.org/obo/HP_0011076,Abnormality of premolar,characteristic of part of,http://purl.obolibrary.org/obo/UBERON_0007120,premolar tooth,False,,
http://purl.obolibrary.org/obo/HP_0011077,Abnormality of molar,characteristic of part of,http://purl.obolibrary.org/obo/UBERON_0003655,molar tooth,False,,
http://purl.obolibrary.org/obo/HP_0011078,Abnormality of canine,characteristic of part of,http://purl.obolibrary.org/obo/UBERON_0003674,cuspid,False,,
http://purl.obolibrary.org/obo/HP_0011080,Abnormal premolar morphology,characteristic of,http://purl.obolibrary.org/obo/UBERON_0007120,premolar tooth,False,,
http://purl.obolibrary.org/obo/HP_0011081,Incisor macrodontia,characteristic of,http://purl.obolibrary.org/obo/UBERON_0001098,incisor tooth,False,,
http://purl.obolibrary.org/obo/HP_0011082,Conical primary incisor,characteristic of,http://purl.obolibrary.org/obo/UBERON_0016476,primary incisor tooth,False,,
http://purl.obolibrary.org/obo/HP_0011083,Conical maxillary incisor,characteristic of,http://purl.obolibrary.org/obo/UBERON_0003450,upper jaw incisor,False,,
http://purl.obolibrary.org/obo/HP_0011086,Dentinogenesis imperfecta of primary and permanent teeth,characteristic of,http://purl.obolibrary.org/obo/UBERON_0007116,primary dentition,False,,
http://purl.obolibrary.org/obo/HP_0011086,Dentinogenesis imperfecta of primary and permanent teeth,characteristic of,http://purl.obolibrary.org/obo/UBERON_0007774,secondary dentition,False,,
http://purl.obolibrary.org/obo/HP_0011093,Molarization of premolar,characteristic of,http://purl.obolibrary.org/obo/UBERON_0007120,premolar tooth,False,,
http://purl.obolibrary.org/obo/HP_0011096,Peripheral demyelination,part of,http://purl.obolibrary.org/obo/UBERON_0000010,peripheral nervous system,False,,
http://purl.obolibrary.org/obo/HP_0011100,Intestinal atresia,characteristic of,http://purl.obolibrary.org/obo/UBERON_0000160,intestine,False,,
http://purl.obolibrary.org/obo/HP_0011102,Ileal atresia,characteristic of,http://purl.obolibrary.org/obo/UBERON_0002116,ileum,False,,
http://purl.obolibrary.org/obo/HP_0011103,Abnormal left ventricular outflow tract morphology,characteristic of,http://purl.obolibrary.org/obo/UBERON_0005956,outflow part of left ventricle,False,,
http://purl.obolibrary.org/obo/HP_0011110,Recurrent tonsillitis,occurs in,http://purl.obolibrary.org/obo/UBERON_0002372,tonsil,False,,
http://purl.obolibrary.org/obo/HP_0011119,Abnormal nasal dorsum morphology,characteristic of part of,http://purl.obolibrary.org/obo/UBERON_0016464,dorsum of nose,False,,
http://purl.obolibrary.org/obo/HP_0011121,Abnormal skin morphology,characteristic of part of,http://purl.obolibrary.org/obo/UBERON_0002097,skin of body,False,,
http://purl.obolibrary.org/obo/HP_0011122,Abnormality of skin physiology,characteristic of,http://purl.obolibrary.org/obo/UBERON_0002097,skin of body,False,,
http://purl.obolibrary.org/obo/HP_0011123,Inflammatory abnormality of the skin,occurs in,http://purl.obolibrary.org/obo/UBERON_0002097,skin of body,False,,
http://purl.obolibrary.org/obo/HP_0011124,Abnormal epidermal morphology,characteristic of,http://purl.obolibrary.org/obo/UBERON_0001003,skin epidermis,False,,
http://purl.obolibrary.org/obo/HP_0011128,Acute esophageal necrosis,characteristic of,http://purl.obolibrary.org/obo/UBERON_0001043,esophagus,False,,
http://purl.obolibrary.org/obo/HP_0011130,Abnormal renal calyx morphology,characteristic of,http://purl.obolibrary.org/obo/UBERON_0006517,kidney calyx,False,,
http://purl.obolibrary.org/obo/HP_0011135,Aplasia/Hypoplasia of the sweat glands,characteristic of part of,http://purl.obolibrary.org/obo/UBERON_0001820,sweat gland,False,,
http://purl.obolibrary.org/obo/HP_0011136,Aplasia of the sweat glands,characteristic of part of,http://purl.obolibrary.org/obo/UBERON_0001820,sweat gland,False,,
http://purl.obolibrary.org/obo/HP_0011138,Abnormal skin adnexa morphology,characteristic of,http://purl.obolibrary.org/obo/UBERON_0006003,integumentary adnexa,False,,
http://purl.obolibrary.org/obo/HP_0011139,Gastric duplication,characteristic of part of,http://purl.obolibrary.org/obo/UBERON_0000945,stomach,False,,
http://purl.obolibrary.org/obo/HP_0011140,Gastrointestinal duplication,characteristic of,http://purl.obolibrary.org/obo/UBERON_0005409,alimentary part of gastrointestinal system,False,,
http://purl.obolibrary.org/obo/HP_0011217,Abnormal shape of the occiput,characteristic of,http://purl.obolibrary.org/obo/UBERON_0001676,occipital bone,False,,
http://purl.obolibrary.org/obo/HP_0011218,Abnormal shape of the frontal region,characteristic of,http://purl.obolibrary.org/obo/UBERON_0001870,frontal cortex,False,,
http://purl.obolibrary.org/obo/HP_0011219,Short face,characteristic of,http://purl.obolibrary.org/obo/UBERON_0001456,face,False,,
http://purl.obolibrary.org/obo/HP_0011224,Ablepharon,characteristic of,http://purl.obolibrary.org/obo/UBERON_0001711,eyelid,False,,
http://purl.obolibrary.org/obo/HP_0011226,Aplasia/Hypoplasia of the eyelid,characteristic of part of,http://purl.obolibrary.org/obo/UBERON_0001711,eyelid,False,,
http://purl.obolibrary.org/obo/HP_0011229,Broad eyebrow,characteristic of,http://purl.obolibrary.org/obo/UBERON_0010163,eyebrow,False,,
http://purl.obolibrary.org/obo/HP_0011234,Absent antihelix,characteristic of,http://purl.obolibrary.org/obo/UBERON_0016466,antihelix,False,,
http://purl.obolibrary.org/obo/HP_0011248,Everted antitragus,characteristic of,http://purl.obolibrary.org/obo/UBERON_0016467,antitragus,False,,
http://purl.obolibrary.org/obo/HP_0011249,Absent antitragus,characteristic of,http://purl.obolibrary.org/obo/UBERON_0016467,antitragus,False,,
http://purl.obolibrary.org/obo/HP_0011250,Bifid antitragus,characteristic of,http://purl.obolibrary.org/obo/UBERON_0016467,antitragus,False,,
http://purl.obolibrary.org/obo/HP_0011251,Underdeveloped antitragus,characteristic of,http://purl.obolibrary.org/obo/UBERON_0016467,antitragus,False,,
http://purl.obolibrary.org/obo/HP_0011265,Cleft earlobe,characteristic of,http://purl.obolibrary.org/obo/UBERON_0001847,lobule of pinna,False,,
http://purl.obolibrary.org/obo/HP_0011268,Absent tragus,characteristic of,http://purl.obolibrary.org/obo/UBERON_0010887,tragus,False,,
http://purl.obolibrary.org/obo/HP_0011269,Bifid tragus,characteristic of,http://purl.obolibrary.org/obo/UBERON_0010887,tragus,False,,
http://purl.obolibrary.org/obo/HP_0011270,Duplicated tragus,characteristic of,http://purl.obolibrary.org/obo/UBERON_0010887,tragus,False,,
http://purl.obolibrary.org/obo/HP_0011271,Prominent tragus,characteristic of,http://purl.obolibrary.org/obo/UBERON_0010887,tragus,False,,
http://purl.obolibrary.org/obo/HP_0011272,Underdeveloped tragus,characteristic of,http://purl.obolibrary.org/obo/UBERON_0010887,tragus,False,,
http://purl.obolibrary.org/obo/HP_0011277,Abnormality of the urinary system physiology,characteristic of,http://purl.obolibrary.org/obo/UBERON_0001008,renal system,False,,
http://purl.obolibrary.org/obo/HP_0011279,Abnormality of urine bicarbonate level,part of,http://purl.obolibrary.org/obo/UBERON_0001088,urine,False,,
http://purl.obolibrary.org/obo/HP_0011280,Abnormality of urine calcium concentration,part of,http://purl.obolibrary.org/obo/UBERON_0001088,urine,False,,
http://purl.obolibrary.org/obo/HP_0011281,Abnormality of urine catecholamine level,part of,http://purl.obolibrary.org/obo/UBERON_0001088,urine,False,,
http://purl.obolibrary.org/obo/HP_0011282,Abnormal hindbrain morphology,characteristic of,http://purl.obolibrary.org/obo/UBERON_0002028,hindbrain,False,,
http://purl.obolibrary.org/obo/HP_0011283,Abnormal metencephalon morphology,characteristic of part of,http://purl.obolibrary.org/obo/UBERON_0001895,metencephalon,False,,
http://purl.obolibrary.org/obo/HP_0011297,Abnormal digit morphology,characteristic of part of,http://purl.obolibrary.org/obo/UBERON_0002544,digit,False,,
http://purl.obolibrary.org/obo/HP_0011300,Broad fingertip,characteristic of,http://purl.obolibrary.org/obo/UBERON_0009552,distal segment of manual digit,False,,
http://purl.obolibrary.org/obo/HP_0011301,Absent foot,characteristic of,http://purl.obolibrary.org/obo/UBERON_0001445,skeleton of pes,False,,
http://purl.obolibrary.org/obo/HP_0011302,Long palm,characteristic of,http://purl.obolibrary.org/obo/UBERON_0008878,palmar part of manus,False,,
http://purl.obolibrary.org/obo/HP_0011304,Broad thumb,characteristic of,http://purl.obolibrary.org/obo/UBERON_0001463,manual digit 1,False,,
http://purl.obolibrary.org/obo/HP_0011308,Slender toe,characteristic of,http://purl.obolibrary.org/obo/UBERON_0001466,pedal digit,False,,
http://purl.obolibrary.org/obo/HP_0011309,Tapered toe,characteristic of,http://purl.obolibrary.org/obo/UBERON_0001466,pedal digit,False,,
http://purl.obolibrary.org/obo/HP_0011313,Narrow nail,characteristic of,http://purl.obolibrary.org/obo/UBERON_0001705,nail,False,,
http://purl.obolibrary.org/obo/HP_0011314,Abnormal long bone morphology,characteristic of,http://purl.obolibrary.org/obo/UBERON_0002495,long bone,False,,
http://purl.obolibrary.org/obo/HP_0011323,Cleft of chin,characteristic of,http://purl.obolibrary.org/obo/UBERON_0008199,chin,False,,
http://purl.obolibrary.org/obo/HP_0011328,Abnormal fontanelle morphology,characteristic of part of,http://purl.obolibrary.org/obo/UBERON_0002221,fontanelle,False,,
http://purl.obolibrary.org/obo/HP_0011329,Abnormality of cranial sutures,characteristic of part of,http://purl.obolibrary.org/obo/UBERON_0003685,cranial suture,False,,
http://purl.obolibrary.org/obo/HP_0011337,Abnormality of mouth size,characteristic of,http://purl.obolibrary.org/obo/UBERON_0000165,mouth,False,,
http://purl.obolibrary.org/obo/HP_0011338,Abnormality of mouth shape,characteristic of part of,http://purl.obolibrary.org/obo/UBERON_0000165,mouth,False,,
http://purl.obolibrary.org/obo/HP_0011341,Long upper lip,characteristic of,http://purl.obolibrary.org/obo/UBERON_0001834,upper lip,False,,
http://purl.obolibrary.org/obo/HP_0011348,Abnormal sixth cranial nerve morphology,characteristic of part of,http://purl.obolibrary.org/obo/UBERON_0001646,abducens nerve,False,,
http://purl.obolibrary.org/obo/HP_0011359,Dry hair,characteristic of,http://purl.obolibrary.org/obo/UBERON_0001037,strand of hair,False,,
http://purl.obolibrary.org/obo/HP_0011362,Abnormal hair quantity,characteristic of,http://purl.obolibrary.org/obo/UBERON_0001037,strand of hair,False,,
http://purl.obolibrary.org/obo/HP_0011372,Aplasia of the inner ear,characteristic of,http://purl.obolibrary.org/obo/UBERON_0001846,internal ear,False,,
http://purl.obolibrary.org/obo/HP_0011373,Incomplete partition of the cochlea,characteristic of,http://purl.obolibrary.org/obo/UBERON_0001844,cochlea,False,,
http://purl.obolibrary.org/obo/HP_0011375,Cochlear aplasia,characteristic of,http://purl.obolibrary.org/obo/UBERON_0001844,cochlea,False,,
http://purl.obolibrary.org/obo/HP_0011376,Abnormal morphology of the vestibule of the inner ear,characteristic of,http://purl.obolibrary.org/obo/UBERON_0005236,osseus labyrinth vestibule,False,,
http://purl.obolibrary.org/obo/HP_0011377,Aplasia of the vestibule,characteristic of,http://purl.obolibrary.org/obo/UBERON_0005236,osseus labyrinth vestibule,False,,
http://purl.obolibrary.org/obo/HP_0011378,Hypoplasia of the vestibule of the inner ear,characteristic of,http://purl.obolibrary.org/obo/UBERON_0005236,osseus labyrinth vestibule,False,,
http://purl.obolibrary.org/obo/HP_0011379,Dilated vestibule of the inner ear,characteristic of,http://purl.obolibrary.org/obo/UBERON_0005236,osseus labyrinth vestibule,False,,
http://purl.obolibrary.org/obo/HP_0011380,Abnormal semicircular canal morphology,characteristic of part of,http://purl.obolibrary.org/obo/UBERON_0001840,semicircular canal,False,,
http://purl.obolibrary.org/obo/HP_0011381,Aplasia of the semicircular canal,characteristic of,http://purl.obolibrary.org/obo/UBERON_0001840,semicircular canal,False,,
http://purl.obolibrary.org/obo/HP_0011382,Hypoplasia of the semicircular canal,characteristic of,http://purl.obolibrary.org/obo/UBERON_0001840,semicircular canal,False,,
http://purl.obolibrary.org/obo/HP_0011383,Enlarged semicircular canal,characteristic of,http://purl.obolibrary.org/obo/UBERON_0001840,semicircular canal,False,,
http://purl.obolibrary.org/obo/HP_0011384,Abnormality of the internal auditory canal,characteristic of part of,http://purl.obolibrary.org/obo/UBERON_0011859,internal acoustic meatus,False,,
http://purl.obolibrary.org/obo/HP_0011385,Absent internal auditory canal,characteristic of,http://purl.obolibrary.org/obo/UBERON_0011859,internal acoustic meatus,False,,
http://purl.obolibrary.org/obo/HP_0011386,Narrow internal auditory canal,characteristic of,http://purl.obolibrary.org/obo/UBERON_0011859,internal acoustic meatus,False,,
http://purl.obolibrary.org/obo/HP_0011387,Enlarged vestibular aqueduct,characteristic of,http://purl.obolibrary.org/obo/UBERON_0002279,vestibular aqueduct,False,,
http://purl.obolibrary.org/obo/HP_0011388,Enlarged cochlear aqueduct,characteristic of part of,http://purl.obolibrary.org/obo/UBERON_0001855,cochlear duct of membranous labyrinth,False,,
http://purl.obolibrary.org/obo/HP_0011389,Functional abnormality of the inner ear,characteristic of,http://purl.obolibrary.org/obo/UBERON_0001846,internal ear,False,,
http://purl.obolibrary.org/obo/HP_0011390,Abnormal inner ear morphology,characteristic of,http://purl.obolibrary.org/obo/UBERON_0001846,internal ear,False,,
http://purl.obolibrary.org/obo/HP_0011391,Abnormal inner ear nerve morphology,part of,http://purl.obolibrary.org/obo/UBERON_0001846,internal ear,False,,
http://purl.obolibrary.org/obo/HP_0011392,Abnormality of the vestibular nerve,characteristic of part of,http://purl.obolibrary.org/obo/UBERON_0003723,vestibular nerve,False,,
http://purl.obolibrary.org/obo/HP_0011393,Aplasia of the vestibular nerve.,characteristic of,http://purl.obolibrary.org/obo/UBERON_0003723,vestibular nerve,False,,
http://purl.obolibrary.org/obo/HP_0011394,Hypoplasia of the vestibular nerve,characteristic of,http://purl.obolibrary.org/obo/UBERON_0003723,vestibular nerve,False,,
http://purl.obolibrary.org/obo/HP_0011395,Aplasia/Hypoplasia of the cochlea,characteristic of part of,http://purl.obolibrary.org/obo/UBERON_0001844,cochlea,False,,
http://purl.obolibrary.org/obo/HP_0011396,Abnormality of the cochlear nerve,characteristic of part of,http://purl.obolibrary.org/obo/UBERON_0004727,cochlear nerve,False,,
http://purl.obolibrary.org/obo/HP_0011397,Abnormality of the dorsal column of the spinal cord,characteristic of part of,http://purl.obolibrary.org/obo/UBERON_0005373,spinal cord dorsal column,False,,
http://purl.obolibrary.org/obo/HP_0011399,Tibialis anterior muscle atrophy,characteristic of,http://purl.obolibrary.org/obo/UBERON_0008230,tibialis,False,,
http://purl.obolibrary.org/obo/HP_0011403,Abnormal umbilical cord blood vessel morphology,characteristic of part of,http://purl.obolibrary.org/obo/UBERON_0010260,umbilical blood vessel,False,,
http://purl.obolibrary.org/obo/HP_0011409,Abnormal placental membrane morphology,characteristic of part of,http://purl.obolibrary.org/obo/UBERON_0009002,placental membrane,False,,
http://purl.obolibrary.org/obo/HP_0011415,Calcified placenta,characteristic of,http://purl.obolibrary.org/obo/UBERON_0001987,placenta,False,,
http://purl.obolibrary.org/obo/HP_0011417,Long umbilical cord,characteristic of,http://purl.obolibrary.org/obo/UBERON_0002331,umbilical cord,False,,
http://purl.obolibrary.org/obo/HP_0011422,Abnormal blood chloride concentration,part of,http://purl.obolibrary.org/obo/UBERON_0000178,blood,False,,
http://purl.obolibrary.org/obo/HP_0011423,Hyperchloremia,part of,http://purl.obolibrary.org/obo/UBERON_0000178,blood,False,,
http://purl.obolibrary.org/obo/HP_0011424,Increased serum zinc,part of,http://purl.obolibrary.org/obo/UBERON_0001977,blood serum,False,,
http://purl.obolibrary.org/obo/HP_0011441,Abnormal medulla oblongata morphology,characteristic of part of,http://purl.obolibrary.org/obo/UBERON_0001896,medulla oblongata,False,,
http://purl.obolibrary.org/obo/HP_0011443,Abnormality of coordination,characteristic of,http://purl.obolibrary.org/obo/UBERON_0000468,multicellular organism,False,,
http://purl.obolibrary.org/obo/HP_0011448,Ankle clonus,characteristic of,http://purl.obolibrary.org/obo/UBERON_0004454,tarsal region,False,,
http://purl.obolibrary.org/obo/HP_0011449,Knee clonus,characteristic of,http://purl.obolibrary.org/obo/UBERON_0001485,knee joint,False,,
http://purl.obolibrary.org/obo/HP_0011452,Functional abnormality of the middle ear,characteristic of,http://purl.obolibrary.org/obo/UBERON_0001756,middle ear,False,,
http://purl.obolibrary.org/obo/HP_0011453,Abnormal incus morphology,characteristic of part of,http://purl.obolibrary.org/obo/UBERON_0001688,incus bone,False,,
http://purl.obolibrary.org/obo/HP_0011454,Abnormal malleus morphology,characteristic of part of,http://purl.obolibrary.org/obo/UBERON_0001689,malleus bone,False,,
http://purl.obolibrary.org/obo/HP_0011455,Absent malleus,characteristic of,http://purl.obolibrary.org/obo/UBERON_0001689,malleus bone,False,,
http://purl.obolibrary.org/obo/HP_0011456,Absent stapes,characteristic of,http://purl.obolibrary.org/obo/UBERON_0001687,stapes bone,False,,
http://purl.obolibrary.org/obo/HP_0011466,Aplasia/Hypoplasia of the gallbladder,characteristic of part of,http://purl.obolibrary.org/obo/UBERON_0002110,gallbladder,False,,
http://purl.obolibrary.org/obo/HP_0011467,Absent gallbladder,characteristic of,http://purl.obolibrary.org/obo/UBERON_0002110,gallbladder,False,,
http://purl.obolibrary.org/obo/HP_0011472,Abnormal small intestinal villus morphology,characteristic of,http://purl.obolibrary.org/obo/UBERON_0001213,intestinal villus,False,,
http://purl.obolibrary.org/obo/HP_0011473,Villous atrophy,characteristic of,http://purl.obolibrary.org/obo/UBERON_0001213,intestinal villus,False,,
http://purl.obolibrary.org/obo/HP_0011479,Abnormal lacrimal punctum morphology,characteristic of,http://purl.obolibrary.org/obo/UBERON_0010284,lacrimal punctum,False,,
http://purl.obolibrary.org/obo/HP_0011481,Abnormal lacrimal duct morphology,characteristic of,http://purl.obolibrary.org/obo/UBERON_0001850,lacrimal drainage system,False,,
http://purl.obolibrary.org/obo/HP_0011482,Abnormal lacrimal gland morphology,characteristic of,http://purl.obolibrary.org/obo/UBERON_0001817,lacrimal gland,False,,
http://purl.obolibrary.org/obo/HP_0011486,Abnormal corneal thickness,characteristic of,http://purl.obolibrary.org/obo/UBERON_0000964,cornea,False,,
http://purl.obolibrary.org/obo/HP_0011487,Increased corneal thickness,characteristic of,http://purl.obolibrary.org/obo/UBERON_0000964,cornea,False,,
http://purl.obolibrary.org/obo/HP_0011488,Abnormal corneal endothelium morphology,characteristic of,http://purl.obolibrary.org/obo/UBERON_0001985,corneal endothelium,False,,
http://purl.obolibrary.org/obo/HP_0011489,Abnormal migration of corneal endothelium,occurs in,http://purl.obolibrary.org/obo/UBERON_0001985,corneal endothelium,False,,
http://purl.obolibrary.org/obo/HP_0011490,Abnormal Descemet membrane morphology,characteristic of,http://purl.obolibrary.org/obo/UBERON_0004367,Descemet's membrane,False,,
http://purl.obolibrary.org/obo/HP_0011492,Abnormal corneal stroma morphology,characteristic of part of,http://purl.obolibrary.org/obo/UBERON_0001777,substantia propria of cornea,False,,
http://purl.obolibrary.org/obo/HP_0011495,Abnormal corneal epithelium morphology,characteristic of,http://purl.obolibrary.org/obo/UBERON_0001772,corneal epithelium,False,,
http://purl.obolibrary.org/obo/HP_0011503,Aplasia of the fovea,characteristic of,http://purl.obolibrary.org/obo/UBERON_0001786,fovea centralis,False,,
http://purl.obolibrary.org/obo/HP_0011508,Macular hole,characteristic of part of,http://purl.obolibrary.org/obo/UBERON_0000054,macula,False,,
http://purl.obolibrary.org/obo/HP_0011509,Macular hyperpigmentation,occurs in,http://purl.obolibrary.org/obo/UBERON_0000053,macula lutea,False,,
http://purl.obolibrary.org/obo/HP_0011512,Hyperpigmentation of the fundus,occurs in,http://purl.obolibrary.org/obo/UBERON_0003951,ocular fundus,False,,
http://purl.obolibrary.org/obo/HP_0011523,Iris cyst,part of,http://purl.obolibrary.org/obo/UBERON_0001769,iris,False,,
http://purl.obolibrary.org/obo/HP_0011526,Abnormality of lens shape,characteristic of,http://purl.obolibrary.org/obo/UBERON_0000965,lens of camera-type eye,False,,
http://purl.obolibrary.org/obo/HP_0011560,Mitral atresia,characteristic of part of,http://purl.obolibrary.org/obo/UBERON_0002135,mitral valve,False,,
http://purl.obolibrary.org/obo/HP_0011573,Hypoplastic tricuspid valve,characteristic of part of,http://purl.obolibrary.org/obo/UBERON_0002134,tricuspid valve,False,,
http://purl.obolibrary.org/obo/HP_0011574,Imperforate atrioventricular valve,characteristic of part of,http://purl.obolibrary.org/obo/UBERON_0002133,atrioventricular valve,False,,
http://purl.obolibrary.org/obo/HP_0011575,Imperforate tricuspid valve,characteristic of part of,http://purl.obolibrary.org/obo/UBERON_0002134,tricuspid valve,False,,
http://purl.obolibrary.org/obo/HP_0011580,Short chordae tendineae of the mitral valve,characteristic of,http://purl.obolibrary.org/obo/UBERON_0014851,chorda tendinea of left ventricle,False,,
http://purl.obolibrary.org/obo/HP_0011615,Abnormal pulmonary situs morphology,characteristic of part of,http://purl.obolibrary.org/obo/UBERON_0000170,pair of lungs,False,,
http://purl.obolibrary.org/obo/HP_0011629,Total absence of the pericardium,characteristic of,http://purl.obolibrary.org/obo/UBERON_0002407,pericardium,False,,
http://purl.obolibrary.org/obo/HP_0011642,Abnormal coronary sinus morphology,characteristic of part of,http://purl.obolibrary.org/obo/UBERON_0005438,coronary sinus,False,,
http://purl.obolibrary.org/obo/HP_0011645,Dilatation of the sinus of Valsalva,characteristic of,http://purl.obolibrary.org/obo/UBERON_0003707,sinus of Valsalva,False,,
http://purl.obolibrary.org/obo/HP_0011662,Tricuspid atresia,characteristic of part of,http://purl.obolibrary.org/obo/UBERON_0002134,tricuspid valve,False,,
http://purl.obolibrary.org/obo/HP_0011718,Abnormality of the pulmonary veins,characteristic of part of,http://purl.obolibrary.org/obo/UBERON_0002016,pulmonary vein,False,,
http://purl.obolibrary.org/obo/HP_0011728,Elbow clonus,characteristic of,http://purl.obolibrary.org/obo/UBERON_0001490,elbow joint,False,,
http://purl.obolibrary.org/obo/HP_0011729,Abnormality of joint mobility,characteristic of part of,http://purl.obolibrary.org/obo/UBERON_0000982,skeletal joint,False,,
http://purl.obolibrary.org/obo/HP_0011731,Abnormality of circulating cortisol level,part of,http://purl.obolibrary.org/obo/UBERON_0000178,blood,False,,
http://purl.obolibrary.org/obo/HP_0011732,Abnormal adrenal morphology,characteristic of,http://purl.obolibrary.org/obo/UBERON_0002369,adrenal gland,False,,
http://purl.obolibrary.org/obo/HP_0011733,Abnormality of adrenal physiology,characteristic of,http://purl.obolibrary.org/obo/UBERON_0002369,adrenal gland,False,,
http://purl.obolibrary.org/obo/HP_0011742,Ectopic adrenal gland,characteristic of,http://purl.obolibrary.org/obo/UBERON_0002369,adrenal gland,False,,
http://purl.obolibrary.org/obo/HP_0011743,Adrenal gland agenesis,characteristic of,http://purl.obolibrary.org/obo/UBERON_0002369,adrenal gland,False,,
http://purl.obolibrary.org/obo/HP_0011747,Abnormality of the anterior pituitary,characteristic of part of,http://purl.obolibrary.org/obo/UBERON_0002196,adenohypophysis,False,,
http://purl.obolibrary.org/obo/HP_0011751,Abnormal posterior pituitary morphogenesis,characteristic of part of,http://purl.obolibrary.org/obo/UBERON_0002198,neurohypophysis,False,,
http://purl.obolibrary.org/obo/HP_0011753,Posterior pituitary dysgenesis,characteristic of,http://purl.obolibrary.org/obo/UBERON_0002198,neurohypophysis,False,,
http://purl.obolibrary.org/obo/HP_0011755,Ectopic posterior pituitary,characteristic of,http://purl.obolibrary.org/obo/UBERON_0002198,neurohypophysis,False,,
http://purl.obolibrary.org/obo/HP_0011756,Posterior pituitary agenesis,characteristic of,http://purl.obolibrary.org/obo/UBERON_0002198,neurohypophysis,False,,
http://purl.obolibrary.org/obo/HP_0011757,Posterior pituitary hypoplasia,characteristic of,http://purl.obolibrary.org/obo/UBERON_0002198,neurohypophysis,False,,
http://purl.obolibrary.org/obo/HP_0011766,Abnormal parathyroid morphology,characteristic of part of,http://purl.obolibrary.org/obo/UBERON_0001132,parathyroid gland,False,,
http://purl.obolibrary.org/obo/HP_0011767,Abnormality of the parathyroid physiology,characteristic of,http://purl.obolibrary.org/obo/UBERON_0001132,parathyroid gland,False,,
http://purl.obolibrary.org/obo/HP_0011768,Parathyroid dysgenesis,characteristic of part of,http://purl.obolibrary.org/obo/UBERON_0001132,parathyroid gland,False,,
http://purl.obolibrary.org/obo/HP_0011769,Ectopic parathyroid,characteristic of part of,http://purl.obolibrary.org/obo/UBERON_0001132,parathyroid gland,False,,
http://purl.obolibrary.org/obo/HP_0011772,Abnormal thyroid morphology,characteristic of part of,http://purl.obolibrary.org/obo/UBERON_0002046,thyroid gland,False,,
http://purl.obolibrary.org/obo/HP_0011788,Increased circulating free T3,part of,http://purl.obolibrary.org/obo/UBERON_0000178,blood,False,,
http://purl.obolibrary.org/obo/HP_0011800,Midface retrusion,characteristic of,http://purl.obolibrary.org/obo/UBERON_0004089,midface,False,,
http://purl.obolibrary.org/obo/HP_0011802,Hamartoma of tongue,part of,http://purl.obolibrary.org/obo/UBERON_0001723,tongue,False,,
http://purl.obolibrary.org/obo/HP_0011803,Bifid nose,characteristic of,http://purl.obolibrary.org/obo/UBERON_0000004,nose,False,,
http://purl.obolibrary.org/obo/HP_0011804,Abnormal muscle physiology,characteristic of,http://purl.obolibrary.org/obo/UBERON_0001630,muscle organ,False,,
http://purl.obolibrary.org/obo/HP_0011805,Abnormal skeletal muscle morphology,characteristic of part of,http://purl.obolibrary.org/obo/UBERON_0001630,muscle organ,False,,
http://purl.obolibrary.org/obo/HP_0011808,Decreased patellar reflex,occurs in,http://purl.obolibrary.org/obo/UBERON_0002446,patella,False,,
http://purl.obolibrary.org/obo/HP_0011814,Increased urinary hypoxanthine level,part of,http://purl.obolibrary.org/obo/UBERON_0001088,urine,False,,
http://purl.obolibrary.org/obo/HP_0011819,Submucous cleft soft palate,characteristic of,http://purl.obolibrary.org/obo/UBERON_0003682,palatal muscle,False,,
http://purl.obolibrary.org/obo/HP_0011821,Abnormal facial skeleton morphology,characteristic of part of,http://purl.obolibrary.org/obo/UBERON_0011156,facial skeleton,False,,
http://purl.obolibrary.org/obo/HP_0011822,Broad chin,characteristic of,http://purl.obolibrary.org/obo/UBERON_0008199,chin,False,,
http://purl.obolibrary.org/obo/HP_0011830,Abnormal oral mucosa morphology,characteristic of,http://purl.obolibrary.org/obo/UBERON_0003729,mouth mucosa,False,,
http://purl.obolibrary.org/obo/HP_0011835,Absent scaphoid,characteristic of,http://purl.obolibrary.org/obo/UBERON_0001427,radiale,False,,
http://purl.obolibrary.org/obo/HP_0011836,Delayed talus ossification,occurs in,http://purl.obolibrary.org/obo/UBERON_0002395,talus,False,,
http://purl.obolibrary.org/obo/HP_0011842,Abnormal skeletal morphology,characteristic of part of,http://purl.obolibrary.org/obo/UBERON_0001434,skeletal system,False,,
http://purl.obolibrary.org/obo/HP_0011843,Abnormal musculoskeletal physiology,characteristic of,http://purl.obolibrary.org/obo/UBERON_0002204,musculoskeletal system,False,,
http://purl.obolibrary.org/obo/HP_0011844,Abnormal appendicular skeleton morphology,characteristic of part of,http://purl.obolibrary.org/obo/UBERON_0002091,appendicular skeleton,False,,
http://purl.obolibrary.org/obo/HP_0011845,Short second metatarsal,characteristic of,http://purl.obolibrary.org/obo/UBERON_0003651,metatarsal bone of digit 2,False,,
http://purl.obolibrary.org/obo/HP_0011849,Abnormal bone ossification,occurs in,http://purl.obolibrary.org/obo/UBERON_0001474,bone element,False,,
http://purl.obolibrary.org/obo/HP_0011855,Pharyngeal edema,characteristic of,http://purl.obolibrary.org/obo/UBERON_0001042,chordate pharynx,False,,
http://purl.obolibrary.org/obo/HP_0011862,Abnormal bone collagen fibril morphology,characteristic of,http://purl.obolibrary.org/obo/UBERON_0011863,bone collagen fibril,False,,
http://purl.obolibrary.org/obo/HP_0011863,Abnormal sternal ossification,occurs in,http://purl.obolibrary.org/obo/UBERON_0000975,sternum,False,,
http://purl.obolibrary.org/obo/HP_0011864,Elevated plasma pyrophosphate,part of,http://purl.obolibrary.org/obo/UBERON_0001969,blood plasma,False,,
http://purl.obolibrary.org/obo/HP_0011867,Abnormal iliac wing morphology,characteristic of part of,http://purl.obolibrary.org/obo/UBERON_0010746,iliac blade,False,,
http://purl.obolibrary.org/obo/HP_0011885,Hemorrhage of the eye,part of,http://purl.obolibrary.org/obo/UBERON_0000019,camera-type eye,False,,
http://purl.obolibrary.org/obo/HP_0011887,Choroid hemorrhage,part of,http://purl.obolibrary.org/obo/UBERON_0001776,optic choroid,False,,
http://purl.obolibrary.org/obo/HP_0011911,Abnormal metacarpophalangeal joint morphology,characteristic of part of,http://purl.obolibrary.org/obo/UBERON_0003695,metacarpophalangeal joint,False,,
http://purl.obolibrary.org/obo/HP_0011912,Abnormality of the glenoid fossa,characteristic of part of,http://purl.obolibrary.org/obo/UBERON_0006657,glenoid fossa,False,,
http://purl.obolibrary.org/obo/HP_0011915,Cardiovascular calcification,characteristic of,http://purl.obolibrary.org/obo/UBERON_0004535,cardiovascular system,False,,
http://purl.obolibrary.org/obo/HP_0011917,Short 5th toe,characteristic of,http://purl.obolibrary.org/obo/UBERON_0003635,pedal digit 5,False,,
http://purl.obolibrary.org/obo/HP_0011918,Clinodactyly of the 4th toe,characteristic of,http://purl.obolibrary.org/obo/UBERON_0003634,pedal digit 4,False,,
http://purl.obolibrary.org/obo/HP_0011926,Proximal placement of hallux,characteristic of,http://purl.obolibrary.org/obo/UBERON_0003631,pedal digit 1,False,,
http://purl.obolibrary.org/obo/HP_0011927,Short digit,characteristic of,http://purl.obolibrary.org/obo/UBERON_0002544,digit,False,,
http://purl.obolibrary.org/obo/HP_0011928,Short proximal phalanx of toe,characteristic of,http://purl.obolibrary.org/obo/UBERON_0003868,proximal phalanx of pes,False,,
http://purl.obolibrary.org/obo/HP_0011931,Abnormal cerebellar peduncle morphology,characteristic of part of,http://purl.obolibrary.org/obo/UBERON_0007416,cerebellar peduncle,False,,
http://purl.obolibrary.org/obo/HP_0011932,Abnormal superior cerebellar peduncle morphology,characteristic of part of,http://purl.obolibrary.org/obo/UBERON_0007709,superior cerebellar peduncle of pons,False,,
http://purl.obolibrary.org/obo/HP_0011933,Elongated superior cerebellar peduncle,characteristic of,http://purl.obolibrary.org/obo/UBERON_0007709,superior cerebellar peduncle of pons,False,,
http://purl.obolibrary.org/obo/HP_0011935,Decreased urinary urate,part of,http://purl.obolibrary.org/obo/UBERON_0001088,urine,False,,
http://purl.obolibrary.org/obo/HP_0011937,Hypoplastic fifth toenail,characteristic of,http://purl.obolibrary.org/obo/UBERON_0011282,nail of pedal digit 5,False,,
http://purl.obolibrary.org/obo/HP_0011943,Increased urinary thiosulfate,part of,http://purl.obolibrary.org/obo/UBERON_0001088,urine,False,,
http://purl.obolibrary.org/obo/HP_0011957,Abnormal pectoral muscle morphology,characteristic of part of,http://purl.obolibrary.org/obo/UBERON_0001495,pectoral muscle,False,,
http://purl.obolibrary.org/obo/HP_0011958,Retinal perforation,characteristic of part of,http://purl.obolibrary.org/obo/UBERON_0000966,retina,False,,
http://purl.obolibrary.org/obo/HP_0011960,Substantia nigra gliosis,occurs in,http://purl.obolibrary.org/obo/UBERON_0002038,substantia nigra,False,,
http://purl.obolibrary.org/obo/HP_0011965,Abnormal circulating citrulline concentration,part of,http://purl.obolibrary.org/obo/UBERON_0000178,blood,False,,
http://purl.obolibrary.org/obo/HP_0011966,Elevated plasma citrulline,part of,http://purl.obolibrary.org/obo/UBERON_0001969,blood plasma,False,,
http://purl.obolibrary.org/obo/HP_0011967,Decreased circulating copper concentration,part of,http://purl.obolibrary.org/obo/UBERON_0000178,blood,False,,
http://purl.obolibrary.org/obo/HP_0011969,Elevated circulating luteinizing hormone level,part of,http://purl.obolibrary.org/obo/UBERON_0000178,blood,False,,
http://purl.obolibrary.org/obo/HP_0011976,Elevated urinary catecholamine level,part of,http://purl.obolibrary.org/obo/UBERON_0001088,urine,False,,
http://purl.obolibrary.org/obo/HP_0011977,Elevated urinary homovanillic acid,part of,http://purl.obolibrary.org/obo/UBERON_0001088,urine,False,,
http://purl.obolibrary.org/obo/HP_0011978,Elevated urinary vanillylmandelic acid,part of,http://purl.obolibrary.org/obo/UBERON_0001088,urine,False,,
http://purl.obolibrary.org/obo/HP_0011979,Elevated urinary dopamine level,part of,http://purl.obolibrary.org/obo/UBERON_0001088,urine,False,,
http://purl.obolibrary.org/obo/HP_0011984,Atretic gallbladder,characteristic of part of,http://purl.obolibrary.org/obo/UBERON_0002110,gallbladder,False,,
http://purl.obolibrary.org/obo/HP_0011994,Abnormal atrial septum morphology,characteristic of,http://purl.obolibrary.org/obo/UBERON_0002085,interatrial septum,False,,
http://purl.obolibrary.org/obo/HP_0012023,Galactosuria,part of,http://purl.obolibrary.org/obo/UBERON_0001088,urine,False,,
http://purl.obolibrary.org/obo/HP_0012024,Hypergalactosemia,part of,http://purl.obolibrary.org/obo/UBERON_0000178,blood,False,,
http://purl.obolibrary.org/obo/HP_0012025,Abnormal circulating ornithine concentration,part of,http://purl.obolibrary.org/obo/UBERON_0000178,blood,False,,
http://purl.obolibrary.org/obo/HP_0012026,Hyperornithinemia,part of,http://purl.obolibrary.org/obo/UBERON_0000178,blood,False,,
http://purl.obolibrary.org/obo/HP_0012027,Laryngeal edema,characteristic of,http://purl.obolibrary.org/obo/UBERON_0001737,larynx,False,,
http://purl.obolibrary.org/obo/HP_0012029,Abnormal urine hormone level,part of,http://purl.obolibrary.org/obo/UBERON_0001088,urine,False,,
http://purl.obolibrary.org/obo/HP_0012030,Increased urinary cortisol level,part of,http://purl.obolibrary.org/obo/UBERON_0001088,urine,False,,
http://purl.obolibrary.org/obo/HP_0012037,Pectoralis amyotrophy,characteristic of,http://purl.obolibrary.org/obo/UBERON_0001495,pectoral muscle,False,,
http://purl.obolibrary.org/obo/HP_0012040,Corneal stromal edema,characteristic of,http://purl.obolibrary.org/obo/UBERON_0001777,substantia propria of cornea,False,,
http://purl.obolibrary.org/obo/HP_0012046,Areflexia of upper limbs,occurs in,http://purl.obolibrary.org/obo/UBERON_0010708,pectoral complex,False,,
http://purl.obolibrary.org/obo/HP_0012052,Low serum calcitriol,part of,http://purl.obolibrary.org/obo/UBERON_0000178,blood,False,,
http://purl.obolibrary.org/obo/HP_0012053,Decreased circulating calcifediol concentration,part of,http://purl.obolibrary.org/obo/UBERON_0000178,blood,False,,
http://purl.obolibrary.org/obo/HP_0012066,Increased urinary disaccharide excretion,part of,http://purl.obolibrary.org/obo/UBERON_0001088,urine,False,,
http://purl.obolibrary.org/obo/HP_0012067,Glycopeptiduria,part of,http://purl.obolibrary.org/obo/UBERON_0001088,urine,False,,
http://purl.obolibrary.org/obo/HP_0012069,Keratan sulfate excretion in urine,part of,http://purl.obolibrary.org/obo/UBERON_0001088,urine,False,,
http://purl.obolibrary.org/obo/HP_0012070,Chondroitin sulfate excretion in urine,part of,http://purl.obolibrary.org/obo/UBERON_0001088,urine,False,,
http://purl.obolibrary.org/obo/HP_0012071,Abnormal circulating acylcarnitine concentration,part of,http://purl.obolibrary.org/obo/UBERON_0000178,blood,False,,
http://purl.obolibrary.org/obo/HP_0012073,Abnormal urinary acylglycine profile,part of,http://purl.obolibrary.org/obo/UBERON_0001088,urine,False,,
http://purl.obolibrary.org/obo/HP_0012081,Enlarged cerebellum,characteristic of,http://purl.obolibrary.org/obo/UBERON_0002037,cerebellum,False,,
http://purl.obolibrary.org/obo/HP_0012085,Pyuria,part of,http://purl.obolibrary.org/obo/UBERON_0001088,urine,False,,
http://purl.obolibrary.org/obo/HP_0012086,Abnormal urinary color,characteristic of,http://purl.obolibrary.org/obo/UBERON_0001088,urine,False,,
http://purl.obolibrary.org/obo/HP_0012090,Abnormal pancreas morphology,characteristic of,http://purl.obolibrary.org/obo/UBERON_0001264,pancreas,False,,
http://purl.obolibrary.org/obo/HP_0012091,Abnormality of pancreas physiology,characteristic of,http://purl.obolibrary.org/obo/UBERON_0001264,pancreas,False,,
http://purl.obolibrary.org/obo/HP_0012092,Abnormality of exocrine pancreas physiology,characteristic of,http://purl.obolibrary.org/obo/UBERON_0000017,exocrine pancreas,False,,
http://purl.obolibrary.org/obo/HP_0012093,Abnormality of endocrine pancreas physiology,characteristic of,http://purl.obolibrary.org/obo/UBERON_0000016,endocrine pancreas,False,,
http://purl.obolibrary.org/obo/HP_0012094,Abnormal pancreas size,characteristic of part of,http://purl.obolibrary.org/obo/UBERON_0001264,pancreas,False,,
http://purl.obolibrary.org/obo/HP_0012099,Abnormality of circulating catecholamine level,part of,http://purl.obolibrary.org/obo/UBERON_0000178,blood,False,,
http://purl.obolibrary.org/obo/HP_0012100,Abnormal circulating creatinine concentration,part of,http://purl.obolibrary.org/obo/UBERON_0000178,blood,False,,
http://purl.obolibrary.org/obo/HP_0012101,Decreased serum creatinine,part of,http://purl.obolibrary.org/obo/UBERON_0000178,blood,False,,
http://purl.obolibrary.org/obo/HP_0012107,Increased fibular diameter,characteristic of,http://purl.obolibrary.org/obo/UBERON_0001446,fibula,False,,
http://purl.obolibrary.org/obo/HP_0012110,Hypoplasia of the pons,characteristic of,http://purl.obolibrary.org/obo/UBERON_0000988,pons,False,,
http://purl.obolibrary.org/obo/HP_0012111,Abnormality of circulating glucocorticoid level,part of,http://purl.obolibrary.org/obo/UBERON_0000178,blood,False,,
http://purl.obolibrary.org/obo/HP_0012112,Abnormal circulating corticosterone level,part of,http://purl.obolibrary.org/obo/UBERON_0000178,blood,False,,
http://purl.obolibrary.org/obo/HP_0012113,Abnormal circulating creatine concentration,part of,http://purl.obolibrary.org/obo/UBERON_0000178,blood,False,,
http://purl.obolibrary.org/obo/HP_0012115,Hepatitis,occurs in,http://purl.obolibrary.org/obo/UBERON_0002107,liver,False,,
http://purl.obolibrary.org/obo/HP_0012116,Abnormal circulating albumin concentration,part of,http://purl.obolibrary.org/obo/UBERON_0000178,blood,False,,
http://purl.obolibrary.org/obo/HP_0012117,Hyperalbuminemia,part of,http://purl.obolibrary.org/obo/UBERON_0000178,blood,False,,
http://purl.obolibrary.org/obo/HP_0012120,Methylmalonic aciduria,part of,http://purl.obolibrary.org/obo/UBERON_0001088,urine,False,,
http://purl.obolibrary.org/obo/HP_0012127,Uraciluria,part of,http://purl.obolibrary.org/obo/UBERON_0001088,urine,False,,
http://purl.obolibrary.org/obo/HP_0012128,Basal ganglia necrosis,characteristic of part of,http://purl.obolibrary.org/obo/UBERON_0002420,basal ganglion,False,,
http://purl.obolibrary.org/obo/HP_0012146,Abnormality of von Willebrand factor,part of,http://purl.obolibrary.org/obo/UBERON_0000178,blood,False,,
http://purl.obolibrary.org/obo/HP_0012153,Hypotriglyceridemia,part of,http://purl.obolibrary.org/obo/UBERON_0000178,blood,False,,
http://purl.obolibrary.org/obo/HP_0012165,Oligodactyly,part of,http://purl.obolibrary.org/obo/UBERON_0010707,appendage girdle complex,False,,
http://purl.obolibrary.org/obo/HP_0012184,Increased HDL cholesterol concentration,part of,http://purl.obolibrary.org/obo/UBERON_0000178,blood,False,,
http://purl.obolibrary.org/obo/HP_0012202,Increased serum bile acid concentration,part of,http://purl.obolibrary.org/obo/UBERON_0000178,blood,False,,
http://purl.obolibrary.org/obo/HP_0012210,Abnormal renal morphology,characteristic of part of,http://purl.obolibrary.org/obo/UBERON_0002113,kidney,False,,
http://purl.obolibrary.org/obo/HP_0012211,Abnormal renal physiology,characteristic of,http://purl.obolibrary.org/obo/UBERON_0002113,kidney,False,,
http://purl.obolibrary.org/obo/HP_0012217,Increased urinary porphobilinogen,part of,http://purl.obolibrary.org/obo/UBERON_0001088,urine,False,,
http://purl.obolibrary.org/obo/HP_0012236,Elevated sweat chloride,part of,http://purl.obolibrary.org/obo/UBERON_0001089,sweat,False,,
http://purl.obolibrary.org/obo/HP_0012237,Urocanic aciduria,part of,http://purl.obolibrary.org/obo/UBERON_0001088,urine,False,,
http://purl.obolibrary.org/obo/HP_0012238,Increased circulating chylomicron concentration,part of,http://purl.obolibrary.org/obo/UBERON_0000178,blood,False,,
http://purl.obolibrary.org/obo/HP_0012241,Levator palpebrae superioris atrophy,characteristic of,http://purl.obolibrary.org/obo/UBERON_0001604,levator palpebrae superioris,False,,
http://purl.obolibrary.org/obo/HP_0012242,Superior rectus atrophy,characteristic of,http://purl.obolibrary.org/obo/UBERON_0006533,rectus extraocular muscle,False,,
http://purl.obolibrary.org/obo/HP_0012243,Abnormal reproductive system morphology,characteristic of,http://purl.obolibrary.org/obo/UBERON_0000990,reproductive system,False,,
http://purl.obolibrary.org/obo/HP_0012252,Abnormal respiratory system morphology,characteristic of,http://purl.obolibrary.org/obo/UBERON_0001004,respiratory system,False,,
http://purl.obolibrary.org/obo/HP_0012253,Abnormal respiratory epithelium morphology,characteristic of,http://purl.obolibrary.org/obo/UBERON_0004807,respiratory system epithelium,False,,
http://purl.obolibrary.org/obo/HP_0012269,Abnormal muscle glycogen content,part of,http://purl.obolibrary.org/obo/UBERON_0001630,muscle organ,False,,
http://purl.obolibrary.org/obo/HP_0012270,Decreased muscle glycogen content,part of,http://purl.obolibrary.org/obo/UBERON_0001630,muscle organ,False,,
http://purl.obolibrary.org/obo/HP_0012277,Hypoglycinemia,part of,http://purl.obolibrary.org/obo/UBERON_0000178,blood,False,,
http://purl.obolibrary.org/obo/HP_0012278,Abnormal circulating serine concentration,part of,http://purl.obolibrary.org/obo/UBERON_0000178,blood,False,,
http://purl.obolibrary.org/obo/HP_0012279,Hyposerinemia,part of,http://purl.obolibrary.org/obo/UBERON_0000178,blood,False,,
http://purl.obolibrary.org/obo/HP_0012284,Small proximal tibial epiphyses,characteristic of,http://purl.obolibrary.org/obo/UBERON_0008772,proximal epiphysis of tibia,False,,
http://purl.obolibrary.org/obo/HP_0012285,Abnormal hypothalamus physiology,characteristic of,http://purl.obolibrary.org/obo/UBERON_0001898,hypothalamus,False,,
http://purl.obolibrary.org/obo/HP_0012286,Abnormal hypothalamus morphology,characteristic of,http://purl.obolibrary.org/obo/UBERON_0001898,hypothalamus,False,,
http://purl.obolibrary.org/obo/HP_0012292,Fusion of gums,characteristic of,http://purl.obolibrary.org/obo/UBERON_0011601,gingiva of upper jaw,False,,
http://purl.obolibrary.org/obo/HP_0012292,Fusion of gums,towards,http://purl.obolibrary.org/obo/UBERON_0011602,gingiva of lower jaw,False,,
http://purl.obolibrary.org/obo/HP_0012293,Abnormal genital pigmentation,occurs in,http://purl.obolibrary.org/obo/UBERON_0004176,external genitalia,False,,
http://purl.obolibrary.org/obo/HP_0012294,Abnormal occipital bone morphology,characteristic of part of,http://purl.obolibrary.org/obo/UBERON_0001676,occipital bone,False,,
http://purl.obolibrary.org/obo/HP_0012295,Slender middle phalanx of finger,characteristic of,http://purl.obolibrary.org/obo/UBERON_0003864,middle phalanx of manus,False,,
http://purl.obolibrary.org/obo/HP_0012296,Slender distal phalanx of finger,characteristic of,http://purl.obolibrary.org/obo/UBERON_0003865,distal phalanx of manus,False,,
http://purl.obolibrary.org/obo/HP_0012297,Slender proximal phalanx of finger,characteristic of,http://purl.obolibrary.org/obo/UBERON_0002234,proximal phalanx of manus,False,,
http://purl.obolibrary.org/obo/HP_0012298,Long middle phalanx of finger,characteristic of,http://purl.obolibrary.org/obo/UBERON_0003864,middle phalanx of manus,False,,
http://purl.obolibrary.org/obo/HP_0012299,Long distal phalanx of finger,characteristic of,http://purl.obolibrary.org/obo/UBERON_0003865,distal phalanx of manus,False,,
http://purl.obolibrary.org/obo/HP_0012300,Ureteral agenesis,characteristic of part of,http://purl.obolibrary.org/obo/UBERON_0000056,ureter,False,,
http://purl.obolibrary.org/obo/HP_0012303,Abnormal aortic arch morphology,characteristic of,http://purl.obolibrary.org/obo/UBERON_0001508,arch of aorta,False,,
http://purl.obolibrary.org/obo/HP_0012304,Hypoplastic aortic arch,characteristic of,http://purl.obolibrary.org/obo/UBERON_0001508,arch of aorta,False,,
http://purl.obolibrary.org/obo/HP_0012306,Abnormal rib ossification,occurs in,http://purl.obolibrary.org/obo/UBERON_0002228,rib,False,,
http://purl.obolibrary.org/obo/HP_0012319,Absent pigmentation of the abdomen,occurs in,http://purl.obolibrary.org/obo/UBERON_0001416,skin of abdomen,False,,
http://purl.obolibrary.org/obo/HP_0012320,Absent pigmentation of the limbs,occurs in,http://purl.obolibrary.org/obo/UBERON_0001419,skin of limb,False,,
http://purl.obolibrary.org/obo/HP_0012321,D-2-hydroxyglutaric aciduria,characteristic of,http://purl.obolibrary.org/obo/UBERON_0001088,urine,False,,
http://purl.obolibrary.org/obo/HP_0012326,Abnormal celiac artery morphology,characteristic of,http://purl.obolibrary.org/obo/UBERON_0001640,celiac artery,False,,
http://purl.obolibrary.org/obo/HP_0012331,Abnormal autonomic nervous system morphology,characteristic of,http://purl.obolibrary.org/obo/UBERON_0002410,autonomic nervous system,False,,
http://purl.obolibrary.org/obo/HP_0012332,Abnormal autonomic nervous system physiology,characteristic of,http://purl.obolibrary.org/obo/UBERON_0002410,autonomic nervous system,False,,
http://purl.obolibrary.org/obo/HP_0012343,Decreased circulating ferritin concentration,part of,http://purl.obolibrary.org/obo/UBERON_0001977,blood serum,False,,
http://purl.obolibrary.org/obo/HP_0012364,Decreased urinary potassium,part of,http://purl.obolibrary.org/obo/UBERON_0001088,urine,False,,
http://purl.obolibrary.org/obo/HP_0012365,Hypophosphaturia,part of,http://purl.obolibrary.org/obo/UBERON_0001088,urine,False,,
http://purl.obolibrary.org/obo/HP_0012368,Flat face,characteristic of,http://purl.obolibrary.org/obo/UBERON_0001456,face,False,,
http://purl.obolibrary.org/obo/HP_0012370,Prominence of the zygomatic bone,characteristic of,http://purl.obolibrary.org/obo/UBERON_0001683,jugal bone,False,,
http://purl.obolibrary.org/obo/HP_0012371,Hyperplasia of midface,characteristic of,http://purl.obolibrary.org/obo/UBERON_0004089,midface,False,,
http://purl.obolibrary.org/obo/HP_0012372,Abnormal eye morphology,characteristic of,http://purl.obolibrary.org/obo/UBERON_0000019,camera-type eye,False,,
http://purl.obolibrary.org/obo/HP_0012373,Abnormal eye physiology,characteristic of,http://purl.obolibrary.org/obo/UBERON_0000019,camera-type eye,False,,
http://purl.obolibrary.org/obo/HP_0012391,Hyporeflexia of upper limbs,occurs in,http://purl.obolibrary.org/obo/UBERON_0010708,pectoral complex,False,,
http://purl.obolibrary.org/obo/HP_0012392,Jaw hyporeflexia,occurs in,http://purl.obolibrary.org/obo/UBERON_0011648,jaw muscle,False,,
http://purl.obolibrary.org/obo/HP_0012401,Abnormal urine alpha-ketoglutarate concentration,part of,http://purl.obolibrary.org/obo/UBERON_0001088,urine,False,,
http://purl.obolibrary.org/obo/HP_0012402,Increased urine alpha-ketoglutarate concentration,part of,http://purl.obolibrary.org/obo/UBERON_0001088,urine,False,,
http://purl.obolibrary.org/obo/HP_0012403,Decreased urine alpha-ketoglutarate concentration,part of,http://purl.obolibrary.org/obo/UBERON_0001088,urine,False,,
http://purl.obolibrary.org/obo/HP_0012404,Abnormal urine citrate concentration,part of,http://purl.obolibrary.org/obo/UBERON_0001088,urine,False,,
http://purl.obolibrary.org/obo/HP_0012405,Hypocitraturia,part of,http://purl.obolibrary.org/obo/UBERON_0001088,urine,False,,
http://purl.obolibrary.org/obo/HP_0012406,Hypercitraturia,part of,http://purl.obolibrary.org/obo/UBERON_0001088,urine,False,,
http://purl.obolibrary.org/obo/HP_0012415,Abnormal blood gas level,part of,http://purl.obolibrary.org/obo/UBERON_0000178,blood,False,,
http://purl.obolibrary.org/obo/HP_0012416,Hypercapnia,part of,http://purl.obolibrary.org/obo/UBERON_0000178,blood,False,,
http://purl.obolibrary.org/obo/HP_0012417,Hypocapnia,part of,http://purl.obolibrary.org/obo/UBERON_0000178,blood,False,,
http://purl.obolibrary.org/obo/HP_0012418,Hypoxemia,part of,http://purl.obolibrary.org/obo/UBERON_0000178,blood,False,,
http://purl.obolibrary.org/obo/HP_0012419,Hyperoxemia,part of,http://purl.obolibrary.org/obo/UBERON_0000178,blood,False,,
http://purl.obolibrary.org/obo/HP_0012421,Congenital absence of foreskin,characteristic of,http://purl.obolibrary.org/obo/UBERON_0001332,prepuce of penis,False,,
http://purl.obolibrary.org/obo/HP_0012424,Chorioretinitis,occurs in,http://purl.obolibrary.org/obo/UBERON_0000966,retina,False,,
http://purl.obolibrary.org/obo/HP_0012424,Chorioretinitis,occurs in,http://purl.obolibrary.org/obo/UBERON_0001776,optic choroid,False,,
http://purl.obolibrary.org/obo/HP_0012428,Prominent calcaneus,characteristic of,http://purl.obolibrary.org/obo/UBERON_0001450,calcaneus,False,,
http://purl.obolibrary.org/obo/HP_0012429,Aplasia/Hypoplasia of the cerebral white matter,characteristic of part of,http://purl.obolibrary.org/obo/UBERON_0002437,cerebral hemisphere white matter,False,,
http://purl.obolibrary.org/obo/HP_0012430,Cerebral white matter hypoplasia,characteristic of part of,http://purl.obolibrary.org/obo/UBERON_0002437,cerebral hemisphere white matter,False,,
http://purl.obolibrary.org/obo/HP_0012437,Abnormal gallbladder morphology,characteristic of part of,http://purl.obolibrary.org/obo/UBERON_0002110,gallbladder,False,,
http://purl.obolibrary.org/obo/HP_0012438,Abnormal gallbladder physiology,characteristic of,http://purl.obolibrary.org/obo/UBERON_0002110,gallbladder,False,,
http://purl.obolibrary.org/obo/HP_0012439,Abnormal biliary tract physiology,characteristic of,http://purl.obolibrary.org/obo/UBERON_0001173,biliary tree,False,,
http://purl.obolibrary.org/obo/HP_0012440,Abnormal biliary tract morphology,characteristic of,http://purl.obolibrary.org/obo/UBERON_0001173,biliary tree,False,,
http://purl.obolibrary.org/obo/HP_0012443,Abnormal brain morphology,characteristic of part of,http://purl.obolibrary.org/obo/UBERON_0000955,brain,False,,
http://purl.obolibrary.org/obo/HP_0012444,Brain atrophy,characteristic of,http://purl.obolibrary.org/obo/UBERON_0000955,brain,False,,
http://purl.obolibrary.org/obo/HP_0012446,Decreased CSF 5-methyltetrahydrofolate concentration,part of,http://purl.obolibrary.org/obo/UBERON_0001359,cerebrospinal fluid,False,,
http://purl.obolibrary.org/obo/HP_0012456,Medial arterial calcification,characteristic of,http://purl.obolibrary.org/obo/UBERON_0007239,tunica media of artery,False,,
http://purl.obolibrary.org/obo/HP_0012465,Elevated hepatic iron concentration,part of,http://purl.obolibrary.org/obo/UBERON_0002107,liver,False,,
http://purl.obolibrary.org/obo/HP_0012480,Abnormal cerebral vein morphology,characteristic of part of,http://purl.obolibrary.org/obo/UBERON_0001663,cerebral vein,False,,
http://purl.obolibrary.org/obo/HP_0012486,Myelitis,occurs in,http://purl.obolibrary.org/obo/UBERON_0002240,spinal cord,False,,
http://purl.obolibrary.org/obo/HP_0012490,Panniculitis,occurs in,http://purl.obolibrary.org/obo/UBERON_0001013,adipose tissue,False,,
http://purl.obolibrary.org/obo/HP_0012492,Cerebral artery stenosis,characteristic of,http://purl.obolibrary.org/obo/UBERON_0004449,cerebral artery,False,,
http://purl.obolibrary.org/obo/HP_0012501,Abnormal brainstem white matter morphology,characteristic of part of,http://purl.obolibrary.org/obo/UBERON_0014891,brainstem white matter,False,,
http://purl.obolibrary.org/obo/HP_0012502,Abnormality of the internal capsule,characteristic of part of,http://purl.obolibrary.org/obo/UBERON_0001887,internal capsule of telencephalon,False,,
http://purl.obolibrary.org/obo/HP_0012503,Abnormal pituitary gland morphology,characteristic of part of,http://purl.obolibrary.org/obo/UBERON_0000007,pituitary gland,False,,
http://purl.obolibrary.org/obo/HP_0012504,Abnormal size of pituitary gland,characteristic of,http://purl.obolibrary.org/obo/UBERON_0000007,pituitary gland,False,,
http://purl.obolibrary.org/obo/HP_0012505,Enlarged pituitary gland,characteristic of,http://purl.obolibrary.org/obo/UBERON_0000007,pituitary gland,False,,
http://purl.obolibrary.org/obo/HP_0012506,Small pituitary gland,characteristic of,http://purl.obolibrary.org/obo/UBERON_0000007,pituitary gland,False,,
http://purl.obolibrary.org/obo/HP_0012507,Weakness of orbicularis oculi muscle,characteristic of,http://purl.obolibrary.org/obo/UBERON_0001578,orbicularis oculi muscle,False,,
http://purl.obolibrary.org/obo/HP_0012515,Hip flexor weakness,part of,http://purl.obolibrary.org/obo/UBERON_0001464,hip,False,,
http://purl.obolibrary.org/obo/HP_0012518,Abnormal circle of Willis morphology,characteristic of,http://purl.obolibrary.org/obo/UBERON_0003709,circle of Willis,False,,
http://purl.obolibrary.org/obo/HP_0012553,Hypoplastic thumbnail,characteristic of,http://purl.obolibrary.org/obo/UBERON_0011273,nail of manual digit 1,False,,
http://purl.obolibrary.org/obo/HP_0012554,Absent thumbnail,characteristic of,http://purl.obolibrary.org/obo/UBERON_0011273,nail of manual digit 1,False,,
http://purl.obolibrary.org/obo/HP_0012555,Absent nail of hallux,characteristic of,http://purl.obolibrary.org/obo/UBERON_0011278,nail of pedal digit 1,False,,
http://purl.obolibrary.org/obo/HP_0012556,Hyperbeta-alaninemia,part of,http://purl.obolibrary.org/obo/UBERON_0000178,blood,False,,
http://purl.obolibrary.org/obo/HP_0012568,Lower eyelid edema,characteristic of,http://purl.obolibrary.org/obo/UBERON_0001713,lower eyelid,False,,
http://purl.obolibrary.org/obo/HP_0012574,Mesangial hypercellularity,occurs in,http://purl.obolibrary.org/obo/UBERON_0002319,mesangium,False,,
http://purl.obolibrary.org/obo/HP_0012575,Abnormal nephron morphology,characteristic of part of,http://purl.obolibrary.org/obo/UBERON_0001285,nephron,False,,
http://purl.obolibrary.org/obo/HP_0012585,Renal atrophy,characteristic of,http://purl.obolibrary.org/obo/UBERON_0002113,kidney,False,,
http://purl.obolibrary.org/obo/HP_0012586,Bilateral renal atrophy,characteristic of,http://purl.obolibrary.org/obo/UBERON_0002113,kidney,False,,
http://purl.obolibrary.org/obo/HP_0012592,Albuminuria,part of,http://purl.obolibrary.org/obo/UBERON_0001088,urine,False,,
http://purl.obolibrary.org/obo/HP_0012598,Abnormal urine potassium concentration,part of,http://purl.obolibrary.org/obo/UBERON_0001088,urine,False,,
http://purl.obolibrary.org/obo/HP_0012599,Abnormal urine phosphate concentration,part of,http://purl.obolibrary.org/obo/UBERON_0001088,urine,False,,
http://purl.obolibrary.org/obo/HP_0012600,Abnormal urine chloride concentration,part of,http://purl.obolibrary.org/obo/UBERON_0001088,urine,False,,
http://purl.obolibrary.org/obo/HP_0012601,Hypochloriduria,part of,http://purl.obolibrary.org/obo/UBERON_0001088,urine,False,,
http://purl.obolibrary.org/obo/HP_0012603,Abnormal urine sodium concentration,part of,http://purl.obolibrary.org/obo/UBERON_0001088,urine,False,,
http://purl.obolibrary.org/obo/HP_0012604,Hyponatriuria,part of,http://purl.obolibrary.org/obo/UBERON_0001088,urine,False,,
http://purl.obolibrary.org/obo/HP_0012605,Hypernatriuria,part of,http://purl.obolibrary.org/obo/UBERON_0001088,urine,False,,
http://purl.obolibrary.org/obo/HP_0012607,Abnormal urine magnesium concentration,part of,http://purl.obolibrary.org/obo/UBERON_0001088,urine,False,,
http://purl.obolibrary.org/obo/HP_0012608,Hypermagnesiuria,part of,http://purl.obolibrary.org/obo/UBERON_0001088,urine,False,,
http://purl.obolibrary.org/obo/HP_0012609,Hypomagnesiuria,part of,http://purl.obolibrary.org/obo/UBERON_0001088,urine,False,,
http://purl.obolibrary.org/obo/HP_0012610,Abnormality of urinary uric acid level,part of,http://purl.obolibrary.org/obo/UBERON_0001088,urine,False,,
http://purl.obolibrary.org/obo/HP_0012612,Abnormal urinary sulfate concentration,part of,http://purl.obolibrary.org/obo/UBERON_0001088,urine,False,,
http://purl.obolibrary.org/obo/HP_0012613,Increased urinary sulfate,part of,http://purl.obolibrary.org/obo/UBERON_0001088,urine,False,,
http://purl.obolibrary.org/obo/HP_0012618,Urachal cyst,characteristic of,http://purl.obolibrary.org/obo/UBERON_0002068,urachus,False,,
http://purl.obolibrary.org/obo/HP_0012620,Cloacal abnormality,characteristic of part of,http://purl.obolibrary.org/obo/UBERON_0000163,embryonic cloaca,False,,
http://purl.obolibrary.org/obo/HP_0012628,Abnormal suspensory ligament of lens morphology,characteristic of part of,http://purl.obolibrary.org/obo/UBERON_0006762,suspensory ligament of lens,False,,
http://purl.obolibrary.org/obo/HP_0012638,Abnormal nervous system physiology,characteristic of,http://purl.obolibrary.org/obo/UBERON_0001016,nervous system,False,,
http://purl.obolibrary.org/obo/HP_0012639,Abnormal nervous system morphology,characteristic of part of,http://purl.obolibrary.org/obo/UBERON_0001016,nervous system,False,,
http://purl.obolibrary.org/obo/HP_0012643,Foveal hypopigmentation,occurs in,http://purl.obolibrary.org/obo/UBERON_0001786,fovea centralis,False,,
http://purl.obolibrary.org/obo/HP_0012645,Enlarged peripheral nerve,characteristic of,http://purl.obolibrary.org/obo/UBERON_0001021,nerve,False,,
http://purl.obolibrary.org/obo/HP_0012654,Abnormal CSF dopamine concentration,part of,http://purl.obolibrary.org/obo/UBERON_0001359,cerebrospinal fluid,False,,
http://purl.obolibrary.org/obo/HP_0012655,Elevated CSF dopamine concentration,part of,http://purl.obolibrary.org/obo/UBERON_0001359,cerebrospinal fluid,False,,
http://purl.obolibrary.org/obo/HP_0012656,Reduced CSF dopamine concentration,part of,http://purl.obolibrary.org/obo/UBERON_0001359,cerebrospinal fluid,False,,
http://purl.obolibrary.org/obo/HP_0012675,Iron accumulation in brain,part of,http://purl.obolibrary.org/obo/UBERON_0000955,brain,False,,
http://purl.obolibrary.org/obo/HP_0012676,Copper accumulation in brain,part of,http://purl.obolibrary.org/obo/UBERON_0000955,brain,False,,
http://purl.obolibrary.org/obo/HP_0012678,Iron accumulation in substantia nigra,part of,http://purl.obolibrary.org/obo/UBERON_0002038,substantia nigra,False,,
http://purl.obolibrary.org/obo/HP_0012680,Abnormality of the pineal gland,characteristic of part of,http://purl.obolibrary.org/obo/UBERON_0001905,pineal body,False,,
http://purl.obolibrary.org/obo/HP_0012681,Abnormal pineal morphology,characteristic of,http://purl.obolibrary.org/obo/UBERON_0001905,pineal body,False,,
http://purl.obolibrary.org/obo/HP_0012682,Pineal gland calcification,characteristic of,http://purl.obolibrary.org/obo/UBERON_0001905,pineal body,False,,
http://purl.obolibrary.org/obo/HP_0012683,Pineal cyst,characteristic of,http://purl.obolibrary.org/obo/UBERON_0001905,pineal body,False,,
http://purl.obolibrary.org/obo/HP_0012684,Abnormal pineal volume,characteristic of,http://purl.obolibrary.org/obo/UBERON_0001905,pineal body,False,,
http://purl.obolibrary.org/obo/HP_0012685,Decreased pineal volume,characteristic of,http://purl.obolibrary.org/obo/UBERON_0001905,pineal body,False,,
http://purl.obolibrary.org/obo/HP_0012686,Increased pineal volume,characteristic of,http://purl.obolibrary.org/obo/UBERON_0001905,pineal body,False,,
http://purl.obolibrary.org/obo/HP_0012687,Agenesis of pineal gland,characteristic of,http://purl.obolibrary.org/obo/UBERON_0001905,pineal body,False,,
http://purl.obolibrary.org/obo/HP_0012688,Abnormality of pineal physiology,characteristic of,http://purl.obolibrary.org/obo/UBERON_0001905,pineal body,False,,
http://purl.obolibrary.org/obo/HP_0012693,Abnormal thalamic size,characteristic of,http://purl.obolibrary.org/obo/UBERON_0004703,dorsal thalamus,False,,
http://purl.obolibrary.org/obo/HP_0012694,Enlarged thalamic volume,characteristic of,http://purl.obolibrary.org/obo/UBERON_0004703,dorsal thalamus,False,,
http://purl.obolibrary.org/obo/HP_0012695,Decreased thalamic volume,characteristic of,http://purl.obolibrary.org/obo/UBERON_0004703,dorsal thalamus,False,,
http://purl.obolibrary.org/obo/HP_0012697,Small basal ganglia,characteristic of,http://purl.obolibrary.org/obo/UBERON_0002420,basal ganglion,False,,
http://purl.obolibrary.org/obo/HP_0012698,Cerebellar gliosis,occurs in,http://purl.obolibrary.org/obo/UBERON_0002037,cerebellum,False,,
http://purl.obolibrary.org/obo/HP_0012699,Anomaly of lower limb diaphyses,part of,http://purl.obolibrary.org/obo/UBERON_0012476,skeleton of pelvic complex,False,,
http://purl.obolibrary.org/obo/HP_0012700,Abnormal large intestine physiology,characteristic of,http://purl.obolibrary.org/obo/UBERON_0000059,large intestine,False,,
http://purl.obolibrary.org/obo/HP_0012703,Abnormal subarachnoid space morphology,characteristic of,http://purl.obolibrary.org/obo/UBERON_0000315,subarachnoid space,False,,
http://purl.obolibrary.org/obo/HP_0012704,Widened subarachnoid space,characteristic of,http://purl.obolibrary.org/obo/UBERON_0000315,subarachnoid space,False,,
http://purl.obolibrary.org/obo/HP_0012718,Abnormal gastrointestinal tract morphology,characteristic of part of,http://purl.obolibrary.org/obo/UBERON_0005409,alimentary part of gastrointestinal system,False,,
http://purl.obolibrary.org/obo/HP_0012719,Functional abnormality of the gastrointestinal tract,characteristic of,http://purl.obolibrary.org/obo/UBERON_0005409,alimentary part of gastrointestinal system,False,,
http://purl.obolibrary.org/obo/HP_0012721,Venous malformation,characteristic of,http://purl.obolibrary.org/obo/UBERON_0001638,vein,False,,
http://purl.obolibrary.org/obo/HP_0012724,Upper eyelid edema,characteristic of,http://purl.obolibrary.org/obo/UBERON_0001712,upper eyelid,False,,
http://purl.obolibrary.org/obo/HP_0012727,Thoracic aortic aneurysm,part of,http://purl.obolibrary.org/obo/UBERON_0001515,thoracic aorta,False,,
http://purl.obolibrary.org/obo/HP_0012728,Fusiform descending thoracic aortic aneurysm,part of,http://purl.obolibrary.org/obo/UBERON_0002345,descending thoracic aorta,False,,
http://purl.obolibrary.org/obo/HP_0012729,Saccular descending thoracic aortic aneurysm,part of,http://purl.obolibrary.org/obo/UBERON_0002345,descending thoracic aorta,False,,
http://purl.obolibrary.org/obo/HP_0012731,Ectopic anterior pituitary gland,characteristic of,http://purl.obolibrary.org/obo/UBERON_0002196,adenohypophysis,False,,
http://purl.obolibrary.org/obo/HP_0012738,Agenesis of canine,characteristic of,http://purl.obolibrary.org/obo/UBERON_0003674,cuspid,False,,
http://purl.obolibrary.org/obo/HP_0012742,Thin fingernail,characteristic of,http://purl.obolibrary.org/obo/UBERON_0009565,nail of manual digit,False,,
http://purl.obolibrary.org/obo/HP_0012743,Abdominal obesity,characteristic of,http://purl.obolibrary.org/obo/UBERON_0000916,abdomen,False,,
http://purl.obolibrary.org/obo/HP_0012744,Femoral aplasia,characteristic of,http://purl.obolibrary.org/obo/UBERON_0000981,femur,False,,
http://purl.obolibrary.org/obo/HP_0012745,Short palpebral fissure,characteristic of,http://purl.obolibrary.org/obo/UBERON_0001819,palpebral fissure,False,,
http://purl.obolibrary.org/obo/HP_0012746,Thin toenail,characteristic of,http://purl.obolibrary.org/obo/UBERON_0009567,nail of pedal digit,False,,
http://purl.obolibrary.org/obo/HP_0012754,CNS hypermyelination,part of,http://purl.obolibrary.org/obo/UBERON_0001017,central nervous system,False,,
http://purl.obolibrary.org/obo/HP_0012761,Absent mastoid,characteristic of,http://purl.obolibrary.org/obo/UBERON_0011220,mastoid process of temporal bone,False,,
http://purl.obolibrary.org/obo/HP_0012762,Cerebral white matter atrophy,characteristic of part of,http://purl.obolibrary.org/obo/UBERON_0002437,cerebral hemisphere white matter,False,,
http://purl.obolibrary.org/obo/HP_0012767,Abnormal placental size,characteristic of,http://purl.obolibrary.org/obo/UBERON_0001987,placenta,False,,
http://purl.obolibrary.org/obo/HP_0012776,Abnormal ciliary body morphology,characteristic of part of,http://purl.obolibrary.org/obo/UBERON_0001775,ciliary body,False,,
http://purl.obolibrary.org/obo/HP_0012785,Flexion contracture of finger,attached to,http://purl.obolibrary.org/obo/UBERON_0002389,manual digit,False,,
http://purl.obolibrary.org/obo/HP_0012789,Hypoplasia of the calcaneus,characteristic of,http://purl.obolibrary.org/obo/UBERON_0001450,calcaneus,False,,
http://purl.obolibrary.org/obo/HP_0012791,Abnormal humeral ossification,occurs in,http://purl.obolibrary.org/obo/UBERON_0000976,humerus,False,,
http://purl.obolibrary.org/obo/HP_0012792,Absent ossification of thoracic vertebral bodies,part of,http://purl.obolibrary.org/obo/UBERON_0006073,thoracic region of vertebral column,False,,
http://purl.obolibrary.org/obo/HP_0012795,Abnormal optic disc morphology,characteristic of part of,http://purl.obolibrary.org/obo/UBERON_0001783,optic disc,False,,
http://purl.obolibrary.org/obo/HP_0012801,Narrow jaw,characteristic of part of,http://purl.obolibrary.org/obo/UBERON_0001684,mandible,False,,
http://purl.obolibrary.org/obo/HP_0012802,Broad jaw,characteristic of part of,http://purl.obolibrary.org/obo/UBERON_0001684,mandible,False,,
http://purl.obolibrary.org/obo/HP_0012814,Bilateral breast hypoplasia,characteristic of,http://purl.obolibrary.org/obo/UBERON_0000310,breast,False,,
http://purl.obolibrary.org/obo/HP_0012815,Hypoplastic female external genitalia,characteristic of,http://purl.obolibrary.org/obo/UBERON_0005056,external female genitalia,False,,
http://purl.obolibrary.org/obo/HP_0012819,Myocarditis,occurs in,http://purl.obolibrary.org/obo/UBERON_0002349,myocardium,False,,
http://purl.obolibrary.org/obo/HP_0012820,Bilateral vocal cord paralysis,characteristic of,http://purl.obolibrary.org/obo/UBERON_0003706,laryngeal vocal fold,False,,
http://purl.obolibrary.org/obo/HP_0012848,Small intestinal stenosis,characteristic of,http://purl.obolibrary.org/obo/UBERON_0002108,small intestine,False,,
http://purl.obolibrary.org/obo/HP_0012849,Small intestinal bleeding,part of,http://purl.obolibrary.org/obo/UBERON_0002108,small intestine,False,,
http://purl.obolibrary.org/obo/HP_0012851,Colonic stenosis,characteristic of,http://purl.obolibrary.org/obo/UBERON_0001155,colon,False,,
http://purl.obolibrary.org/obo/HP_0012874,Abnormal male reproductive system physiology,characteristic of,http://purl.obolibrary.org/obo/UBERON_0000079,male reproductive system,False,,
http://purl.obolibrary.org/obo/HP_0012880,Abnormal labia minora morphology,characteristic of part of,http://purl.obolibrary.org/obo/UBERON_0004014,labium minora,False,,
http://purl.obolibrary.org/obo/HP_0012881,Abnormal labia majora morphology,characteristic of part of,http://purl.obolibrary.org/obo/UBERON_0004085,labium majora,False,,
http://purl.obolibrary.org/obo/HP_0012882,Hyperplastic labia majora,characteristic of part of,http://purl.obolibrary.org/obo/UBERON_0004085,labium majora,False,,
http://purl.obolibrary.org/obo/HP_0012888,Abnormal uterine cervix morphology,characteristic of part of,http://purl.obolibrary.org/obo/UBERON_0000002,uterine cervix,False,,
http://purl.obolibrary.org/obo/HP_0012890,Posteriorly placed anus,characteristic of,http://purl.obolibrary.org/obo/UBERON_0001245,anus,False,,
http://purl.obolibrary.org/obo/HP_0012892,Facial muscle hypertrophy,characteristic of,http://purl.obolibrary.org/obo/UBERON_0001577,facial muscle,False,,
http://purl.obolibrary.org/obo/HP_0012893,Neck muscle hypertrophy,characteristic of,http://purl.obolibrary.org/obo/UBERON_0002377,muscle of neck,False,,
http://purl.obolibrary.org/obo/HP_0012895,Scapular muscle hypertrophy,characteristic of,http://purl.obolibrary.org/obo/UBERON_0034908,scapular muscle,False,,
http://purl.obolibrary.org/obo/HP_0020006,Ciliary body coloboma,characteristic of,http://purl.obolibrary.org/obo/UBERON_0001775,ciliary body,False,,
http://purl.obolibrary.org/obo/HP_0020064,Abnormal total eosinophil count,part of,http://purl.obolibrary.org/obo/UBERON_0000178,blood,False,,
http://purl.obolibrary.org/obo/HP_0020110,Bone fracture,characteristic of,http://purl.obolibrary.org/obo/UBERON_0001474,bone element,False,,
http://purl.obolibrary.org/obo/HP_0020111,Abnormal proportion of regulatory T cells,part of,http://purl.obolibrary.org/obo/UBERON_0000178,blood,False,,
http://purl.obolibrary.org/obo/HP_0020112,Increased proportion of regulatory T cells,part of,http://purl.obolibrary.org/obo/UBERON_0000178,blood,False,,
http://purl.obolibrary.org/obo/HP_0020113,Decreased proportion of regulatory T cells,part of,http://purl.obolibrary.org/obo/UBERON_0000178,blood,False,,
http://purl.obolibrary.org/obo/HP_0020128,Aplasia of the olfactory tract,characteristic of,http://purl.obolibrary.org/obo/UBERON_0002265,olfactory tract,False,,
http://purl.obolibrary.org/obo/HP_0020149,Elevated circulating succinate,part of,http://purl.obolibrary.org/obo/UBERON_0000178,blood,False,,
http://purl.obolibrary.org/obo/HP_0020158,Increased circulating adrenic acid concentration,part of,http://purl.obolibrary.org/obo/UBERON_0000178,blood,False,,
http://purl.obolibrary.org/obo/HP_0020177,Abnormal proportion of CD8-positive TEMRA T cells,part of,http://purl.obolibrary.org/obo/UBERON_0000178,blood,False,,
http://purl.obolibrary.org/obo/HP_0020222,Hypohomocysteinemia,part of,http://purl.obolibrary.org/obo/UBERON_0000178,blood,False,,
http://purl.obolibrary.org/obo/HP_0025004,Hallux rigidus,characteristic of,http://purl.obolibrary.org/obo/UBERON_0007750,metatarsophalangeal joint of pedal digit 1,False,,
http://purl.obolibrary.org/obo/HP_0025015,Abnormal vascular morphology,characteristic of part of,http://purl.obolibrary.org/obo/UBERON_0007798,vascular system,False,,
http://purl.obolibrary.org/obo/HP_0025016,Abnormal capillary morphology,characteristic of,http://purl.obolibrary.org/obo/UBERON_0001982,capillary,False,,
http://purl.obolibrary.org/obo/HP_0025018,Abnormal capillary physiology,characteristic of,http://purl.obolibrary.org/obo/UBERON_0001982,capillary,False,,
http://purl.obolibrary.org/obo/HP_0025023,Rectal atresia,characteristic of,http://purl.obolibrary.org/obo/UBERON_0001052,rectum,False,,
http://purl.obolibrary.org/obo/HP_0025028,Abnormal enteric nervous system morphology,characteristic of,http://purl.obolibrary.org/obo/UBERON_0002005,enteric nervous system,False,,
http://purl.obolibrary.org/obo/HP_0025031,Abnormality of the digestive system,characteristic of part of,http://purl.obolibrary.org/obo/UBERON_0001007,digestive system,False,,
http://purl.obolibrary.org/obo/HP_0025032,Abnormality of digestive system physiology,characteristic of,http://purl.obolibrary.org/obo/UBERON_0001007,digestive system,False,,
http://purl.obolibrary.org/obo/HP_0025033,Abnormal digestive system morphology,characteristic of part of,http://purl.obolibrary.org/obo/UBERON_0001007,digestive system,False,,
http://purl.obolibrary.org/obo/HP_0025037,Hypothalamic gliosis,occurs in,http://purl.obolibrary.org/obo/UBERON_0001898,hypothalamus,False,,
http://purl.obolibrary.org/obo/HP_0025038,Intratesticular abscess,part of,http://purl.obolibrary.org/obo/UBERON_0000473,testis,False,,
http://purl.obolibrary.org/obo/HP_0025039,Basal ganglia edema,characteristic of,http://purl.obolibrary.org/obo/UBERON_0002420,basal ganglion,False,,
http://purl.obolibrary.org/obo/HP_0025040,Thalamic edema,characteristic of part of,http://purl.obolibrary.org/obo/UBERON_0004703,dorsal thalamus,False,,
http://purl.obolibrary.org/obo/HP_0025041,Thalamic calcification,characteristic of,http://purl.obolibrary.org/obo/UBERON_0004703,dorsal thalamus,False,,
http://purl.obolibrary.org/obo/HP_0025044,Lung abscess,part of,http://purl.obolibrary.org/obo/UBERON_0002048,lung,False,,
http://purl.obolibrary.org/obo/HP_0025057,Abnormal olfactory lobe morphology,characteristic of,http://purl.obolibrary.org/obo/UBERON_0005366,olfactory lobe,False,,
http://purl.obolibrary.org/obo/HP_0025058,Hypothalamic atrophy,characteristic of,http://purl.obolibrary.org/obo/UBERON_0001898,hypothalamus,False,,
http://purl.obolibrary.org/obo/HP_0025059,Splenic abscess,part of,http://purl.obolibrary.org/obo/UBERON_0002106,spleen,False,,
http://purl.obolibrary.org/obo/HP_0025079,Pancreatic abscess,part of,http://purl.obolibrary.org/obo/UBERON_0001264,pancreas,False,,
http://purl.obolibrary.org/obo/HP_0025098,Dysgenesis of the hypothalamus,characteristic of,http://purl.obolibrary.org/obo/UBERON_0001898,hypothalamus,False,,
http://purl.obolibrary.org/obo/HP_0025099,Dysgenesis of the thalamus,characteristic of,http://purl.obolibrary.org/obo/UBERON_0004703,dorsal thalamus,False,,
http://purl.obolibrary.org/obo/HP_0025100,Abnormal hippocampus morphology,characteristic of,http://purl.obolibrary.org/obo/UBERON_0002421,hippocampal formation,False,,
http://purl.obolibrary.org/obo/HP_0025101,Dysgenesis of the hippocampus,characteristic of,http://purl.obolibrary.org/obo/UBERON_0002421,hippocampal formation,False,,
http://purl.obolibrary.org/obo/HP_0025102,Dysgenesis of the basal ganglia,characteristic of,http://purl.obolibrary.org/obo/UBERON_0002420,basal ganglion,False,,
http://purl.obolibrary.org/obo/HP_0025130,Decreased small intestinal mucosa lactase level,part of,http://purl.obolibrary.org/obo/UBERON_0001204,mucosa of small intestine,False,,
http://purl.obolibrary.org/obo/HP_0025132,Abnormal circulating estrogen level,part of,http://purl.obolibrary.org/obo/UBERON_0001977,blood serum,False,,
http://purl.obolibrary.org/obo/HP_0025133,Abnormal serum estradiol,part of,http://purl.obolibrary.org/obo/UBERON_0001977,blood serum,False,,
http://purl.obolibrary.org/obo/HP_0025134,Increased serum estradiol,part of,http://purl.obolibrary.org/obo/UBERON_0001977,blood serum,False,,
http://purl.obolibrary.org/obo/HP_0025141,Gingival calcification,characteristic of,http://purl.obolibrary.org/obo/UBERON_0001828,gingiva,False,,
http://purl.obolibrary.org/obo/HP_0025146,Foveal degeneration,characteristic of part of,http://purl.obolibrary.org/obo/UBERON_0001786,fovea centralis,False,,
http://purl.obolibrary.org/obo/HP_0025155,Abnormal hepatobiliary system physiology,characteristic of,http://purl.obolibrary.org/obo/UBERON_0002423,hepatobiliary system,False,,
http://purl.obolibrary.org/obo/HP_0025163,Abnormal optic chiasm morphology,characteristic of part of,http://purl.obolibrary.org/obo/UBERON_0000959,optic chiasma,False,,
http://purl.obolibrary.org/obo/HP_0025270,Abnormal esophagus physiology,characteristic of,http://purl.obolibrary.org/obo/UBERON_0001043,esophagus,False,,
http://purl.obolibrary.org/obo/HP_0025321,Copper accumulation in liver,part of,http://purl.obolibrary.org/obo/UBERON_0002107,liver,False,,
http://purl.obolibrary.org/obo/HP_0025323,Abnormal arterial physiology,characteristic of,http://purl.obolibrary.org/obo/UBERON_0001637,artery,False,,
http://purl.obolibrary.org/obo/HP_0025348,Abnormal corneal limbus morphology,characteristic of,http://purl.obolibrary.org/obo/UBERON_0006761,corneo-scleral junction,False,,
http://purl.obolibrary.org/obo/HP_0025349,Limbal edema,characteristic of,http://purl.obolibrary.org/obo/UBERON_0006761,corneo-scleral junction,False,,
http://purl.obolibrary.org/obo/HP_0025376,Hyperglutaminuria,part of,http://purl.obolibrary.org/obo/UBERON_0001088,urine,False,,
http://purl.obolibrary.org/obo/HP_0025408,Abnormal spleen morphology,characteristic of part of,http://purl.obolibrary.org/obo/UBERON_0002106,spleen,False,,
http://purl.obolibrary.org/obo/HP_0025409,Abnormal spleen physiology,characteristic of,http://purl.obolibrary.org/obo/UBERON_0002106,spleen,False,,
http://purl.obolibrary.org/obo/HP_0025418,Renal cortical necrosis,characteristic of,http://purl.obolibrary.org/obo/UBERON_0001225,cortex of kidney,False,,
http://purl.obolibrary.org/obo/HP_0025423,Abnormal larynx morphology,characteristic of part of,http://purl.obolibrary.org/obo/UBERON_0001737,larynx,False,,
http://purl.obolibrary.org/obo/HP_0025424,Abnormal larynx physiology,characteristic of,http://purl.obolibrary.org/obo/UBERON_0001737,larynx,False,,
http://purl.obolibrary.org/obo/HP_0025426,Abnormal bronchus morphology,characteristic of part of,http://purl.obolibrary.org/obo/UBERON_0002185,bronchus,False,,
http://purl.obolibrary.org/obo/HP_0025427,Abnormal bronchus physiology,characteristic of,http://purl.obolibrary.org/obo/UBERON_0002185,bronchus,False,,
http://purl.obolibrary.org/obo/HP_0025439,Pharyngitis,occurs in,http://purl.obolibrary.org/obo/UBERON_0001042,chordate pharynx,False,,
http://purl.obolibrary.org/obo/HP_0025441,Achilles tendon calcification,characteristic of,http://purl.obolibrary.org/obo/UBERON_0003701,calcaneal tendon,False,,
http://purl.obolibrary.org/obo/HP_0025454,Abnormal CSF metabolite concentration,part of,http://purl.obolibrary.org/obo/UBERON_0001359,cerebrospinal fluid,False,,
http://purl.obolibrary.org/obo/HP_0025456,Abnormal CSF protein concentration,part of,http://purl.obolibrary.org/obo/UBERON_0001359,cerebrospinal fluid,False,,
http://purl.obolibrary.org/obo/HP_0025457,Decreased CSF protein concentration,part of,http://purl.obolibrary.org/obo/UBERON_0001359,cerebrospinal fluid,False,,
http://purl.obolibrary.org/obo/HP_0025458,Decreased CSF albumin concentration,part of,http://purl.obolibrary.org/obo/UBERON_0001359,cerebrospinal fluid,False,,
http://purl.obolibrary.org/obo/HP_0025477,Periarticular calcification,characteristic of,http://purl.obolibrary.org/obo/UBERON_0000982,skeletal joint,False,,
http://purl.obolibrary.org/obo/HP_0025487,Abnormal bladder morphology,characteristic of,http://purl.obolibrary.org/obo/UBERON_0001255,urinary bladder,False,,
http://purl.obolibrary.org/obo/HP_0025489,Bladder duplication,characteristic of,http://purl.obolibrary.org/obo/UBERON_0001255,urinary bladder,False,,
http://purl.obolibrary.org/obo/HP_0025491,Venous stenosis,characteristic of,http://purl.obolibrary.org/obo/UBERON_0001638,vein,False,,
http://purl.obolibrary.org/obo/HP_0025522,Elongated chordae tendinae of the mitral valve,characteristic of,http://purl.obolibrary.org/obo/UBERON_0014851,chorda tendinea of left ventricle,False,,
http://purl.obolibrary.org/obo/HP_0025523,Abnormal morphology of the chordae tendinae of the mitral valve,characteristic of,http://purl.obolibrary.org/obo/UBERON_0014851,chorda tendinea of left ventricle,False,,
http://purl.obolibrary.org/obo/HP_0025538,Palmar edema,characteristic of,http://purl.obolibrary.org/obo/UBERON_0008878,palmar part of manus,False,,
http://purl.obolibrary.org/obo/HP_0025550,Elevated circulating ribitol concentration,part of,http://purl.obolibrary.org/obo/UBERON_0000178,blood,False,,
http://purl.obolibrary.org/obo/HP_0025575,Abnormal superior vena cava morphology,characteristic of,http://purl.obolibrary.org/obo/UBERON_0001585,anterior vena cava,False,,
http://purl.obolibrary.org/obo/HP_0025576,Abnormal inferior vena cava morphology,characteristic of,http://purl.obolibrary.org/obo/UBERON_0001072,inferior vena cava,False,,
http://purl.obolibrary.org/obo/HP_0025579,Abnormal left atrium morphology,characteristic of part of,http://purl.obolibrary.org/obo/UBERON_0002079,left cardiac atrium,False,,
http://purl.obolibrary.org/obo/HP_0025580,Abnormal right atrium morphology,characteristic of part of,http://purl.obolibrary.org/obo/UBERON_0002078,right cardiac atrium,False,,
http://purl.obolibrary.org/obo/HP_0025624,Decreased CD4+ effector memory T cell proportion,part of,http://purl.obolibrary.org/obo/UBERON_0000178,blood,False,,
http://purl.obolibrary.org/obo/HP_0025625,Increased proportion of CD4+ effector memory T cells,part of,http://purl.obolibrary.org/obo/UBERON_0000178,blood,False,,
http://purl.obolibrary.org/obo/HP_0025633,Abnormal ureter morphology,characteristic of part of,http://purl.obolibrary.org/obo/UBERON_0000056,ureter,False,,
http://purl.obolibrary.org/obo/HP_0025634,Abnormal ureter physiology,characteristic of part of,http://purl.obolibrary.org/obo/UBERON_0000056,ureter,False,,
http://purl.obolibrary.org/obo/HP_0025641,Elevated circulating glycolate concentration,part of,http://purl.obolibrary.org/obo/UBERON_0000178,blood,False,,
http://purl.obolibrary.org/obo/HP_0030008,Cervical agenesis,characteristic of,http://purl.obolibrary.org/obo/UBERON_0000002,uterine cervix,False,,
http://purl.obolibrary.org/obo/HP_0030012,Abnormal female reproductive system physiology,characteristic of,http://purl.obolibrary.org/obo/UBERON_0000474,female reproductive system,False,,
http://purl.obolibrary.org/obo/HP_0030027,Abnormal nasal cartilage morphology,characteristic of part of,http://purl.obolibrary.org/obo/UBERON_0001823,nasal cartilage,False,,
http://purl.obolibrary.org/obo/HP_0030028,Absent nasal cartilage,characteristic of part of,http://purl.obolibrary.org/obo/UBERON_0003407,cartilage of nasal septum,False,,
http://purl.obolibrary.org/obo/HP_0030037,Bifid ureter,characteristic of,http://purl.obolibrary.org/obo/UBERON_0000056,ureter,False,,
http://purl.obolibrary.org/obo/HP_0030039,Fused thoracic vertebrae,characteristic of,http://purl.obolibrary.org/obo/UBERON_0002347,thoracic vertebra,False,,
http://purl.obolibrary.org/obo/HP_0030039,Fused thoracic vertebrae,towards,http://purl.obolibrary.org/obo/UBERON_0002347,thoracic vertebra,False,,
http://purl.obolibrary.org/obo/HP_0030040,Fused lumbar vertebrae,characteristic of,http://purl.obolibrary.org/obo/UBERON_0002414,lumbar vertebra,False,,
http://purl.obolibrary.org/obo/HP_0030040,Fused lumbar vertebrae,towards,http://purl.obolibrary.org/obo/UBERON_0002414,lumbar vertebra,False,,
http://purl.obolibrary.org/obo/HP_0030044,Flexion contracture of digit,attached to,http://purl.obolibrary.org/obo/UBERON_0002544,digit,False,,
http://purl.obolibrary.org/obo/HP_0030047,Abnormal lateral ventricle morphology,characteristic of part of,http://purl.obolibrary.org/obo/UBERON_0002285,telencephalic ventricle,False,,
http://purl.obolibrary.org/obo/HP_0030049,Brain abscess,part of,http://purl.obolibrary.org/obo/UBERON_0000955,brain,False,,
http://purl.obolibrary.org/obo/HP_0030053,Stiff skin,characteristic of,http://purl.obolibrary.org/obo/UBERON_0002097,skin of body,False,,
http://purl.obolibrary.org/obo/HP_0030084,Clinodactyly,characteristic of,http://purl.obolibrary.org/obo/UBERON_0002544,digit,False,,
http://purl.obolibrary.org/obo/HP_0030085,Abnormal CSF lactate concentration,part of,http://purl.obolibrary.org/obo/UBERON_0001359,cerebrospinal fluid,False,,
http://purl.obolibrary.org/obo/HP_0030086,Reduced CSF lactate,part of,http://purl.obolibrary.org/obo/UBERON_0001359,cerebrospinal fluid,False,,
http://purl.obolibrary.org/obo/HP_0030087,Abnormal circulating testosterone concentration,part of,http://purl.obolibrary.org/obo/UBERON_0000178,blood,False,,
http://purl.obolibrary.org/obo/HP_0030088,Increased serum testosterone level,part of,http://purl.obolibrary.org/obo/UBERON_0000178,blood,False,,
http://purl.obolibrary.org/obo/HP_0030126,Abnormal endometrium morphology,characteristic of part of,http://purl.obolibrary.org/obo/UBERON_0001295,endometrium,False,,
http://purl.obolibrary.org/obo/HP_0030146,Abnormal liver parenchyma morphology,characteristic of,http://purl.obolibrary.org/obo/UBERON_0001280,liver parenchyma,False,,
http://purl.obolibrary.org/obo/HP_0030151,Cholangitis,occurs in,http://purl.obolibrary.org/obo/UBERON_0001173,biliary tree,False,,
http://purl.obolibrary.org/obo/HP_0030154,Gallbladder perforation,characteristic of part of,http://purl.obolibrary.org/obo/UBERON_0002110,gallbladder,False,,
http://purl.obolibrary.org/obo/HP_0030162,Glomerulomegaly,characteristic of,http://purl.obolibrary.org/obo/UBERON_0000074,renal glomerulus,False,,
http://purl.obolibrary.org/obo/HP_0030163,Abnormal vascular physiology,characteristic of,http://purl.obolibrary.org/obo/UBERON_0007798,vascular system,False,,
http://purl.obolibrary.org/obo/HP_0030173,Peripheral hypermyelination,part of,http://purl.obolibrary.org/obo/UBERON_0000010,peripheral nervous system,False,,
http://purl.obolibrary.org/obo/HP_0030174,Increased peripheral myelin thickness,part of,http://purl.obolibrary.org/obo/UBERON_0001021,nerve,False,,
http://purl.obolibrary.org/obo/HP_0030241,Hypoplasia of deltoid muscle,characteristic of,http://purl.obolibrary.org/obo/UBERON_0001476,deltoid,False,,
http://purl.obolibrary.org/obo/HP_0030242,Portal vein thrombosis,characteristic of,http://purl.obolibrary.org/obo/UBERON_0002017,portal vein,False,,
http://purl.obolibrary.org/obo/HP_0030243,Hepatic vein thrombosis,characteristic of,http://purl.obolibrary.org/obo/UBERON_0001143,hepatic vein,False,,
http://purl.obolibrary.org/obo/HP_0030261,Absent penis,characteristic of part of,http://purl.obolibrary.org/obo/UBERON_0000989,penis,False,,
http://purl.obolibrary.org/obo/HP_0030262,Narrow penis,characteristic of part of,http://purl.obolibrary.org/obo/UBERON_0000989,penis,False,,
http://purl.obolibrary.org/obo/HP_0030265,Wide penis,characteristic of part of,http://purl.obolibrary.org/obo/UBERON_0000989,penis,False,,
http://purl.obolibrary.org/obo/HP_0030277,Abnormal vertebral pedicle morphology,characteristic of,http://purl.obolibrary.org/obo/UBERON_0001078,pedicle of vertebra,False,,
http://purl.obolibrary.org/obo/HP_0030278,Hypoplastic vertebral pedicle,characteristic of,http://purl.obolibrary.org/obo/UBERON_0001078,pedicle of vertebra,False,,
http://purl.obolibrary.org/obo/HP_0030281,Cervical C3/C4 vertebral fusion,characteristic of,http://purl.obolibrary.org/obo/UBERON_0004612,mammalian cervical vertebra 3,False,,
http://purl.obolibrary.org/obo/HP_0030281,Cervical C3/C4 vertebral fusion,towards,http://purl.obolibrary.org/obo/UBERON_0004613,mammalian cervical vertebra 4,False,,
http://purl.obolibrary.org/obo/HP_0030285,Splayed superior cerebellar peduncle,characteristic of,http://purl.obolibrary.org/obo/UBERON_0007709,superior cerebellar peduncle of pons,False,,
http://purl.obolibrary.org/obo/HP_0030286,Atrophic superior cerebellar peduncle,characteristic of,http://purl.obolibrary.org/obo/UBERON_0007709,superior cerebellar peduncle of pons,False,,
http://purl.obolibrary.org/obo/HP_0030290,Unossified sacrum,occurs in,http://purl.obolibrary.org/obo/UBERON_0003690,fused sacrum,False,,
http://purl.obolibrary.org/obo/HP_0030291,Lower-limb metaphyseal irregularity,part of,http://purl.obolibrary.org/obo/UBERON_0010709,pelvic complex,False,,
http://purl.obolibrary.org/obo/HP_0030292,Tibial metaphyseal irregularity,characteristic of,http://purl.obolibrary.org/obo/UBERON_0013750,metaphysis of tibia,False,,
http://purl.obolibrary.org/obo/HP_0030293,Fibular metaphyseal irregularity,characteristic of,http://purl.obolibrary.org/obo/UBERON_0016928,metaphysis of fibula,False,,
http://purl.obolibrary.org/obo/HP_0030301,Abnormality of the anterior commissure,characteristic of part of,http://purl.obolibrary.org/obo/UBERON_0000935,anterior commissure,False,,
http://purl.obolibrary.org/obo/HP_0030305,Decreased number of vertebrae,characteristic of,http://purl.obolibrary.org/obo/UBERON_0002412,vertebra,False,,
http://purl.obolibrary.org/obo/HP_0030313,Abnormal periosteum morphology,characteristic of part of,http://purl.obolibrary.org/obo/UBERON_0002515,periosteum,False,,
http://purl.obolibrary.org/obo/HP_0030320,Increased intervertebral space,characteristic of,http://purl.obolibrary.org/obo/UBERON_0001066,intervertebral disk,False,,
http://purl.obolibrary.org/obo/HP_0030321,Abnormal vertebral artery morphology,characteristic of,http://purl.obolibrary.org/obo/UBERON_0001535,vertebral artery,False,,
http://purl.obolibrary.org/obo/HP_0030338,Abnormal circulating gonadotropin concentration,part of,http://purl.obolibrary.org/obo/UBERON_0000178,blood,False,,
http://purl.obolibrary.org/obo/HP_0030339,Decreased circulating gonadotropin concentration,part of,http://purl.obolibrary.org/obo/UBERON_0000178,blood,False,,
http://purl.obolibrary.org/obo/HP_0030344,Decreased circulating luteinizing hormone level,part of,http://purl.obolibrary.org/obo/UBERON_0000178,blood,False,,
http://purl.obolibrary.org/obo/HP_0030345,Abnormal circulating luteinizing hormone concentration,part of,http://purl.obolibrary.org/obo/UBERON_0000178,blood,False,,
http://purl.obolibrary.org/obo/HP_0030347,Abnormal circulating androgen level,part of,http://purl.obolibrary.org/obo/UBERON_0000178,blood,False,,
http://purl.obolibrary.org/obo/HP_0030348,Increased circulating androgen concentration,part of,http://purl.obolibrary.org/obo/UBERON_0000178,blood,False,,
http://purl.obolibrary.org/obo/HP_0030349,Decreased circulating androgen concentration,part of,http://purl.obolibrary.org/obo/UBERON_0000178,blood,False,,
http://purl.obolibrary.org/obo/HP_0030370,Abnormal naive B cell proportion,part of,http://purl.obolibrary.org/obo/UBERON_0000178,blood,False,,
http://purl.obolibrary.org/obo/HP_0030371,Increased naive B cell proportion,part of,http://purl.obolibrary.org/obo/UBERON_0000178,blood,False,,
http://purl.obolibrary.org/obo/HP_0030372,Decreased naive B cell proportion,part of,http://purl.obolibrary.org/obo/UBERON_0000178,blood,False,,
http://purl.obolibrary.org/obo/HP_0030373,Abnormal memory B cell proportion,part of,http://purl.obolibrary.org/obo/UBERON_0000178,blood,False,,
http://purl.obolibrary.org/obo/HP_0030374,Decreased proportion of memory B cells,part of,http://purl.obolibrary.org/obo/UBERON_0000178,blood,False,,
http://purl.obolibrary.org/obo/HP_0030375,Increased proportion of memory B cells,part of,http://purl.obolibrary.org/obo/UBERON_0000178,blood,False,,
http://purl.obolibrary.org/obo/HP_0030376,Abnormal immature B cell proportion,part of,http://purl.obolibrary.org/obo/UBERON_0000178,blood,False,,
http://purl.obolibrary.org/obo/HP_0030377,Increased immature B cell proportion,part of,http://purl.obolibrary.org/obo/UBERON_0000178,blood,False,,
http://purl.obolibrary.org/obo/HP_0030378,Decreased immature B cell proportion,part of,http://purl.obolibrary.org/obo/UBERON_0000178,blood,False,,
http://purl.obolibrary.org/obo/HP_0030379,Abnormal transitional B cell proportion,part of,http://purl.obolibrary.org/obo/UBERON_0000178,blood,False,,
http://purl.obolibrary.org/obo/HP_0030380,Decreased transitional B cell proportion,part of,http://purl.obolibrary.org/obo/UBERON_0000178,blood,False,,
http://purl.obolibrary.org/obo/HP_0030381,Increased transitional B cell proportion,part of,http://purl.obolibrary.org/obo/UBERON_0000178,blood,False,,
http://purl.obolibrary.org/obo/HP_0030383,Abnormal proportion of marginal zone B cells,part of,http://purl.obolibrary.org/obo/UBERON_0000178,blood,False,,
http://purl.obolibrary.org/obo/HP_0030384,Decreased proportion of marginal zone B cells,part of,http://purl.obolibrary.org/obo/UBERON_0000178,blood,False,,
http://purl.obolibrary.org/obo/HP_0030385,Increased proportion of marginal zone B cells,part of,http://purl.obolibrary.org/obo/UBERON_0000178,blood,False,,
http://purl.obolibrary.org/obo/HP_0030386,Abnormal class-switched memory B cell proportion,part of,http://purl.obolibrary.org/obo/UBERON_0000178,blood,False,,
http://purl.obolibrary.org/obo/HP_0030387,Increased class-switched memory B cell proportion,part of,http://purl.obolibrary.org/obo/UBERON_0000178,blood,False,,
http://purl.obolibrary.org/obo/HP_0030388,Decreased class-switched memory B cell proportion,part of,http://purl.obolibrary.org/obo/UBERON_0000178,blood,False,,
http://purl.obolibrary.org/obo/HP_0030423,Splenic cyst,part of,http://purl.obolibrary.org/obo/UBERON_0002106,spleen,False,,
http://purl.obolibrary.org/obo/HP_0030451,Mesenteric cyst,part of,http://purl.obolibrary.org/obo/UBERON_0002095,mesentery,False,,
http://purl.obolibrary.org/obo/HP_0030493,Abnormality of foveal pigmentation,occurs in,http://purl.obolibrary.org/obo/UBERON_0001786,fovea centralis,False,,
http://purl.obolibrary.org/obo/HP_0030654,Umbilical cord cyst,part of,http://purl.obolibrary.org/obo/UBERON_0002331,umbilical cord,False,,
http://purl.obolibrary.org/obo/HP_0030669,Abnormal ocular adnexa morphology,characteristic of,http://purl.obolibrary.org/obo/UBERON_0035639,ocular adnexa,False,,
http://purl.obolibrary.org/obo/HP_0030670,Hamartoma of the orbital region,part of,http://purl.obolibrary.org/obo/UBERON_0004088,orbital region,False,,
http://purl.obolibrary.org/obo/HP_0030671,Abnormal common tendinous ring morphology,characteristic of,http://purl.obolibrary.org/obo/UBERON_0014796,common tendinous ring,False,,
http://purl.obolibrary.org/obo/HP_0030680,Abnormal cardiovascular system morphology,characteristic of part of,http://purl.obolibrary.org/obo/UBERON_0004535,cardiovascular system,False,,
http://purl.obolibrary.org/obo/HP_0030681,Abnormal morphology of myocardial trabeculae,characteristic of,http://purl.obolibrary.org/obo/UBERON_0004124,myocardium trabecular layer,False,,
http://purl.obolibrary.org/obo/HP_0030683,Recurrent bacterial vaginosis,occurs in,http://purl.obolibrary.org/obo/UBERON_0000996,vagina,False,,
http://purl.obolibrary.org/obo/HP_0030687,Abnormal glucagon level,part of,http://purl.obolibrary.org/obo/UBERON_0000178,blood,False,,
http://purl.obolibrary.org/obo/HP_0030688,Increased glucagon level,part of,http://purl.obolibrary.org/obo/UBERON_0000178,blood,False,,
http://purl.obolibrary.org/obo/HP_0030689,Decreased glucagon level,part of,http://purl.obolibrary.org/obo/UBERON_0000178,blood,False,,
http://purl.obolibrary.org/obo/HP_0030715,Bronchial atresia,characteristic of,http://purl.obolibrary.org/obo/UBERON_0002185,bronchus,False,,
http://purl.obolibrary.org/obo/HP_0030718,Right atrial enlargement,characteristic of,http://purl.obolibrary.org/obo/UBERON_0002078,right cardiac atrium,False,,
http://purl.obolibrary.org/obo/HP_0030722,Ectopic liver,characteristic of,http://purl.obolibrary.org/obo/UBERON_0002107,liver,False,,
http://purl.obolibrary.org/obo/HP_0030724,Central nervous system cyst,part of,http://purl.obolibrary.org/obo/UBERON_0001017,central nervous system,False,,
http://purl.obolibrary.org/obo/HP_0030735,Ureterovesical junction obstruction,characteristic of,http://purl.obolibrary.org/obo/UBERON_0009973,ureterovesical junction,False,,
http://purl.obolibrary.org/obo/HP_0030806,Fast-growing nails,occurs in,http://purl.obolibrary.org/obo/UBERON_0001705,nail,False,,
http://purl.obolibrary.org/obo/HP_0030807,Abnormal nail growth,occurs in,http://purl.obolibrary.org/obo/UBERON_0001705,nail,False,,
http://purl.obolibrary.org/obo/HP_0030812,Enlarged tonsils,characteristic of,http://purl.obolibrary.org/obo/UBERON_0002372,tonsil,False,,
http://purl.obolibrary.org/obo/HP_0030813,Absent tonsils,characteristic of,http://purl.obolibrary.org/obo/UBERON_0002372,tonsil,False,,
http://purl.obolibrary.org/obo/HP_0030823,Scleral thickening,characteristic of,http://purl.obolibrary.org/obo/UBERON_0001773,sclera,False,,
http://purl.obolibrary.org/obo/HP_0030843,Cardiac amyloidosis,part of,http://purl.obolibrary.org/obo/UBERON_0000948,heart,False,,
http://purl.obolibrary.org/obo/HP_0030846,Abnormality of venous physiology,characteristic of,http://purl.obolibrary.org/obo/UBERON_0001638,vein,False,,
http://purl.obolibrary.org/obo/HP_0030870,Abnormality of spinal facet joint,part of,http://purl.obolibrary.org/obo/UBERON_0001130,vertebral column,False,,
http://purl.obolibrary.org/obo/HP_0030871,Facet joint arthrosis,part of,http://purl.obolibrary.org/obo/UBERON_0001130,vertebral column,False,,
http://purl.obolibrary.org/obo/HP_0030912,Duplicated clitoris,towards,http://purl.obolibrary.org/obo/UBERON_0002411,clitoris,False,,
http://purl.obolibrary.org/obo/HP_0030914,Abnormal peristalsis,occurs in,http://purl.obolibrary.org/obo/UBERON_0001555,digestive tract,False,,
http://purl.obolibrary.org/obo/HP_0030935,Abnormal intestinal smooth muscle morphology,characteristic of,http://purl.obolibrary.org/obo/UBERON_2005273,intestinal mucosal muscle,False,,
http://purl.obolibrary.org/obo/HP_0030958,Membranous ventricular septal aneurysm,part of,http://purl.obolibrary.org/obo/UBERON_0004666,interventricular septum membranous part,False,,
http://purl.obolibrary.org/obo/HP_0030962,Abnormal morphology of the great vessels,characteristic of part of,http://purl.obolibrary.org/obo/UBERON_0013768,great vessel of heart,False,,
http://purl.obolibrary.org/obo/HP_0030964,Abnormal aortic physiology,characteristic of,http://purl.obolibrary.org/obo/UBERON_0000947,aorta,False,,
http://purl.obolibrary.org/obo/HP_0030966,Abnormal pulmonary artery morphology,characteristic of part of,http://purl.obolibrary.org/obo/UBERON_0002012,pulmonary artery,False,,
http://purl.obolibrary.org/obo/HP_0030968,Abnormal pulmonary vein morphology,characteristic of,http://purl.obolibrary.org/obo/UBERON_0002016,pulmonary vein,False,,
http://purl.obolibrary.org/obo/HP_0030969,Abnormal pulmonary vein physiology,characteristic of,http://purl.obolibrary.org/obo/UBERON_0002016,pulmonary vein,False,,
http://purl.obolibrary.org/obo/HP_0030972,Abnormal systemic blood pressure,part of,http://purl.obolibrary.org/obo/UBERON_0001981,blood vessel,False,,
http://purl.obolibrary.org/obo/HP_0030984,Abnormal serum bile acid concentration,part of,http://purl.obolibrary.org/obo/UBERON_0000178,blood,False,,
http://purl.obolibrary.org/obo/HP_0030985,Decreased serum bile acid concentration,part of,http://purl.obolibrary.org/obo/UBERON_0000178,blood,False,,
http://purl.obolibrary.org/obo/HP_0031051,Tarsal sclerosis,characteristic of,http://purl.obolibrary.org/obo/UBERON_0001447,tarsal bone,False,,
http://purl.obolibrary.org/obo/HP_0031065,Abnormal ovarian morphology,characteristic of,http://purl.obolibrary.org/obo/UBERON_0000992,ovary,False,,
http://purl.obolibrary.org/obo/HP_0031066,Abnormal ovarian physiology,characteristic of,http://purl.obolibrary.org/obo/UBERON_0000992,ovary,False,,
http://purl.obolibrary.org/obo/HP_0031071,Abnormal endocrine morphology,characteristic of part of,http://purl.obolibrary.org/obo/UBERON_0000949,endocrine system,False,,
http://purl.obolibrary.org/obo/HP_0031072,Abnormal endocrine physiology,characteristic of,http://purl.obolibrary.org/obo/UBERON_0000949,endocrine system,False,,
http://purl.obolibrary.org/obo/HP_0031093,Abnormal breast morphology,characteristic of part of,http://purl.obolibrary.org/obo/UBERON_0000310,breast,False,,
http://purl.obolibrary.org/obo/HP_0031094,Abnormal breast physiology,characteristic of part of,http://purl.obolibrary.org/obo/UBERON_0000310,breast,False,,
http://purl.obolibrary.org/obo/HP_0031095,Abnormal humerus morphology,characteristic of part of,http://purl.obolibrary.org/obo/UBERON_0000976,humerus,False,,
http://purl.obolibrary.org/obo/HP_0031105,Abnormal uterus morphology,characteristic of part of,http://purl.obolibrary.org/obo/UBERON_0000995,uterus,False,,
http://purl.obolibrary.org/obo/HP_0031210,Abnormal circulating hyaluronic acid concentration,part of,http://purl.obolibrary.org/obo/UBERON_0000178,blood,False,,
http://purl.obolibrary.org/obo/HP_0031211,Elevated cholesterol ester level,part of,http://purl.obolibrary.org/obo/UBERON_0000178,blood,False,,
http://purl.obolibrary.org/obo/HP_0031212,Abnormal circulating progesterone level,part of,http://purl.obolibrary.org/obo/UBERON_0000178,blood,False,,
http://purl.obolibrary.org/obo/HP_0031216,Increased circulating progesterone,part of,http://purl.obolibrary.org/obo/UBERON_0001977,blood serum,False,,
http://purl.obolibrary.org/obo/HP_0031242,Decreased circulating chylomicron concentration,part of,http://purl.obolibrary.org/obo/UBERON_0000178,blood,False,,
http://purl.obolibrary.org/obo/HP_0031243,Decreased VLDL cholesterol concentration,part of,http://purl.obolibrary.org/obo/UBERON_0000178,blood,False,,
http://purl.obolibrary.org/obo/HP_0031278,Abnormal thoracic duct morphology,characteristic of,http://purl.obolibrary.org/obo/UBERON_0001631,thoracic duct,False,,
http://purl.obolibrary.org/obo/HP_0031281,Sialadenitis,characteristic of part of,http://purl.obolibrary.org/obo/UBERON_0001044,saliva-secreting gland,False,,
http://purl.obolibrary.org/obo/HP_0031295,Left atrial enlargement,characteristic of,http://purl.obolibrary.org/obo/UBERON_0002079,left cardiac atrium,False,,
http://purl.obolibrary.org/obo/HP_0031303,Femoral arterial calcification,characteristic of,http://purl.obolibrary.org/obo/UBERON_0002060,femoral artery,False,,
http://purl.obolibrary.org/obo/HP_0031304,Iliac arterial calcification,characteristic of,http://purl.obolibrary.org/obo/UBERON_0005609,iliac artery,False,,
http://purl.obolibrary.org/obo/HP_0031305,Tibial arterial calcification,characteristic of,http://purl.obolibrary.org/obo/UBERON_0007610,tibial artery,False,,
http://purl.obolibrary.org/obo/HP_0031307,Internal carotid artery calcification,characteristic of,http://purl.obolibrary.org/obo/UBERON_0001532,internal carotid artery,False,,
http://purl.obolibrary.org/obo/HP_0031308,Vertebral artery calcification,characteristic of,http://purl.obolibrary.org/obo/UBERON_0001535,vertebral artery,False,,
http://purl.obolibrary.org/obo/HP_0031309,Cerebral artery calcification,characteristic of,http://purl.obolibrary.org/obo/UBERON_0004449,cerebral artery,False,,
http://purl.obolibrary.org/obo/HP_0031310,Basilar artery calcification,characteristic of,http://purl.obolibrary.org/obo/UBERON_0001633,basilar artery,False,,
http://purl.obolibrary.org/obo/HP_0031311,Middle cerebral artery calcification,characteristic of,http://purl.obolibrary.org/obo/UBERON_0001627,middle cerebral artery,False,,
http://purl.obolibrary.org/obo/HP_0031313,Abdominal aortic calcification,characteristic of,http://purl.obolibrary.org/obo/UBERON_0001516,abdominal aorta,False,,
http://purl.obolibrary.org/obo/HP_0031314,Carotid artery calcification,characteristic of,http://purl.obolibrary.org/obo/UBERON_0005396,carotid artery segment,False,,
http://purl.obolibrary.org/obo/HP_0031315,External carotid artery calcification,characteristic of,http://purl.obolibrary.org/obo/UBERON_0001070,external carotid artery,False,,
http://purl.obolibrary.org/obo/HP_0031392,Abnormal CD4+ T cell subset proportion,part of,http://purl.obolibrary.org/obo/UBERON_0000178,blood,False,,
http://purl.obolibrary.org/obo/HP_0031393,Abnormal CD8+ T cell proportion,part of,http://purl.obolibrary.org/obo/UBERON_0000178,blood,False,,
http://purl.obolibrary.org/obo/HP_0031396,Abnormal naive T cell proportion,part of,http://purl.obolibrary.org/obo/UBERON_0000178,blood,False,,
http://purl.obolibrary.org/obo/HP_0031397,Decreased proportion of naive T cells,part of,http://purl.obolibrary.org/obo/UBERON_0000178,blood,False,,
http://purl.obolibrary.org/obo/HP_0031398,Increased proportion of naive T cells,part of,http://purl.obolibrary.org/obo/UBERON_0000178,blood,False,,
http://purl.obolibrary.org/obo/HP_0031414,High serum calcifediol,part of,http://purl.obolibrary.org/obo/UBERON_0000178,blood,False,,
http://purl.obolibrary.org/obo/HP_0031415,High serum calcitriol,part of,http://purl.obolibrary.org/obo/UBERON_0000178,blood,False,,
http://purl.obolibrary.org/obo/HP_0031442,Abnormal tricuspid chordae tendinae morphology,characteristic of,http://purl.obolibrary.org/obo/UBERON_0014852,chorda tendinea of right ventricle,False,,
http://purl.obolibrary.org/obo/HP_0031481,Abnormal mitral valve physiology,characteristic of,http://purl.obolibrary.org/obo/UBERON_0002135,mitral valve,False,,
http://purl.obolibrary.org/obo/HP_0031490,Hemangioma of the lip,characteristic of,http://purl.obolibrary.org/obo/UBERON_0001833,lip,False,,
http://purl.obolibrary.org/obo/HP_0031508,Abnormal circulating thyroid hormone concentration,part of,http://purl.obolibrary.org/obo/UBERON_0000178,blood,False,,
http://purl.obolibrary.org/obo/HP_0031509,Dry nipple,part of,http://purl.obolibrary.org/obo/UBERON_0002030,nipple,False,,
http://purl.obolibrary.org/obo/HP_0031514,Increased proportion of exhausted T cells,part of,http://purl.obolibrary.org/obo/UBERON_0000178,blood,False,,
http://purl.obolibrary.org/obo/HP_0031567,Abnormal aortic valve cusp morphology,characteristic of,http://purl.obolibrary.org/obo/UBERON_0005990,aortic valve cusp,False,,
http://purl.obolibrary.org/obo/HP_0031604,Agenesis of the carotid canal,characteristic of,http://purl.obolibrary.org/obo/UBERON_0006668,carotid canal,False,,
http://purl.obolibrary.org/obo/HP_0031605,Abnormality of fundus pigmentation,occurs in,http://purl.obolibrary.org/obo/UBERON_0003951,ocular fundus,False,,
http://purl.obolibrary.org/obo/HP_0031611,Sub-inner limiting membrane hemorrhage,part of,http://purl.obolibrary.org/obo/UBERON_0001794,inner limiting layer of retina,False,,
http://purl.obolibrary.org/obo/HP_0031627,Globus pallidus calcification,characteristic of,http://purl.obolibrary.org/obo/UBERON_0001875,globus pallidus,False,,
http://purl.obolibrary.org/obo/HP_0031643,Fusiform ascending tubular aorta aneurysm,part of,http://purl.obolibrary.org/obo/UBERON_0001496,ascending aorta,False,,
http://purl.obolibrary.org/obo/HP_0031644,Fusiform abdominal aortic aneurysm,part of,http://purl.obolibrary.org/obo/UBERON_0001516,abdominal aorta,False,,
http://purl.obolibrary.org/obo/HP_0031645,Saccular abdominal aortic aneurysm,part of,http://purl.obolibrary.org/obo/UBERON_0001516,abdominal aorta,False,,
http://purl.obolibrary.org/obo/HP_0031646,Fusiform aortic arch aneurysm,part of,http://purl.obolibrary.org/obo/UBERON_0001508,arch of aorta,False,,
http://purl.obolibrary.org/obo/HP_0031647,Saccular aortic arch aneurysm,part of,http://purl.obolibrary.org/obo/UBERON_0001508,arch of aorta,False,,
http://purl.obolibrary.org/obo/HP_0031650,Abnormal atrioventricular valve physiology,characteristic of,http://purl.obolibrary.org/obo/UBERON_0002133,atrioventricular valve,False,,
http://purl.obolibrary.org/obo/HP_0031651,Abnormal tricuspid valve physiology,characteristic of,http://purl.obolibrary.org/obo/UBERON_0002134,tricuspid valve,False,,
http://purl.obolibrary.org/obo/HP_0031652,Abnormal aortic valve physiology,characteristic of,http://purl.obolibrary.org/obo/UBERON_0002137,aortic valve,False,,
http://purl.obolibrary.org/obo/HP_0031653,Abnormal heart valve physiology,part of,http://purl.obolibrary.org/obo/UBERON_0000948,heart,False,,
http://purl.obolibrary.org/obo/HP_0031685,Abnormal stool composition,characteristic of part of,http://purl.obolibrary.org/obo/UBERON_0001988,feces,False,,
http://purl.obolibrary.org/obo/HP_0031703,Abnormal ear morphology,characteristic of part of,http://purl.obolibrary.org/obo/UBERON_0001690,ear,False,,
http://purl.obolibrary.org/obo/HP_0031704,Abnormal ear physiology,characteristic of,http://purl.obolibrary.org/obo/UBERON_0001690,ear,False,,
http://purl.obolibrary.org/obo/HP_0031711,Asymmetric abdominal aortic aneurysm,part of,http://purl.obolibrary.org/obo/UBERON_0001516,abdominal aorta,False,,
http://purl.obolibrary.org/obo/HP_0031783,Absent coronary sinus,characteristic of,http://purl.obolibrary.org/obo/UBERON_0005438,coronary sinus,False,,
http://purl.obolibrary.org/obo/HP_0031793,Increased serum leptin,part of,http://purl.obolibrary.org/obo/UBERON_0000178,blood,False,,
http://purl.obolibrary.org/obo/HP_0031794,Decreased circulating glycerol level,part of,http://purl.obolibrary.org/obo/UBERON_0000178,blood,False,,
http://purl.obolibrary.org/obo/HP_0031795,Abnormal circulating glycerol level,part of,http://purl.obolibrary.org/obo/UBERON_0000178,blood,False,,
http://purl.obolibrary.org/obo/HP_0031801,Vocal cord dysfunction,characteristic of,http://purl.obolibrary.org/obo/UBERON_0003706,laryngeal vocal fold,False,,
http://purl.obolibrary.org/obo/HP_0031803,Fundus hemorrhage,part of,http://purl.obolibrary.org/obo/UBERON_0003951,ocular fundus,False,,
http://purl.obolibrary.org/obo/HP_0031815,Abnormal oral physiology,characteristic of,http://purl.obolibrary.org/obo/UBERON_0000165,mouth,False,,
http://purl.obolibrary.org/obo/HP_0031816,Abnormal oral morphology,characteristic of part of,http://purl.obolibrary.org/obo/UBERON_0000165,mouth,False,,
http://purl.obolibrary.org/obo/HP_0031831,Decreased serum zinc,part of,http://purl.obolibrary.org/obo/UBERON_0001977,blood serum,False,,
http://purl.obolibrary.org/obo/HP_0031842,Lymphangiectasis,characteristic of,http://purl.obolibrary.org/obo/UBERON_0001473,lymphatic vessel,False,,
http://purl.obolibrary.org/obo/HP_0031879,Abnormal eyelid physiology,characteristic of,http://purl.obolibrary.org/obo/UBERON_0001711,eyelid,False,,
http://purl.obolibrary.org/obo/HP_0031886,Abnormal LDL cholesterol concentration,part of,http://purl.obolibrary.org/obo/UBERON_0000178,blood,False,,
http://purl.obolibrary.org/obo/HP_0031887,Abnormal chylomicron concentration,part of,http://purl.obolibrary.org/obo/UBERON_0000178,blood,False,,
http://purl.obolibrary.org/obo/HP_0031888,Abnormal HDL cholesterol concentration,part of,http://purl.obolibrary.org/obo/UBERON_0000178,blood,False,,
http://purl.obolibrary.org/obo/HP_0031889,Abnormal VLDL cholesterol concentration,part of,http://purl.obolibrary.org/obo/UBERON_0000178,blood,False,,
http://purl.obolibrary.org/obo/HP_0031891,Decreased total eosinophil count,part of,http://purl.obolibrary.org/obo/UBERON_0000178,blood,False,,
http://purl.obolibrary.org/obo/HP_0031910,Abnormal cranial nerve physiology,characteristic of,http://purl.obolibrary.org/obo/UBERON_0001785,cranial nerve,False,,
http://purl.obolibrary.org/obo/HP_0031941,Abnormal portal venous system morphology,characteristic of,http://purl.obolibrary.org/obo/UBERON_0002017,portal vein,False,,
http://purl.obolibrary.org/obo/HP_0031942,Congenital absence of portal vein,characteristic of,http://purl.obolibrary.org/obo/UBERON_0002017,portal vein,False,,
http://purl.obolibrary.org/obo/HP_0031945,"Elevated circulating N,N-dimethylglycine concentration",part of,http://purl.obolibrary.org/obo/UBERON_0000178,blood,False,,
http://purl.obolibrary.org/obo/HP_0031969,Reduced blood urea nitrogen,part of,http://purl.obolibrary.org/obo/UBERON_0000178,blood,False,,
http://purl.obolibrary.org/obo/HP_0031970,Abnormal blood urea nitrogen concentration,part of,http://purl.obolibrary.org/obo/UBERON_0000178,blood,False,,
http://purl.obolibrary.org/obo/HP_0031982,Abnormal putamen morphology,characteristic of part of,http://purl.obolibrary.org/obo/UBERON_0001874,putamen,False,,
http://purl.obolibrary.org/obo/HP_0032039,Abnormality of the ocular adnexa,characteristic of part of,http://purl.obolibrary.org/obo/UBERON_0035639,ocular adnexa,False,,
http://purl.obolibrary.org/obo/HP_0032040,Abnormal ocular adnexa physiology,characteristic of,http://purl.obolibrary.org/obo/UBERON_0035639,ocular adnexa,False,,
http://purl.obolibrary.org/obo/HP_0032045,Hypoplastic carotid canal,characteristic of,http://purl.obolibrary.org/obo/UBERON_0006668,carotid canal,False,,
http://purl.obolibrary.org/obo/HP_0032073,Aplasia of the fallopian tube,characteristic of,http://purl.obolibrary.org/obo/UBERON_0003889,fallopian tube,False,,
http://purl.obolibrary.org/obo/HP_0032077,Male urethral meatus stenosis,characteristic of,http://purl.obolibrary.org/obo/UBERON_0012241,male urethral meatus,False,,
http://purl.obolibrary.org/obo/HP_0032096,Abnormal manganese concentration,part of,http://purl.obolibrary.org/obo/UBERON_0000178,blood,False,,
http://purl.obolibrary.org/obo/HP_0032097,Hypermanganesemia,part of,http://purl.obolibrary.org/obo/UBERON_0000178,blood,False,,
http://purl.obolibrary.org/obo/HP_0032098,Hypomanganesemia,part of,http://purl.obolibrary.org/obo/UBERON_0000178,blood,False,,
http://purl.obolibrary.org/obo/HP_0032120,Abnormal peripheral nervous system physiology,characteristic of,http://purl.obolibrary.org/obo/UBERON_0000010,peripheral nervous system,False,,
http://purl.obolibrary.org/obo/HP_0032124,Abnormal unswitched memory B cell proportion,part of,http://purl.obolibrary.org/obo/UBERON_0000178,blood,False,,
http://purl.obolibrary.org/obo/HP_0032125,Increased unswitched memory B cell proportion,part of,http://purl.obolibrary.org/obo/UBERON_0000178,blood,False,,
http://purl.obolibrary.org/obo/HP_0032126,Decreased unswitched memory B cell proportion,part of,http://purl.obolibrary.org/obo/UBERON_0000178,blood,False,,
http://purl.obolibrary.org/obo/HP_0032127,Abnormal plasmablast proportion,part of,http://purl.obolibrary.org/obo/UBERON_0000178,blood,False,,
http://purl.obolibrary.org/obo/HP_0032128,Increased proportion of plasmablasts,part of,http://purl.obolibrary.org/obo/UBERON_0000178,blood,False,,
http://purl.obolibrary.org/obo/HP_0032129,Decreased proportion of plasmablasts,part of,http://purl.obolibrary.org/obo/UBERON_0000178,blood,False,,
http://purl.obolibrary.org/obo/HP_0032153,Joint subluxation,characteristic of,http://purl.obolibrary.org/obo/UBERON_0000982,skeletal joint,False,,
http://purl.obolibrary.org/obo/HP_0032164,Increased blood folate concentration,part of,http://purl.obolibrary.org/obo/UBERON_0000178,blood,False,,
http://purl.obolibrary.org/obo/HP_0032180,Abnormal circulating metabolite concentration,part of,http://purl.obolibrary.org/obo/UBERON_0000178,blood,False,,
http://purl.obolibrary.org/obo/HP_0032182,Abnormal memory T cell proportion,part of,http://purl.obolibrary.org/obo/UBERON_0000178,blood,False,,
http://purl.obolibrary.org/obo/HP_0032183,Decreased memory T cell proportion,part of,http://purl.obolibrary.org/obo/UBERON_0000178,blood,False,,
http://purl.obolibrary.org/obo/HP_0032184,Increased memory T cell proportion,part of,http://purl.obolibrary.org/obo/UBERON_0000178,blood,False,,
http://purl.obolibrary.org/obo/HP_0032205,Increased circulating galectin-3 level,part of,http://purl.obolibrary.org/obo/UBERON_0000178,blood,False,,
http://purl.obolibrary.org/obo/HP_0032209,Abnormal circulating free T3 concentration,part of,http://purl.obolibrary.org/obo/UBERON_0000178,blood,False,,
http://purl.obolibrary.org/obo/HP_0032210,Decreased circulating free T3,part of,http://purl.obolibrary.org/obo/UBERON_0000178,blood,False,,
http://purl.obolibrary.org/obo/HP_0032218,Decreased proportion of CD4+ T cells,part of,http://purl.obolibrary.org/obo/UBERON_0000178,blood,False,,
http://purl.obolibrary.org/obo/HP_0032219,Increased proportion of CD4+ T cells,part of,http://purl.obolibrary.org/obo/UBERON_0000178,blood,False,,
http://purl.obolibrary.org/obo/HP_0032254,Increased circulating copper concentration,part of,http://purl.obolibrary.org/obo/UBERON_0000178,blood,False,,
http://purl.obolibrary.org/obo/HP_0032273,Increased circulating N-acetylaspartic acid concentration,part of,http://purl.obolibrary.org/obo/UBERON_0000178,blood,False,,
http://purl.obolibrary.org/obo/HP_0032314,Abnormal areolar morphology,characteristic of,http://purl.obolibrary.org/obo/UBERON_0002032,areola,False,,
http://purl.obolibrary.org/obo/HP_0032345,Elevated cancer Ag 19-9 level,part of,http://purl.obolibrary.org/obo/UBERON_0000178,blood,False,,
http://purl.obolibrary.org/obo/HP_0032351,Phenylalaninuria,part of,http://purl.obolibrary.org/obo/UBERON_0001088,urine,False,,
http://purl.obolibrary.org/obo/HP_0032362,Increased circulating corticosterone level,part of,http://purl.obolibrary.org/obo/UBERON_0000178,blood,False,,
http://purl.obolibrary.org/obo/HP_0032363,Decreased circulating corticosterone level,part of,http://purl.obolibrary.org/obo/UBERON_0000178,blood,False,,
http://purl.obolibrary.org/obo/HP_0032368,Acidemia,characteristic of,http://purl.obolibrary.org/obo/UBERON_0000178,blood,False,,
http://purl.obolibrary.org/obo/HP_0032369,Alkalemia,characteristic of,http://purl.obolibrary.org/obo/UBERON_0000178,blood,False,,
http://purl.obolibrary.org/obo/HP_0032445,Pulmonary cyst,part of,http://purl.obolibrary.org/obo/UBERON_0002048,lung,False,,
http://purl.obolibrary.org/obo/HP_0032453,Abnormal lip pigmentation,occurs in,http://purl.obolibrary.org/obo/UBERON_0001833,lip,False,,
http://purl.obolibrary.org/obo/HP_0032464,Ureteral hypoplasia,characteristic of part of,http://purl.obolibrary.org/obo/UBERON_0000056,ureter,False,,
http://purl.obolibrary.org/obo/HP_0032466,Aplasia of the olfactory bulb,characteristic of,http://purl.obolibrary.org/obo/UBERON_0002264,olfactory bulb,False,,
http://purl.obolibrary.org/obo/HP_0032491,Increased circulating argininosuccinic acid,part of,http://purl.obolibrary.org/obo/UBERON_0000178,blood,False,,
http://purl.obolibrary.org/obo/HP_0032572,Abnormal urinary nucleobase concentration,part of,http://purl.obolibrary.org/obo/UBERON_0001088,urine,False,,
http://purl.obolibrary.org/obo/HP_0032599,Abnormal renal tubular epithelial morphology,part of,http://purl.obolibrary.org/obo/UBERON_0001231,nephron tubule,False,,
http://purl.obolibrary.org/obo/HP_0032618,Renal necrosis,characteristic of part of,http://purl.obolibrary.org/obo/UBERON_0008987,renal parenchyma,False,,
http://purl.obolibrary.org/obo/HP_0032620,Intrarenal abscess,part of,http://purl.obolibrary.org/obo/UBERON_0002113,kidney,False,,
http://purl.obolibrary.org/obo/HP_0032622,Tubular luminal dilatation,characteristic of,http://purl.obolibrary.org/obo/UBERON_0009773,renal tubule,False,,
http://purl.obolibrary.org/obo/HP_0032632,Renal papillary necrosis,characteristic of part of,http://purl.obolibrary.org/obo/UBERON_0001228,renal papilla,False,,
http://purl.obolibrary.org/obo/HP_0033042,Abnormal chorion morphology,characteristic of part of,http://purl.obolibrary.org/obo/UBERON_0003124,chorion membrane,False,,
http://purl.obolibrary.org/obo/HP_0033045,Bipedal edema,characteristic of,http://purl.obolibrary.org/obo/UBERON_0000978,leg,False,,
http://purl.obolibrary.org/obo/HP_0033083,Increased circulating farnesol concentration,part of,http://purl.obolibrary.org/obo/UBERON_0000178,blood,False,,
http://purl.obolibrary.org/obo/HP_0033091,Tyrosinuria,part of,http://purl.obolibrary.org/obo/UBERON_0001088,urine,False,,
http://purl.obolibrary.org/obo/HP_0033100,Increased proteinogenic amino acid level in urine,part of,http://purl.obolibrary.org/obo/UBERON_0001088,urine,False,,
http://purl.obolibrary.org/obo/HP_0033107,Abnormal circulating proteinogenic amino acid concentration,part of,http://purl.obolibrary.org/obo/UBERON_0000178,blood,False,,
http://purl.obolibrary.org/obo/HP_0033108,Abnormal circulating proteinogenic amino acid derivative concentration,part of,http://purl.obolibrary.org/obo/UBERON_0000178,blood,False,,
http://purl.obolibrary.org/obo/HP_0033109,Abnormal circulating non-proteinogenic amino acid concentration,part of,http://purl.obolibrary.org/obo/UBERON_0000178,blood,False,,
http://purl.obolibrary.org/obo/HP_0033110,Elevated circulating alpha-aminobutyric acid concentration,part of,http://purl.obolibrary.org/obo/UBERON_0000178,blood,False,,
http://purl.obolibrary.org/obo/HP_0033117,Duodenitis,occurs in,http://purl.obolibrary.org/obo/UBERON_0002114,duodenum,False,,
http://purl.obolibrary.org/obo/HP_0033124,Increased serum sorbitol concentration,part of,http://purl.obolibrary.org/obo/UBERON_0000178,blood,False,,
http://purl.obolibrary.org/obo/HP_0033139,Elevated circulating uracil concentration,part of,http://purl.obolibrary.org/obo/UBERON_0000178,blood,False,,
http://purl.obolibrary.org/obo/HP_0033142,Long nasal bridge,characteristic of,http://purl.obolibrary.org/obo/UBERON_0001681,nasal bone,False,,
http://purl.obolibrary.org/obo/HP_0033143,Jejunitis,occurs in,http://purl.obolibrary.org/obo/UBERON_0002115,jejunum,False,,
http://purl.obolibrary.org/obo/HP_0033146,Elevated circulating methylsuccinic acid concentration,part of,http://purl.obolibrary.org/obo/UBERON_0000178,blood,False,,
http://purl.obolibrary.org/obo/HP_0033147,Abnormal circulating short-chain fatty-acid concentration,part of,http://purl.obolibrary.org/obo/UBERON_0000178,blood,False,,
http://purl.obolibrary.org/obo/HP_0033148,Increased circulating isovaleric acid concentration,part of,http://purl.obolibrary.org/obo/UBERON_0000178,blood,False,,
http://purl.obolibrary.org/obo/HP_0033151,Abnormal pharynx morphology,characteristic of part of,http://purl.obolibrary.org/obo/UBERON_0001042,chordate pharynx,False,,
http://purl.obolibrary.org/obo/HP_0033152,Abnormal pharynx physiology,characteristic of part of,http://purl.obolibrary.org/obo/UBERON_0001042,chordate pharynx,False,,
http://purl.obolibrary.org/obo/HP_0033153,Elevated circulating dodecenoylcarnitine concentration,part of,http://purl.obolibrary.org/obo/UBERON_0000178,blood,False,,
http://purl.obolibrary.org/obo/HP_0033155,Elevated circulating L-alloisoleucine concentration,part of,http://purl.obolibrary.org/obo/UBERON_0000178,blood,False,,
http://purl.obolibrary.org/obo/HP_0033157,Elevated circulating 3-methylhistidine concentration,part of,http://purl.obolibrary.org/obo/UBERON_0000178,blood,False,,
http://purl.obolibrary.org/obo/HP_0033175,Elevated circulating 5-oxoproline concentration,part of,http://purl.obolibrary.org/obo/UBERON_0000178,blood,False,,
http://purl.obolibrary.org/obo/HP_0033177,Elevated circulating suberic acid concentration,part of,http://purl.obolibrary.org/obo/UBERON_0000178,blood,False,,
http://purl.obolibrary.org/obo/HP_0033301,Elevated circulating 1-methylhistidine concentration,part of,http://purl.obolibrary.org/obo/UBERON_0000178,blood,False,,
http://purl.obolibrary.org/obo/HP_0033302,Elevated circulating 4-hydroxyphenylacetic acid concentration,part of,http://purl.obolibrary.org/obo/UBERON_0000178,blood,False,,
http://purl.obolibrary.org/obo/HP_0033324,Elevated circulating homovanillic acid concentration,part of,http://purl.obolibrary.org/obo/UBERON_0000178,blood,False,,
http://purl.obolibrary.org/obo/HP_0033325,Elevated circulating sebacic acid concentration,part of,http://purl.obolibrary.org/obo/UBERON_0000178,blood,False,,
http://purl.obolibrary.org/obo/HP_0033340,Increased circulating guanosine concentration,part of,http://purl.obolibrary.org/obo/UBERON_0000178,blood,False,,
http://purl.obolibrary.org/obo/HP_0033341,Elevated circulating sitosterol concentration,part of,http://purl.obolibrary.org/obo/UBERON_0000178,blood,False,,
http://purl.obolibrary.org/obo/HP_0033356,Elevated circulating o-phosphoserine concentration,part of,http://purl.obolibrary.org/obo/UBERON_0000178,blood,False,,
http://purl.obolibrary.org/obo/HP_0033380,Nasal chondritis,occurs in,http://purl.obolibrary.org/obo/UBERON_0003407,cartilage of nasal septum,False,,
http://purl.obolibrary.org/obo/HP_0033387,Elevated circulating pyridinoline concentration,part of,http://purl.obolibrary.org/obo/UBERON_0000178,blood,False,,
http://purl.obolibrary.org/obo/HP_0033405,Abnormal circulating organic amino compound concentration,part of,http://purl.obolibrary.org/obo/UBERON_0000178,blood,False,,
http://purl.obolibrary.org/obo/HP_0033417,Elevated circulating hydroxybutyric acid concentration,part of,http://purl.obolibrary.org/obo/UBERON_0000178,blood,False,,
http://purl.obolibrary.org/obo/HP_0033419,Elevated circulating 3-hydroxybutyric acid concentration,part of,http://purl.obolibrary.org/obo/UBERON_0000178,blood,False,,
http://purl.obolibrary.org/obo/HP_0033435,Abnormal circulating keto acid concentration,part of,http://purl.obolibrary.org/obo/UBERON_0000178,blood,False,,
http://purl.obolibrary.org/obo/HP_0033437,Elevated circulating 4-methyl-2-oxopentanoic acid concentration,part of,http://purl.obolibrary.org/obo/UBERON_0000178,blood,False,,
http://purl.obolibrary.org/obo/HP_0033445,Reduced circulating acylcarnitine concentration,part of,http://purl.obolibrary.org/obo/UBERON_0000178,blood,False,,
http://purl.obolibrary.org/obo/HP_0033479,Abnormal circulating bilirubin concentration,part of,http://purl.obolibrary.org/obo/UBERON_0000178,blood,False,,
http://purl.obolibrary.org/obo/HP_0033480,Hypobilirubinemia,part of,http://purl.obolibrary.org/obo/UBERON_0000178,blood,False,,
http://purl.obolibrary.org/obo/HP_0033504,Elevated circulating fumarate concentration,part of,http://purl.obolibrary.org/obo/UBERON_0000178,blood,False,,
http://purl.obolibrary.org/obo/HP_0033538,Aortic annulus calcification,characteristic of,http://purl.obolibrary.org/obo/UBERON_0005991,aortic valve anulus,False,,
http://purl.obolibrary.org/obo/HP_0033631,Spondylitis,characteristic of part of,http://purl.obolibrary.org/obo/UBERON_0001130,vertebral column,False,,
http://purl.obolibrary.org/obo/HP_0033641,Aortic valve leaflet calcification,characteristic of,http://purl.obolibrary.org/obo/UBERON_0011742,aortic valve leaflet,False,,
http://purl.obolibrary.org/obo/HP_0033642,Mitral valve leaflet calcification,characteristic of,http://purl.obolibrary.org/obo/UBERON_0007151,mitral valve leaflet,False,,
http://purl.obolibrary.org/obo/HP_0033643,Increased circulating very long-chain fatty acid concentration,part of,http://purl.obolibrary.org/obo/UBERON_0000178,blood,False,,
http://purl.obolibrary.org/obo/HP_0034025,Abnormal circulating GABA concentration,part of,http://purl.obolibrary.org/obo/UBERON_0000178,blood,False,,
http://purl.obolibrary.org/obo/HP_0034203,Decreased iduronate sulfatase level,part of,http://purl.obolibrary.org/obo/UBERON_0000178,blood,False,,
http://purl.obolibrary.org/obo/HP_0034221,Abnormal temporal lobe morphology,characteristic of part of,http://purl.obolibrary.org/obo/UBERON_0001871,temporal lobe,False,,
http://purl.obolibrary.org/obo/HP_0034276,Elevated circulating thymidine concentration,part of,http://purl.obolibrary.org/obo/UBERON_0000178,blood,False,,
http://purl.obolibrary.org/obo/HP_0034277,Elevated circulating deoxyuridine concentration,part of,http://purl.obolibrary.org/obo/UBERON_0000178,blood,False,,
http://purl.obolibrary.org/obo/HP_0034290,Elevated circulating tiglylglycine concentration,part of,http://purl.obolibrary.org/obo/UBERON_0000178,blood,False,,
http://purl.obolibrary.org/obo/HP_0034291,Elevated circulating creatine concentration,part of,http://purl.obolibrary.org/obo/UBERON_0000178,blood,False,,
http://purl.obolibrary.org/obo/HP_0034292,Reduced circulating creatine concentration,part of,http://purl.obolibrary.org/obo/UBERON_0000178,blood,False,,
http://purl.obolibrary.org/obo/HP_0034297,Elevated circulating tetracosanoic acid concentration,part of,http://purl.obolibrary.org/obo/UBERON_0000178,blood,False,,
http://purl.obolibrary.org/obo/HP_0034298,Elevated circulating hexacosanoic acid concentration,part of,http://purl.obolibrary.org/obo/UBERON_0000178,blood,False,,
http://purl.obolibrary.org/obo/HP_0034321,Elevated circulating guanidinoacetic acid concentration,part of,http://purl.obolibrary.org/obo/UBERON_0000178,blood,False,,
http://purl.obolibrary.org/obo/HP_0034333,Increased circulating hypoxanthine concentration,part of,http://purl.obolibrary.org/obo/UBERON_0000178,blood,False,,
http://purl.obolibrary.org/obo/HP_0034383,Elevated circulating biliverdin concentration,part of,http://purl.obolibrary.org/obo/UBERON_0000178,blood,False,,
http://purl.obolibrary.org/obo/HP_0034438,Balanitis,occurs in,http://purl.obolibrary.org/obo/UBERON_0001299,glans penis,False,,
http://purl.obolibrary.org/obo/HP_0034441,Decreased circulating aspartic acid concentration,part of,http://purl.obolibrary.org/obo/UBERON_0000178,blood,False,,
http://purl.obolibrary.org/obo/HP_0034453,Hypoplastic umbilicus,characteristic of,http://purl.obolibrary.org/obo/UBERON_0007118,umbilicus,False,,
http://purl.obolibrary.org/obo/HP_0034455,Increased CSF taurine concentration,part of,http://purl.obolibrary.org/obo/UBERON_0001359,cerebrospinal fluid,False,,
http://purl.obolibrary.org/obo/HP_0034456,Elevated circulating glutathione concentration,part of,http://purl.obolibrary.org/obo/UBERON_0000178,blood,False,,
http://purl.obolibrary.org/obo/HP_0034460,Increased CSF uracil concentration,part of,http://purl.obolibrary.org/obo/UBERON_0001359,cerebrospinal fluid,False,,
http://purl.obolibrary.org/obo/HP_0034479,Enlarged epididymis,characteristic of part of,http://purl.obolibrary.org/obo/UBERON_0001301,epididymis,False,,
http://purl.obolibrary.org/obo/HP_0034500,Glenoid fracture,characteristic of,http://purl.obolibrary.org/obo/UBERON_0006657,glenoid fossa,False,,
http://purl.obolibrary.org/obo/HP_0034548,Portal vein hypoplasia,characteristic of,http://purl.obolibrary.org/obo/UBERON_0002017,portal vein,False,,
http://purl.obolibrary.org/obo/HP_0034592,Elevated circulating beta-aminoisobutyric acid concentration,part of,http://purl.obolibrary.org/obo/UBERON_0000178,blood,False,,
http://purl.obolibrary.org/obo/HP_0034593,Elevated circulating dihydrouracil concentration,part of,http://purl.obolibrary.org/obo/UBERON_0000178,blood,False,,
http://purl.obolibrary.org/obo/HP_0034594,Elevated circulating dihydrothymine concentration,part of,http://purl.obolibrary.org/obo/UBERON_0000178,blood,False,,
http://purl.obolibrary.org/obo/HP_0034606,Elevated circulating porphyrin concentration,part of,http://purl.obolibrary.org/obo/UBERON_0000178,blood,False,,
http://purl.obolibrary.org/obo/HP_0034611,Elevated circulating arabinitol concentration,part of,http://purl.obolibrary.org/obo/UBERON_0000178,blood,False,,
http://purl.obolibrary.org/obo/HP_0034614,Elevated circulating erythritol concentration,part of,http://purl.obolibrary.org/obo/UBERON_0000178,blood,False,,
http://purl.obolibrary.org/obo/HP_0034616,Abnormal circulating coenzyme concentration,part of,http://purl.obolibrary.org/obo/UBERON_0000178,blood,False,,
http://purl.obolibrary.org/obo/HP_0034617,Elevated circulating S-adenosyl methionine concentration,part of,http://purl.obolibrary.org/obo/UBERON_0000178,blood,False,,
http://purl.obolibrary.org/obo/HP_0034669,Abnormal knee morphology,characteristic of part of,http://purl.obolibrary.org/obo/UBERON_0001465,knee,False,,
http://purl.obolibrary.org/obo/HP_0034670,Abnormal knee physiology,characteristic of part of,http://purl.obolibrary.org/obo/UBERON_0001465,knee,False,,
http://purl.obolibrary.org/obo/HP_0034673,Abnormal ankle morphology,characteristic of part of,http://purl.obolibrary.org/obo/UBERON_0004454,tarsal region,False,,
http://purl.obolibrary.org/obo/HP_0034674,Abnormal ankle physiology,characteristic of part of,http://purl.obolibrary.org/obo/UBERON_0004454,tarsal region,False,,
http://purl.obolibrary.org/obo/HP_0034730,Elevated circulating S-adenosyl-L-homocysteine concentration,part of,http://purl.obolibrary.org/obo/UBERON_0000178,blood,False,,
http://purl.obolibrary.org/obo/HP_0034731,Elevated circulating S-adenosyl-L-methionine concentration,part of,http://purl.obolibrary.org/obo/UBERON_0000178,blood,False,,
http://purl.obolibrary.org/obo/HP_0034736,Elevated circulating alpha-oxoadipic acid concentration,part of,http://purl.obolibrary.org/obo/UBERON_0000178,blood,False,,
http://purl.obolibrary.org/obo/HP_0034741,Elevated circulating homoarginine concentration,part of,http://purl.obolibrary.org/obo/UBERON_0000178,blood,False,,
http://purl.obolibrary.org/obo/HP_0034745,Elevated circulating S-sulfocysteine concentration,part of,http://purl.obolibrary.org/obo/UBERON_0000178,blood,False,,
http://purl.obolibrary.org/obo/HP_0034869,Reduced erythrocyte free porphyrin concentration,part of,http://purl.obolibrary.org/obo/UBERON_0000178,blood,False,,
http://purl.obolibrary.org/obo/HP_0034870,Reduced circulating urocanic acid concentration,part of,http://purl.obolibrary.org/obo/UBERON_0000178,blood,False,,
http://purl.obolibrary.org/obo/HP_0034915,Abnormal anus morphology,characteristic of part of,http://purl.obolibrary.org/obo/UBERON_0001245,anus,False,,
http://purl.obolibrary.org/obo/HP_0034916,Abnormal anus physiology,characteristic of part of,http://purl.obolibrary.org/obo/UBERON_0001245,anus,False,,
http://purl.obolibrary.org/obo/HP_0034934,Abnormal circulating 7-dehydrocholesterol concentration,part of,http://purl.obolibrary.org/obo/UBERON_0000178,blood,False,,
http://purl.obolibrary.org/obo/HP_0034935,Decreased circulating 7-dehydrocholesterol concentration,part of,http://purl.obolibrary.org/obo/UBERON_0000178,blood,False,,
http://purl.obolibrary.org/obo/HP_0034936,Elevated circulating lathosterol concentration,part of,http://purl.obolibrary.org/obo/UBERON_0000178,blood,False,,
http://purl.obolibrary.org/obo/HP_0034938,Decreased circulating sialic acid concentration,part of,http://purl.obolibrary.org/obo/UBERON_0000178,blood,False,,
http://purl.obolibrary.org/obo/HP_0035030,Elevated circulating carnitine concentration,part of,http://purl.obolibrary.org/obo/UBERON_0000178,blood,False,,
http://purl.obolibrary.org/obo/HP_0040004,Abnormality of corneal shape,characteristic of,http://purl.obolibrary.org/obo/UBERON_0000964,cornea,False,,
http://purl.obolibrary.org/obo/HP_0040007,Absent pigmentation of chest,occurs in,http://purl.obolibrary.org/obo/UBERON_0001868,skin of chest,False,,
http://purl.obolibrary.org/obo/HP_0040008,Aplasia of facial bones,characteristic of,http://purl.obolibrary.org/obo/UBERON_0003462,facial bone,False,,
http://purl.obolibrary.org/obo/HP_0040010,Small posterior fossa,characteristic of,http://purl.obolibrary.org/obo/UBERON_0008788,posterior cranial fossa,False,,
http://purl.obolibrary.org/obo/HP_0040011,Flat posterior fossa,characteristic of part of,http://purl.obolibrary.org/obo/UBERON_0008788,posterior cranial fossa,False,,
http://purl.obolibrary.org/obo/HP_0040016,Prominent coccyx,characteristic of,http://purl.obolibrary.org/obo/UBERON_0001350,coccyx,False,,
http://purl.obolibrary.org/obo/HP_0040017,Protruding coccyx,characteristic of,http://purl.obolibrary.org/obo/UBERON_0001350,coccyx,False,,
http://purl.obolibrary.org/obo/HP_0040018,Clinodactyly of hallux,characteristic of,http://purl.obolibrary.org/obo/UBERON_0003631,pedal digit 1,False,,
http://purl.obolibrary.org/obo/HP_0040019,Finger clinodactyly,characteristic of,http://purl.obolibrary.org/obo/UBERON_0002389,manual digit,False,,
http://purl.obolibrary.org/obo/HP_0040022,Clinodactyly of the 2nd finger,characteristic of,http://purl.obolibrary.org/obo/UBERON_0003622,manual digit 2,False,,
http://purl.obolibrary.org/obo/HP_0040023,Clinodactyly of the thumb,characteristic of,http://purl.obolibrary.org/obo/UBERON_0001463,manual digit 1,False,,
http://purl.obolibrary.org/obo/HP_0040024,Clinodactyly of the 3rd finger,characteristic of,http://purl.obolibrary.org/obo/UBERON_0003623,manual digit 3,False,,
http://purl.obolibrary.org/obo/HP_0040025,Clinodactyly of the 4th finger,characteristic of,http://purl.obolibrary.org/obo/UBERON_0003624,manual digit 4,False,,
http://purl.obolibrary.org/obo/HP_0040030,Chorioretinal hypopigmentation,occurs in,http://purl.obolibrary.org/obo/UBERON_0000966,retina,False,,
http://purl.obolibrary.org/obo/HP_0040030,Chorioretinal hypopigmentation,occurs in,http://purl.obolibrary.org/obo/UBERON_0001776,optic choroid,False,,
http://purl.obolibrary.org/obo/HP_0040031,Chorioretinal hyperpigmentation,occurs in,http://purl.obolibrary.org/obo/UBERON_0000966,retina,False,,
http://purl.obolibrary.org/obo/HP_0040031,Chorioretinal hyperpigmentation,occurs in,http://purl.obolibrary.org/obo/UBERON_0001776,optic choroid,False,,
http://purl.obolibrary.org/obo/HP_0040032,Hypoplasia of the upper eyelids,characteristic of,http://purl.obolibrary.org/obo/UBERON_0001712,upper eyelid,False,,
http://purl.obolibrary.org/obo/HP_0040033,Aplasia/Hypoplasia of the fifth metatarsal bone,characteristic of,http://purl.obolibrary.org/obo/UBERON_0003654,metatarsal bone of digit 5,False,,
http://purl.obolibrary.org/obo/HP_0040034,Abnormality of the second metatarsal bone,characteristic of part of,http://purl.obolibrary.org/obo/UBERON_0003651,metatarsal bone of digit 2,False,,
http://purl.obolibrary.org/obo/HP_0040035,Abnormality of the fourth metatarsal bone,characteristic of part of,http://purl.obolibrary.org/obo/UBERON_0003653,metatarsal bone of digit 4,False,,
http://purl.obolibrary.org/obo/HP_0040036,Onychogryphosis of fingernail,characteristic of,http://purl.obolibrary.org/obo/UBERON_0009565,nail of manual digit,False,,
http://purl.obolibrary.org/obo/HP_0040039,Onycholysis of fingernails,characteristic of,http://purl.obolibrary.org/obo/UBERON_0005273,nail bed,False,,
http://purl.obolibrary.org/obo/HP_0040039,Onycholysis of fingernails,towards,http://purl.obolibrary.org/obo/UBERON_0009565,nail of manual digit,False,,
http://purl.obolibrary.org/obo/HP_0040040,Toenail onycholysis,characteristic of,http://purl.obolibrary.org/obo/UBERON_0005273,nail bed,False,,
http://purl.obolibrary.org/obo/HP_0040040,Toenail onycholysis,towards,http://purl.obolibrary.org/obo/UBERON_0009567,nail of pedal digit,False,,
http://purl.obolibrary.org/obo/HP_0040042,Aplasia of the eccrine sweat glands,characteristic of part of,http://purl.obolibrary.org/obo/UBERON_0000423,eccrine sweat gland,False,,
http://purl.obolibrary.org/obo/HP_0040043,Hypoplasia of the eccrine sweat glands,characteristic of part of,http://purl.obolibrary.org/obo/UBERON_0000423,eccrine sweat gland,False,,
http://purl.obolibrary.org/obo/HP_0040044,Hypoplasia of the diaphragm,characteristic of,http://purl.obolibrary.org/obo/UBERON_0001103,diaphragm,False,,
http://purl.obolibrary.org/obo/HP_0040049,Macular edema,characteristic of,http://purl.obolibrary.org/obo/UBERON_0000053,macula lutea,False,,
http://purl.obolibrary.org/obo/HP_0040050,Sparse upper eyelashes,characteristic of,http://purl.obolibrary.org/obo/UBERON_0019254,upper eyelash,False,,
http://purl.obolibrary.org/obo/HP_0040051,Abnormality of upper eyelashes,characteristic of part of,http://purl.obolibrary.org/obo/UBERON_0019254,upper eyelash,False,,
http://purl.obolibrary.org/obo/HP_0040052,Abnormality of lower eyelashes,characteristic of part of,http://purl.obolibrary.org/obo/UBERON_0019255,lower eyelash,False,,
http://purl.obolibrary.org/obo/HP_0040053,Long lower eyelashes,characteristic of,http://purl.obolibrary.org/obo/UBERON_0019255,lower eyelash,False,,
http://purl.obolibrary.org/obo/HP_0040054,Short upper eyelashes,characteristic of,http://purl.obolibrary.org/obo/UBERON_0019254,upper eyelash,False,,
http://purl.obolibrary.org/obo/HP_0040055,Short lower eyelashes,characteristic of,http://purl.obolibrary.org/obo/UBERON_0019255,lower eyelash,False,,
http://purl.obolibrary.org/obo/HP_0040056,Absent upper eyelashes,characteristic of,http://purl.obolibrary.org/obo/UBERON_0019254,upper eyelash,False,,
http://purl.obolibrary.org/obo/HP_0040057,Abnormal nasal hair morphology,characteristic of part of,http://purl.obolibrary.org/obo/UBERON_0011931,nasal hair,False,,
http://purl.obolibrary.org/obo/HP_0040059,Calcification of ribs,characteristic of part of,http://purl.obolibrary.org/obo/UBERON_0002228,rib,False,,
http://purl.obolibrary.org/obo/HP_0040061,Osteosclerosis of the radius,occurs in,http://purl.obolibrary.org/obo/UBERON_0001423,radius bone,False,,
http://purl.obolibrary.org/obo/HP_0040062,Slender radius,characteristic of,http://purl.obolibrary.org/obo/UBERON_0001423,radius bone,False,,
http://purl.obolibrary.org/obo/HP_0040064,Abnormality of limbs,characteristic of part of,http://purl.obolibrary.org/obo/UBERON_0002101,limb,False,,
http://purl.obolibrary.org/obo/HP_0040068,Abnormality of limb bone,characteristic of part of,http://purl.obolibrary.org/obo/UBERON_0002428,limb bone,False,,
http://purl.obolibrary.org/obo/HP_0040069,Abnormal lower limb bone morphology,characteristic of part of,http://purl.obolibrary.org/obo/UBERON_0010742,bone of pelvic complex,False,,
http://purl.obolibrary.org/obo/HP_0040070,Abnormal upper limb bone morphology,characteristic of part of,http://purl.obolibrary.org/obo/UBERON_0010741,bone of pectoral complex,False,,
http://purl.obolibrary.org/obo/HP_0040071,Abnormal morphology of ulna,characteristic of,http://purl.obolibrary.org/obo/UBERON_0001424,ulna,False,,
http://purl.obolibrary.org/obo/HP_0040072,Abnormal forearm bone morphology,characteristic of part of,http://purl.obolibrary.org/obo/UBERON_0003466,forelimb zeugopod bone,False,,
http://purl.obolibrary.org/obo/HP_0040075,Hypopituitarism,occurs in,http://purl.obolibrary.org/obo/UBERON_0000007,pituitary gland,False,,
http://purl.obolibrary.org/obo/HP_0040081,Abnormal circulating creatine kinase concentration,part of,http://purl.obolibrary.org/obo/UBERON_0000178,blood,False,,
http://purl.obolibrary.org/obo/HP_0040084,Abnormal circulating renin concentration,part of,http://purl.obolibrary.org/obo/UBERON_0000178,blood,False,,
http://purl.obolibrary.org/obo/HP_0040085,Abnormal circulating aldosterone concentration,part of,http://purl.obolibrary.org/obo/UBERON_0000178,blood,False,,
http://purl.obolibrary.org/obo/HP_0040087,Abnormal blood folate concentration,part of,http://purl.obolibrary.org/obo/UBERON_0000178,blood,False,,
http://purl.obolibrary.org/obo/HP_0040090,Abnormal tympanic membrane morphology,characteristic of part of,http://purl.obolibrary.org/obo/UBERON_0002364,tympanic membrane,False,,
http://purl.obolibrary.org/obo/HP_0040117,Atresia of the Eustachian tube,characteristic of,http://purl.obolibrary.org/obo/UBERON_0002393,pharyngotympanic tube,False,,
http://purl.obolibrary.org/obo/HP_0040118,Stenosis of the Eustachian tube,characteristic of,http://purl.obolibrary.org/obo/UBERON_0002393,pharyngotympanic tube,False,,
http://purl.obolibrary.org/obo/HP_0040126,Abnormal circulating vitamin B12 concentration,part of,http://purl.obolibrary.org/obo/UBERON_0000178,blood,False,,
http://purl.obolibrary.org/obo/HP_0040130,Abnormal circulating iron concentration,part of,http://purl.obolibrary.org/obo/UBERON_0001977,blood serum,False,,
http://purl.obolibrary.org/obo/HP_0040133,Abnormal circulating ferritin concentration,part of,http://purl.obolibrary.org/obo/UBERON_0001977,blood serum,False,,
http://purl.obolibrary.org/obo/HP_0040134,Abnormal hepatic iron concentration,part of,http://purl.obolibrary.org/obo/UBERON_0002107,liver,False,,
http://purl.obolibrary.org/obo/HP_0040140,Degeneration of the striatum,characteristic of,http://purl.obolibrary.org/obo/UBERON_0002435,striatum,False,,
http://purl.obolibrary.org/obo/HP_0040144,L-2-hydroxyglutaric aciduria,characteristic of,http://purl.obolibrary.org/obo/UBERON_0001088,urine,False,,
http://purl.obolibrary.org/obo/HP_0040146,D-2-hydroxyglutaric acidemia,characteristic of,http://purl.obolibrary.org/obo/UBERON_0000178,blood,False,,
http://purl.obolibrary.org/obo/HP_0040147,L-2-hydroxyglutaric acidemia,characteristic of,http://purl.obolibrary.org/obo/UBERON_0000178,blood,False,,
http://purl.obolibrary.org/obo/HP_0040155,Elevated urinary 3-hydroxybutyric acid,part of,http://purl.obolibrary.org/obo/UBERON_0001088,urine,False,,
http://purl.obolibrary.org/obo/HP_0040156,Elevated urinary carboxylic acid,part of,http://purl.obolibrary.org/obo/UBERON_0001088,urine,False,,
http://purl.obolibrary.org/obo/HP_0040157,Abnormal intermamillary distance,characteristic of,http://purl.obolibrary.org/obo/UBERON_0013771,line connecting laterally paired nipples,False,,
http://purl.obolibrary.org/obo/HP_0040158,Short intermamillary distance,characteristic of,http://purl.obolibrary.org/obo/UBERON_0013771,line connecting laterally paired nipples,False,,
http://purl.obolibrary.org/obo/HP_0040163,Abnormal pelvis bone morphology,characteristic of,http://purl.obolibrary.org/obo/UBERON_0007830,pelvic girdle bone/zone,False,,
http://purl.obolibrary.org/obo/HP_0040165,Periostitis,occurs in,http://purl.obolibrary.org/obo/UBERON_0002515,periosteum,False,,
http://purl.obolibrary.org/obo/HP_0040171,Decreased serum testosterone concentration,part of,http://purl.obolibrary.org/obo/UBERON_0000178,blood,False,,
http://purl.obolibrary.org/obo/HP_0040172,Abnormality of occipitofrontalis muscle,characteristic of part of,http://purl.obolibrary.org/obo/UBERON_0010946,occipitofrontalis muscle,False,,
http://purl.obolibrary.org/obo/HP_0040173,Abnormality of the tongue muscle,characteristic of part of,http://purl.obolibrary.org/obo/UBERON_0000378,tongue muscle,False,,
http://purl.obolibrary.org/obo/HP_0040174,Abnormality of extrinsic muscle of tongue,characteristic of part of,http://purl.obolibrary.org/obo/UBERON_0001575,extrinsic muscle of tongue,False,,
http://purl.obolibrary.org/obo/HP_0040176,Abnormal circulating phospholipid concentration,part of,http://purl.obolibrary.org/obo/UBERON_0000178,blood,False,,
http://purl.obolibrary.org/obo/HP_0040184,Oral bleeding,part of,http://purl.obolibrary.org/obo/UBERON_0000167,oral cavity,False,,
http://purl.obolibrary.org/obo/HP_0040191,Rectus femoris muscle atrophy,characteristic of,http://purl.obolibrary.org/obo/UBERON_0001378,rectus femoris,False,,
http://purl.obolibrary.org/obo/HP_0040194,Increased head circumference,characteristic of,http://purl.obolibrary.org/obo/UBERON_0000033,head,False,,
http://purl.obolibrary.org/obo/HP_0040195,Decreased head circumference,characteristic of,http://purl.obolibrary.org/obo/UBERON_0000033,head,False,,
http://purl.obolibrary.org/obo/HP_0040203,Abnormal CSF neopterin concentration,part of,http://purl.obolibrary.org/obo/UBERON_0001359,cerebrospinal fluid,False,,
http://purl.obolibrary.org/obo/HP_0040204,Elevated CSF neopterin level,part of,http://purl.obolibrary.org/obo/UBERON_0001359,cerebrospinal fluid,False,,
http://purl.obolibrary.org/obo/HP_0040205,Decreased CSF neopterin level,part of,http://purl.obolibrary.org/obo/UBERON_0001359,cerebrospinal fluid,False,,
http://purl.obolibrary.org/obo/HP_0040206,Abnormal circulating neopterin concentration,part of,http://purl.obolibrary.org/obo/UBERON_0000178,blood,False,,
http://purl.obolibrary.org/obo/HP_0040207,Abnormal CSF pterin concentration,part of,http://purl.obolibrary.org/obo/UBERON_0001359,cerebrospinal fluid,False,,
http://purl.obolibrary.org/obo/HP_0040208,Elevated CSF biopterin level,part of,http://purl.obolibrary.org/obo/UBERON_0001359,cerebrospinal fluid,False,,
http://purl.obolibrary.org/obo/HP_0040209,Decreased CSF biopterin level,part of,http://purl.obolibrary.org/obo/UBERON_0001359,cerebrospinal fluid,False,,
http://purl.obolibrary.org/obo/HP_0040210,Abnormal circulating biopterin concentration,part of,http://purl.obolibrary.org/obo/UBERON_0000178,blood,False,,
http://purl.obolibrary.org/obo/HP_0040211,Abnormal skin morphology of the palm,part of,http://purl.obolibrary.org/obo/UBERON_0008878,palmar part of manus,False,,
http://purl.obolibrary.org/obo/HP_0040214,Abnormal circulating insulin concentration,part of,http://purl.obolibrary.org/obo/UBERON_0000178,blood,False,,
http://purl.obolibrary.org/obo/HP_0040216,Hypoinsulinemia,part of,http://purl.obolibrary.org/obo/UBERON_0000178,blood,False,,
http://purl.obolibrary.org/obo/HP_0040220,Abnormal size of the dental root,characteristic of,http://purl.obolibrary.org/obo/UBERON_0003677,tooth root,False,,
http://purl.obolibrary.org/obo/HP_0040221,Hypoplasia of the dental root,characteristic of,http://purl.obolibrary.org/obo/UBERON_0003677,tooth root,False,,
http://purl.obolibrary.org/obo/HP_0040223,Pulmonary hemorrhage,part of,http://purl.obolibrary.org/obo/UBERON_0002048,lung,False,,
http://purl.obolibrary.org/obo/HP_0040242,Muscle hemorrhage,part of,http://purl.obolibrary.org/obo/UBERON_0001015,musculature,False,,
http://purl.obolibrary.org/obo/HP_0040252,Abnormal size of the clitoris,characteristic of,http://purl.obolibrary.org/obo/UBERON_0002411,clitoris,False,,
http://purl.obolibrary.org/obo/HP_0040253,Increased size of the clitoris,characteristic of,http://purl.obolibrary.org/obo/UBERON_0002411,clitoris,False,,
http://purl.obolibrary.org/obo/HP_0040254,Decreased size of the clitoris,characteristic of,http://purl.obolibrary.org/obo/UBERON_0002411,clitoris,False,,
http://purl.obolibrary.org/obo/HP_0040255,Aplasia/Hypoplasia of the clitoris,characteristic of,http://purl.obolibrary.org/obo/UBERON_0002411,clitoris,False,,
http://purl.obolibrary.org/obo/HP_0040256,Aplastic/Hypoplastic nasopharyngeal adenoids,characteristic of,http://purl.obolibrary.org/obo/UBERON_0001732,pharyngeal tonsil,False,,
http://purl.obolibrary.org/obo/HP_0040257,Abnormal size of nasopharyngeal adenoids,characteristic of,http://purl.obolibrary.org/obo/UBERON_0001732,pharyngeal tonsil,False,,
http://purl.obolibrary.org/obo/HP_0040258,Hypoplastic nasopharyngeal adenoids,characteristic of,http://purl.obolibrary.org/obo/UBERON_0001732,pharyngeal tonsil,False,,
http://purl.obolibrary.org/obo/HP_0040259,Aplastic nasopharyngeal adenoids,characteristic of,http://purl.obolibrary.org/obo/UBERON_0001732,pharyngeal tonsil,False,,
http://purl.obolibrary.org/obo/HP_0040260,Decreased size of nasopharyngeal adenoids,characteristic of,http://purl.obolibrary.org/obo/UBERON_0001732,pharyngeal tonsil,False,,
http://purl.obolibrary.org/obo/HP_0040261,Increased size of nasopharyngeal adenoids,characteristic of,http://purl.obolibrary.org/obo/UBERON_0001732,pharyngeal tonsil,False,,
http://purl.obolibrary.org/obo/HP_0040265,Upper limb muscle hypertrophy,characteristic of,http://purl.obolibrary.org/obo/UBERON_0004481,musculature of upper limb,False,,
http://purl.obolibrary.org/obo/HP_0040286,Abnormal axial muscle morphology,characteristic of part of,http://purl.obolibrary.org/obo/UBERON_0003897,axial muscle,False,,
http://purl.obolibrary.org/obo/HP_0040287,Axial muscle atrophy,characteristic of,http://purl.obolibrary.org/obo/UBERON_0003897,axial muscle,False,,
http://purl.obolibrary.org/obo/HP_0040291,Skeletal muscle steatosis,part of,http://purl.obolibrary.org/obo/UBERON_0018254,skeletal musculature,False,,
http://purl.obolibrary.org/obo/HP_0040294,Duplicated tongue,towards,http://purl.obolibrary.org/obo/UBERON_0001723,tongue,False,,
http://purl.obolibrary.org/obo/HP_0040295,Duplication of the upper lip,towards,http://purl.obolibrary.org/obo/UBERON_0001834,upper lip,False,,
http://purl.obolibrary.org/obo/HP_0040296,Abnormal location of the eyebrow,characteristic of,http://purl.obolibrary.org/obo/UBERON_0010163,eyebrow,False,,
http://purl.obolibrary.org/obo/HP_0040298,Hyperplasia of the endometrium,characteristic of,http://purl.obolibrary.org/obo/UBERON_0001295,endometrium,False,,
http://purl.obolibrary.org/obo/HP_0040301,Increased urinary glycerol,part of,http://purl.obolibrary.org/obo/UBERON_0001088,urine,False,,
http://purl.obolibrary.org/obo/HP_0040302,Hyperglycerolemia,part of,http://purl.obolibrary.org/obo/UBERON_0000178,blood,False,,
http://purl.obolibrary.org/obo/HP_0040303,Decreased circulating iron concentration,part of,http://purl.obolibrary.org/obo/UBERON_0001977,blood serum,False,,
http://purl.obolibrary.org/obo/HP_0040304,Duplication of the sella turcica,towards,http://purl.obolibrary.org/obo/UBERON_0003689,sella turcica,False,,
http://purl.obolibrary.org/obo/HP_0040309,Increased size of the mandible,characteristic of,http://purl.obolibrary.org/obo/UBERON_0001684,mandible,False,,
http://purl.obolibrary.org/obo/HP_0040315,Tongue edema,characteristic of,http://purl.obolibrary.org/obo/UBERON_0001723,tongue,False,,
http://purl.obolibrary.org/obo/HP_0040317,Blue urine,characteristic of,http://purl.obolibrary.org/obo/UBERON_0001088,urine,False,,
http://purl.obolibrary.org/obo/HP_0040318,Red urine,characteristic of,http://purl.obolibrary.org/obo/UBERON_0001088,urine,False,,
http://purl.obolibrary.org/obo/HP_0040326,Hypoplasia of the olfactory bulb,characteristic of,http://purl.obolibrary.org/obo/UBERON_0002264,olfactory bulb,False,,
http://purl.obolibrary.org/obo/HP_0040327,Abnormal morphology of the olfactory bulb,characteristic of,http://purl.obolibrary.org/obo/UBERON_0002264,olfactory bulb,False,,
http://purl.obolibrary.org/obo/HP_0040425,Abnormal urinary hypoxanthine level,part of,http://purl.obolibrary.org/obo/UBERON_0001088,urine,False,,
http://purl.obolibrary.org/obo/HP_0040426,Decreased urinary hypoxanthine level,part of,http://purl.obolibrary.org/obo/UBERON_0001088,urine,False,,
http://purl.obolibrary.org/obo/HP_0041050,Renal tubular cyst,part of,http://purl.obolibrary.org/obo/UBERON_0009773,renal tubule,False,,
http://purl.obolibrary.org/obo/HP_0041052,Agenesis of putamen,characteristic of,http://purl.obolibrary.org/obo/UBERON_0001874,putamen,False,,
http://purl.obolibrary.org/obo/HP_0041055,Fractured humerus,characteristic of,http://purl.obolibrary.org/obo/UBERON_0000976,humerus,False,,
http://purl.obolibrary.org/obo/HP_0041061,Fractured calcaneus,characteristic of,http://purl.obolibrary.org/obo/UBERON_0001450,calcaneus,False,,
http://purl.obolibrary.org/obo/HP_0041073,Fractured thoracic vertebra,characteristic of,http://purl.obolibrary.org/obo/UBERON_0002347,thoracic vertebra,False,,
http://purl.obolibrary.org/obo/HP_0041076,Abnormal immunoglobulin level in body fluid,part of,http://purl.obolibrary.org/obo/UBERON_0006314,bodily fluid,False,,
http://purl.obolibrary.org/obo/HP_0041077,Increased immunoglobulin level in body fluid,part of,http://purl.obolibrary.org/obo/UBERON_0006314,bodily fluid,False,,
http://purl.obolibrary.org/obo/HP_0041078,Decreased immunoglobulin level in body fluid,part of,http://purl.obolibrary.org/obo/UBERON_0006314,bodily fluid,False,,
http://purl.obolibrary.org/obo/HP_0041080,Abnormal proportion of exhausted T cells,part of,http://purl.obolibrary.org/obo/UBERON_0000178,blood,False,,
http://purl.obolibrary.org/obo/HP_0041081,Fractured lower leg,characteristic of,http://purl.obolibrary.org/obo/UBERON_0004251,hindlimb zeugopod bone,False,,
http://purl.obolibrary.org/obo/HP_0041082,Fractured skull,characteristic of,http://purl.obolibrary.org/obo/UBERON_0003129,skull,False,,
http://purl.obolibrary.org/obo/HP_0041083,Fractured phalanx,characteristic of,http://purl.obolibrary.org/obo/UBERON_0003221,phalanx,False,,
http://purl.obolibrary.org/obo/HP_0041084,Compression-fractured thoracic vertebra,characteristic of,http://purl.obolibrary.org/obo/UBERON_0002347,thoracic vertebra,False,,
http://purl.obolibrary.org/obo/HP_0041085,Compression-fractured vertebra,characteristic of,http://purl.obolibrary.org/obo/UBERON_0002412,vertebra,False,,
http://purl.obolibrary.org/obo/HP_0041086,Compression-fractured cervical vertebra,characteristic of,http://purl.obolibrary.org/obo/UBERON_0002413,cervical vertebra,False,,
http://purl.obolibrary.org/obo/HP_0041087,Compression-fractured lumbar vertebra,characteristic of,http://purl.obolibrary.org/obo/UBERON_0002414,lumbar vertebra,False,,
http://purl.obolibrary.org/obo/HP_0041088,Avulsion fractured humerus,characteristic of,http://purl.obolibrary.org/obo/UBERON_0000976,humerus,False,,
http://purl.obolibrary.org/obo/HP_0041089,Avulsion fractured tibia,characteristic of,http://purl.obolibrary.org/obo/UBERON_0000979,tibia,False,,
http://purl.obolibrary.org/obo/HP_0041091,Avulsion fractured epiphysis of femur,characteristic of,http://purl.obolibrary.org/obo/UBERON_0004384,epiphysis of femur,False,,
http://purl.obolibrary.org/obo/HP_0041114,Fractured metaphysis of femur,characteristic of,http://purl.obolibrary.org/obo/UBERON_0006865,metaphysis of femur,False,,
http://purl.obolibrary.org/obo/HP_0041115,Fractured right clavicle,characteristic of,http://purl.obolibrary.org/obo/UBERON_0008255,right clavicle,False,,
http://purl.obolibrary.org/obo/HP_0041116,Fractured left clavicle,characteristic of,http://purl.obolibrary.org/obo/UBERON_0008256,left clavicle,False,,
http://purl.obolibrary.org/obo/HP_0041117,Fractured lower limb segment,characteristic of,http://purl.obolibrary.org/obo/UBERON_0008784,lower limb segment,False,,
http://purl.obolibrary.org/obo/HP_0041118,Fractured upper limb segment,characteristic of,http://purl.obolibrary.org/obo/UBERON_0008785,upper limb segment,False,,
http://purl.obolibrary.org/obo/HP_0041119,Fractured metacarpus skeleton,characteristic of,http://purl.obolibrary.org/obo/UBERON_0010544,metacarpus skeleton,False,,
http://purl.obolibrary.org/obo/HP_0041121,Fractured epiphysis of fifth metacarpal bone,characteristic of,http://purl.obolibrary.org/obo/UBERON_0011104,epiphysis of fifth metacarpal bone,False,,
http://purl.obolibrary.org/obo/HP_0041143,Fractured tibia,characteristic of,http://purl.obolibrary.org/obo/UBERON_0000979,tibia,False,,
http://purl.obolibrary.org/obo/HP_0041144,Fractured clavicle bone,characteristic of,http://purl.obolibrary.org/obo/UBERON_0001105,clavicle bone,False,,
http://purl.obolibrary.org/obo/HP_0041145,Fractured acetabular part of hip bone,characteristic of,http://purl.obolibrary.org/obo/UBERON_0001269,acetabular part of hip bone,False,,
http://purl.obolibrary.org/obo/HP_0041146,Fractured coccyx,characteristic of,http://purl.obolibrary.org/obo/UBERON_0001350,coccyx,False,,
http://purl.obolibrary.org/obo/HP_0041147,Fractured epiphysis,characteristic of,http://purl.obolibrary.org/obo/UBERON_0001437,epiphysis,False,,
http://purl.obolibrary.org/obo/HP_0041149,Fractured navicular bone of pes,characteristic of,http://purl.obolibrary.org/obo/UBERON_0001451,navicular bone of pes,False,,
http://purl.obolibrary.org/obo/HP_0041150,Fractured cuboid bone,characteristic of,http://purl.obolibrary.org/obo/UBERON_0001455,cuboid bone,False,,
http://purl.obolibrary.org/obo/HP_0041152,Fractured sternoclavicular joint,characteristic of,http://purl.obolibrary.org/obo/UBERON_0001469,sternoclavicular joint,False,,
http://purl.obolibrary.org/obo/HP_0041153,Fractured ankle,characteristic of,http://purl.obolibrary.org/obo/UBERON_0001488,ankle joint,False,,
http://purl.obolibrary.org/obo/HP_0041155,Fractured mandible,characteristic of,http://purl.obolibrary.org/obo/UBERON_0001684,mandible,False,,
http://purl.obolibrary.org/obo/HP_0041156,Fractured orbit of skull,characteristic of,http://purl.obolibrary.org/obo/UBERON_0001697,orbit of skull,False,,
http://purl.obolibrary.org/obo/HP_0041157,Fractured larynx,characteristic of,http://purl.obolibrary.org/obo/UBERON_0001737,larynx,False,,
http://purl.obolibrary.org/obo/HP_0041159,Fractured rib,characteristic of,http://purl.obolibrary.org/obo/UBERON_0002228,rib,False,,
http://purl.obolibrary.org/obo/HP_0041162,Metatarsal fracture,characteristic of,http://purl.obolibrary.org/obo/UBERON_0001445,skeleton of pes,False,,
http://purl.obolibrary.org/obo/HP_0041163,Fractured manual digit,characteristic of,http://purl.obolibrary.org/obo/UBERON_0002389,manual digit,False,,
http://purl.obolibrary.org/obo/HP_0041164,Fractured talus,characteristic of,http://purl.obolibrary.org/obo/UBERON_0002395,talus,False,,
http://purl.obolibrary.org/obo/HP_0041165,Fractured maxilla,characteristic of,http://purl.obolibrary.org/obo/UBERON_0002397,maxilla,False,,
http://purl.obolibrary.org/obo/HP_0041166,Fractured vertebra,characteristic of,http://purl.obolibrary.org/obo/UBERON_0002412,vertebra,False,,
http://purl.obolibrary.org/obo/HP_0041167,Fractured cervical vertebra,characteristic of,http://purl.obolibrary.org/obo/UBERON_0002413,cervical vertebra,False,,
http://purl.obolibrary.org/obo/HP_0041168,Fractured lumbar vertebra,characteristic of,http://purl.obolibrary.org/obo/UBERON_0002414,lumbar vertebra,False,,
http://purl.obolibrary.org/obo/HP_0041172,Fractured fused sacrum,characteristic of,http://purl.obolibrary.org/obo/UBERON_0003690,fused sacrum,False,,
http://purl.obolibrary.org/obo/HP_0041173,Fractured metacarpophalangeal joint,characteristic of,http://purl.obolibrary.org/obo/UBERON_0003695,metacarpophalangeal joint,False,,
http://purl.obolibrary.org/obo/HP_0041174,Fractured distal finger phalanx,characteristic of,http://purl.obolibrary.org/obo/UBERON_0003865,distal phalanx of manus,False,,
http://purl.obolibrary.org/obo/HP_0041175,Fractured middle phalanx of pes,characteristic of,http://purl.obolibrary.org/obo/UBERON_0003866,middle phalanx of pes,False,,
http://purl.obolibrary.org/obo/HP_0041176,Fractured distal phalanx of manual digit 2,characteristic of,http://purl.obolibrary.org/obo/UBERON_0004311,distal phalanx of manual digit 2,False,,
http://purl.obolibrary.org/obo/HP_0041177,Fractured distal phalanx of manual digit 3,characteristic of,http://purl.obolibrary.org/obo/UBERON_0004312,distal phalanx of manual digit 3,False,,
http://purl.obolibrary.org/obo/HP_0041178,Fractured distal phalanx of manual digit 4,characteristic of,http://purl.obolibrary.org/obo/UBERON_0004313,distal phalanx of manual digit 4,False,,
http://purl.obolibrary.org/obo/HP_0041179,Fractured distal phalanx of manual digit 5,characteristic of,http://purl.obolibrary.org/obo/UBERON_0004314,distal phalanx of manual digit 5,False,,
http://purl.obolibrary.org/obo/HP_0041180,Fractured distal phalanx of pedal digit 1,characteristic of,http://purl.obolibrary.org/obo/UBERON_0004315,distal phalanx of pedal digit 1,False,,
http://purl.obolibrary.org/obo/HP_0041181,Fractured distal phalanx of pedal digit 3,characteristic of,http://purl.obolibrary.org/obo/UBERON_0004317,distal phalanx of pedal digit 3,False,,
http://purl.obolibrary.org/obo/HP_0041182,Fractured middle phalanx of manual digit 2,characteristic of,http://purl.obolibrary.org/obo/UBERON_0004320,middle phalanx of manual digit 2,False,,
http://purl.obolibrary.org/obo/HP_0041183,Fractured middle phalanx of manual digit 3,characteristic of,http://purl.obolibrary.org/obo/UBERON_0004321,middle phalanx of manual digit 3,False,,
http://purl.obolibrary.org/obo/HP_0041184,Fractured middle phalanx of manual digit 4,characteristic of,http://purl.obolibrary.org/obo/UBERON_0004322,middle phalanx of manual digit 4,False,,
http://purl.obolibrary.org/obo/HP_0041185,Fractured middle phalanx of manual digit 5,characteristic of,http://purl.obolibrary.org/obo/UBERON_0004323,middle phalanx of manual digit 5,False,,
http://purl.obolibrary.org/obo/HP_0041186,Fractured middle phalanx of pedal digit 3,characteristic of,http://purl.obolibrary.org/obo/UBERON_0004325,middle phalanx of pedal digit 3,False,,
http://purl.obolibrary.org/obo/HP_0041187,Fractured proximal phalanx of pedal digit 1,characteristic of,http://purl.obolibrary.org/obo/UBERON_0004332,proximal phalanx of pedal digit 1,False,,
http://purl.obolibrary.org/obo/HP_0041188,Fractured proximal phalanx of manual digit 1,characteristic of,http://purl.obolibrary.org/obo/UBERON_0004338,proximal phalanx of manual digit 1,False,,
http://purl.obolibrary.org/obo/HP_0041189,Fractured epiphysis of femur,characteristic of,http://purl.obolibrary.org/obo/UBERON_0004384,epiphysis of femur,False,,
http://purl.obolibrary.org/obo/HP_0041190,Fractured epiphysis of second metacarpal bone,characteristic of,http://purl.obolibrary.org/obo/UBERON_0004392,epiphysis of second metacarpal bone,False,,
http://purl.obolibrary.org/obo/HP_0041191,Fractured epiphysis of third metacarpal bone,characteristic of,http://purl.obolibrary.org/obo/UBERON_0004393,epiphysis of third metacarpal bone,False,,
http://purl.obolibrary.org/obo/HP_0041192,Fractured epiphysis of fourth metacarpal bone,characteristic of,http://purl.obolibrary.org/obo/UBERON_0004394,epiphysis of fourth metacarpal bone,False,,
http://purl.obolibrary.org/obo/HP_0041193,Fractured epiphysis of first metatarsal bone,characteristic of,http://purl.obolibrary.org/obo/UBERON_0004395,epiphysis of first metatarsal bone,False,,
http://purl.obolibrary.org/obo/HP_0041194,Fractured epiphysis of second metatarsal bone,characteristic of,http://purl.obolibrary.org/obo/UBERON_0004396,epiphysis of second metatarsal bone,False,,
http://purl.obolibrary.org/obo/HP_0041195,Fractured epiphysis of third metatarsal bone,characteristic of,http://purl.obolibrary.org/obo/UBERON_0004397,epiphysis of third metatarsal bone,False,,
http://purl.obolibrary.org/obo/HP_0041196,Fractured distal epiphysis of radius,characteristic of,http://purl.obolibrary.org/obo/UBERON_0004407,distal epiphysis of radius,False,,
http://purl.obolibrary.org/obo/HP_0041197,Fractured proximal epiphysis of first metacarpal bone,characteristic of,http://purl.obolibrary.org/obo/UBERON_0004422,proximal epiphysis of first metacarpal bone,False,,
http://purl.obolibrary.org/obo/HP_0041198,Fractured proximal epiphysis of middle phalanx of manual digit 3,characteristic of,http://purl.obolibrary.org/obo/UBERON_0004437,proximal epiphysis of middle phalanx of manual digit 3,False,,
http://purl.obolibrary.org/obo/HP_0041199,Fractured interphalangeal joint,characteristic of,http://purl.obolibrary.org/obo/UBERON_0006658,interphalangeal joint,False,,
http://purl.obolibrary.org/obo/HP_0041200,Fractured sternal end of clavicle,characteristic of,http://purl.obolibrary.org/obo/UBERON_0006805,sternal end of clavicle,False,,
http://purl.obolibrary.org/obo/HP_0041209,Fractured epiphysis of middle phalanx of manus,characteristic of,http://purl.obolibrary.org/obo/UBERON_0011978,epiphysis of middle phalanx of manus,False,,
http://purl.obolibrary.org/obo/HP_0041210,Fractured lateral malleolus of fibula,characteristic of,http://purl.obolibrary.org/obo/UBERON_0012291,lateral malleolus of fibula,False,,
http://purl.obolibrary.org/obo/HP_0041211,Fractured proximal phalanx of digit 2,characteristic of,http://purl.obolibrary.org/obo/UBERON_0014502,proximal phalanx of digit 2,False,,
http://purl.obolibrary.org/obo/HP_0041212,Fractured proximal phalanx of digit 3,characteristic of,http://purl.obolibrary.org/obo/UBERON_0014503,proximal phalanx of digit 3,False,,
http://purl.obolibrary.org/obo/HP_0041213,Fractured proximal phalanx of digit 4,characteristic of,http://purl.obolibrary.org/obo/UBERON_0014504,proximal phalanx of digit 4,False,,
http://purl.obolibrary.org/obo/HP_0041214,Fractured proximal phalanx of digit 5,characteristic of,http://purl.obolibrary.org/obo/UBERON_0014505,proximal phalanx of digit 5,False,,
http://purl.obolibrary.org/obo/HP_0041215,Fractured fused metatarsal bones 2-4,characteristic of,http://purl.obolibrary.org/obo/UBERON_0014763,fused metatarsal bones 2-4,False,,
http://purl.obolibrary.org/obo/HP_0041216,Fractured distal epiphysis of distal phalanx of manual digit 1,characteristic of,http://purl.obolibrary.org/obo/UBERON_0014881,distal epiphysis of distal phalanx of manual digit 1,False,,
http://purl.obolibrary.org/obo/HP_0041218,Fractured distal phalanx,characteristic of,http://purl.obolibrary.org/obo/UBERON_0004300,distal phalanx,False,,
http://purl.obolibrary.org/obo/HP_0041219,Fractured elbow,characteristic of,http://purl.obolibrary.org/obo/UBERON_0001461,elbow,False,,
http://purl.obolibrary.org/obo/HP_0041220,Fractured facial bone,characteristic of,http://purl.obolibrary.org/obo/UBERON_0003462,facial bone,False,,
http://purl.obolibrary.org/obo/HP_0041221,Fractured head of femur,characteristic of,http://purl.obolibrary.org/obo/UBERON_0006767,head of femur,False,,
http://purl.obolibrary.org/obo/HP_0041222,Fractured fibula,characteristic of,http://purl.obolibrary.org/obo/UBERON_0001446,fibula,False,,
http://purl.obolibrary.org/obo/HP_0041223,Fractured metatarsal bone of digit 5,characteristic of,http://purl.obolibrary.org/obo/UBERON_0003654,metatarsal bone of digit 5,False,,
http://purl.obolibrary.org/obo/HP_0041224,Fractured manual digit bone,characteristic of,http://purl.obolibrary.org/obo/UBERON_0004249,manual digit bone,False,,
http://purl.obolibrary.org/obo/HP_0041225,Fractured 1st metacarpal,characteristic of,http://purl.obolibrary.org/obo/UBERON_0003645,metacarpal bone of digit 1,False,,
http://purl.obolibrary.org/obo/HP_0041226,Fractured distal tarsal bone,characteristic of,http://purl.obolibrary.org/obo/UBERON_0010721,distal tarsal bone,False,,
http://purl.obolibrary.org/obo/HP_0041227,Fractured distal tarsal bone 2,characteristic of,http://purl.obolibrary.org/obo/UBERON_0001453,distal tarsal bone 2,False,,
http://purl.obolibrary.org/obo/HP_0041228,Fractured distal tarsal bone 3,characteristic of,http://purl.obolibrary.org/obo/UBERON_0001454,distal tarsal bone 3,False,,
http://purl.obolibrary.org/obo/HP_0041230,Fractured metatarsal bone of digit 4,characteristic of,http://purl.obolibrary.org/obo/UBERON_0003653,metatarsal bone of digit 4,False,,
http://purl.obolibrary.org/obo/HP_0041231,Fractured metatarsal bone of digit 1,characteristic of,http://purl.obolibrary.org/obo/UBERON_0003650,metatarsal bone of digit 1,False,,
http://purl.obolibrary.org/obo/HP_0041233,Fractured ilium,characteristic of,http://purl.obolibrary.org/obo/UBERON_0001273,ilium,False,,
http://purl.obolibrary.org/obo/HP_0041234,Fractured bone of jaw,characteristic of,http://purl.obolibrary.org/obo/UBERON_0012360,bone of jaw,False,,
http://purl.obolibrary.org/obo/HP_0041235,Fractured hindlimb bone,characteristic of,http://purl.obolibrary.org/obo/UBERON_0003464,hindlimb bone,False,,
http://purl.obolibrary.org/obo/HP_0041236,Fractured middle finger phalanx,characteristic of,http://purl.obolibrary.org/obo/UBERON_0003864,middle phalanx of manus,False,,
http://purl.obolibrary.org/obo/HP_0041237,Fractured patella,characteristic of,http://purl.obolibrary.org/obo/UBERON_0002446,patella,False,,
http://purl.obolibrary.org/obo/HP_0041239,Fractured thumb phalanx,characteristic of,http://purl.obolibrary.org/obo/UBERON_0003620,manual digit 1 phalanx,False,,
http://purl.obolibrary.org/obo/HP_0041240,Toe phalanx fracture,characteristic of,http://purl.obolibrary.org/obo/UBERON_0001449,phalanx of pes,False,,
http://purl.obolibrary.org/obo/HP_0041241,Fractured finger phalanx,characteristic of,http://purl.obolibrary.org/obo/UBERON_0001436,phalanx of manus,False,,
http://purl.obolibrary.org/obo/HP_0041243,Fractured proximal phalanx of finger,characteristic of,http://purl.obolibrary.org/obo/UBERON_0002234,proximal phalanx of manus,False,,
http://purl.obolibrary.org/obo/HP_0041244,Fractured scapula,characteristic of,http://purl.obolibrary.org/obo/UBERON_0006849,scapula,False,,
http://purl.obolibrary.org/obo/HP_0041245,Fractured shoulder bone,characteristic of,http://purl.obolibrary.org/obo/UBERON_0003461,shoulder bone,False,,
http://purl.obolibrary.org/obo/HP_0041246,Fractured sternum,characteristic of,http://purl.obolibrary.org/obo/UBERON_0000975,sternum,False,,
http://purl.obolibrary.org/obo/HP_0041247,Fractured tarsal bone,characteristic of,http://purl.obolibrary.org/obo/UBERON_0001447,tarsal bone,False,,
http://purl.obolibrary.org/obo/HP_0041248,Fractured carpal bone,characteristic of,http://purl.obolibrary.org/obo/UBERON_0001435,carpal bone,False,,
http://purl.obolibrary.org/obo/HP_0041249,Fractured nose,characteristic of,http://purl.obolibrary.org/obo/UBERON_0000004,nose,False,,
http://purl.obolibrary.org/obo/HP_0045001,Abnormal ossification of the trapezium,occurs in,http://purl.obolibrary.org/obo/UBERON_0001430,distal carpal bone 1,False,,
http://purl.obolibrary.org/obo/HP_0045002,Absent ossification of the trapezium,occurs in,http://purl.obolibrary.org/obo/UBERON_0001430,distal carpal bone 1,False,,
http://purl.obolibrary.org/obo/HP_0045003,Abnormal ossification of the scaphoid,occurs in,http://purl.obolibrary.org/obo/UBERON_0001427,radiale,False,,
http://purl.obolibrary.org/obo/HP_0045004,Abnormal ossification of the trapezoid bone,occurs in,http://purl.obolibrary.org/obo/UBERON_0001431,distal carpal bone 2,False,,
http://purl.obolibrary.org/obo/HP_0045006,Aplasia of lymphatic vessels,characteristic of,http://purl.obolibrary.org/obo/UBERON_0001473,lymphatic vessel,False,,
http://purl.obolibrary.org/obo/HP_0045007,Abnormal substantia nigra morphology,characteristic of part of,http://purl.obolibrary.org/obo/UBERON_0002038,substantia nigra,False,,
http://purl.obolibrary.org/obo/HP_0045008,Abnormal shape of the radius,characteristic of part of,http://purl.obolibrary.org/obo/UBERON_0001423,radius bone,False,,
http://purl.obolibrary.org/obo/HP_0045010,Abnormal peripheral nerve morphology by anatomical site,characteristic of part of,http://purl.obolibrary.org/obo/UBERON_0001021,nerve,False,,
http://purl.obolibrary.org/obo/HP_0045011,Decreased urine bicarbonate concentration,part of,http://purl.obolibrary.org/obo/UBERON_0001088,urine,False,,
http://purl.obolibrary.org/obo/HP_0045012,Decreased urinary catecholamine concentration,part of,http://purl.obolibrary.org/obo/UBERON_0001088,urine,False,,
http://purl.obolibrary.org/obo/HP_0045014,Hypolipidemia,part of,http://purl.obolibrary.org/obo/UBERON_0000178,blood,False,,
http://purl.obolibrary.org/obo/HP_0045025,Narrow palpebral fissure,characteristic of,http://purl.obolibrary.org/obo/UBERON_0001819,palpebral fissure,False,,
http://purl.obolibrary.org/obo/HP_0045026,Abnormal mediastinum morphology,characteristic of part of,http://purl.obolibrary.org/obo/UBERON_0003728,mediastinum,False,,
http://purl.obolibrary.org/obo/HP_0045027,Abnormality of the thoracic cavity,characteristic of part of,http://purl.obolibrary.org/obo/UBERON_0002224,thoracic cavity,False,,
http://purl.obolibrary.org/obo/HP_0045034,Elevated urinary 3-aminoisobutyric acid,part of,http://purl.obolibrary.org/obo/UBERON_0001088,urine,False,,
http://purl.obolibrary.org/obo/HP_0045035,Decreased urinary copper concentration,part of,http://purl.obolibrary.org/obo/UBERON_0001088,urine,False,,
http://purl.obolibrary.org/obo/HP_0045036,Abnormal urinary copper concentration,part of,http://purl.obolibrary.org/obo/UBERON_0001088,urine,False,,
http://purl.obolibrary.org/obo/HP_0045037,Abnormality of jaw muscles,characteristic of part of,http://purl.obolibrary.org/obo/UBERON_0011648,jaw muscle,False,,
http://purl.obolibrary.org/obo/HP_0045045,Elevated circulating acylcarnitine concentration,part of,http://purl.obolibrary.org/obo/UBERON_0000178,blood,False,,
http://purl.obolibrary.org/obo/HP_0045052,Abnormality of the brachial nerve plexus,characteristic of part of,http://purl.obolibrary.org/obo/UBERON_0001814,brachial nerve plexus,False,,
http://purl.obolibrary.org/obo/HP_0045053,Abnormality of the lumbosacral nerve plexus,characteristic of part of,http://purl.obolibrary.org/obo/UBERON_0001815,lumbosacral nerve plexus,False,,
http://purl.obolibrary.org/obo/HP_0045054,Brachial plexus neuropathy,characteristic of,http://purl.obolibrary.org/obo/UBERON_0001814,brachial nerve plexus,False,,
http://purl.obolibrary.org/obo/HP_0045056,Abnormal circulating alpha-fetoprotein concentration,part of,http://purl.obolibrary.org/obo/UBERON_0000178,blood,False,,
http://purl.obolibrary.org/obo/HP_0045057,Decreased circulating alpha-fetoprotein concentration,part of,http://purl.obolibrary.org/obo/UBERON_0000479,tissue,False,,
http://purl.obolibrary.org/obo/HP_0045058,Abnormality of the testis size,characteristic of part of,http://purl.obolibrary.org/obo/UBERON_0000473,testis,False,,
http://purl.obolibrary.org/obo/HP_0045061,Decreased carnitine level in liver,part of,http://purl.obolibrary.org/obo/UBERON_0002107,liver,False,,
http://purl.obolibrary.org/obo/HP_0045073,Serositis,occurs in,http://purl.obolibrary.org/obo/UBERON_0000042,serous membrane,False,,
http://purl.obolibrary.org/obo/HP_0045074,Thin eyebrow,characteristic of,http://purl.obolibrary.org/obo/UBERON_0010163,eyebrow,False,,
http://purl.obolibrary.org/obo/HP_0045075,Sparse eyebrow,characteristic of,http://purl.obolibrary.org/obo/UBERON_0010163,eyebrow,False,,
http://purl.obolibrary.org/obo/HP_0045079,Distal femoral metaphyseal irregularity,characteristic of,http://purl.obolibrary.org/obo/UBERON_0006864,distal metaphysis of femur,False,,
http://purl.obolibrary.org/obo/HP_0045085,Atrophy of masseter muscle,characteristic of,http://purl.obolibrary.org/obo/UBERON_0001597,masseter muscle,False,,
http://purl.obolibrary.org/obo/HP_0045086,Knee joint hypermobility,characteristic of,http://purl.obolibrary.org/obo/UBERON_0001485,knee joint,False,,
http://purl.obolibrary.org/obo/HP_0045087,Hip joint hypermobility,characteristic of,http://purl.obolibrary.org/obo/UBERON_0001486,hip joint,False,,
http://purl.obolibrary.org/obo/HP_0046508,Abnormal cervical spine morphology,characteristic of part of,http://purl.obolibrary.org/obo/UBERON_0002413,cervical vertebra,False,,
http://purl.obolibrary.org/obo/HP_0100015,Stahl ear,part of,http://purl.obolibrary.org/obo/UBERON_0002488,helix of outer ear,False,,
http://purl.obolibrary.org/obo/HP_0100016,Abnormal mesentery morphology,characteristic of,http://purl.obolibrary.org/obo/UBERON_0002095,mesentery,False,,
http://purl.obolibrary.org/obo/HP_0100026,Arteriovenous malformation,characteristic of,http://purl.obolibrary.org/obo/UBERON_0001637,artery,False,,
http://purl.obolibrary.org/obo/HP_0100026,Arteriovenous malformation,characteristic of,http://purl.obolibrary.org/obo/UBERON_0001638,vein,False,,
http://purl.obolibrary.org/obo/HP_0100028,Ectopic thyroid,characteristic of,http://purl.obolibrary.org/obo/UBERON_0002046,thyroid gland,False,,
http://purl.obolibrary.org/obo/HP_0100037,Abnormality of the scalp hair,part of,http://purl.obolibrary.org/obo/UBERON_0000403,scalp,False,,
http://purl.obolibrary.org/obo/HP_0100040,Broad 2nd toe,characteristic of,http://purl.obolibrary.org/obo/UBERON_0003632,pedal digit 2,False,,
http://purl.obolibrary.org/obo/HP_0100041,Broad 3rd toe,characteristic of,http://purl.obolibrary.org/obo/UBERON_0003633,pedal digit 3,False,,
http://purl.obolibrary.org/obo/HP_0100042,Broad 4th toe,characteristic of,http://purl.obolibrary.org/obo/UBERON_0003634,pedal digit 4,False,,
http://purl.obolibrary.org/obo/HP_0100043,Broad 5th toe,characteristic of,http://purl.obolibrary.org/obo/UBERON_0003635,pedal digit 5,False,,
http://purl.obolibrary.org/obo/HP_0100044,Absent epiphyses of the 2nd toe,part of,http://purl.obolibrary.org/obo/UBERON_0003632,pedal digit 2,False,,
http://purl.obolibrary.org/obo/HP_0100045,Bracket epiphyses of the 2nd toe,part of,http://purl.obolibrary.org/obo/UBERON_0003632,pedal digit 2,False,,
http://purl.obolibrary.org/obo/HP_0100046,Cone-shaped epiphyses of the 2nd toe,part of,http://purl.obolibrary.org/obo/UBERON_0003632,pedal digit 2,False,,
http://purl.obolibrary.org/obo/HP_0100047,Enlarged epiphyses of the 2nd toe,part of,http://purl.obolibrary.org/obo/UBERON_0003632,pedal digit 2,False,,
http://purl.obolibrary.org/obo/HP_0100048,Fragmentation of the epiphyses of the 2nd toe,part of,http://purl.obolibrary.org/obo/UBERON_0003632,pedal digit 2,False,,
http://purl.obolibrary.org/obo/HP_0100049,Irregular epiphyses of the 2nd toe,part of,http://purl.obolibrary.org/obo/UBERON_0003632,pedal digit 2,False,,
http://purl.obolibrary.org/obo/HP_0100050,Ivory epiphyses of the 2nd toe,part of,http://purl.obolibrary.org/obo/UBERON_0003632,pedal digit 2,False,,
http://purl.obolibrary.org/obo/HP_0100051,Pseudoepiphyses of the 2nd toe,characteristic of,http://purl.obolibrary.org/obo/UBERON_0003632,pedal digit 2,False,,
http://purl.obolibrary.org/obo/HP_0100052,Small epiphyses of the 2nd toe,part of,http://purl.obolibrary.org/obo/UBERON_0003632,pedal digit 2,False,,
http://purl.obolibrary.org/obo/HP_0100053,Stippling of the epiphyses of the 2nd toe,part of,http://purl.obolibrary.org/obo/UBERON_0003632,pedal digit 2,False,,
http://purl.obolibrary.org/obo/HP_0100054,Triangular epiphyses of the 2nd toe,part of,http://purl.obolibrary.org/obo/UBERON_0003632,pedal digit 2,False,,
http://purl.obolibrary.org/obo/HP_0100055,Absent epiphyses of the 3rd toe,part of,http://purl.obolibrary.org/obo/UBERON_0003633,pedal digit 3,False,,
http://purl.obolibrary.org/obo/HP_0100056,Bracket epiphyses of the 3rd toe,part of,http://purl.obolibrary.org/obo/UBERON_0003633,pedal digit 3,False,,
http://purl.obolibrary.org/obo/HP_0100057,Cone-shaped epiphyses of the 3rd toe,part of,http://purl.obolibrary.org/obo/UBERON_0003633,pedal digit 3,False,,
http://purl.obolibrary.org/obo/HP_0100058,Enlarged epiphyses of the 3rd toe,part of,http://purl.obolibrary.org/obo/UBERON_0003633,pedal digit 3,False,,
http://purl.obolibrary.org/obo/HP_0100059,Fragmentation of the epiphyses of the 3rd toe,part of,http://purl.obolibrary.org/obo/UBERON_0003633,pedal digit 3,False,,
http://purl.obolibrary.org/obo/HP_0100060,Irregular epiphyses of the 3rd toe,part of,http://purl.obolibrary.org/obo/UBERON_0003633,pedal digit 3,False,,
http://purl.obolibrary.org/obo/HP_0100061,Ivory epiphyses of the 3rd toe,part of,http://purl.obolibrary.org/obo/UBERON_0003633,pedal digit 3,False,,
http://purl.obolibrary.org/obo/HP_0100062,Pseudoepiphyses of the 3rd toe,characteristic of part of,http://purl.obolibrary.org/obo/UBERON_0003633,pedal digit 3,False,,
http://purl.obolibrary.org/obo/HP_0100063,Small epiphyses of the 3rd toe,part of,http://purl.obolibrary.org/obo/UBERON_0003633,pedal digit 3,False,,
http://purl.obolibrary.org/obo/HP_0100064,Stippling of the epiphyses of the 3rd toe,part of,http://purl.obolibrary.org/obo/UBERON_0003633,pedal digit 3,False,,
http://purl.obolibrary.org/obo/HP_0100065,Triangular epiphyses of the 3rd toe,part of,http://purl.obolibrary.org/obo/UBERON_0003633,pedal digit 3,False,,
http://purl.obolibrary.org/obo/HP_0100066,Absent epiphyses of the 4th toe,part of,http://purl.obolibrary.org/obo/UBERON_0003634,pedal digit 4,False,,
http://purl.obolibrary.org/obo/HP_0100067,Bracket epiphyses of the 4th toe,part of,http://purl.obolibrary.org/obo/UBERON_0003634,pedal digit 4,False,,
http://purl.obolibrary.org/obo/HP_0100068,Cone-shaped epiphyses of the 4th toe,part of,http://purl.obolibrary.org/obo/UBERON_0003634,pedal digit 4,False,,
http://purl.obolibrary.org/obo/HP_0100069,Enlarged epiphyses of the 4th toe,part of,http://purl.obolibrary.org/obo/UBERON_0003634,pedal digit 4,False,,
http://purl.obolibrary.org/obo/HP_0100070,Fragmentation of the epiphyses of the 4th toe,part of,http://purl.obolibrary.org/obo/UBERON_0003634,pedal digit 4,False,,
http://purl.obolibrary.org/obo/HP_0100071,Irregular epiphyses of the 4th toe,part of,http://purl.obolibrary.org/obo/UBERON_0003634,pedal digit 4,False,,
http://purl.obolibrary.org/obo/HP_0100072,Ivory epiphyses of the 4th toe,part of,http://purl.obolibrary.org/obo/UBERON_0003634,pedal digit 4,False,,
http://purl.obolibrary.org/obo/HP_0100073,Pseudoepiphyses of the 4th toe,characteristic of,http://purl.obolibrary.org/obo/UBERON_0003634,pedal digit 4,False,,
http://purl.obolibrary.org/obo/HP_0100074,Small epiphyses of the 4th toe,part of,http://purl.obolibrary.org/obo/UBERON_0003634,pedal digit 4,False,,
http://purl.obolibrary.org/obo/HP_0100075,Stippling of the epiphyses of the 4th toe,part of,http://purl.obolibrary.org/obo/UBERON_0003634,pedal digit 4,False,,
http://purl.obolibrary.org/obo/HP_0100076,Triangular epiphyses of the 4th toe,part of,http://purl.obolibrary.org/obo/UBERON_0003634,pedal digit 4,False,,
http://purl.obolibrary.org/obo/HP_0100077,Absent epiphyses of the 5th toe,part of,http://purl.obolibrary.org/obo/UBERON_0003635,pedal digit 5,False,,
http://purl.obolibrary.org/obo/HP_0100078,Bracket epiphyses of the 5th toe,part of,http://purl.obolibrary.org/obo/UBERON_0003635,pedal digit 5,False,,
http://purl.obolibrary.org/obo/HP_0100079,Cone-shaped epiphyses of the 5th toe,part of,http://purl.obolibrary.org/obo/UBERON_0003635,pedal digit 5,False,,
http://purl.obolibrary.org/obo/HP_0100080,Enlarged epiphyses of the 5th toe,part of,http://purl.obolibrary.org/obo/UBERON_0003635,pedal digit 5,False,,
http://purl.obolibrary.org/obo/HP_0100081,Fragmentation of the epiphyses of the 5th toe,part of,http://purl.obolibrary.org/obo/UBERON_0003635,pedal digit 5,False,,
http://purl.obolibrary.org/obo/HP_0100082,Irregular epiphyses of the 5th toe,part of,http://purl.obolibrary.org/obo/UBERON_0003635,pedal digit 5,False,,
http://purl.obolibrary.org/obo/HP_0100083,Ivory epiphyses of the 5th toe,part of,http://purl.obolibrary.org/obo/UBERON_0003635,pedal digit 5,False,,
http://purl.obolibrary.org/obo/HP_0100084,Pseudoepiphyses of the 5th toe,characteristic of,http://purl.obolibrary.org/obo/UBERON_0003635,pedal digit 5,False,,
http://purl.obolibrary.org/obo/HP_0100085,Small epiphyses of the 5th toe,part of,http://purl.obolibrary.org/obo/UBERON_0003635,pedal digit 5,False,,
http://purl.obolibrary.org/obo/HP_0100086,Stippling of the epiphyses of the 5th toe,part of,http://purl.obolibrary.org/obo/UBERON_0003635,pedal digit 5,False,,
http://purl.obolibrary.org/obo/HP_0100087,Triangular epiphyses of the 5th toe,part of,http://purl.obolibrary.org/obo/UBERON_0003635,pedal digit 5,False,,
http://purl.obolibrary.org/obo/HP_0100088,Abnormality of the epiphysis of the distal phalanx of the 2nd toe,part of,http://purl.obolibrary.org/obo/UBERON_0004316,distal phalanx of pedal digit 2,False,,
http://purl.obolibrary.org/obo/HP_0100089,Abnormality of the epiphysis of the middle phalanx of the 2nd toe,part of,http://purl.obolibrary.org/obo/UBERON_0004324,middle phalanx of pedal digit 2,False,,
http://purl.obolibrary.org/obo/HP_0100090,Abnormality of the epiphysis of the proximal phalanx of the 2nd toe,part of,http://purl.obolibrary.org/obo/UBERON_0004333,proximal phalanx of pedal digit 2,False,,
http://purl.obolibrary.org/obo/HP_0100091,Abnormality of the epiphysis of the distal phalanx of the 3rd toe,part of,http://purl.obolibrary.org/obo/UBERON_0004317,distal phalanx of pedal digit 3,False,,
http://purl.obolibrary.org/obo/HP_0100092,Abnormality of the epiphysis of the middle phalanx of the 3rd toe,part of,http://purl.obolibrary.org/obo/UBERON_0004325,middle phalanx of pedal digit 3,False,,
http://purl.obolibrary.org/obo/HP_0100093,Abnormality of the epiphysis of the proximal phalanx of the 3rd toe,part of,http://purl.obolibrary.org/obo/UBERON_0004334,proximal phalanx of pedal digit 3,False,,
http://purl.obolibrary.org/obo/HP_0100094,Abnormality of the epiphysis of the distal phalanx of the 4th toe,part of,http://purl.obolibrary.org/obo/UBERON_0004318,distal phalanx of pedal digit 4,False,,
http://purl.obolibrary.org/obo/HP_0100095,Abnormality of the epiphysis of the middle phalanx of the 4th toe,part of,http://purl.obolibrary.org/obo/UBERON_0004326,middle phalanx of pedal digit 4,False,,
http://purl.obolibrary.org/obo/HP_0100096,Abnormality of the epiphysis of the proximal phalanx of the 4th toe,part of,http://purl.obolibrary.org/obo/UBERON_0004335,proximal phalanx of pedal digit 4,False,,
http://purl.obolibrary.org/obo/HP_0100097,Abnormality of the epiphysis of the distal phalanx of the 5th toe,part of,http://purl.obolibrary.org/obo/UBERON_0004319,distal phalanx of pedal digit 5,False,,
http://purl.obolibrary.org/obo/HP_0100098,Abnormality of the epiphysis of the middle phalanx of the 5th toe,part of,http://purl.obolibrary.org/obo/UBERON_0004327,middle phalanx of pedal digit 5,False,,
http://purl.obolibrary.org/obo/HP_0100099,Abnormality of the epiphysis of the proximal phalanx of the 5th toe,part of,http://purl.obolibrary.org/obo/UBERON_0004336,proximal phalanx of pedal digit 5,False,,
http://purl.obolibrary.org/obo/HP_0100100,Absent epiphysis of the distal phalanx of the 2nd toe,part of,http://purl.obolibrary.org/obo/UBERON_0004316,distal phalanx of pedal digit 2,False,,
http://purl.obolibrary.org/obo/HP_0100101,Bracket epiphysis of the distal phalanx of the 2nd toe,part of,http://purl.obolibrary.org/obo/UBERON_0004316,distal phalanx of pedal digit 2,False,,
http://purl.obolibrary.org/obo/HP_0100102,Cone-shaped epiphysis of the distal phalanx of the 2nd toe,part of,http://purl.obolibrary.org/obo/UBERON_0004316,distal phalanx of pedal digit 2,False,,
http://purl.obolibrary.org/obo/HP_0100103,Enlarged epiphysis of the distal phalanx of the 2nd toe,part of,http://purl.obolibrary.org/obo/UBERON_0004316,distal phalanx of pedal digit 2,False,,
http://purl.obolibrary.org/obo/HP_0100104,Fragmentation of the epiphysis of the distal phalanx of the 2nd toe,part of,http://purl.obolibrary.org/obo/UBERON_0004316,distal phalanx of pedal digit 2,False,,
http://purl.obolibrary.org/obo/HP_0100105,Irregular epiphysis of the distal phalanx of the 2nd toe,part of,http://purl.obolibrary.org/obo/UBERON_0004316,distal phalanx of pedal digit 2,False,,
http://purl.obolibrary.org/obo/HP_0100106,Ivory epiphysis of the distal phalanx of the 2nd toe,part of,http://purl.obolibrary.org/obo/UBERON_0004316,distal phalanx of pedal digit 2,False,,
http://purl.obolibrary.org/obo/HP_0100107,Pseudoepiphysis of the distal phalanx of the 2nd toe,characteristic of,http://purl.obolibrary.org/obo/UBERON_0004316,distal phalanx of pedal digit 2,False,,
http://purl.obolibrary.org/obo/HP_0100108,Small epiphysis of the distal phalanx of the 2nd toe,part of,http://purl.obolibrary.org/obo/UBERON_0004316,distal phalanx of pedal digit 2,False,,
http://purl.obolibrary.org/obo/HP_0100109,Stippling of the epiphysis of the distal phalanx of the 2nd toe,part of,http://purl.obolibrary.org/obo/UBERON_0004316,distal phalanx of pedal digit 2,False,,
http://purl.obolibrary.org/obo/HP_0100110,Triangular epiphysis of the distal phalanx of the 2nd toe,part of,http://purl.obolibrary.org/obo/UBERON_0004316,distal phalanx of pedal digit 2,False,,
http://purl.obolibrary.org/obo/HP_0100111,Absent epiphysis of the middle phalanx of the 2nd toe,part of,http://purl.obolibrary.org/obo/UBERON_0004324,middle phalanx of pedal digit 2,False,,
http://purl.obolibrary.org/obo/HP_0100112,Bracket epiphysis of the middle phalanx of the 2nd toe,part of,http://purl.obolibrary.org/obo/UBERON_0004324,middle phalanx of pedal digit 2,False,,
http://purl.obolibrary.org/obo/HP_0100113,Cone-shaped epiphysis of the middle phalanx of the 2nd toe,part of,http://purl.obolibrary.org/obo/UBERON_0004324,middle phalanx of pedal digit 2,False,,
http://purl.obolibrary.org/obo/HP_0100114,Enlarged epiphysis of the middle phalanx of the 2nd toe,part of,http://purl.obolibrary.org/obo/UBERON_0004324,middle phalanx of pedal digit 2,False,,
http://purl.obolibrary.org/obo/HP_0100115,Fragmentation of the epiphysis of the middle phalanx of the 2nd toe,part of,http://purl.obolibrary.org/obo/UBERON_0004324,middle phalanx of pedal digit 2,False,,
http://purl.obolibrary.org/obo/HP_0100116,Irregular epiphysis of the middle phalanx of the 2nd toe,part of,http://purl.obolibrary.org/obo/UBERON_0004324,middle phalanx of pedal digit 2,False,,
http://purl.obolibrary.org/obo/HP_0100117,Ivory epiphysis of the middle phalanx of the 2nd toe,part of,http://purl.obolibrary.org/obo/UBERON_0004324,middle phalanx of pedal digit 2,False,,
http://purl.obolibrary.org/obo/HP_0100118,Pseudoepiphysis of the middle phalanx of the 2nd toe,characteristic of,http://purl.obolibrary.org/obo/UBERON_0004324,middle phalanx of pedal digit 2,False,,
http://purl.obolibrary.org/obo/HP_0100119,Small epiphysis of the middle phalanx of the 2nd toe,part of,http://purl.obolibrary.org/obo/UBERON_0004324,middle phalanx of pedal digit 2,False,,
http://purl.obolibrary.org/obo/HP_0100120,Stippling of the epiphysis of the middle phalanx of the 2nd toe,part of,http://purl.obolibrary.org/obo/UBERON_0004324,middle phalanx of pedal digit 2,False,,
http://purl.obolibrary.org/obo/HP_0100121,Triangular epiphysis of the middle phalanx of the 2nd toe,part of,http://purl.obolibrary.org/obo/UBERON_0004324,middle phalanx of pedal digit 2,False,,
http://purl.obolibrary.org/obo/HP_0100122,Absent epiphysis of the proximal phalanx of the 2nd toe,part of,http://purl.obolibrary.org/obo/UBERON_0004333,proximal phalanx of pedal digit 2,False,,
http://purl.obolibrary.org/obo/HP_0100123,Bracket epiphysis of the proximal phalanx of the 2nd toe,part of,http://purl.obolibrary.org/obo/UBERON_0004333,proximal phalanx of pedal digit 2,False,,
http://purl.obolibrary.org/obo/HP_0100124,Cone-shaped epiphysis of the proximal phalanx of the 2nd toe,part of,http://purl.obolibrary.org/obo/UBERON_0004333,proximal phalanx of pedal digit 2,False,,
http://purl.obolibrary.org/obo/HP_0100125,Enlarged epiphysis of the proximal phalanx of the 2nd toe,part of,http://purl.obolibrary.org/obo/UBERON_0004333,proximal phalanx of pedal digit 2,False,,
http://purl.obolibrary.org/obo/HP_0100126,Fragmentation of the epiphysis of the proximal phalanx of the 2nd toe,part of,http://purl.obolibrary.org/obo/UBERON_0004333,proximal phalanx of pedal digit 2,False,,
http://purl.obolibrary.org/obo/HP_0100127,Irregular epiphysis of the proximal phalanx of the 2nd toe,part of,http://purl.obolibrary.org/obo/UBERON_0004333,proximal phalanx of pedal digit 2,False,,
http://purl.obolibrary.org/obo/HP_0100128,Ivory epiphysis of the proximal phalanx of the 2nd toe,part of,http://purl.obolibrary.org/obo/UBERON_0004333,proximal phalanx of pedal digit 2,False,,
http://purl.obolibrary.org/obo/HP_0100129,Pseudoepiphysis of the proximal phalanx of the 2nd toe,characteristic of,http://purl.obolibrary.org/obo/UBERON_0004333,proximal phalanx of pedal digit 2,False,,
http://purl.obolibrary.org/obo/HP_0100130,Small epiphysis of the proximal phalanx of the 2nd toe,part of,http://purl.obolibrary.org/obo/UBERON_0004333,proximal phalanx of pedal digit 2,False,,
http://purl.obolibrary.org/obo/HP_0100131,Stippling of the epiphysis of the proximal phalanx of the 2nd toe,part of,http://purl.obolibrary.org/obo/UBERON_0004333,proximal phalanx of pedal digit 2,False,,
http://purl.obolibrary.org/obo/HP_0100132,Triangular epiphysis of the proximal phalanx of the 2nd toe,part of,http://purl.obolibrary.org/obo/UBERON_0004333,proximal phalanx of pedal digit 2,False,,
http://purl.obolibrary.org/obo/HP_0100133,Abnormality of the pubic hair,characteristic of part of,http://purl.obolibrary.org/obo/UBERON_0013698,strand of pubic hair,False,,
http://purl.obolibrary.org/obo/HP_0100134,Abnormality of the axillary hair,characteristic of part of,http://purl.obolibrary.org/obo/UBERON_0013699,strand of axillary hair,False,,
http://purl.obolibrary.org/obo/HP_0100135,Absent epiphysis of the distal phalanx of the 3rd toe,part of,http://purl.obolibrary.org/obo/UBERON_0004317,distal phalanx of pedal digit 3,False,,
http://purl.obolibrary.org/obo/HP_0100136,Bracket epiphysis of the distal phalanx of the 3rd toe,part of,http://purl.obolibrary.org/obo/UBERON_0004317,distal phalanx of pedal digit 3,False,,
http://purl.obolibrary.org/obo/HP_0100137,Cone-shaped epiphysis of the distal phalanx of the 3rd toe,part of,http://purl.obolibrary.org/obo/UBERON_0004317,distal phalanx of pedal digit 3,False,,
http://purl.obolibrary.org/obo/HP_0100138,Enlarged epiphysis of the distal phalanx of the 3rd toe,part of,http://purl.obolibrary.org/obo/UBERON_0004317,distal phalanx of pedal digit 3,False,,
http://purl.obolibrary.org/obo/HP_0100139,Fragmentation of the epiphysis of the distal phalanx of the 3rd toe,part of,http://purl.obolibrary.org/obo/UBERON_0004317,distal phalanx of pedal digit 3,False,,
http://purl.obolibrary.org/obo/HP_0100140,Irregular epiphysis of the distal phalanx of the 3rd toe,part of,http://purl.obolibrary.org/obo/UBERON_0004317,distal phalanx of pedal digit 3,False,,
http://purl.obolibrary.org/obo/HP_0100141,Ivory epiphysis of the distal phalanx of the 3rd toe,part of,http://purl.obolibrary.org/obo/UBERON_0004317,distal phalanx of pedal digit 3,False,,
http://purl.obolibrary.org/obo/HP_0100142,Pseudoepiphysis of the distal phalanx of the 3rd toe,characteristic of,http://purl.obolibrary.org/obo/UBERON_0004317,distal phalanx of pedal digit 3,False,,
http://purl.obolibrary.org/obo/HP_0100143,Small epiphysis of the distal phalanx of the 3rd toe,part of,http://purl.obolibrary.org/obo/UBERON_0004317,distal phalanx of pedal digit 3,False,,
http://purl.obolibrary.org/obo/HP_0100144,Stippling of the epiphysis of the distal phalanx of the 3rd toe,part of,http://purl.obolibrary.org/obo/UBERON_0004317,distal phalanx of pedal digit 3,False,,
http://purl.obolibrary.org/obo/HP_0100145,Triangular epiphysis of the distal phalanx of the 3rd toe,part of,http://purl.obolibrary.org/obo/UBERON_0004317,distal phalanx of pedal digit 3,False,,
http://purl.obolibrary.org/obo/HP_0100146,Absent epiphysis of the middle phalanx of the 3rd toe,part of,http://purl.obolibrary.org/obo/UBERON_0004325,middle phalanx of pedal digit 3,False,,
http://purl.obolibrary.org/obo/HP_0100147,Bracket epiphysis of the middle phalanx of the 3rd toe,part of,http://purl.obolibrary.org/obo/UBERON_0004325,middle phalanx of pedal digit 3,False,,
http://purl.obolibrary.org/obo/HP_0100148,Cone-shaped epiphysis of the middle phalanx of the 3rd toe,part of,http://purl.obolibrary.org/obo/UBERON_0004325,middle phalanx of pedal digit 3,False,,
http://purl.obolibrary.org/obo/HP_0100149,Enlarged epiphysis of the middle phalanx of the 3rd toe,part of,http://purl.obolibrary.org/obo/UBERON_0004325,middle phalanx of pedal digit 3,False,,
http://purl.obolibrary.org/obo/HP_0100150,Fragmentation of the epiphysis of the middle phalanx of the 3rd toe,part of,http://purl.obolibrary.org/obo/UBERON_0004325,middle phalanx of pedal digit 3,False,,
http://purl.obolibrary.org/obo/HP_0100151,Irregular epiphysis of the middle phalanx of the 3rd toe,part of,http://purl.obolibrary.org/obo/UBERON_0004325,middle phalanx of pedal digit 3,False,,
http://purl.obolibrary.org/obo/HP_0100152,Ivory epiphysis of the middle phalanx of the 3rd toe,part of,http://purl.obolibrary.org/obo/UBERON_0004325,middle phalanx of pedal digit 3,False,,
http://purl.obolibrary.org/obo/HP_0100153,Pseudoepiphysis of the middle phalanx of the 3rd toe,characteristic of,http://purl.obolibrary.org/obo/UBERON_0004325,middle phalanx of pedal digit 3,False,,
http://purl.obolibrary.org/obo/HP_0100154,Small epiphysis of the middle phalanx of the 3rd toe,part of,http://purl.obolibrary.org/obo/UBERON_0004325,middle phalanx of pedal digit 3,False,,
http://purl.obolibrary.org/obo/HP_0100155,Stippling of the epiphysis of the middle phalanx of the 3rd toe,part of,http://purl.obolibrary.org/obo/UBERON_0004325,middle phalanx of pedal digit 3,False,,
http://purl.obolibrary.org/obo/HP_0100156,Triangular epiphysis of the middle phalanx of the 3rd toe,part of,http://purl.obolibrary.org/obo/UBERON_0004325,middle phalanx of pedal digit 3,False,,
http://purl.obolibrary.org/obo/HP_0100157,Absent epiphysis of the proximal phalanx of the 3rd toe,part of,http://purl.obolibrary.org/obo/UBERON_0004334,proximal phalanx of pedal digit 3,False,,
http://purl.obolibrary.org/obo/HP_0100158,Bracket epiphysis of the proximal phalanx of the 3rd toe,part of,http://purl.obolibrary.org/obo/UBERON_0004334,proximal phalanx of pedal digit 3,False,,
http://purl.obolibrary.org/obo/HP_0100159,Cone-shaped epiphysis of the proximal phalanx of the 3rd toe,part of,http://purl.obolibrary.org/obo/UBERON_0004334,proximal phalanx of pedal digit 3,False,,
http://purl.obolibrary.org/obo/HP_0100160,Enlarged epiphysis of the proximal phalanx of the 3rd toe,part of,http://purl.obolibrary.org/obo/UBERON_0004334,proximal phalanx of pedal digit 3,False,,
http://purl.obolibrary.org/obo/HP_0100161,Fragmentation of the epiphysis of the proximal phalanx of the 3rd toe,part of,http://purl.obolibrary.org/obo/UBERON_0004334,proximal phalanx of pedal digit 3,False,,
http://purl.obolibrary.org/obo/HP_0100162,Irregular epiphysis of the proximal phalanx of the 3rd toe,part of,http://purl.obolibrary.org/obo/UBERON_0004334,proximal phalanx of pedal digit 3,False,,
http://purl.obolibrary.org/obo/HP_0100163,Ivory epiphysis of the proximal phalanx of the 3rd toe,part of,http://purl.obolibrary.org/obo/UBERON_0004334,proximal phalanx of pedal digit 3,False,,
http://purl.obolibrary.org/obo/HP_0100164,Pseudoepiphysis of the proximal phalanx of the 3rd toe,characteristic of part of,http://purl.obolibrary.org/obo/UBERON_0004334,proximal phalanx of pedal digit 3,False,,
http://purl.obolibrary.org/obo/HP_0100165,Small epiphysis of the proximal phalanx of the 3rd toe,part of,http://purl.obolibrary.org/obo/UBERON_0004334,proximal phalanx of pedal digit 3,False,,
http://purl.obolibrary.org/obo/HP_0100166,Stippling of the epiphysis of the proximal phalanx of the 3rd toe,part of,http://purl.obolibrary.org/obo/UBERON_0004334,proximal phalanx of pedal digit 3,False,,
http://purl.obolibrary.org/obo/HP_0100167,Triangular epiphysis of the proximal phalanx of the 3rd toe,part of,http://purl.obolibrary.org/obo/UBERON_0004334,proximal phalanx of pedal digit 3,False,,
http://purl.obolibrary.org/obo/HP_0100168,Fragmented epiphyses,characteristic of,http://purl.obolibrary.org/obo/UBERON_0001437,epiphysis,False,,
http://purl.obolibrary.org/obo/HP_0100169,Absent epiphysis of the distal phalanx of the 4th toe,part of,http://purl.obolibrary.org/obo/UBERON_0004318,distal phalanx of pedal digit 4,False,,
http://purl.obolibrary.org/obo/HP_0100170,Bracket epiphysis of the distal phalanx of the 4th toe,part of,http://purl.obolibrary.org/obo/UBERON_0004318,distal phalanx of pedal digit 4,False,,
http://purl.obolibrary.org/obo/HP_0100171,Cone-shaped epiphysis of the distal phalanx of the 4th toe,part of,http://purl.obolibrary.org/obo/UBERON_0004318,distal phalanx of pedal digit 4,False,,
http://purl.obolibrary.org/obo/HP_0100172,Enlarged epiphysis of the distal phalanx of the 4th toe,part of,http://purl.obolibrary.org/obo/UBERON_0004318,distal phalanx of pedal digit 4,False,,
http://purl.obolibrary.org/obo/HP_0100173,Fragmentation of the epiphysis of the distal phalanx of the 4th toe,part of,http://purl.obolibrary.org/obo/UBERON_0004318,distal phalanx of pedal digit 4,False,,
http://purl.obolibrary.org/obo/HP_0100174,Irregular epiphysis of the distal phalanx of the 4th toe,part of,http://purl.obolibrary.org/obo/UBERON_0004318,distal phalanx of pedal digit 4,False,,
http://purl.obolibrary.org/obo/HP_0100175,Ivory epiphysis of the distal phalanx of the 4th toe,part of,http://purl.obolibrary.org/obo/UBERON_0004318,distal phalanx of pedal digit 4,False,,
http://purl.obolibrary.org/obo/HP_0100176,Pseudoepiphysis of the distal phalanx of the 4th toe,characteristic of,http://purl.obolibrary.org/obo/UBERON_0004318,distal phalanx of pedal digit 4,False,,
http://purl.obolibrary.org/obo/HP_0100177,Small epiphysis of the distal phalanx of the 4th toe,part of,http://purl.obolibrary.org/obo/UBERON_0004318,distal phalanx of pedal digit 4,False,,
http://purl.obolibrary.org/obo/HP_0100178,Stippling of the epiphysis of the distal phalanx of the 4th toe,part of,http://purl.obolibrary.org/obo/UBERON_0004318,distal phalanx of pedal digit 4,False,,
http://purl.obolibrary.org/obo/HP_0100179,Triangular epiphysis of the distal phalanx of the 4th toe,part of,http://purl.obolibrary.org/obo/UBERON_0004318,distal phalanx of pedal digit 4,False,,
http://purl.obolibrary.org/obo/HP_0100180,Absent epiphysis of the middle phalanx of the 4th toe,part of,http://purl.obolibrary.org/obo/UBERON_0004326,middle phalanx of pedal digit 4,False,,
http://purl.obolibrary.org/obo/HP_0100181,Bracket epiphysis of the middle phalanx of the 4th toe,part of,http://purl.obolibrary.org/obo/UBERON_0004326,middle phalanx of pedal digit 4,False,,
http://purl.obolibrary.org/obo/HP_0100182,Cone-shaped epiphysis of the middle phalanx of the 4th toe,part of,http://purl.obolibrary.org/obo/UBERON_0004326,middle phalanx of pedal digit 4,False,,
http://purl.obolibrary.org/obo/HP_0100183,Enlarged epiphysis of the middle phalanx of the 4th toe,part of,http://purl.obolibrary.org/obo/UBERON_0004326,middle phalanx of pedal digit 4,False,,
http://purl.obolibrary.org/obo/HP_0100184,Fragmentation of the epiphysis of the middle phalanx of the 4th toe,part of,http://purl.obolibrary.org/obo/UBERON_0004326,middle phalanx of pedal digit 4,False,,
http://purl.obolibrary.org/obo/HP_0100185,Irregular epiphysis of the middle phalanx of the 4th toe,part of,http://purl.obolibrary.org/obo/UBERON_0004326,middle phalanx of pedal digit 4,False,,
http://purl.obolibrary.org/obo/HP_0100186,Ivory epiphysis of the middle phalanx of the 4th toe,part of,http://purl.obolibrary.org/obo/UBERON_0004326,middle phalanx of pedal digit 4,False,,
http://purl.obolibrary.org/obo/HP_0100187,Pseudoepiphysis of the middle phalanx of the 4th toe,characteristic of,http://purl.obolibrary.org/obo/UBERON_0004326,middle phalanx of pedal digit 4,False,,
http://purl.obolibrary.org/obo/HP_0100188,Small epiphysis of the middle phalanx of the 4th toe,part of,http://purl.obolibrary.org/obo/UBERON_0004326,middle phalanx of pedal digit 4,False,,
http://purl.obolibrary.org/obo/HP_0100189,Stippling of the epiphysis of the middle phalanx of the 4th toe,part of,http://purl.obolibrary.org/obo/UBERON_0004326,middle phalanx of pedal digit 4,False,,
http://purl.obolibrary.org/obo/HP_0100190,Triangular epiphysis of the middle phalanx of the 4th toe,part of,http://purl.obolibrary.org/obo/UBERON_0004326,middle phalanx of pedal digit 4,False,,
http://purl.obolibrary.org/obo/HP_0100191,Absent epiphysis of the proximal phalanx of the 4th toe,part of,http://purl.obolibrary.org/obo/UBERON_0004335,proximal phalanx of pedal digit 4,False,,
http://purl.obolibrary.org/obo/HP_0100192,Bracket epiphysis of the proximal phalanx of the 4th toe,part of,http://purl.obolibrary.org/obo/UBERON_0004335,proximal phalanx of pedal digit 4,False,,
http://purl.obolibrary.org/obo/HP_0100193,Cone-shaped epiphysis of the proximal phalanx of the 4th toe,part of,http://purl.obolibrary.org/obo/UBERON_0004335,proximal phalanx of pedal digit 4,False,,
http://purl.obolibrary.org/obo/HP_0100194,Enlarged epiphysis of the proximal phalanx of the 4th toe,part of,http://purl.obolibrary.org/obo/UBERON_0004335,proximal phalanx of pedal digit 4,False,,
http://purl.obolibrary.org/obo/HP_0100195,Fragmentation of the epiphysis of the proximal phalanx of the 4th toe,part of,http://purl.obolibrary.org/obo/UBERON_0004335,proximal phalanx of pedal digit 4,False,,
http://purl.obolibrary.org/obo/HP_0100196,Irregular epiphysis of the proximal phalanx of the 4th toe,part of,http://purl.obolibrary.org/obo/UBERON_0004335,proximal phalanx of pedal digit 4,False,,
http://purl.obolibrary.org/obo/HP_0100197,Ivory epiphysis of the proximal phalanx of the 4th toe,part of,http://purl.obolibrary.org/obo/UBERON_0004335,proximal phalanx of pedal digit 4,False,,
http://purl.obolibrary.org/obo/HP_0100198,Pseudoepiphysis of the proximal phalanx of the 4th toe,characteristic of,http://purl.obolibrary.org/obo/UBERON_0004335,proximal phalanx of pedal digit 4,False,,
http://purl.obolibrary.org/obo/HP_0100199,Small epiphysis of the proximal phalanx of the 4th toe,part of,http://purl.obolibrary.org/obo/UBERON_0004335,proximal phalanx of pedal digit 4,False,,
http://purl.obolibrary.org/obo/HP_0100200,Stippling of the epiphysis of the proximal phalanx of the 4th toe,part of,http://purl.obolibrary.org/obo/UBERON_0004335,proximal phalanx of pedal digit 4,False,,
http://purl.obolibrary.org/obo/HP_0100201,Triangular epiphysis of the proximal phalanx of the 4th toe,part of,http://purl.obolibrary.org/obo/UBERON_0004335,proximal phalanx of pedal digit 4,False,,
http://purl.obolibrary.org/obo/HP_0100202,Absent epiphysis of the distal phalanx of the 5th toe,part of,http://purl.obolibrary.org/obo/UBERON_0004319,distal phalanx of pedal digit 5,False,,
http://purl.obolibrary.org/obo/HP_0100203,Bracket epiphysis of the distal phalanx of the 5th toe,part of,http://purl.obolibrary.org/obo/UBERON_0004319,distal phalanx of pedal digit 5,False,,
http://purl.obolibrary.org/obo/HP_0100204,Cone-shaped epiphysis of the distal phalanx of the 5th toe,part of,http://purl.obolibrary.org/obo/UBERON_0004319,distal phalanx of pedal digit 5,False,,
http://purl.obolibrary.org/obo/HP_0100205,Enlarged epiphysis of the distal phalanx of the 5th toe,part of,http://purl.obolibrary.org/obo/UBERON_0004319,distal phalanx of pedal digit 5,False,,
http://purl.obolibrary.org/obo/HP_0100206,Fragmentation of the epiphysis of the distal phalanx of the 5th toe,part of,http://purl.obolibrary.org/obo/UBERON_0004319,distal phalanx of pedal digit 5,False,,
http://purl.obolibrary.org/obo/HP_0100207,Irregular epiphysis of the distal phalanx of the 5th toe,part of,http://purl.obolibrary.org/obo/UBERON_0004319,distal phalanx of pedal digit 5,False,,
http://purl.obolibrary.org/obo/HP_0100208,Ivory epiphysis of the distal phalanx of the 5th toe,part of,http://purl.obolibrary.org/obo/UBERON_0004319,distal phalanx of pedal digit 5,False,,
http://purl.obolibrary.org/obo/HP_0100209,Pseudoepiphysis of the distal phalanx of the 5th toe,characteristic of,http://purl.obolibrary.org/obo/UBERON_0004319,distal phalanx of pedal digit 5,False,,
http://purl.obolibrary.org/obo/HP_0100210,Small epiphysis of the distal phalanx of the 5th toe,part of,http://purl.obolibrary.org/obo/UBERON_0004319,distal phalanx of pedal digit 5,False,,
http://purl.obolibrary.org/obo/HP_0100211,Stippling of the epiphysis of the distal phalanx of the 5th toe,part of,http://purl.obolibrary.org/obo/UBERON_0004319,distal phalanx of pedal digit 5,False,,
http://purl.obolibrary.org/obo/HP_0100212,Triangular epiphysis of the distal phalanx of the 5th toe,part of,http://purl.obolibrary.org/obo/UBERON_0004319,distal phalanx of pedal digit 5,False,,
http://purl.obolibrary.org/obo/HP_0100213,Absent epiphysis of the middle phalanx of the 5th toe,part of,http://purl.obolibrary.org/obo/UBERON_0004327,middle phalanx of pedal digit 5,False,,
http://purl.obolibrary.org/obo/HP_0100214,Bracket epiphysis of the middle phalanx of the 5th toe,part of,http://purl.obolibrary.org/obo/UBERON_0004327,middle phalanx of pedal digit 5,False,,
http://purl.obolibrary.org/obo/HP_0100215,Cone-shaped epiphysis of the middle phalanx of the 5th toe,part of,http://purl.obolibrary.org/obo/UBERON_0004327,middle phalanx of pedal digit 5,False,,
http://purl.obolibrary.org/obo/HP_0100216,Enlarged epiphysis of the middle phalanx of the 5th toe,part of,http://purl.obolibrary.org/obo/UBERON_0004327,middle phalanx of pedal digit 5,False,,
http://purl.obolibrary.org/obo/HP_0100217,Fragmentation of the epiphysis of the middle phalanx of the 5th toe,part of,http://purl.obolibrary.org/obo/UBERON_0004327,middle phalanx of pedal digit 5,False,,
http://purl.obolibrary.org/obo/HP_0100218,Irregular epiphysis of the middle phalanx of the 5th toe,part of,http://purl.obolibrary.org/obo/UBERON_0004327,middle phalanx of pedal digit 5,False,,
http://purl.obolibrary.org/obo/HP_0100219,Ivory epiphysis of the middle phalanx of the 5th toe,part of,http://purl.obolibrary.org/obo/UBERON_0004327,middle phalanx of pedal digit 5,False,,
http://purl.obolibrary.org/obo/HP_0100220,Pseudoepiphysis of the middle phalanx of the 5th toe,characteristic of,http://purl.obolibrary.org/obo/UBERON_0004327,middle phalanx of pedal digit 5,False,,
http://purl.obolibrary.org/obo/HP_0100221,Small epiphysis of the middle phalanx of the 5th toe,part of,http://purl.obolibrary.org/obo/UBERON_0004327,middle phalanx of pedal digit 5,False,,
http://purl.obolibrary.org/obo/HP_0100222,Stippling of the epiphysis of the middle phalanx of the 5th toe,part of,http://purl.obolibrary.org/obo/UBERON_0004327,middle phalanx of pedal digit 5,False,,
http://purl.obolibrary.org/obo/HP_0100223,Triangular epiphysis of the middle phalanx of the 5th toe,part of,http://purl.obolibrary.org/obo/UBERON_0004327,middle phalanx of pedal digit 5,False,,
http://purl.obolibrary.org/obo/HP_0100224,Absent epiphysis of the proximal phalanx of the 5th toe,part of,http://purl.obolibrary.org/obo/UBERON_0004336,proximal phalanx of pedal digit 5,False,,
http://purl.obolibrary.org/obo/HP_0100225,Bracket epiphysis of the proximal phalanx of the 5th toe,part of,http://purl.obolibrary.org/obo/UBERON_0004336,proximal phalanx of pedal digit 5,False,,
http://purl.obolibrary.org/obo/HP_0100226,Cone-shaped epiphysis of the proximal phalanx of the 5th toe,part of,http://purl.obolibrary.org/obo/UBERON_0004336,proximal phalanx of pedal digit 5,False,,
http://purl.obolibrary.org/obo/HP_0100227,Enlarged epiphysis of the proximal phalanx of the 5th toe,part of,http://purl.obolibrary.org/obo/UBERON_0004336,proximal phalanx of pedal digit 5,False,,
http://purl.obolibrary.org/obo/HP_0100228,Fragmentation of the epiphysis of the proximal phalanx of the 5th toe,part of,http://purl.obolibrary.org/obo/UBERON_0004336,proximal phalanx of pedal digit 5,False,,
http://purl.obolibrary.org/obo/HP_0100229,Irregular epiphysis of the proximal phalanx of the 5th toe,part of,http://purl.obolibrary.org/obo/UBERON_0004336,proximal phalanx of pedal digit 5,False,,
http://purl.obolibrary.org/obo/HP_0100230,Ivory epiphysis of the proximal phalanx of the 5th toe,part of,http://purl.obolibrary.org/obo/UBERON_0004336,proximal phalanx of pedal digit 5,False,,
http://purl.obolibrary.org/obo/HP_0100231,Pseudoepiphysis of the proximal phalanx of the 5th toe,characteristic of,http://purl.obolibrary.org/obo/UBERON_0004336,proximal phalanx of pedal digit 5,False,,
http://purl.obolibrary.org/obo/HP_0100232,Small epiphysis of the proximal phalanx of the 5th toe,part of,http://purl.obolibrary.org/obo/UBERON_0004336,proximal phalanx of pedal digit 5,False,,
http://purl.obolibrary.org/obo/HP_0100233,Stippling of the epiphysis of the proximal phalanx of the 5th toe,part of,http://purl.obolibrary.org/obo/UBERON_0004336,proximal phalanx of pedal digit 5,False,,
http://purl.obolibrary.org/obo/HP_0100234,Triangular epiphysis of the proximal phalanx of the 5th toe,part of,http://purl.obolibrary.org/obo/UBERON_0004336,proximal phalanx of pedal digit 5,False,,
http://purl.obolibrary.org/obo/HP_0100235,Synostosis involving bones of the toes,characteristic of,http://purl.obolibrary.org/obo/UBERON_0004248,pedal digit bone,False,,
http://purl.obolibrary.org/obo/HP_0100235,Synostosis involving bones of the toes,towards,http://purl.obolibrary.org/obo/UBERON_0004248,pedal digit bone,False,,
http://purl.obolibrary.org/obo/HP_0100238,Synostosis involving bones of the upper limbs,characteristic of,http://purl.obolibrary.org/obo/UBERON_0012475,skeleton of pectoral complex,False,,
http://purl.obolibrary.org/obo/HP_0100238,Synostosis involving bones of the upper limbs,towards,http://purl.obolibrary.org/obo/UBERON_0012475,skeleton of pectoral complex,False,,
http://purl.obolibrary.org/obo/HP_0100240,Synostosis of joints,characteristic of,http://purl.obolibrary.org/obo/UBERON_0000982,skeletal joint,False,,
http://purl.obolibrary.org/obo/HP_0100240,Synostosis of joints,towards,http://purl.obolibrary.org/obo/UBERON_0000982,skeletal joint,False,,
http://purl.obolibrary.org/obo/HP_0100249,Calcification of muscles,characteristic of,http://purl.obolibrary.org/obo/UBERON_0001015,musculature,False,,
http://purl.obolibrary.org/obo/HP_0100250,Meningeal calcification,characteristic of,http://purl.obolibrary.org/obo/UBERON_0010743,meningeal cluster,False,,
http://purl.obolibrary.org/obo/HP_0100253,Abnormality of the medullary cavity of the long bones,characteristic of part of,http://purl.obolibrary.org/obo/UBERON_0016413,medullary cavity of long bone,False,,
http://purl.obolibrary.org/obo/HP_0100254,Stenosis of the medullary cavity of the long bones,characteristic of,http://purl.obolibrary.org/obo/UBERON_0016413,medullary cavity of long bone,False,,
http://purl.obolibrary.org/obo/HP_0100255,Metaphyseal dysplasia,characteristic of,http://purl.obolibrary.org/obo/UBERON_0001438,metaphysis,False,,
http://purl.obolibrary.org/obo/HP_0100260,Mesoaxial polydactyly,part of,http://purl.obolibrary.org/obo/UBERON_0010707,appendage girdle complex,False,,
http://purl.obolibrary.org/obo/HP_0100261,Abnormal tendon morphology,characteristic of,http://purl.obolibrary.org/obo/UBERON_0000043,tendon,False,,
http://purl.obolibrary.org/obo/HP_0100262,Synostosis involving digits,part of,http://purl.obolibrary.org/obo/UBERON_0002544,digit,False,,
http://purl.obolibrary.org/obo/HP_0100262,Synostosis involving digits,part of,http://purl.obolibrary.org/obo/UBERON_0002544,digit,False,,
http://purl.obolibrary.org/obo/HP_0100292,Amyloidosis of peripheral nerves,part of,http://purl.obolibrary.org/obo/UBERON_0001021,nerve,False,,
http://purl.obolibrary.org/obo/HP_0100321,Abnormal dentate nucleus morphology,characteristic of part of,http://purl.obolibrary.org/obo/UBERON_0002132,dentate nucleus,False,,
http://purl.obolibrary.org/obo/HP_0100339,Abnormality of the os naviculare pedis,characteristic of part of,http://purl.obolibrary.org/obo/UBERON_0001451,navicular bone of pes,False,,
http://purl.obolibrary.org/obo/HP_0100340,Fibular deviation of the 4th toe,characteristic of,http://purl.obolibrary.org/obo/UBERON_0003634,pedal digit 4,False,,
http://purl.obolibrary.org/obo/HP_0100342,Fibular deviation of the 3rd toe,characteristic of,http://purl.obolibrary.org/obo/UBERON_0003633,pedal digit 3,False,,
http://purl.obolibrary.org/obo/HP_0100344,Fibular deviation of the 2nd toe,characteristic of,http://purl.obolibrary.org/obo/UBERON_0003632,pedal digit 2,False,,
http://purl.obolibrary.org/obo/HP_0100346,Fibular deviation of the 5th toe,characteristic of,http://purl.obolibrary.org/obo/UBERON_0003635,pedal digit 5,False,,
http://purl.obolibrary.org/obo/HP_0100348,Contracture of the proximal interphalangeal joint of the 2nd toe,part of,http://purl.obolibrary.org/obo/UBERON_0003632,pedal digit 2,False,,
http://purl.obolibrary.org/obo/HP_0100349,Contracture of the proximal interphalangeal joint of the 3rd toe,part of,http://purl.obolibrary.org/obo/UBERON_0003633,pedal digit 3,False,,
http://purl.obolibrary.org/obo/HP_0100350,Contracture of the proximal interphalangeal joint of the 4th toe,part of,http://purl.obolibrary.org/obo/UBERON_0003634,pedal digit 4,False,,
http://purl.obolibrary.org/obo/HP_0100351,Contractures of the proximal interphalangeal joint of the 5th toe,part of,http://purl.obolibrary.org/obo/UBERON_0003635,pedal digit 5,False,,
http://purl.obolibrary.org/obo/HP_0100352,Contracture of the distal interphalangeal joint of the 2nd toe,attached to,http://purl.obolibrary.org/obo/UBERON_0014672,distal interphalangeal joint of pedal digit 2,False,,
http://purl.obolibrary.org/obo/HP_0100353,Contracture of the distal interphalangeal joint of the 3rd toe,attached to,http://purl.obolibrary.org/obo/UBERON_0014507,distal interphalangeal joint of pedal digit 3,False,,
http://purl.obolibrary.org/obo/HP_0100354,Contracture of the distal interphalangeal joint of the 4th toe,attached to,http://purl.obolibrary.org/obo/UBERON_0014674,distal interphalangeal joint of pedal digit 4,False,,
http://purl.obolibrary.org/obo/HP_0100355,Contractures of the distal interphalangeal joint of the 5th toe,attached to,http://purl.obolibrary.org/obo/UBERON_0014675,distal interphalangeal joint of pedal digit 5,False,,
http://purl.obolibrary.org/obo/HP_0100356,Contracture of the metatarsophalangeal joint of the 2nd toe,attached to,http://purl.obolibrary.org/obo/UBERON_0007753,metatarsophalangeal joint of pedal digit 2,False,,
http://purl.obolibrary.org/obo/HP_0100357,Contracture of the metatarsophalangeal joint of the 3rd toe,attached to,http://purl.obolibrary.org/obo/UBERON_0007756,metatarsophalangeal joint of pedal digit 3,False,,
http://purl.obolibrary.org/obo/HP_0100358,Contracture of the metatarsophalangeal joint of the 4th toe,attached to,http://purl.obolibrary.org/obo/UBERON_0007759,metatarsophalangeal joint of pedal digit 4,False,,
http://purl.obolibrary.org/obo/HP_0100359,Contracture of the metatarsophalangeal joint of the 5th toe,attached to,http://purl.obolibrary.org/obo/UBERON_0007762,metatarsophalangeal joint of pedal digit 5,False,,
http://purl.obolibrary.org/obo/HP_0100360,Upper-limb joint contracture,attached to,http://purl.obolibrary.org/obo/UBERON_0003839,forelimb joint,False,,
http://purl.obolibrary.org/obo/HP_0100362,Aplasia of the phalanges of the 3rd toe,characteristic of,http://purl.obolibrary.org/obo/UBERON_0003642,pedal digit 3 phalanx,False,,
http://purl.obolibrary.org/obo/HP_0100363,Aplasia of the phalanges of the 4th toe,characteristic of,http://purl.obolibrary.org/obo/UBERON_0003862,pedal digit 4 phalanx,False,,
http://purl.obolibrary.org/obo/HP_0100364,Aplasia of the phalanges of the 5th toe,characteristic of,http://purl.obolibrary.org/obo/UBERON_0003863,pedal digit 5 phalanx,False,,
http://purl.obolibrary.org/obo/HP_0100366,Short phalanx of the 3rd toe,characteristic of,http://purl.obolibrary.org/obo/UBERON_0003642,pedal digit 3 phalanx,False,,
http://purl.obolibrary.org/obo/HP_0100367,Short phalanx of the 4th toe,characteristic of,http://purl.obolibrary.org/obo/UBERON_0003862,pedal digit 4 phalanx,False,,
http://purl.obolibrary.org/obo/HP_0100368,Short phalanx of the 5th toe,characteristic of,http://purl.obolibrary.org/obo/UBERON_0003863,pedal digit 5 phalanx,False,,
http://purl.obolibrary.org/obo/HP_0100369,Aplasia/Hypoplasia of the distal phalanx of the 3rd toe,characteristic of,http://purl.obolibrary.org/obo/UBERON_0004317,distal phalanx of pedal digit 3,False,,
http://purl.obolibrary.org/obo/HP_0100370,Aplasia/Hypoplasia of the distal phalanx of the 4th toe,characteristic of,http://purl.obolibrary.org/obo/UBERON_0004318,distal phalanx of pedal digit 4,False,,
http://purl.obolibrary.org/obo/HP_0100371,Aplasia/Hypoplasia of the distal phalanx of the 5th toe,characteristic of,http://purl.obolibrary.org/obo/UBERON_0004319,distal phalanx of pedal digit 5,False,,
http://purl.obolibrary.org/obo/HP_0100372,Aplasia/Hypoplasia of the middle phalanx of the 3rd toe,characteristic of,http://purl.obolibrary.org/obo/UBERON_0004325,middle phalanx of pedal digit 3,False,,
http://purl.obolibrary.org/obo/HP_0100373,Aplasia/Hypoplasia of the middle phalanx of the 4th toe,characteristic of,http://purl.obolibrary.org/obo/UBERON_0004326,middle phalanx of pedal digit 4,False,,
http://purl.obolibrary.org/obo/HP_0100374,Aplasia/Hypoplasia of the middle phalanx of the 5th toe,characteristic of,http://purl.obolibrary.org/obo/UBERON_0004327,middle phalanx of pedal digit 5,False,,
http://purl.obolibrary.org/obo/HP_0100375,Aplasia/hypoplasia of the proximal phalanx of the 3rd toe,characteristic of,http://purl.obolibrary.org/obo/UBERON_0004334,proximal phalanx of pedal digit 3,False,,
http://purl.obolibrary.org/obo/HP_0100376,Aplasia/hypoplasia of the proximal phalanx of the 4th toe,characteristic of,http://purl.obolibrary.org/obo/UBERON_0004335,proximal phalanx of pedal digit 4,False,,
http://purl.obolibrary.org/obo/HP_0100377,Aplasia/hypoplasia of the proximal phalanx of the 5th toe,characteristic of,http://purl.obolibrary.org/obo/UBERON_0004336,proximal phalanx of pedal digit 5,False,,
http://purl.obolibrary.org/obo/HP_0100378,Absent distal phalanx of the 3rd toe,characteristic of,http://purl.obolibrary.org/obo/UBERON_0004317,distal phalanx of pedal digit 3,False,,
http://purl.obolibrary.org/obo/HP_0100379,Aplasia of the distal phalanx of the 4th toe,characteristic of,http://purl.obolibrary.org/obo/UBERON_0004318,distal phalanx of pedal digit 4,False,,
http://purl.obolibrary.org/obo/HP_0100380,Aplasia of the distal phalanx of the 5th toe,characteristic of,http://purl.obolibrary.org/obo/UBERON_0004319,distal phalanx of pedal digit 5,False,,
http://purl.obolibrary.org/obo/HP_0100381,Absent middle phalanx of the 3rd toe,characteristic of,http://purl.obolibrary.org/obo/UBERON_0004325,middle phalanx of pedal digit 3,False,,
http://purl.obolibrary.org/obo/HP_0100382,Aplasia of the middle phalanx of the 4th toe,characteristic of,http://purl.obolibrary.org/obo/UBERON_0004326,middle phalanx of pedal digit 4,False,,
http://purl.obolibrary.org/obo/HP_0100383,Aplasia of the middle phalanx of the 5th toe,characteristic of,http://purl.obolibrary.org/obo/UBERON_0004327,middle phalanx of pedal digit 5,False,,
http://purl.obolibrary.org/obo/HP_0100384,Absent proximal phalanx of the 3rd toe,characteristic of,http://purl.obolibrary.org/obo/UBERON_0004334,proximal phalanx of pedal digit 3,False,,
http://purl.obolibrary.org/obo/HP_0100385,Aplasia of the proximal phalanx of the 4th toe,characteristic of,http://purl.obolibrary.org/obo/UBERON_0004335,proximal phalanx of pedal digit 4,False,,
http://purl.obolibrary.org/obo/HP_0100386,Aplasia of the proximal phalanx of the 5th toe,characteristic of,http://purl.obolibrary.org/obo/UBERON_0004336,proximal phalanx of pedal digit 5,False,,
http://purl.obolibrary.org/obo/HP_0100387,Aplasia of the middle phalanges of the toes,characteristic of,http://purl.obolibrary.org/obo/UBERON_0003866,middle phalanx of pes,False,,
http://purl.obolibrary.org/obo/HP_0100388,Aplasia of the proximal phalanges of the toes,characteristic of,http://purl.obolibrary.org/obo/UBERON_0003868,proximal phalanx of pes,False,,
http://purl.obolibrary.org/obo/HP_0100389,Short distal phalanx of the 3rd toe,characteristic of,http://purl.obolibrary.org/obo/UBERON_0004317,distal phalanx of pedal digit 3,False,,
http://purl.obolibrary.org/obo/HP_0100390,Short distal phalanx of the 4th toe,characteristic of,http://purl.obolibrary.org/obo/UBERON_0004318,distal phalanx of pedal digit 4,False,,
http://purl.obolibrary.org/obo/HP_0100391,Short distal phalanx of the 5th toe,characteristic of,http://purl.obolibrary.org/obo/UBERON_0004319,distal phalanx of pedal digit 5,False,,
http://purl.obolibrary.org/obo/HP_0100392,Short middle phalanx of the 3rd toe,characteristic of,http://purl.obolibrary.org/obo/UBERON_0004325,middle phalanx of pedal digit 3,False,,
http://purl.obolibrary.org/obo/HP_0100393,Short middle phalanx of the 4th toe,characteristic of,http://purl.obolibrary.org/obo/UBERON_0004326,middle phalanx of pedal digit 4,False,,
http://purl.obolibrary.org/obo/HP_0100394,Short middle phalanx of the 5th toe,characteristic of,http://purl.obolibrary.org/obo/UBERON_0004327,middle phalanx of pedal digit 5,False,,
http://purl.obolibrary.org/obo/HP_0100395,Short proximal phalanx of the 3rd toe,characteristic of,http://purl.obolibrary.org/obo/UBERON_0004334,proximal phalanx of pedal digit 3,False,,
http://purl.obolibrary.org/obo/HP_0100396,Short proximal phalanx of the 4th toe,characteristic of,http://purl.obolibrary.org/obo/UBERON_0004335,proximal phalanx of pedal digit 4,False,,
http://purl.obolibrary.org/obo/HP_0100397,Short proximal phalanx of the 5th toe,characteristic of,http://purl.obolibrary.org/obo/UBERON_0004336,proximal phalanx of pedal digit 5,False,,
http://purl.obolibrary.org/obo/HP_0100407,Complete duplication of the distal phalanx of the 3rd toe,towards,http://purl.obolibrary.org/obo/UBERON_0004317,distal phalanx of pedal digit 3,False,,
http://purl.obolibrary.org/obo/HP_0100408,Complete duplication of the distal phalanx of the 4th toe,towards,http://purl.obolibrary.org/obo/UBERON_0004318,distal phalanx of pedal digit 4,False,,
http://purl.obolibrary.org/obo/HP_0100409,Complete duplication of the distal phalanx of the 5th toe,towards,http://purl.obolibrary.org/obo/UBERON_0004319,distal phalanx of pedal digit 5,False,,
http://purl.obolibrary.org/obo/HP_0100410,Complete duplication of the middle phalanx of the 3rd toe,towards,http://purl.obolibrary.org/obo/UBERON_0004325,middle phalanx of pedal digit 3,False,,
http://purl.obolibrary.org/obo/HP_0100411,Complete duplication of the middle phalanx of the 4th toe,towards,http://purl.obolibrary.org/obo/UBERON_0004326,middle phalanx of pedal digit 4,False,,
http://purl.obolibrary.org/obo/HP_0100413,Complete duplication of the proximal phalanx of the 3rd toe,towards,http://purl.obolibrary.org/obo/UBERON_0004334,proximal phalanx of pedal digit 3,False,,
http://purl.obolibrary.org/obo/HP_0100415,Complete duplication of the proximal phalanx of the 5th toe,towards,http://purl.obolibrary.org/obo/UBERON_0004336,proximal phalanx of pedal digit 5,False,,
http://purl.obolibrary.org/obo/HP_0100425,Broad middle phalanx of the 3rd toe,characteristic of,http://purl.obolibrary.org/obo/UBERON_0004325,middle phalanx of pedal digit 3,False,,
http://purl.obolibrary.org/obo/HP_0100426,Broad middle phalanx of the 4th toe,characteristic of,http://purl.obolibrary.org/obo/UBERON_0004326,middle phalanx of pedal digit 4,False,,
http://purl.obolibrary.org/obo/HP_0100427,Broad middle phalanx of the 5th toe,characteristic of,http://purl.obolibrary.org/obo/UBERON_0004327,middle phalanx of pedal digit 5,False,,
http://purl.obolibrary.org/obo/HP_0100428,Broad proximal phalanx of the 3rd toe,characteristic of,http://purl.obolibrary.org/obo/UBERON_0004334,proximal phalanx of pedal digit 3,False,,
http://purl.obolibrary.org/obo/HP_0100429,Broad proximal phalanx of the 4th toe,characteristic of,http://purl.obolibrary.org/obo/UBERON_0004335,proximal phalanx of pedal digit 4,False,,
http://purl.obolibrary.org/obo/HP_0100430,Broad proximal phalanx of the 5th toe,characteristic of,http://purl.obolibrary.org/obo/UBERON_0004336,proximal phalanx of pedal digit 5,False,,
http://purl.obolibrary.org/obo/HP_0100431,Broad distal phalanx of the 3rd toe,characteristic of,http://purl.obolibrary.org/obo/UBERON_0004317,distal phalanx of pedal digit 3,False,,
http://purl.obolibrary.org/obo/HP_0100432,Broad distal phalanx of the 4th toe,characteristic of,http://purl.obolibrary.org/obo/UBERON_0004318,distal phalanx of pedal digit 4,False,,
http://purl.obolibrary.org/obo/HP_0100433,Broad distal phalanx of the 5th toe,characteristic of,http://purl.obolibrary.org/obo/UBERON_0004319,distal phalanx of pedal digit 5,False,,
http://purl.obolibrary.org/obo/HP_0100443,Curved middle phalanx of the 3rd toe,characteristic of,http://purl.obolibrary.org/obo/UBERON_0004325,middle phalanx of pedal digit 3,False,,
http://purl.obolibrary.org/obo/HP_0100444,Curved middle phalanx of the 4th toe,characteristic of,http://purl.obolibrary.org/obo/UBERON_0004326,middle phalanx of pedal digit 4,False,,
http://purl.obolibrary.org/obo/HP_0100445,Curved middle phalanx of the 5th toe,characteristic of,http://purl.obolibrary.org/obo/UBERON_0004327,middle phalanx of pedal digit 5,False,,
http://purl.obolibrary.org/obo/HP_0100446,Curved proximal phalanx of the 3rd toe,characteristic of,http://purl.obolibrary.org/obo/UBERON_0004334,proximal phalanx of pedal digit 3,False,,
http://purl.obolibrary.org/obo/HP_0100447,Curved proximal phalanx of the 4th toe,characteristic of,http://purl.obolibrary.org/obo/UBERON_0004335,proximal phalanx of pedal digit 4,False,,
http://purl.obolibrary.org/obo/HP_0100448,Curved proximal phalanx of the 5th toe,characteristic of,http://purl.obolibrary.org/obo/UBERON_0004336,proximal phalanx of pedal digit 5,False,,
http://purl.obolibrary.org/obo/HP_0100449,Curved distal phalanx of the 3rd toe,characteristic of,http://purl.obolibrary.org/obo/UBERON_0004317,distal phalanx of pedal digit 3,False,,
http://purl.obolibrary.org/obo/HP_0100450,Curved distal phalanx of the 4th toe,characteristic of,http://purl.obolibrary.org/obo/UBERON_0004318,distal phalanx of pedal digit 4,False,,
http://purl.obolibrary.org/obo/HP_0100451,Curved distal phalanx of the 5th toe,characteristic of,http://purl.obolibrary.org/obo/UBERON_0004319,distal phalanx of pedal digit 5,False,,
http://purl.obolibrary.org/obo/HP_0100461,Patchy sclerosis of the middle phalanx of the 3rd toe,occurs in,http://purl.obolibrary.org/obo/UBERON_0004325,middle phalanx of pedal digit 3,False,,
http://purl.obolibrary.org/obo/HP_0100462,Patchy sclerosis of the middle phalanx of the 4th toe,occurs in,http://purl.obolibrary.org/obo/UBERON_0004326,middle phalanx of pedal digit 4,False,,
http://purl.obolibrary.org/obo/HP_0100463,Patchy sclerosis of the middle phalanx of the 5th toe,occurs in,http://purl.obolibrary.org/obo/UBERON_0004327,middle phalanx of pedal digit 5,False,,
http://purl.obolibrary.org/obo/HP_0100464,Patchy sclerosis of the proximal phalanx of the 3rd toe,occurs in,http://purl.obolibrary.org/obo/UBERON_0004334,proximal phalanx of pedal digit 3,False,,
http://purl.obolibrary.org/obo/HP_0100465,Patchy sclerosis of the proximal phalanx of the 4th toe,occurs in,http://purl.obolibrary.org/obo/UBERON_0004335,proximal phalanx of pedal digit 4,False,,
http://purl.obolibrary.org/obo/HP_0100466,Patchy sclerosis of the proximal phalanx of the 5th toe,occurs in,http://purl.obolibrary.org/obo/UBERON_0004336,proximal phalanx of pedal digit 5,False,,
http://purl.obolibrary.org/obo/HP_0100467,Patchy sclerosis of the distal phalanx of the 3rd toe,occurs in,http://purl.obolibrary.org/obo/UBERON_0004317,distal phalanx of pedal digit 3,False,,
http://purl.obolibrary.org/obo/HP_0100468,Patchy sclerosis of the distal phalanx of the 4th toe,occurs in,http://purl.obolibrary.org/obo/UBERON_0004318,distal phalanx of pedal digit 4,False,,
http://purl.obolibrary.org/obo/HP_0100469,Patchy sclerosis of the distal phalanx of the 5th toe,occurs in,http://purl.obolibrary.org/obo/UBERON_0004319,distal phalanx of pedal digit 5,False,,
http://purl.obolibrary.org/obo/HP_0100491,Abnormality of lower limb joint,characteristic of part of,http://purl.obolibrary.org/obo/UBERON_0003840,hindlimb joint,False,,
http://purl.obolibrary.org/obo/HP_0100493,Hypoammonemia,part of,http://purl.obolibrary.org/obo/UBERON_0000178,blood,False,,
http://purl.obolibrary.org/obo/HP_0100498,Deviation of toes,characteristic of,http://purl.obolibrary.org/obo/UBERON_0001466,pedal digit,False,,
http://purl.obolibrary.org/obo/HP_0100500,Fibular deviation of toes,characteristic of,http://purl.obolibrary.org/obo/UBERON_0001466,pedal digit,False,,
http://purl.obolibrary.org/obo/HP_0100507,Reduced blood folate concentration,part of,http://purl.obolibrary.org/obo/UBERON_0000178,blood,False,,
http://purl.obolibrary.org/obo/HP_0100523,Liver abscess,part of,http://purl.obolibrary.org/obo/UBERON_0002107,liver,False,,
http://purl.obolibrary.org/obo/HP_0100524,Limb duplication,characteristic of,http://purl.obolibrary.org/obo/UBERON_0010707,appendage girdle complex,False,,
http://purl.obolibrary.org/obo/HP_0100525,Urachus fistula,part of,http://purl.obolibrary.org/obo/UBERON_0002068,urachus,False,,
http://purl.obolibrary.org/obo/HP_0100529,Abnormal blood phosphate concentration,part of,http://purl.obolibrary.org/obo/UBERON_0000178,blood,False,,
http://purl.obolibrary.org/obo/HP_0100533,Inflammatory abnormality of the eye,occurs in,http://purl.obolibrary.org/obo/UBERON_0010230,eyeball of camera-type eye,False,,
http://purl.obolibrary.org/obo/HP_0100536,Abnormal fascia morphology,characteristic of part of,http://purl.obolibrary.org/obo/UBERON_0008982,fascia,False,,
http://purl.obolibrary.org/obo/HP_0100537,Fasciitis,occurs in,http://purl.obolibrary.org/obo/UBERON_0008982,fascia,False,,
http://purl.obolibrary.org/obo/HP_0100539,Periorbital edema,characteristic of,http://purl.obolibrary.org/obo/UBERON_0004090,periorbital region,False,,
http://purl.obolibrary.org/obo/HP_0100540,Palpebral edema,characteristic of,http://purl.obolibrary.org/obo/UBERON_0001711,eyelid,False,,
http://purl.obolibrary.org/obo/HP_0100542,Abnormal localization of kidney,characteristic of part of,http://purl.obolibrary.org/obo/UBERON_0002113,kidney,False,,
http://purl.obolibrary.org/obo/HP_0100545,Arterial stenosis,characteristic of,http://purl.obolibrary.org/obo/UBERON_0001637,artery,False,,
http://purl.obolibrary.org/obo/HP_0100546,Carotid artery stenosis,characteristic of,http://purl.obolibrary.org/obo/UBERON_0005396,carotid artery segment,False,,
http://purl.obolibrary.org/obo/HP_0100547,Abnormal forebrain morphology,characteristic of,http://purl.obolibrary.org/obo/UBERON_0001890,forebrain,False,,
http://purl.obolibrary.org/obo/HP_0100553,Hemihypertrophy of lower limb,characteristic of,http://purl.obolibrary.org/obo/UBERON_0010709,pelvic complex,False,,
http://purl.obolibrary.org/obo/HP_0100554,Hemihypertrophy of upper limb,characteristic of,http://purl.obolibrary.org/obo/UBERON_0010708,pectoral complex,False,,
http://purl.obolibrary.org/obo/HP_0100556,Hemiatrophy,characteristic of,http://purl.obolibrary.org/obo/UBERON_0010707,appendage girdle complex,False,,
http://purl.obolibrary.org/obo/HP_0100557,Hemiatrophy of lower limb,characteristic of,http://purl.obolibrary.org/obo/UBERON_0010709,pelvic complex,False,,
http://purl.obolibrary.org/obo/HP_0100558,Hemiatrophy of upper limb,characteristic of,http://purl.obolibrary.org/obo/UBERON_0010708,pectoral complex,False,,
http://purl.obolibrary.org/obo/HP_0100559,Lower limb asymmetry,characteristic of part of,http://purl.obolibrary.org/obo/UBERON_0010709,pelvic complex,False,,
http://purl.obolibrary.org/obo/HP_0100560,Upper limb asymmetry,characteristic of part of,http://purl.obolibrary.org/obo/UBERON_0010708,pectoral complex,False,,
http://purl.obolibrary.org/obo/HP_0100569,Abnormally ossified vertebrae,occurs in,http://purl.obolibrary.org/obo/UBERON_0002412,vertebra,False,,
http://purl.obolibrary.org/obo/HP_0100577,Urinary bladder inflammation,occurs in,http://purl.obolibrary.org/obo/UBERON_0001255,urinary bladder,False,,
http://purl.obolibrary.org/obo/HP_0100579,Mucosal telangiectasiae,part of,http://purl.obolibrary.org/obo/UBERON_0000344,mucosa,False,,
http://purl.obolibrary.org/obo/HP_0100583,Corneal perforation,characteristic of,http://purl.obolibrary.org/obo/UBERON_0000964,cornea,False,,
http://purl.obolibrary.org/obo/HP_0100584,Endocarditis,occurs in,http://purl.obolibrary.org/obo/UBERON_0002165,endocardium,False,,
http://purl.obolibrary.org/obo/HP_0100587,Abnormal preputium morphology,characteristic of part of,http://purl.obolibrary.org/obo/UBERON_0001332,prepuce of penis,False,,
http://purl.obolibrary.org/obo/HP_0100589,Urogenital fistula,part of,http://purl.obolibrary.org/obo/UBERON_0004122,genitourinary system,False,,
http://purl.obolibrary.org/obo/HP_0100590,Rectal fistula,part of,http://purl.obolibrary.org/obo/UBERON_0001052,rectum,False,,
http://purl.obolibrary.org/obo/HP_0100592,Peritoneal abscess,part of,http://purl.obolibrary.org/obo/UBERON_0002358,peritoneum,False,,
http://purl.obolibrary.org/obo/HP_0100593,Calcification of cartilage,characteristic of,http://purl.obolibrary.org/obo/UBERON_0007844,cartilage element,False,,
http://purl.obolibrary.org/obo/HP_0100596,Absent nares,characteristic of,http://purl.obolibrary.org/obo/UBERON_0005928,external naris,False,,
http://purl.obolibrary.org/obo/HP_0100598,Pulmonary edema,characteristic of,http://purl.obolibrary.org/obo/UBERON_0002048,lung,False,,
http://purl.obolibrary.org/obo/HP_0100614,Myositis,occurs in,http://purl.obolibrary.org/obo/UBERON_0001015,musculature,False,,
http://purl.obolibrary.org/obo/HP_0100623,Abnormal corpus cavernosum morphology,characteristic of part of,http://purl.obolibrary.org/obo/UBERON_0006609,corpus cavernosum,False,,
http://purl.obolibrary.org/obo/HP_0100625,Enlarged thorax,characteristic of,http://purl.obolibrary.org/obo/UBERON_0001443,chest,False,,
http://purl.obolibrary.org/obo/HP_0100627,Displacement of the urethral meatus,characteristic of,http://purl.obolibrary.org/obo/UBERON_0012240,urethral meatus,False,,
http://purl.obolibrary.org/obo/HP_0100640,Laryngeal cyst,part of,http://purl.obolibrary.org/obo/UBERON_0001737,larynx,False,,
http://purl.obolibrary.org/obo/HP_0100643,Abnormality of nail color,characteristic of part of,http://purl.obolibrary.org/obo/UBERON_0001705,nail,False,,
http://purl.obolibrary.org/obo/HP_0100646,Thyroiditis,occurs in,http://purl.obolibrary.org/obo/UBERON_0002046,thyroid gland,False,,
http://purl.obolibrary.org/obo/HP_0100653,Optic neuritis,occurs in,http://purl.obolibrary.org/obo/UBERON_0000941,cranial nerve II,False,,
http://purl.obolibrary.org/obo/HP_0100659,Abnormal cerebral vascular morphology,part of,http://purl.obolibrary.org/obo/UBERON_0000955,brain,False,,
http://purl.obolibrary.org/obo/HP_0100662,Chondritis,occurs in,http://purl.obolibrary.org/obo/UBERON_0007844,cartilage element,False,,
http://purl.obolibrary.org/obo/HP_0100668,Intestinal duplication,characteristic of part of,http://purl.obolibrary.org/obo/UBERON_0000160,intestine,False,,
http://purl.obolibrary.org/obo/HP_0100669,Abnormal pigmentation of the oral mucosa,occurs in,http://purl.obolibrary.org/obo/UBERON_0003729,mouth mucosa,False,,
http://purl.obolibrary.org/obo/HP_0100671,Abnormal trabecular bone morphology,characteristic of,http://purl.obolibrary.org/obo/UBERON_0008867,trabecular network of bone,False,,
http://purl.obolibrary.org/obo/HP_0100672,Vaginal hernia,characteristic of,http://purl.obolibrary.org/obo/UBERON_0000996,vagina,False,,
http://purl.obolibrary.org/obo/HP_0100681,Esophageal duplication,characteristic of part of,http://purl.obolibrary.org/obo/UBERON_0001043,esophagus,False,,
http://purl.obolibrary.org/obo/HP_0100682,Tracheal atresia,characteristic of,http://purl.obolibrary.org/obo/UBERON_0003126,trachea,False,,
http://purl.obolibrary.org/obo/HP_0100689,Decreased corneal thickness,characteristic of,http://purl.obolibrary.org/obo/UBERON_0000964,cornea,False,,
http://purl.obolibrary.org/obo/HP_0100691,Abnormality of the curvature of the cornea,characteristic of part of,http://purl.obolibrary.org/obo/UBERON_0000964,cornea,False,,
http://purl.obolibrary.org/obo/HP_0100694,Tibial torsion,characteristic of,http://purl.obolibrary.org/obo/UBERON_0000979,tibia,False,,
http://purl.obolibrary.org/obo/HP_0100699,Scarring,characteristic of,http://purl.obolibrary.org/obo/UBERON_0000468,multicellular organism,False,,
http://purl.obolibrary.org/obo/HP_0100700,Abnormal arachnoid mater morphology,characteristic of,http://purl.obolibrary.org/obo/UBERON_0002362,arachnoid mater,False,,
http://purl.obolibrary.org/obo/HP_0100701,Abnormal pia mater,characteristic of part of,http://purl.obolibrary.org/obo/UBERON_0002361,pia mater,False,,
http://purl.obolibrary.org/obo/HP_0100711,Abnormal thoracic spine morphology,characteristic of part of,http://purl.obolibrary.org/obo/UBERON_0006073,thoracic region of vertebral column,False,,
http://purl.obolibrary.org/obo/HP_0100712,Abnormal lumbar spine morphology,characteristic of part of,http://purl.obolibrary.org/obo/UBERON_0006074,lumbar region of vertebral column,False,,
http://purl.obolibrary.org/obo/HP_0100717,Abnormal cementum morphology,characteristic of part of,http://purl.obolibrary.org/obo/UBERON_0001753,cementum,False,,
http://purl.obolibrary.org/obo/HP_0100719,Lens coloboma,characteristic of,http://purl.obolibrary.org/obo/UBERON_0000965,lens of camera-type eye,False,,
http://purl.obolibrary.org/obo/HP_0100729,Large face,characteristic of,http://purl.obolibrary.org/obo/UBERON_0001456,face,False,,
http://purl.obolibrary.org/obo/HP_0100734,Abnormal vertebral epiphysis morphology,part of,http://purl.obolibrary.org/obo/UBERON_0002412,vertebra,False,,
http://purl.obolibrary.org/obo/HP_0100736,Abnormal soft palate morphology,characteristic of,http://purl.obolibrary.org/obo/UBERON_0001733,soft palate,False,,
http://purl.obolibrary.org/obo/HP_0100737,Abnormal hard palate morphology,characteristic of,http://purl.obolibrary.org/obo/UBERON_0003216,hard palate,False,,
http://purl.obolibrary.org/obo/HP_0100744,Abnormality of the humeroradial joint,characteristic of part of,http://purl.obolibrary.org/obo/UBERON_0011111,humeroradial joint,False,,
http://purl.obolibrary.org/obo/HP_0100745,Abnormality of the humeroulnar joint,characteristic of part of,http://purl.obolibrary.org/obo/UBERON_0011110,humeroulnar joint,False,,
http://purl.obolibrary.org/obo/HP_0100748,Muscular edema,characteristic of,http://purl.obolibrary.org/obo/UBERON_0001630,muscle organ,False,,
http://purl.obolibrary.org/obo/HP_0100763,Abnormality of the lymphatic system,characteristic of part of,http://purl.obolibrary.org/obo/UBERON_0006558,lymphatic part of lymphoid system,False,,
http://purl.obolibrary.org/obo/HP_0100765,Abnormality of the tonsils,characteristic of part of,http://purl.obolibrary.org/obo/UBERON_0002372,tonsil,False,,
http://purl.obolibrary.org/obo/HP_0100766,Abnormal lymphatic vessel morphology,characteristic of,http://purl.obolibrary.org/obo/UBERON_0001473,lymphatic vessel,False,,
http://purl.obolibrary.org/obo/HP_0100767,Abnormal placenta morphology,characteristic of part of,http://purl.obolibrary.org/obo/UBERON_0001987,placenta,False,,
http://purl.obolibrary.org/obo/HP_0100770,Hyperperistalsis,occurs in,http://purl.obolibrary.org/obo/UBERON_0001555,digestive tract,False,,
http://purl.obolibrary.org/obo/HP_0100771,Hypoperistalsis,occurs in,http://purl.obolibrary.org/obo/UBERON_0001555,digestive tract,False,,
http://purl.obolibrary.org/obo/HP_0100774,Hyperostosis,characteristic of part of,http://purl.obolibrary.org/obo/UBERON_0001474,bone element,False,,
http://purl.obolibrary.org/obo/HP_0100780,Conjunctival hamartoma,part of,http://purl.obolibrary.org/obo/UBERON_0001811,conjunctiva,False,,
http://purl.obolibrary.org/obo/HP_0100781,Abnormal sacroiliac joint morphology,characteristic of part of,http://purl.obolibrary.org/obo/UBERON_0001365,sacro-iliac joint,False,,
http://purl.obolibrary.org/obo/HP_0100783,Breast aplasia,characteristic of,http://purl.obolibrary.org/obo/UBERON_0000310,breast,False,,
http://purl.obolibrary.org/obo/HP_0100788,Fused lips,characteristic of,http://purl.obolibrary.org/obo/UBERON_0001833,lip,False,,
http://purl.obolibrary.org/obo/HP_0100788,Fused lips,towards,http://purl.obolibrary.org/obo/UBERON_0001833,lip,False,,
http://purl.obolibrary.org/obo/HP_0100795,Abnormally straight spine,characteristic of part of,http://purl.obolibrary.org/obo/UBERON_0001130,vertebral column,False,,
http://purl.obolibrary.org/obo/HP_0100797,Toenail dysplasia,characteristic of,http://purl.obolibrary.org/obo/UBERON_0009567,nail of pedal digit,False,,
http://purl.obolibrary.org/obo/HP_0100800,Aplasia/Hypoplasia of the pancreas,characteristic of part of,http://purl.obolibrary.org/obo/UBERON_0001264,pancreas,False,,
http://purl.obolibrary.org/obo/HP_0100801,Pancreatic aplasia,characteristic of part of,http://purl.obolibrary.org/obo/UBERON_0001264,pancreas,False,,
http://purl.obolibrary.org/obo/HP_0100807,Long fingers,characteristic of,http://purl.obolibrary.org/obo/UBERON_0002389,manual digit,False,,
http://purl.obolibrary.org/obo/HP_0100811,Aplasia/Hypoplasia of the colon,characteristic of,http://purl.obolibrary.org/obo/UBERON_0001155,colon,False,,
http://purl.obolibrary.org/obo/HP_0100816,Lip hyperpigmentation,occurs in,http://purl.obolibrary.org/obo/UBERON_0001833,lip,False,,
http://purl.obolibrary.org/obo/HP_0100819,Intestinal fistula,part of,http://purl.obolibrary.org/obo/UBERON_0000160,intestine,False,,
http://purl.obolibrary.org/obo/HP_0100827,Increased total lymphocyte count,part of,http://purl.obolibrary.org/obo/UBERON_0000178,blood,False,,
http://purl.obolibrary.org/obo/HP_0100839,Hepatic agenesis,characteristic of,http://purl.obolibrary.org/obo/UBERON_0002107,liver,False,,
http://purl.obolibrary.org/obo/HP_0100840,Aplasia/Hypoplasia of the eyebrow,characteristic of,http://purl.obolibrary.org/obo/UBERON_0010163,eyebrow,False,,
http://purl.obolibrary.org/obo/HP_0100853,Hypoplastic areola,characteristic of,http://purl.obolibrary.org/obo/UBERON_0002032,areola,False,,
http://purl.obolibrary.org/obo/HP_0100854,Aplasia of the musculature,characteristic of part of,http://purl.obolibrary.org/obo/UBERON_0001630,muscle organ,False,,
http://purl.obolibrary.org/obo/HP_0100855,Triceps hypoplasia,characteristic of,http://purl.obolibrary.org/obo/UBERON_0001509,triceps brachii,False,,
http://purl.obolibrary.org/obo/HP_0100856,Poorly ossified vertebrae,occurs in,http://purl.obolibrary.org/obo/UBERON_0002412,vertebra,False,,
http://purl.obolibrary.org/obo/HP_0100857,Flat sella turcica,characteristic of part of,http://purl.obolibrary.org/obo/UBERON_0003689,sella turcica,False,,
http://purl.obolibrary.org/obo/HP_0100858,Dilatation of celiac artery,characteristic of,http://purl.obolibrary.org/obo/UBERON_0001640,celiac artery,False,,
http://purl.obolibrary.org/obo/HP_0100859,Dilatation of superior mesenteric artery,characteristic of,http://purl.obolibrary.org/obo/UBERON_0001182,superior mesenteric artery,False,,
http://purl.obolibrary.org/obo/HP_0100860,Dilatation of Inferior mesenteric artery,characteristic of,http://purl.obolibrary.org/obo/UBERON_0001183,inferior mesenteric artery,False,,
http://purl.obolibrary.org/obo/HP_0100861,Sclerotic vertebral body,occurs in,http://purl.obolibrary.org/obo/UBERON_0001075,bony vertebral centrum,False,,
http://purl.obolibrary.org/obo/HP_0100862,Aplasia of the femoral head,characteristic of,http://purl.obolibrary.org/obo/UBERON_0006767,head of femur,False,,
http://purl.obolibrary.org/obo/HP_0100863,Aplasia of the femoral neck,characteristic of,http://purl.obolibrary.org/obo/UBERON_0007119,neck of femur,False,,
http://purl.obolibrary.org/obo/HP_0100864,Short femoral neck,characteristic of,http://purl.obolibrary.org/obo/UBERON_0007119,neck of femur,False,,
http://purl.obolibrary.org/obo/HP_0100865,Broad ischia,characteristic of,http://purl.obolibrary.org/obo/UBERON_0001274,ischium,False,,
http://purl.obolibrary.org/obo/HP_0100866,Short iliac bones,characteristic of,http://purl.obolibrary.org/obo/UBERON_0001273,ilium,False,,
http://purl.obolibrary.org/obo/HP_0100867,Duodenal stenosis,characteristic of,http://purl.obolibrary.org/obo/UBERON_0002114,duodenum,False,,
http://purl.obolibrary.org/obo/HP_0100869,Palmar telangiectasia,part of,http://purl.obolibrary.org/obo/UBERON_0013777,skin of palm of manus,False,,
http://purl.obolibrary.org/obo/HP_0100870,Plantar telangiectasia,part of,http://purl.obolibrary.org/obo/UBERON_0013778,skin of sole of pes,False,,
http://purl.obolibrary.org/obo/HP_0100871,Abnormal palm morphology,characteristic of part of,http://purl.obolibrary.org/obo/UBERON_0008878,palmar part of manus,False,,
http://purl.obolibrary.org/obo/HP_0100872,Abnormality of the plantar skin of foot,characteristic of part of,http://purl.obolibrary.org/obo/UBERON_0008338,plantar part of pes,False,,
http://purl.obolibrary.org/obo/HP_0100878,Enlarged uterus,characteristic of,http://purl.obolibrary.org/obo/UBERON_0000995,uterus,False,,
http://purl.obolibrary.org/obo/HP_0100879,Enlarged ovaries,characteristic of,http://purl.obolibrary.org/obo/UBERON_0000992,ovary,False,,
http://purl.obolibrary.org/obo/HP_0100886,Abnormality of globe location,characteristic of,http://purl.obolibrary.org/obo/UBERON_0010230,eyeball of camera-type eye,False,,
http://purl.obolibrary.org/obo/HP_0100887,Abnormality of globe size,characteristic of,http://purl.obolibrary.org/obo/UBERON_0010230,eyeball of camera-type eye,False,,
http://purl.obolibrary.org/obo/HP_0100889,Abnormal ductus choledochus morphology,characteristic of part of,http://purl.obolibrary.org/obo/UBERON_0001174,common bile duct,False,,
http://purl.obolibrary.org/obo/HP_0100891,Bifid xiphoid process,characteristic of,http://purl.obolibrary.org/obo/UBERON_0002207,xiphoid process,False,,
http://purl.obolibrary.org/obo/HP_0100892,Abnormality of the xiphoid process,characteristic of part of,http://purl.obolibrary.org/obo/UBERON_0002207,xiphoid process,False,,
http://purl.obolibrary.org/obo/HP_0100893,Prominent xiphoid process,characteristic of,http://purl.obolibrary.org/obo/UBERON_0002207,xiphoid process,False,,
http://purl.obolibrary.org/obo/HP_0100894,Broad xiphoid process,characteristic of,http://purl.obolibrary.org/obo/UBERON_0002207,xiphoid process,False,,
http://purl.obolibrary.org/obo/HP_0100899,Sclerosis of finger phalanx,occurs in,http://purl.obolibrary.org/obo/UBERON_0001436,phalanx of manus,False,,
http://purl.obolibrary.org/obo/HP_0100900,Sclerosis of the distal phalanx of the 2nd finger,occurs in,http://purl.obolibrary.org/obo/UBERON_0004311,distal phalanx of manual digit 2,False,,
http://purl.obolibrary.org/obo/HP_0100901,Sclerosis of the distal phalanx of the 3rd finger,occurs in,http://purl.obolibrary.org/obo/UBERON_0004312,distal phalanx of manual digit 3,False,,
http://purl.obolibrary.org/obo/HP_0100902,Sclerosis of the distal phalanx of the 4th finger,occurs in,http://purl.obolibrary.org/obo/UBERON_0004313,distal phalanx of manual digit 4,False,,
http://purl.obolibrary.org/obo/HP_0100903,Sclerosis of the distal phalanx of the 5th finger,occurs in,http://purl.obolibrary.org/obo/UBERON_0004314,distal phalanx of manual digit 5,False,,
http://purl.obolibrary.org/obo/HP_0100904,Sclerosis of the middle phalanx of the 2nd finger,occurs in,http://purl.obolibrary.org/obo/UBERON_0004320,middle phalanx of manual digit 2,False,,
http://purl.obolibrary.org/obo/HP_0100905,Sclerosis of the middle phalanx of the 3rd finger,occurs in,http://purl.obolibrary.org/obo/UBERON_0004321,middle phalanx of manual digit 3,False,,
http://purl.obolibrary.org/obo/HP_0100906,Sclerosis of the middle phalanx of the 4th finger,occurs in,http://purl.obolibrary.org/obo/UBERON_0004322,middle phalanx of manual digit 4,False,,
http://purl.obolibrary.org/obo/HP_0100907,Sclerosis of the middle phalanx of the 5th finger,occurs in,http://purl.obolibrary.org/obo/UBERON_0004323,middle phalanx of manual digit 5,False,,
http://purl.obolibrary.org/obo/HP_0100908,Sclerosis of the proximal phalanx of the 2nd finger,occurs in,http://purl.obolibrary.org/obo/UBERON_0004328,proximal phalanx of manual digit 2,False,,
http://purl.obolibrary.org/obo/HP_0100909,Sclerosis of the proximal phalanx of the 3rd finger,occurs in,http://purl.obolibrary.org/obo/UBERON_0004329,proximal phalanx of manual digit 3,False,,
http://purl.obolibrary.org/obo/HP_0100910,Sclerosis of the proximal phalanx of the 4th finger,occurs in,http://purl.obolibrary.org/obo/UBERON_0004330,proximal phalanx of manual digit 4,False,,
http://purl.obolibrary.org/obo/HP_0100911,Sclerosis of the proximal phalanx of the 5th finger,occurs in,http://purl.obolibrary.org/obo/UBERON_0004331,proximal phalanx of manual digit 5,False,,
http://purl.obolibrary.org/obo/HP_0100912,Sclerosis of the distal phalanx of the thumb,occurs in,http://purl.obolibrary.org/obo/UBERON_0004337,distal phalanx of manual digit 1,False,,
http://purl.obolibrary.org/obo/HP_0100913,Sclerosis of the proximal phalanx of the thumb,occurs in,http://purl.obolibrary.org/obo/UBERON_0004338,proximal phalanx of manual digit 1,False,,
http://purl.obolibrary.org/obo/HP_0100914,Sclerosis of the 1st metacarpal,occurs in,http://purl.obolibrary.org/obo/UBERON_0003645,metacarpal bone of digit 1,False,,
http://purl.obolibrary.org/obo/HP_0100915,Sclerosis of distal phalanx of finger,occurs in,http://purl.obolibrary.org/obo/UBERON_0003865,distal phalanx of manus,False,,
http://purl.obolibrary.org/obo/HP_0100916,Sclerosis of middle phalanx of finger,occurs in,http://purl.obolibrary.org/obo/UBERON_0003864,middle phalanx of manus,False,,
http://purl.obolibrary.org/obo/HP_0100917,Sclerosis of proximal phalanx of finger,occurs in,http://purl.obolibrary.org/obo/UBERON_0002234,proximal phalanx of manus,False,,
http://purl.obolibrary.org/obo/HP_0100918,Sclerosis of 2nd finger phalanx,occurs in,http://purl.obolibrary.org/obo/UBERON_0003636,manual digit 2 phalanx,False,,
http://purl.obolibrary.org/obo/HP_0100919,Sclerosis of 3rd finger phalanx,occurs in,http://purl.obolibrary.org/obo/UBERON_0003637,manual digit 3 phalanx,False,,
http://purl.obolibrary.org/obo/HP_0100920,Sclerosis of 4th finger phalanx,occurs in,http://purl.obolibrary.org/obo/UBERON_0003638,manual digit 4 phalanx,False,,
http://purl.obolibrary.org/obo/HP_0100921,Sclerosis of 5th finger phalanx,occurs in,http://purl.obolibrary.org/obo/UBERON_0003639,manual digit 5 phalanx,False,,
http://purl.obolibrary.org/obo/HP_0100922,Sclerosis of thumb phalanx,occurs in,http://purl.obolibrary.org/obo/UBERON_0003620,manual digit 1 phalanx,False,,
http://purl.obolibrary.org/obo/HP_0100923,Clavicular sclerosis,occurs in,http://purl.obolibrary.org/obo/UBERON_0001105,clavicle bone,False,,
http://purl.obolibrary.org/obo/HP_0100924,Sclerosis of toe phalanx,occurs in,http://purl.obolibrary.org/obo/UBERON_0001449,phalanx of pes,False,,
http://purl.obolibrary.org/obo/HP_0100925,Sclerosis of foot bone,occurs in,http://purl.obolibrary.org/obo/UBERON_0001445,skeleton of pes,False,,
http://purl.obolibrary.org/obo/HP_0100926,Sclerosis of 2nd toe phalanx,occurs in,http://purl.obolibrary.org/obo/UBERON_0003641,pedal digit 2 phalanx,False,,
http://purl.obolibrary.org/obo/HP_0100927,Sclerosis of 3rd toe phalanx,occurs in,http://purl.obolibrary.org/obo/UBERON_0003642,pedal digit 3 phalanx,False,,
http://purl.obolibrary.org/obo/HP_0100928,Sclerosis of 4th toe phalanx,occurs in,http://purl.obolibrary.org/obo/UBERON_0003862,pedal digit 4 phalanx,False,,
http://purl.obolibrary.org/obo/HP_0100929,Sclerosis of 5th toe phalanx,occurs in,http://purl.obolibrary.org/obo/UBERON_0003863,pedal digit 5 phalanx,False,,
http://purl.obolibrary.org/obo/HP_0100930,Sclerosis of hallux phalanx,occurs in,http://purl.obolibrary.org/obo/UBERON_0003640,pedal digit 1 phalanx,False,,
http://purl.obolibrary.org/obo/HP_0100931,Sclerosis of the proximal phalanx of the 2nd toe,occurs in,http://purl.obolibrary.org/obo/UBERON_0004333,proximal phalanx of pedal digit 2,False,,
http://purl.obolibrary.org/obo/HP_0100932,Sclerosis of the proximal phalanx of the 3rd toe,occurs in,http://purl.obolibrary.org/obo/UBERON_0004334,proximal phalanx of pedal digit 3,False,,
http://purl.obolibrary.org/obo/HP_0100933,Sclerosis of the proximal phalanx of the 4th toe,occurs in,http://purl.obolibrary.org/obo/UBERON_0004335,proximal phalanx of pedal digit 4,False,,
http://purl.obolibrary.org/obo/HP_0100934,Sclerosis of the proximal phalanx of the 5th toe,occurs in,http://purl.obolibrary.org/obo/UBERON_0004336,proximal phalanx of pedal digit 5,False,,
http://purl.obolibrary.org/obo/HP_0100935,Sclerosis of the middle phalanx of the 2nd toe,occurs in,http://purl.obolibrary.org/obo/UBERON_0004324,middle phalanx of pedal digit 2,False,,
http://purl.obolibrary.org/obo/HP_0100936,Sclerosis of the middle phalanx of the 3rd toe,occurs in,http://purl.obolibrary.org/obo/UBERON_0004325,middle phalanx of pedal digit 3,False,,
http://purl.obolibrary.org/obo/HP_0100937,Sclerosis of the middle phalanx of the 4th toe,occurs in,http://purl.obolibrary.org/obo/UBERON_0004326,middle phalanx of pedal digit 4,False,,
http://purl.obolibrary.org/obo/HP_0100938,Sclerosis of the middle phalanx of the 5th toe,occurs in,http://purl.obolibrary.org/obo/UBERON_0004327,middle phalanx of pedal digit 5,False,,
http://purl.obolibrary.org/obo/HP_0100939,Sclerosis of the distal phalanx of the 2nd toe,occurs in,http://purl.obolibrary.org/obo/UBERON_0004316,distal phalanx of pedal digit 2,False,,
http://purl.obolibrary.org/obo/HP_0100940,Sclerosis of the distal phalanx of the 3rd toe,occurs in,http://purl.obolibrary.org/obo/UBERON_0004317,distal phalanx of pedal digit 3,False,,
http://purl.obolibrary.org/obo/HP_0100941,Sclerosis of the distal phalanx of the 4th toe,occurs in,http://purl.obolibrary.org/obo/UBERON_0004318,distal phalanx of pedal digit 4,False,,
http://purl.obolibrary.org/obo/HP_0100942,Sclerosis of the distal phalanx of the 5th toe,occurs in,http://purl.obolibrary.org/obo/UBERON_0004319,distal phalanx of pedal digit 5,False,,
http://purl.obolibrary.org/obo/HP_0100943,Sclerosis of the proximal phalanx of the hallux,occurs in,http://purl.obolibrary.org/obo/UBERON_0004332,proximal phalanx of pedal digit 1,False,,
http://purl.obolibrary.org/obo/HP_0100944,Sclerosis of the distal phalanx of the hallux,occurs in,http://purl.obolibrary.org/obo/UBERON_0004315,distal phalanx of pedal digit 1,False,,
http://purl.obolibrary.org/obo/HP_0100945,Sclerosis of the 1st metatarsal,occurs in,http://purl.obolibrary.org/obo/UBERON_0003650,metatarsal bone of digit 1,False,,
http://purl.obolibrary.org/obo/HP_0100946,Sclerosis of proximal phalanx of toe,occurs in,http://purl.obolibrary.org/obo/UBERON_0003868,proximal phalanx of pes,False,,
http://purl.obolibrary.org/obo/HP_0100947,Sclerosis of middle phalanx of toe,occurs in,http://purl.obolibrary.org/obo/UBERON_0003866,middle phalanx of pes,False,,
http://purl.obolibrary.org/obo/HP_0100948,Sclerosis of distal phalanx of toe,occurs in,http://purl.obolibrary.org/obo/UBERON_0003867,distal phalanx of pes,False,,
http://purl.obolibrary.org/obo/HP_0100954,Open operculum,characteristic of,http://purl.obolibrary.org/obo/UBERON_0010262,operculum of brain,False,,
http://purl.obolibrary.org/obo/HP_0100957,Abnormal renal medulla morphology,characteristic of,http://purl.obolibrary.org/obo/UBERON_0000362,renal medulla,False,,
http://purl.obolibrary.org/obo/HP_0100961,Enlarged hippocampus,characteristic of,http://purl.obolibrary.org/obo/UBERON_0002421,hippocampal formation,False,,
http://purl.obolibrary.org/obo/HP_0200003,Splayed epiphyses,characteristic of,http://purl.obolibrary.org/obo/UBERON_0001437,epiphysis,False,,
http://purl.obolibrary.org/obo/HP_0200005,Abnormal shape of the palpebral fissure,characteristic of,http://purl.obolibrary.org/obo/UBERON_0001819,palpebral fissure,False,,
http://purl.obolibrary.org/obo/HP_0200007,Abnormal size of the palpebral fissures,characteristic of,http://purl.obolibrary.org/obo/UBERON_0001819,palpebral fissure,False,,
http://purl.obolibrary.org/obo/HP_0200011,Abnormal length of corpus callosum,characteristic of,http://purl.obolibrary.org/obo/UBERON_0002336,corpus callosum,False,,
http://purl.obolibrary.org/obo/HP_0200012,Short corpus callosum,characteristic of,http://purl.obolibrary.org/obo/UBERON_0002336,corpus callosum,False,,
http://purl.obolibrary.org/obo/HP_0200017,Cerebral white matter agenesis,characteristic of part of,http://purl.obolibrary.org/obo/UBERON_0002437,cerebral hemisphere white matter,False,,
http://purl.obolibrary.org/obo/HP_0200021,Down-sloping shoulders,characteristic of,http://purl.obolibrary.org/obo/UBERON_0001467,shoulder,False,,
http://purl.obolibrary.org/obo/HP_0200040,Epidermoid cyst,part of,http://purl.obolibrary.org/obo/UBERON_0002097,skin of body,False,,
http://purl.obolibrary.org/obo/HP_0200049,Upper limb hypertonia,characteristic of,http://purl.obolibrary.org/obo/UBERON_0001499,muscle of arm,False,,
http://purl.obolibrary.org/obo/HP_0200053,Hemihypotrophy of lower limb,characteristic of,http://purl.obolibrary.org/obo/UBERON_0000978,leg,False,,
http://purl.obolibrary.org/obo/HP_0200055,Small hand,characteristic of,http://purl.obolibrary.org/obo/UBERON_0002398,manus,False,,
http://purl.obolibrary.org/obo/HP_0200064,Asymmetry of iris pigmentation,occurs in,http://purl.obolibrary.org/obo/UBERON_0001769,iris,False,,
http://purl.obolibrary.org/obo/HP_0200065,Chorioretinal degeneration,characteristic of part of,http://purl.obolibrary.org/obo/UBERON_0000966,retina,False,,
http://purl.obolibrary.org/obo/HP_0200065,Chorioretinal degeneration,characteristic of part of,http://purl.obolibrary.org/obo/UBERON_0001776,optic choroid,False,,
http://purl.obolibrary.org/obo/HP_0200098,Absent skin pigmentation,occurs in,http://purl.obolibrary.org/obo/UBERON_0002097,skin of body,False,,
http://purl.obolibrary.org/obo/HP_0200104,Absent fifth fingernail,characteristic of,http://purl.obolibrary.org/obo/UBERON_0011277,nail of manual digit 5,False,,
http://purl.obolibrary.org/obo/HP_0200105,Absent fifth toenail,characteristic of,http://purl.obolibrary.org/obo/UBERON_0011282,nail of pedal digit 5,False,,
http://purl.obolibrary.org/obo/HP_0200147,Neuronal loss in basal ganglia,part of,http://purl.obolibrary.org/obo/UBERON_0002420,basal ganglion,False,,
http://purl.obolibrary.org/obo/HP_0200153,Agenesis of lateral incisor,characteristic of,http://purl.obolibrary.org/obo/UBERON_0018552,incisor tooth 2,False,,
http://purl.obolibrary.org/obo/HP_0200154,Agenesis of mandibular lateral incisor,characteristic of,http://purl.obolibrary.org/obo/UBERON_0018602,lower lateral incisor tooth,False,,
http://purl.obolibrary.org/obo/HP_0200158,Agenesis of permanent mandibular lateral incisor,characteristic of,http://purl.obolibrary.org/obo/UBERON_0018570,lower lateral secondary incisor tooth,False,,
http://purl.obolibrary.org/obo/HP_0200159,Agenesis of primary mandibular lateral incisor,characteristic of,http://purl.obolibrary.org/obo/UBERON_0018596,lower lateral primary incisor tooth,False,,
http://purl.obolibrary.org/obo/HP_0200160,Agenesis of maxillary incisor,characteristic of,http://purl.obolibrary.org/obo/UBERON_0003450,upper jaw incisor,False,,
http://purl.obolibrary.org/obo/HP_0200161,Agenesis of mandibular incisor,characteristic of,http://purl.obolibrary.org/obo/UBERON_0003451,lower jaw incisor,False,,
http://purl.obolibrary.org/obo/HP_0400000,Tall chin,characteristic of,http://purl.obolibrary.org/obo/UBERON_0008199,chin,False,,
http://purl.obolibrary.org/obo/HP_0400002,Extra concha fold,characteristic of part of,http://purl.obolibrary.org/obo/UBERON_0006203,conchal part of pinna,False,,
http://purl.obolibrary.org/obo/HP_0400004,Long ear,characteristic of,http://purl.obolibrary.org/obo/UBERON_0001691,external ear,False,,
http://purl.obolibrary.org/obo/HP_0400005,Short ear,characteristic of,http://purl.obolibrary.org/obo/UBERON_0001691,external ear,False,,
http://purl.obolibrary.org/obo/HP_0410000,Abnormal vomer morphology,characteristic of part of,http://purl.obolibrary.org/obo/UBERON_0002396,vomer,False,,
http://purl.obolibrary.org/obo/HP_0410005,Cleft hard palate,characteristic of,http://purl.obolibrary.org/obo/UBERON_0003216,hard palate,False,,
http://purl.obolibrary.org/obo/HP_0410006,Abnormality of ophthalmic artery,characteristic of part of,http://purl.obolibrary.org/obo/UBERON_0001619,ophthalmic artery,False,,
http://purl.obolibrary.org/obo/HP_0410008,Abnormality of the peripheral nervous system,characteristic of part of,http://purl.obolibrary.org/obo/UBERON_0000010,peripheral nervous system,False,,
http://purl.obolibrary.org/obo/HP_0410009,Abnormality of the somatic nervous system,characteristic of part of,http://purl.obolibrary.org/obo/UBERON_0000012,somatic nervous system,False,,
http://purl.obolibrary.org/obo/HP_0410010,Abnormality of somatic nerve plexus,characteristic of part of,http://purl.obolibrary.org/obo/UBERON_0001813,spinal nerve plexus,False,,
http://purl.obolibrary.org/obo/HP_0410011,Abnormality of masticatory muscle,characteristic of part of,http://purl.obolibrary.org/obo/UBERON_0003681,masticatory muscle,False,,
http://purl.obolibrary.org/obo/HP_0410012,Abnormal mouth floor morphology,characteristic of part of,http://purl.obolibrary.org/obo/UBERON_0003679,mouth floor,False,,
http://purl.obolibrary.org/obo/HP_0410014,Abnormal ganglion morphology,characteristic of part of,http://purl.obolibrary.org/obo/UBERON_0000045,ganglion,False,,
http://purl.obolibrary.org/obo/HP_0410015,Abnormal peripheral nervous system ganglion morphology,characteristic of part of,http://purl.obolibrary.org/obo/UBERON_0003338,ganglion of peripheral nervous system,False,,
http://purl.obolibrary.org/obo/HP_0410016,Abnormal cranial ganglion morphology,characteristic of part of,http://purl.obolibrary.org/obo/UBERON_0001714,cranial ganglion,False,,
http://purl.obolibrary.org/obo/HP_0410026,Abnormal periodontium morphology,characteristic of part of,http://purl.obolibrary.org/obo/UBERON_0001758,periodontium,False,,
http://purl.obolibrary.org/obo/HP_0410030,Cleft lip,characteristic of,http://purl.obolibrary.org/obo/UBERON_0001833,lip,False,,
http://purl.obolibrary.org/obo/HP_0410042,Abnormal liver morphology,characteristic of,http://purl.obolibrary.org/obo/UBERON_0002107,liver,False,,
http://purl.obolibrary.org/obo/HP_0410043,Abnormal neural tube morphology,characteristic of,http://purl.obolibrary.org/obo/UBERON_0001049,neural tube,False,,
http://purl.obolibrary.org/obo/HP_0410050,"Decreased level of 1,5 anhydroglucitol in serum",part of,http://purl.obolibrary.org/obo/UBERON_0001977,blood serum,False,,
http://purl.obolibrary.org/obo/HP_0410051,Increased level of 3-hydroxy-3-methylglutaric acid in urine,part of,http://purl.obolibrary.org/obo/UBERON_0001088,urine,False,,
http://purl.obolibrary.org/obo/HP_0410052,Increased level of allantoin in serum,part of,http://purl.obolibrary.org/obo/UBERON_0001977,blood serum,False,,
http://purl.obolibrary.org/obo/HP_0410053,Elevated circulating gamma-aminobutyric acid concentration,part of,http://purl.obolibrary.org/obo/UBERON_0001977,blood serum,False,,
http://purl.obolibrary.org/obo/HP_0410054,Decreased circulating GABA concentration,part of,http://purl.obolibrary.org/obo/UBERON_0001977,blood serum,False,,
http://purl.obolibrary.org/obo/HP_0410055,Decreased level of erythritol in urine,part of,http://purl.obolibrary.org/obo/UBERON_0001088,urine,False,,
http://purl.obolibrary.org/obo/HP_0410056,Decreased CSF erythritol concentration,part of,http://purl.obolibrary.org/obo/UBERON_0001359,cerebrospinal fluid,False,,
http://purl.obolibrary.org/obo/HP_0410057,Increased level of D-threitol in plasma,part of,http://purl.obolibrary.org/obo/UBERON_0001969,blood plasma,False,,
http://purl.obolibrary.org/obo/HP_0410058,Increased CSF D-threitol concentration,part of,http://purl.obolibrary.org/obo/UBERON_0001359,cerebrospinal fluid,False,,
http://purl.obolibrary.org/obo/HP_0410059,Increased level of D-threitol in urine,part of,http://purl.obolibrary.org/obo/UBERON_0001088,urine,False,,
http://purl.obolibrary.org/obo/HP_0410060,Decreased level of D-mannose in urine,part of,http://purl.obolibrary.org/obo/UBERON_0001088,urine,False,,
http://purl.obolibrary.org/obo/HP_0410061,Increased level of galactitol in plasma,part of,http://purl.obolibrary.org/obo/UBERON_0001969,blood plasma,False,,
http://purl.obolibrary.org/obo/HP_0410062,Increased level of galactitol in urine,part of,http://purl.obolibrary.org/obo/UBERON_0001088,urine,False,,
http://purl.obolibrary.org/obo/HP_0410065,Increased level of hippuric acid in blood,part of,http://purl.obolibrary.org/obo/UBERON_0000178,blood,False,,
http://purl.obolibrary.org/obo/HP_0410066,Increased level of hippuric acid in urine,part of,http://purl.obolibrary.org/obo/UBERON_0001088,urine,False,,
http://purl.obolibrary.org/obo/HP_0410067,Increased level of L-fucose in urine,part of,http://purl.obolibrary.org/obo/UBERON_0001088,urine,False,,
http://purl.obolibrary.org/obo/HP_0410069,Increased level of propylene glycol in blood,part of,http://purl.obolibrary.org/obo/UBERON_0000178,blood,False,,
http://purl.obolibrary.org/obo/HP_0410070,Increased level of ribitol in urine,part of,http://purl.obolibrary.org/obo/UBERON_0001088,urine,False,,
http://purl.obolibrary.org/obo/HP_0410071,Increased CSF ribitol concentration,part of,http://purl.obolibrary.org/obo/UBERON_0001359,cerebrospinal fluid,False,,
http://purl.obolibrary.org/obo/HP_0410072,Increased level of ribose in urine,part of,http://purl.obolibrary.org/obo/UBERON_0001088,urine,False,,
http://purl.obolibrary.org/obo/HP_0410073,Increased CSF ribose concentration,part of,http://purl.obolibrary.org/obo/UBERON_0001359,cerebrospinal fluid,False,,
http://purl.obolibrary.org/obo/HP_0410074,Increased level of xylitol in urine,part of,http://purl.obolibrary.org/obo/UBERON_0001088,urine,False,,
http://purl.obolibrary.org/obo/HP_0410075,Increased CSF xylitol concentration,part of,http://purl.obolibrary.org/obo/UBERON_0001359,cerebrospinal fluid,False,,
http://purl.obolibrary.org/obo/HP_0410132,Increased level of L-pyroglutamic acid in urine,part of,http://purl.obolibrary.org/obo/UBERON_0001088,urine,False,,
http://purl.obolibrary.org/obo/HP_0410153,Increased level of methylsuccinic acid in urine,part of,http://purl.obolibrary.org/obo/UBERON_0001088,urine,False,,
http://purl.obolibrary.org/obo/HP_0410154,Increased level of myristic acid in serum,part of,http://purl.obolibrary.org/obo/UBERON_0001977,blood serum,False,,
http://purl.obolibrary.org/obo/HP_0410156,Increased level of N-acetylneuraminic acid in urine,part of,http://purl.obolibrary.org/obo/UBERON_0001088,urine,False,,
http://purl.obolibrary.org/obo/HP_0410167,Abnormal morphology of the chest musculature,characteristic of part of,http://purl.obolibrary.org/obo/UBERON_0002426,chest muscle,False,,
http://purl.obolibrary.org/obo/HP_0410168,Abnormality of the back musculature,characteristic of part of,http://purl.obolibrary.org/obo/UBERON_0002324,muscle of back,False,,
http://purl.obolibrary.org/obo/HP_0410169,Abnormal morphology of the shoulder musculature,characteristic of part of,http://purl.obolibrary.org/obo/UBERON_0004476,musculature of shoulder,False,,
http://purl.obolibrary.org/obo/HP_0410170,Hippocampal atrophy,characteristic of,http://purl.obolibrary.org/obo/UBERON_0002421,hippocampal formation,False,,
http://purl.obolibrary.org/obo/HP_0410171,Increased cotinine level,part of,http://purl.obolibrary.org/obo/UBERON_0000178,blood,False,,
http://purl.obolibrary.org/obo/HP_0410175,Hyperketonemia,part of,http://purl.obolibrary.org/obo/UBERON_0000178,blood,False,,
http://purl.obolibrary.org/obo/HP_0410177,Abnormal glucose-6-phosphate dehydrogenase level in blood,part of,http://purl.obolibrary.org/obo/UBERON_0000178,blood,False,,
http://purl.obolibrary.org/obo/HP_0410178,Increased glucose-6-phosphate dehydrogenase level in blood,part of,http://purl.obolibrary.org/obo/UBERON_0000178,blood,False,,
http://purl.obolibrary.org/obo/HP_0410179,Decreased glucose-6-phosphate dehydrogenase level in blood,part of,http://purl.obolibrary.org/obo/UBERON_0000178,blood,False,,
http://purl.obolibrary.org/obo/HP_0410185,Abnormal glucose-6-phosphate dehydrogenase level in tissue,part of,http://purl.obolibrary.org/obo/UBERON_0000479,tissue,False,,
http://purl.obolibrary.org/obo/HP_0410186,Increased glucose-6-phosphate dehydrogenase level in tissue,part of,http://purl.obolibrary.org/obo/UBERON_0000479,tissue,False,,
http://purl.obolibrary.org/obo/HP_0410187,Decreased glucose-6-phosphate dehydrogenase level in tissue,part of,http://purl.obolibrary.org/obo/UBERON_0000479,tissue,False,,
http://purl.obolibrary.org/obo/HP_0410193,Abnormal circulating UDP glucose-4-epimerase concentration,part of,http://purl.obolibrary.org/obo/UBERON_0001969,blood plasma,False,,
http://purl.obolibrary.org/obo/HP_0410194,Increased circulating UDP glucose-4-epimerase concentration,part of,http://purl.obolibrary.org/obo/UBERON_0001969,blood plasma,False,,
http://purl.obolibrary.org/obo/HP_0410195,Decreased circulating UDP glucose-4-epimerase concentration,part of,http://purl.obolibrary.org/obo/UBERON_0001969,blood plasma,False,,
http://purl.obolibrary.org/obo/HP_0410199,Increased CSF urate concentration,part of,http://purl.obolibrary.org/obo/UBERON_0001359,cerebrospinal fluid,False,,
http://purl.obolibrary.org/obo/HP_0410205,Abnormal circulating nicotinurate concentration,part of,http://purl.obolibrary.org/obo/UBERON_0000178,blood,False,,
http://purl.obolibrary.org/obo/HP_0410206,Increased circulating nicotinurate level,part of,http://purl.obolibrary.org/obo/UBERON_0000178,blood,False,,
http://purl.obolibrary.org/obo/HP_0410209,Folate deficiency in CSF,part of,http://purl.obolibrary.org/obo/UBERON_0001359,cerebrospinal fluid,False,,
http://purl.obolibrary.org/obo/HP_0410211,Abnormal blood gas level in cord blood,part of,http://purl.obolibrary.org/obo/UBERON_0012168,umbilical cord blood,False,,
http://purl.obolibrary.org/obo/HP_0410212,Hyperoxemia in cord blood,part of,http://purl.obolibrary.org/obo/UBERON_0012168,umbilical cord blood,False,,
http://purl.obolibrary.org/obo/HP_0410213,Hypoxemia in cord blood,part of,http://purl.obolibrary.org/obo/UBERON_0012168,umbilical cord blood,False,,
http://purl.obolibrary.org/obo/HP_0410214,Hypercapnia in cord blood,part of,http://purl.obolibrary.org/obo/UBERON_0012168,umbilical cord blood,False,,
http://purl.obolibrary.org/obo/HP_0410215,Hypocapnia in cord blood,part of,http://purl.obolibrary.org/obo/UBERON_0012168,umbilical cord blood,False,,
http://purl.obolibrary.org/obo/HP_0410240,Abnormal circulating IgA concentration,part of,http://purl.obolibrary.org/obo/UBERON_0000178,blood,False,,
http://purl.obolibrary.org/obo/HP_0410241,Abnormal circulating IgE concentration,part of,http://purl.obolibrary.org/obo/UBERON_0000178,blood,False,,
http://purl.obolibrary.org/obo/HP_0410242,Abnormal circulating IgG concentration,part of,http://purl.obolibrary.org/obo/UBERON_0000178,blood,False,,
http://purl.obolibrary.org/obo/HP_0410243,Abnormal circulating IgM concentration,part of,http://purl.obolibrary.org/obo/UBERON_0000178,blood,False,,
http://purl.obolibrary.org/obo/HP_0410244,Abnormal circulating IgD concentration,part of,http://purl.obolibrary.org/obo/UBERON_0000178,blood,False,,
http://purl.obolibrary.org/obo/HP_0410245,Decreased circulating IgD concentration,part of,http://purl.obolibrary.org/obo/UBERON_0000178,blood,False,,
http://purl.obolibrary.org/obo/HP_0410246,Increased circulating IgD concentration,part of,http://purl.obolibrary.org/obo/UBERON_0000178,blood,False,,
http://purl.obolibrary.org/obo/HP_0410259,Hepatopulmonary fusion,characteristic of,http://purl.obolibrary.org/obo/UBERON_0002107,liver,False,,
http://purl.obolibrary.org/obo/HP_0410259,Hepatopulmonary fusion,towards,http://purl.obolibrary.org/obo/UBERON_0002048,lung,False,,
http://purl.obolibrary.org/obo/HP_0410260,Asymmetrical gluteal crease,characteristic of,http://purl.obolibrary.org/obo/UBERON_0036014,gluteal sulcus,False,,
http://purl.obolibrary.org/obo/HP_0410272,Vulvar hemangioma,part of,http://purl.obolibrary.org/obo/UBERON_0005056,external female genitalia,False,,
http://purl.obolibrary.org/obo/HP_0410278,Pituitary gland cyst,characteristic of,http://purl.obolibrary.org/obo/UBERON_0000007,pituitary gland,False,,
http://purl.obolibrary.org/obo/HP_0410279,Atrophic pituitary gland,characteristic of,http://purl.obolibrary.org/obo/UBERON_0000007,pituitary gland,False,,
http://purl.obolibrary.org/obo/HP_0410282,Abnormal circulating amylase concentration,part of,http://purl.obolibrary.org/obo/UBERON_0000178,blood,False,,
http://purl.obolibrary.org/obo/HP_0410287,Intrathoracic hemangioma,characteristic of,http://purl.obolibrary.org/obo/UBERON_0001443,chest,False,,
http://purl.obolibrary.org/obo/HP_0410288,Hyperamylasemia,part of,http://purl.obolibrary.org/obo/UBERON_0000178,blood,False,,
http://purl.obolibrary.org/obo/HP_0410289,Hypoamylasemia,part of,http://purl.obolibrary.org/obo/UBERON_0000178,blood,False,,
http://purl.obolibrary.org/obo/HP_0410309,Alpha-aminoadipic aciduria,part of,http://purl.obolibrary.org/obo/UBERON_0001088,urine,False,,
http://purl.obolibrary.org/obo/HP_0410310,Abnormality of neutrophil morphology in CSF,part of,http://purl.obolibrary.org/obo/UBERON_0001359,cerebrospinal fluid,False,,
http://purl.obolibrary.org/obo/HP_0410313,Abnormal urinary 1-methylhistidine concentration,part of,http://purl.obolibrary.org/obo/UBERON_0001088,urine,False,,
http://purl.obolibrary.org/obo/HP_0410314,Decreased urinary 1-methylhistidine,part of,http://purl.obolibrary.org/obo/UBERON_0001088,urine,False,,
http://purl.obolibrary.org/obo/HP_0410315,Increased urinary 1-methylhistidine,part of,http://purl.obolibrary.org/obo/UBERON_0001088,urine,False,,
http://purl.obolibrary.org/obo/HP_0410316,Abnormal urinary 3-methylhistidine level,part of,http://purl.obolibrary.org/obo/UBERON_0001088,urine,False,,
http://purl.obolibrary.org/obo/HP_0410317,Increased urinary 3-methylhistidine,part of,http://purl.obolibrary.org/obo/UBERON_0001088,urine,False,,
http://purl.obolibrary.org/obo/HP_0410318,Decreased urinary 3-methylhistidine,part of,http://purl.obolibrary.org/obo/UBERON_0001088,urine,False,,
http://purl.obolibrary.org/obo/HP_0410341,Abnormal circulating heparan sulfate level,part of,http://purl.obolibrary.org/obo/UBERON_0000178,blood,False,,
http://purl.obolibrary.org/obo/HP_0410342,Increased circulating heparan sulfate level,part of,http://purl.obolibrary.org/obo/UBERON_0000178,blood,False,,
http://purl.obolibrary.org/obo/HP_0410343,Decreased circulating heparan sulfate level,part of,http://purl.obolibrary.org/obo/UBERON_0000178,blood,False,,
http://purl.obolibrary.org/obo/HP_0410373,Abnormal proportion of naive CD4+ T cells,part of,http://purl.obolibrary.org/obo/UBERON_0000178,blood,False,,
http://purl.obolibrary.org/obo/HP_0410375,Increased proportion of naive CD4+ T cells,part of,http://purl.obolibrary.org/obo/UBERON_0000178,blood,False,,
http://purl.obolibrary.org/obo/HP_0410378,Decreased proportion of naive CD4+ T cells,part of,http://purl.obolibrary.org/obo/UBERON_0000178,blood,False,,
http://purl.obolibrary.org/obo/HP_0410379,Abnormal proportion of CD4+ memory T cells,part of,http://purl.obolibrary.org/obo/UBERON_0000178,blood,False,,
http://purl.obolibrary.org/obo/HP_0410380,Abnormal memory CD8+ T cell proportion,part of,http://purl.obolibrary.org/obo/UBERON_0000178,blood,False,,
http://purl.obolibrary.org/obo/HP_0410383,Abnormal effector memory CD8+ T cell proportion,part of,http://purl.obolibrary.org/obo/UBERON_0000178,blood,False,,
http://purl.obolibrary.org/obo/HP_0410384,Abnormal central memory CD8+ T cell proportion,part of,http://purl.obolibrary.org/obo/UBERON_0000178,blood,False,,
http://purl.obolibrary.org/obo/HP_0410385,Decreased CD8+ memory T cell proportion,part of,http://purl.obolibrary.org/obo/UBERON_0000178,blood,False,,
http://purl.obolibrary.org/obo/HP_0410386,Decreased proportion of CD4-positive memory T cells,part of,http://purl.obolibrary.org/obo/UBERON_0000178,blood,False,,
http://purl.obolibrary.org/obo/HP_0410389,Decreased central memory CD8+ T cell proportion,part of,http://purl.obolibrary.org/obo/UBERON_0000178,blood,False,,
http://purl.obolibrary.org/obo/HP_0410390,Decreased effector memory CD8+ T cell proportion,part of,http://purl.obolibrary.org/obo/UBERON_0000178,blood,False,,
http://purl.obolibrary.org/obo/HP_0410391,Increased proportion of CD4+ memory T cells,part of,http://purl.obolibrary.org/obo/UBERON_0000178,blood,False,,
http://purl.obolibrary.org/obo/HP_0410392,Increased CD8+ memory T cell proportion,part of,http://purl.obolibrary.org/obo/UBERON_0000178,blood,False,,
http://purl.obolibrary.org/obo/HP_0410395,Increased effector memory CD8+ T cell proportion,part of,http://purl.obolibrary.org/obo/UBERON_0000178,blood,False,,
http://purl.obolibrary.org/obo/HP_0410396,Increased central memory CD8+ T cell proportion,part of,http://purl.obolibrary.org/obo/UBERON_0000178,blood,False,,
http://purl.obolibrary.org/obo/HP_0410400,Absent sebaceous glands,characteristic of,http://purl.obolibrary.org/obo/UBERON_0001821,sebaceous gland,False,,
http://purl.obolibrary.org/obo/HP_0430000,Abnormal frontal bone morphology,characteristic of part of,http://purl.obolibrary.org/obo/UBERON_0000209,tetrapod frontal bone,False,,
http://purl.obolibrary.org/obo/HP_0430002,Abnormal lacrimal bone morphology,characteristic of part of,http://purl.obolibrary.org/obo/UBERON_0001680,lacrimal bone,False,,
http://purl.obolibrary.org/obo/HP_0430003,Abnormal palatine bone morphology,characteristic of part of,http://purl.obolibrary.org/obo/UBERON_0001682,palatine bone,False,,
http://purl.obolibrary.org/obo/HP_0430005,Abnormal ethmoid bone morphology,characteristic of part of,http://purl.obolibrary.org/obo/UBERON_0001679,ethmoid bone,False,,
http://purl.obolibrary.org/obo/HP_0430006,Ectopic cilia of eyelid,characteristic of,http://purl.obolibrary.org/obo/UBERON_0001702,eyelash,False,,
http://purl.obolibrary.org/obo/HP_0430008,Accessory eyelid,characteristic of,http://purl.obolibrary.org/obo/UBERON_0001711,eyelid,False,,
http://purl.obolibrary.org/obo/HP_0430009,Hypoplasia of eyelid,characteristic of,http://purl.obolibrary.org/obo/UBERON_0001711,eyelid,False,,
http://purl.obolibrary.org/obo/HP_0430011,Defect of palpebral conjunctiva,characteristic of part of,http://purl.obolibrary.org/obo/UBERON_0001812,palpebral conjunctiva,False,,
http://purl.obolibrary.org/obo/HP_0430013,Absent palatine bone ossification,occurs in,http://purl.obolibrary.org/obo/UBERON_0001682,palatine bone,False,,
http://purl.obolibrary.org/obo/HP_0430015,Abnormal morphology of musculature of pharynx,characteristic of part of,http://purl.obolibrary.org/obo/UBERON_0004467,musculature of pharynx,False,,
http://purl.obolibrary.org/obo/HP_0430017,Abnormality of uvular muscle,characteristic of part of,http://purl.obolibrary.org/obo/UBERON_0010235,uvular muscle,False,,
http://purl.obolibrary.org/obo/HP_0430018,Abnormality of nasal musculature,characteristic of part of,http://purl.obolibrary.org/obo/UBERON_0008522,nasal muscle,False,,
http://purl.obolibrary.org/obo/HP_0430022,Abnormality of the sphenoid sinus,characteristic of part of,http://purl.obolibrary.org/obo/UBERON_0001724,sphenoidal sinus,False,,
http://purl.obolibrary.org/obo/HP_0430023,Abnormality of the maxillary sinus,characteristic of part of,http://purl.obolibrary.org/obo/UBERON_0001764,maxillary sinus,False,,
http://purl.obolibrary.org/obo/HP_0430028,Hyperplasia of the maxilla,characteristic of,http://purl.obolibrary.org/obo/UBERON_0002397,maxilla,False,,
http://purl.obolibrary.org/obo/HP_0430029,Hyperplasia of the premaxilla,characteristic of,http://purl.obolibrary.org/obo/UBERON_0002244,premaxilla,False,,
http://purl.obolibrary.org/obo/HP_0430071,Abnormal circulating organic compound concentration,part of,http://purl.obolibrary.org/obo/UBERON_0000178,blood,False,,
http://purl.obolibrary.org/obo/HP_0430072,Abnormal circulating beta-carotene concentration,part of,http://purl.obolibrary.org/obo/UBERON_0000178,blood,False,,
http://purl.obolibrary.org/obo/HP_0430073,Decreased circulating beta-carotene concentration,part of,http://purl.obolibrary.org/obo/UBERON_0000178,blood,False,,
http://purl.obolibrary.org/obo/HP_0430074,Increased circulating beta-carotene concentration,part of,http://purl.obolibrary.org/obo/UBERON_0000178,blood,False,,
http://purl.obolibrary.org/obo/HP_0500006,Urethritis,occurs in,http://purl.obolibrary.org/obo/UBERON_0000057,urethra,False,,
http://purl.obolibrary.org/obo/HP_0500012,Abnormal gonadotropin-releasing hormone concentration,part of,http://purl.obolibrary.org/obo/UBERON_0000178,blood,False,,
http://purl.obolibrary.org/obo/HP_0500022,Abnormal circulating dehydroepiandrosterone concentration,part of,http://purl.obolibrary.org/obo/UBERON_0000178,blood,False,,
http://purl.obolibrary.org/obo/HP_0500023,Shoulder muscle aplasia,characteristic of,http://purl.obolibrary.org/obo/UBERON_0004476,musculature of shoulder,False,,
http://purl.obolibrary.org/obo/HP_0500024,Aplasia of the musculature of the pelvis,characteristic of,http://purl.obolibrary.org/obo/UBERON_0001325,muscle of pelvis,False,,
http://purl.obolibrary.org/obo/HP_0500026,Hypoplasia of the musculature of the pelvis,characteristic of part of,http://purl.obolibrary.org/obo/UBERON_0001325,muscle of pelvis,False,,
http://purl.obolibrary.org/obo/HP_0500027,Aplastic colon,characteristic of,http://purl.obolibrary.org/obo/UBERON_0001155,colon,False,,
http://purl.obolibrary.org/obo/HP_0500030,Abnormal hepatic glycogen storage,part of,http://purl.obolibrary.org/obo/UBERON_0002107,liver,False,,
http://purl.obolibrary.org/obo/HP_0500031,Sclerosis of the carpal bones,occurs in,http://purl.obolibrary.org/obo/UBERON_0001435,carpal bone,False,,
http://purl.obolibrary.org/obo/HP_0500034,Nasolacrimal sac obstruction,characteristic of part of,http://purl.obolibrary.org/obo/UBERON_0001351,lacrimal sac,False,,
http://purl.obolibrary.org/obo/HP_0500035,Nasolacrimal sac granuloma,characteristic of,http://purl.obolibrary.org/obo/UBERON_0001351,lacrimal sac,False,,
http://purl.obolibrary.org/obo/HP_0500117,Abnormal CSF urate concentration,part of,http://purl.obolibrary.org/obo/UBERON_0001359,cerebrospinal fluid,False,,
http://purl.obolibrary.org/obo/HP_0500132,Hypovalinemia,part of,http://purl.obolibrary.org/obo/UBERON_0000178,blood,False,,
http://purl.obolibrary.org/obo/HP_0500133,Hypotyrosinemia,part of,http://purl.obolibrary.org/obo/UBERON_0000178,blood,False,,
http://purl.obolibrary.org/obo/HP_0500134,Hypertryptophanemia,part of,http://purl.obolibrary.org/obo/UBERON_0000178,blood,False,,
http://purl.obolibrary.org/obo/HP_0500135,Hypotryptophanemia,part of,http://purl.obolibrary.org/obo/UBERON_0000178,blood,False,,
http://purl.obolibrary.org/obo/HP_0500136,Hypothreoninemia,part of,http://purl.obolibrary.org/obo/UBERON_0000178,blood,False,,
http://purl.obolibrary.org/obo/HP_0500138,Hyperserinemia,part of,http://purl.obolibrary.org/obo/UBERON_0000178,blood,False,,
http://purl.obolibrary.org/obo/HP_0500139,Hypoprolinemia,part of,http://purl.obolibrary.org/obo/UBERON_0000178,blood,False,,
http://purl.obolibrary.org/obo/HP_0500140,Decreased circulating hydroxyproline concentration,part of,http://purl.obolibrary.org/obo/UBERON_0000178,blood,False,,
http://purl.obolibrary.org/obo/HP_0500141,Hypophenylalaninemia,part of,http://purl.obolibrary.org/obo/UBERON_0000178,blood,False,,
http://purl.obolibrary.org/obo/HP_0500142,Hypolysinemia,part of,http://purl.obolibrary.org/obo/UBERON_0000178,blood,False,,
http://purl.obolibrary.org/obo/HP_0500143,Hypoleucinemia,part of,http://purl.obolibrary.org/obo/UBERON_0000178,blood,False,,
http://purl.obolibrary.org/obo/HP_0500144,Hypoisoleucinemia,part of,http://purl.obolibrary.org/obo/UBERON_0000178,blood,False,,
http://purl.obolibrary.org/obo/HP_0500145,Hypohistidinemia,part of,http://purl.obolibrary.org/obo/UBERON_0000178,blood,False,,
http://purl.obolibrary.org/obo/HP_0500147,Hypoglutaminemia,part of,http://purl.obolibrary.org/obo/UBERON_0000178,blood,False,,
http://purl.obolibrary.org/obo/HP_0500148,Abnormal circulating glutamate concentration,part of,http://purl.obolibrary.org/obo/UBERON_0000178,blood,False,,
http://purl.obolibrary.org/obo/HP_0500149,Hyperglutamatemia,part of,http://purl.obolibrary.org/obo/UBERON_0000178,blood,False,,
http://purl.obolibrary.org/obo/HP_0500150,Hypoglutamatemia,part of,http://purl.obolibrary.org/obo/UBERON_0000178,blood,False,,
http://purl.obolibrary.org/obo/HP_0500151,Hypercystinemia,part of,http://purl.obolibrary.org/obo/UBERON_0000178,blood,False,,
http://purl.obolibrary.org/obo/HP_0500152,Hypocystinemia,part of,http://purl.obolibrary.org/obo/UBERON_0000178,blood,False,,
http://purl.obolibrary.org/obo/HP_0500153,Hyperargininemia,part of,http://purl.obolibrary.org/obo/UBERON_0000178,blood,False,,
http://purl.obolibrary.org/obo/HP_0500154,Hypoalaninemia,part of,http://purl.obolibrary.org/obo/UBERON_0000178,blood,False,,
http://purl.obolibrary.org/obo/HP_0500155,Abnormal circulating asparagine concentration,part of,http://purl.obolibrary.org/obo/UBERON_0000178,blood,False,,
http://purl.obolibrary.org/obo/HP_0500156,Hyperasparaginemia,part of,http://purl.obolibrary.org/obo/UBERON_0000178,blood,False,,
http://purl.obolibrary.org/obo/HP_0500157,Hypoasparaginemia,part of,http://purl.obolibrary.org/obo/UBERON_0000178,blood,False,,
http://purl.obolibrary.org/obo/HP_0500158,Abnormal circulating aspartic acid concentration,part of,http://purl.obolibrary.org/obo/UBERON_0000178,blood,False,,
http://purl.obolibrary.org/obo/HP_0500159,Increased circulating aspartic acid concentration,part of,http://purl.obolibrary.org/obo/UBERON_0000178,blood,False,,
http://purl.obolibrary.org/obo/HP_0500160,Abnormal circulating carnosine concentration,part of,http://purl.obolibrary.org/obo/UBERON_0000178,blood,False,,
http://purl.obolibrary.org/obo/HP_0500161,Increased circulating carnosine concentration,part of,http://purl.obolibrary.org/obo/UBERON_0000178,blood,False,,
http://purl.obolibrary.org/obo/HP_0500162,Decreased circulating carnosine concentration,part of,http://purl.obolibrary.org/obo/UBERON_0000178,blood,False,,
http://purl.obolibrary.org/obo/HP_0500163,Hypoornithinemia,part of,http://purl.obolibrary.org/obo/UBERON_0000178,blood,False,,
http://purl.obolibrary.org/obo/HP_0500164,Abnormal blood carbon dioxide level,part of,http://purl.obolibrary.org/obo/UBERON_0000178,blood,False,,
http://purl.obolibrary.org/obo/HP_0500165,Abnormal blood oxygen level,part of,http://purl.obolibrary.org/obo/UBERON_0000178,blood,False,,
http://purl.obolibrary.org/obo/HP_0500166,Abnormal circulating gastrin concentration,part of,http://purl.obolibrary.org/obo/UBERON_0000178,blood,False,,
http://purl.obolibrary.org/obo/HP_0500167,Hypergastrinemia,part of,http://purl.obolibrary.org/obo/UBERON_0000178,blood,False,,
http://purl.obolibrary.org/obo/HP_0500180,Abnormal circulating amino sulfonic acid concentration,part of,http://purl.obolibrary.org/obo/UBERON_0000178,blood,False,,
http://purl.obolibrary.org/obo/HP_0500181,Hypertaurinemia,part of,http://purl.obolibrary.org/obo/UBERON_0000178,blood,False,,
http://purl.obolibrary.org/obo/HP_0500182,Hypotaurinemia,part of,http://purl.obolibrary.org/obo/UBERON_0000178,blood,False,,
http://purl.obolibrary.org/obo/HP_0500183,Abnormal CSF carboxylic acid concentration,part of,http://purl.obolibrary.org/obo/UBERON_0001359,cerebrospinal fluid,False,,
http://purl.obolibrary.org/obo/HP_0500184,Abnormal CSF amino acid concentration,part of,http://purl.obolibrary.org/obo/UBERON_0001359,cerebrospinal fluid,False,,
http://purl.obolibrary.org/obo/HP_0500185,Abnormal CSF branched chain amino acid concentration,part of,http://purl.obolibrary.org/obo/UBERON_0001359,cerebrospinal fluid,False,,
http://purl.obolibrary.org/obo/HP_0500186,Abnormal CSF valine concentration,part of,http://purl.obolibrary.org/obo/UBERON_0001359,cerebrospinal fluid,False,,
http://purl.obolibrary.org/obo/HP_0500187,Increased CSF valine concentration,part of,http://purl.obolibrary.org/obo/UBERON_0001359,cerebrospinal fluid,False,,
http://purl.obolibrary.org/obo/HP_0500188,Decreased CSF valine concentration,part of,http://purl.obolibrary.org/obo/UBERON_0001359,cerebrospinal fluid,False,,
http://purl.obolibrary.org/obo/HP_0500189,Abnormal CSF leucine concentration,part of,http://purl.obolibrary.org/obo/UBERON_0001359,cerebrospinal fluid,False,,
http://purl.obolibrary.org/obo/HP_0500190,Decreased CSF leucine concentration,part of,http://purl.obolibrary.org/obo/UBERON_0001359,cerebrospinal fluid,False,,
http://purl.obolibrary.org/obo/HP_0500191,Increased CSF leucine concentration,part of,http://purl.obolibrary.org/obo/UBERON_0001359,cerebrospinal fluid,False,,
http://purl.obolibrary.org/obo/HP_0500192,Abnormal CSF isoleucine concentration,part of,http://purl.obolibrary.org/obo/UBERON_0001359,cerebrospinal fluid,False,,
http://purl.obolibrary.org/obo/HP_0500193,Increased CSF isoleucine concentration,part of,http://purl.obolibrary.org/obo/UBERON_0001359,cerebrospinal fluid,False,,
http://purl.obolibrary.org/obo/HP_0500194,Decreased CSF isoleucine concentration,part of,http://purl.obolibrary.org/obo/UBERON_0001359,cerebrospinal fluid,False,,
http://purl.obolibrary.org/obo/HP_0500195,Abnormal CSF glutamine family amino acid concentration,part of,http://purl.obolibrary.org/obo/UBERON_0001359,cerebrospinal fluid,False,,
http://purl.obolibrary.org/obo/HP_0500196,Abnormal CSF glutamine concentration,part of,http://purl.obolibrary.org/obo/UBERON_0001359,cerebrospinal fluid,False,,
http://purl.obolibrary.org/obo/HP_0500197,Increased CSF glutamine concentration,part of,http://purl.obolibrary.org/obo/UBERON_0001359,cerebrospinal fluid,False,,
http://purl.obolibrary.org/obo/HP_0500198,Decreased CSF glutamine concentration,part of,http://purl.obolibrary.org/obo/UBERON_0001359,cerebrospinal fluid,False,,
http://purl.obolibrary.org/obo/HP_0500199,Abnormal CSF glutamate concentration,part of,http://purl.obolibrary.org/obo/UBERON_0001359,cerebrospinal fluid,False,,
http://purl.obolibrary.org/obo/HP_0500200,Increased CSF glutamate concentration,part of,http://purl.obolibrary.org/obo/UBERON_0001359,cerebrospinal fluid,False,,
http://purl.obolibrary.org/obo/HP_0500201,Decreased CSF glutamate concentration,part of,http://purl.obolibrary.org/obo/UBERON_0001359,cerebrospinal fluid,False,,
http://purl.obolibrary.org/obo/HP_0500202,Abnormal CSF arginine concentration,part of,http://purl.obolibrary.org/obo/UBERON_0001359,cerebrospinal fluid,False,,
http://purl.obolibrary.org/obo/HP_0500203,Increased CSF arginine concentration,part of,http://purl.obolibrary.org/obo/UBERON_0001359,cerebrospinal fluid,False,,
http://purl.obolibrary.org/obo/HP_0500204,Decreased CSF arginine concentration,part of,http://purl.obolibrary.org/obo/UBERON_0001359,cerebrospinal fluid,False,,
http://purl.obolibrary.org/obo/HP_0500205,Abnormal CSF aspartate family amino acid concentration,part of,http://purl.obolibrary.org/obo/UBERON_0001359,cerebrospinal fluid,False,,
http://purl.obolibrary.org/obo/HP_0500206,Abnormal CSF lysine concentration,part of,http://purl.obolibrary.org/obo/UBERON_0001359,cerebrospinal fluid,False,,
http://purl.obolibrary.org/obo/HP_0500207,Decreased CSF lysine concentration,part of,http://purl.obolibrary.org/obo/UBERON_0001359,cerebrospinal fluid,False,,
http://purl.obolibrary.org/obo/HP_0500208,Increased CSF lysine concentration,part of,http://purl.obolibrary.org/obo/UBERON_0001359,cerebrospinal fluid,False,,
http://purl.obolibrary.org/obo/HP_0500209,Abnormal CSF methionine concentration,part of,http://purl.obolibrary.org/obo/UBERON_0001359,cerebrospinal fluid,False,,
http://purl.obolibrary.org/obo/HP_0500210,Increased CSF methionine concentration,part of,http://purl.obolibrary.org/obo/UBERON_0001359,cerebrospinal fluid,False,,
http://purl.obolibrary.org/obo/HP_0500211,Abnormal CSF threonine concentration,part of,http://purl.obolibrary.org/obo/UBERON_0001359,cerebrospinal fluid,False,,
http://purl.obolibrary.org/obo/HP_0500212,Increased CSF threonine concentration,part of,http://purl.obolibrary.org/obo/UBERON_0001359,cerebrospinal fluid,False,,
http://purl.obolibrary.org/obo/HP_0500213,Decreased CSF threonine concentration,part of,http://purl.obolibrary.org/obo/UBERON_0001359,cerebrospinal fluid,False,,
http://purl.obolibrary.org/obo/HP_0500214,Abnormal CSF aromatic amino acid concentration,part of,http://purl.obolibrary.org/obo/UBERON_0001359,cerebrospinal fluid,False,,
http://purl.obolibrary.org/obo/HP_0500215,Abnormal CSF phenylalanine concentration,part of,http://purl.obolibrary.org/obo/UBERON_0001359,cerebrospinal fluid,False,,
http://purl.obolibrary.org/obo/HP_0500218,Abnormal CSF tryptophan concentration,part of,http://purl.obolibrary.org/obo/UBERON_0001359,cerebrospinal fluid,False,,
http://purl.obolibrary.org/obo/HP_0500219,Abnormal CSF tyrosine concentration,part of,http://purl.obolibrary.org/obo/UBERON_0001359,cerebrospinal fluid,False,,
http://purl.obolibrary.org/obo/HP_0500220,Increased CSF tyrosine concentration,part of,http://purl.obolibrary.org/obo/UBERON_0001359,cerebrospinal fluid,False,,
http://purl.obolibrary.org/obo/HP_0500221,Decreased CSF tyrosine concentration,part of,http://purl.obolibrary.org/obo/UBERON_0001359,cerebrospinal fluid,False,,
http://purl.obolibrary.org/obo/HP_0500222,Increased CSF tryptophan concentration,part of,http://purl.obolibrary.org/obo/UBERON_0001359,cerebrospinal fluid,False,,
http://purl.obolibrary.org/obo/HP_0500223,Increased CSF phenylalanine concentration,part of,http://purl.obolibrary.org/obo/UBERON_0001359,cerebrospinal fluid,False,,
http://purl.obolibrary.org/obo/HP_0500224,Decreased CSF phenylalanine concentration,part of,http://purl.obolibrary.org/obo/UBERON_0001359,cerebrospinal fluid,False,,
http://purl.obolibrary.org/obo/HP_0500225,Abnormal CSF serine family amino acid concentration,part of,http://purl.obolibrary.org/obo/UBERON_0001359,cerebrospinal fluid,False,,
http://purl.obolibrary.org/obo/HP_0500226,Abnormal CSF serine concentration,part of,http://purl.obolibrary.org/obo/UBERON_0001359,cerebrospinal fluid,False,,
http://purl.obolibrary.org/obo/HP_0500227,Increased CSF serine concentration,part of,http://purl.obolibrary.org/obo/UBERON_0001359,cerebrospinal fluid,False,,
http://purl.obolibrary.org/obo/HP_0500228,Decreased CSF serine concentration,part of,http://purl.obolibrary.org/obo/UBERON_0001359,cerebrospinal fluid,False,,
http://purl.obolibrary.org/obo/HP_0500229,Abnormal CSF glycine concentration,part of,http://purl.obolibrary.org/obo/UBERON_0001359,cerebrospinal fluid,False,,
http://purl.obolibrary.org/obo/HP_0500230,Increased CSF glycine concentration,part of,http://purl.obolibrary.org/obo/UBERON_0001359,cerebrospinal fluid,False,,
http://purl.obolibrary.org/obo/HP_0500231,Abnormal CSF pyruvate family amino acid concentration,part of,http://purl.obolibrary.org/obo/UBERON_0001359,cerebrospinal fluid,False,,
http://purl.obolibrary.org/obo/HP_0500232,Abnormal CSF alanine concentration,part of,http://purl.obolibrary.org/obo/UBERON_0001359,cerebrospinal fluid,False,,
http://purl.obolibrary.org/obo/HP_0500233,Increased CSF alanine concentration,part of,http://purl.obolibrary.org/obo/UBERON_0001359,cerebrospinal fluid,False,,
http://purl.obolibrary.org/obo/HP_0500234,Decreased CSF alanine concentration,part of,http://purl.obolibrary.org/obo/UBERON_0001359,cerebrospinal fluid,False,,
http://purl.obolibrary.org/obo/HP_0500235,Abnormal CSF histidine concentration,part of,http://purl.obolibrary.org/obo/UBERON_0001359,cerebrospinal fluid,False,,
http://purl.obolibrary.org/obo/HP_0500236,Increased CSF histidine concentration,part of,http://purl.obolibrary.org/obo/UBERON_0001359,cerebrospinal fluid,False,,
http://purl.obolibrary.org/obo/HP_0500237,Decreased CSF histidine concentration,part of,http://purl.obolibrary.org/obo/UBERON_0001359,cerebrospinal fluid,False,,
http://purl.obolibrary.org/obo/HP_0500238,Abnormal CSF albumin concentration,part of,http://purl.obolibrary.org/obo/UBERON_0001359,cerebrospinal fluid,False,,
http://purl.obolibrary.org/obo/HP_0500239,Increased CSF albumin concentration,part of,http://purl.obolibrary.org/obo/UBERON_0001359,cerebrospinal fluid,False,,
http://purl.obolibrary.org/obo/HP_0500240,Abnormal CSF carnosine concentration,part of,http://purl.obolibrary.org/obo/UBERON_0001359,cerebrospinal fluid,False,,
http://purl.obolibrary.org/obo/HP_0500241,Abnormal CSF homocarnosine concentration,part of,http://purl.obolibrary.org/obo/UBERON_0001359,cerebrospinal fluid,False,,
http://purl.obolibrary.org/obo/HP_0500242,Increased CSF homocarnosine concentration,part of,http://purl.obolibrary.org/obo/UBERON_0001359,cerebrospinal fluid,False,,
http://purl.obolibrary.org/obo/HP_0500243,Abnormal CSF ornithine concentration,part of,http://purl.obolibrary.org/obo/UBERON_0001359,cerebrospinal fluid,False,,
http://purl.obolibrary.org/obo/HP_0500244,Increased CSF ornithine concentration,part of,http://purl.obolibrary.org/obo/UBERON_0001359,cerebrospinal fluid,False,,
http://purl.obolibrary.org/obo/HP_0500245,Abnormal CSF citrulline concentration,part of,http://purl.obolibrary.org/obo/UBERON_0001359,cerebrospinal fluid,False,,
http://purl.obolibrary.org/obo/HP_0500246,Increased CSF citrulline concentration,part of,http://purl.obolibrary.org/obo/UBERON_0001359,cerebrospinal fluid,False,,
http://purl.obolibrary.org/obo/HP_0500247,Abnormal CSF alpha-aminobutyrate concentration,part of,http://purl.obolibrary.org/obo/UBERON_0001359,cerebrospinal fluid,False,,
http://purl.obolibrary.org/obo/HP_0500248,Increased CSF alpha-aminobutyrate concentration,part of,http://purl.obolibrary.org/obo/UBERON_0001359,cerebrospinal fluid,False,,
http://purl.obolibrary.org/obo/HP_0500249,Abnormal circulating ethanolamine concentration,part of,http://purl.obolibrary.org/obo/UBERON_0000178,blood,False,,
http://purl.obolibrary.org/obo/HP_0500250,Increased circulating ethanolamine concentration,part of,http://purl.obolibrary.org/obo/UBERON_0000178,blood,False,,
http://purl.obolibrary.org/obo/HP_0500251,Abnormal urine sebacic acid concentration,part of,http://purl.obolibrary.org/obo/UBERON_0001088,urine,False,,
http://purl.obolibrary.org/obo/HP_0500252,Increased urine sebacic acid concentration,part of,http://purl.obolibrary.org/obo/UBERON_0001088,urine,False,,
http://purl.obolibrary.org/obo/HP_0500253,Increased level of gamma-aminobutyric acid in urine,part of,http://purl.obolibrary.org/obo/UBERON_0001088,urine,False,,
http://purl.obolibrary.org/obo/HP_0500254,Abnormal urine hexanoylglycine concentration,part of,http://purl.obolibrary.org/obo/UBERON_0001088,urine,False,,
http://purl.obolibrary.org/obo/HP_0500256,Abnormal urine isobutyrylglycine concentration,part of,http://purl.obolibrary.org/obo/UBERON_0001088,urine,False,,
http://purl.obolibrary.org/obo/HP_0500257,Increased urine isobutyrylglycine concentration,part of,http://purl.obolibrary.org/obo/UBERON_0001088,urine,False,,
http://purl.obolibrary.org/obo/HP_0500258,Abnormal carbon dioxide level in cord blood,part of,http://purl.obolibrary.org/obo/UBERON_0012168,umbilical cord blood,False,,
http://purl.obolibrary.org/obo/HP_0500259,Abnormal oxygen level in cord blood,part of,http://purl.obolibrary.org/obo/UBERON_0012168,umbilical cord blood,False,,
http://purl.obolibrary.org/obo/HP_0500265,Increased proportion of CD8+ TEMRA T cells,part of,http://purl.obolibrary.org/obo/UBERON_0000178,blood,False,,
http://purl.obolibrary.org/obo/HP_0500266,Decreased proportion of CD8+ TEMRA T cells,part of,http://purl.obolibrary.org/obo/UBERON_0000178,blood,False,,
http://purl.obolibrary.org/obo/HP_0500270,Increased gamma-delta T cell proportion,part of,http://purl.obolibrary.org/obo/UBERON_0000178,blood,False,,
http://purl.obolibrary.org/obo/HP_0500271,Decreased gamma-delta T cell proportion,part of,http://purl.obolibrary.org/obo/UBERON_0000178,blood,False,,
http://purl.obolibrary.org/obo/HP_3000002,Abnormal inner ear epithelium morphology,characteristic of,http://purl.obolibrary.org/obo/UBERON_0006937,inner ear epithelium,False,,
http://purl.obolibrary.org/obo/HP_3000003,Abnormal mandibular ramus morphology,characteristic of,http://purl.obolibrary.org/obo/UBERON_0000401,mandibular ramus,False,,
http://purl.obolibrary.org/obo/HP_3000004,Abnormal frontalis muscle physiology,characteristic of part of,http://purl.obolibrary.org/obo/UBERON_0010952,frontalis muscle belly,False,,
http://purl.obolibrary.org/obo/HP_3000005,Abnormality of masseter muscle,characteristic of part of,http://purl.obolibrary.org/obo/UBERON_0001597,masseter muscle,False,,
http://purl.obolibrary.org/obo/HP_3000006,Abnormality of medial pterygoid muscle,characteristic of part of,http://purl.obolibrary.org/obo/UBERON_0006718,medial pterygoid muscle,False,,
http://purl.obolibrary.org/obo/HP_3000007,Abnormality of mentalis muscle,characteristic of part of,http://purl.obolibrary.org/obo/UBERON_0008596,mentalis muscle,False,,
http://purl.obolibrary.org/obo/HP_3000008,Abnormality of mylohyoid muscle,characteristic of part of,http://purl.obolibrary.org/obo/UBERON_0001564,mylohyoid muscle,False,,
http://purl.obolibrary.org/obo/HP_3000009,Abnormality of nasalis muscle,characteristic of part of,http://purl.obolibrary.org/obo/UBERON_0010953,nasalis muscle,False,,
http://purl.obolibrary.org/obo/HP_3000010,Abnormality of orbicularis oris muscle,characteristic of part of,http://purl.obolibrary.org/obo/UBERON_0010933,orbicularis oris muscle,False,,
http://purl.obolibrary.org/obo/HP_3000011,Abnormality of palatoglossus muscle,characteristic of part of,http://purl.obolibrary.org/obo/UBERON_0001574,palatoglossus muscle,False,,
http://purl.obolibrary.org/obo/HP_3000012,Abnormality of palatopharyngeus muscle,characteristic of part of,http://purl.obolibrary.org/obo/UBERON_0010234,palatopharyngeus muscle,False,,
http://purl.obolibrary.org/obo/HP_3000013,Abnormal platysma muscle morphology,characteristic of part of,http://purl.obolibrary.org/obo/UBERON_0005467,platysma,False,,
http://purl.obolibrary.org/obo/HP_3000014,Abnormality of procerus muscle,characteristic of part of,http://purl.obolibrary.org/obo/UBERON_0008588,procerus,False,,
http://purl.obolibrary.org/obo/HP_3000015,Abnormality of risorius muscle,characteristic of part of,http://purl.obolibrary.org/obo/UBERON_0008598,risorius muscle,False,,
http://purl.obolibrary.org/obo/HP_3000016,Abnormality of styloglossus muscle,characteristic of part of,http://purl.obolibrary.org/obo/UBERON_0001573,styloglossus,False,,
http://purl.obolibrary.org/obo/HP_3000017,Abnormality of temporalis muscle,characteristic of part of,http://purl.obolibrary.org/obo/UBERON_0001598,temporalis muscle,False,,
http://purl.obolibrary.org/obo/HP_3000018,Abnormality of zygomaticus major muscle,characteristic of part of,http://purl.obolibrary.org/obo/UBERON_0008593,zygomaticus major muscle,False,,
http://purl.obolibrary.org/obo/HP_3000019,Abnormal buccal mucosa morphology,characteristic of,http://purl.obolibrary.org/obo/UBERON_0003729,mouth mucosa,False,,
http://purl.obolibrary.org/obo/HP_3000019,Abnormal buccal mucosa morphology,characteristic of,http://purl.obolibrary.org/obo/UBERON_0006956,buccal mucosa,False,,
http://purl.obolibrary.org/obo/HP_3000020,Abnormality of zygomaticus minor muscle,characteristic of part of,http://purl.obolibrary.org/obo/UBERON_0008594,zygomaticus minor muscle,False,,
http://purl.obolibrary.org/obo/HP_3000021,Abnormal buccal fat pad morphology,characteristic of part of,http://purl.obolibrary.org/obo/UBERON_0012167,buccal fat pad,False,,
http://purl.obolibrary.org/obo/HP_3000022,Abnormal external ear cartilage morphology,characteristic of part of,http://purl.obolibrary.org/obo/UBERON_0001867,cartilage of external ear,False,,
http://purl.obolibrary.org/obo/HP_3000023,Abnormality of angular artery,characteristic of part of,http://purl.obolibrary.org/obo/UBERON_0010408,ocular angle artery,False,,
http://purl.obolibrary.org/obo/HP_3000024,Abnormal facial artery morphology,characteristic of,http://purl.obolibrary.org/obo/UBERON_0001612,facial artery,False,,
http://purl.obolibrary.org/obo/HP_3000025,Abnormality of ciliary ganglion,characteristic of part of,http://purl.obolibrary.org/obo/UBERON_0002058,main ciliary ganglion,False,,
http://purl.obolibrary.org/obo/HP_3000027,Abnormality of buccinator muscle,characteristic of part of,http://purl.obolibrary.org/obo/UBERON_0001582,buccinator muscle,False,,
http://purl.obolibrary.org/obo/HP_3000028,Abnormality of depressor anguli oris muscle,characteristic of part of,http://purl.obolibrary.org/obo/UBERON_0008597,depressor anguli oris muscle,False,,
http://purl.obolibrary.org/obo/HP_3000029,Abnormality of depressor labii inferioris,characteristic of part of,http://purl.obolibrary.org/obo/UBERON_0001581,depressor labii inferioris,False,,
http://purl.obolibrary.org/obo/HP_3000030,Abnormal morphology of bony orbit of skull,characteristic of part of,http://purl.obolibrary.org/obo/UBERON_0001697,orbit of skull,False,,
http://purl.obolibrary.org/obo/HP_3000031,Abnormality of anterior ethmoidal artery,characteristic of part of,http://purl.obolibrary.org/obo/UBERON_0012318,anterior ethmoidal artery,False,,
http://purl.obolibrary.org/obo/HP_3000032,Abnormality of central retinal artery,characteristic of part of,http://purl.obolibrary.org/obo/UBERON_0001620,central retinal artery,False,,
http://purl.obolibrary.org/obo/HP_3000033,Abnormal nasopharyngeal adenoid morphology,characteristic of part of,http://purl.obolibrary.org/obo/UBERON_0001732,pharyngeal tonsil,False,,
http://purl.obolibrary.org/obo/HP_3000034,Abnormality nasal septum cartilage morphology,characteristic of part of,http://purl.obolibrary.org/obo/UBERON_0003407,cartilage of nasal septum,False,,
http://purl.obolibrary.org/obo/HP_3000035,Abnormality of cervical plexus,characteristic of part of,http://purl.obolibrary.org/obo/UBERON_0003725,cervical nerve plexus,False,,
http://purl.obolibrary.org/obo/HP_3000036,Abnormal head blood vessel morphology,characteristic of part of,http://purl.obolibrary.org/obo/UBERON_0003496,head blood vessel,False,,
http://purl.obolibrary.org/obo/HP_3000037,Abnormal neck blood vessel morphology,characteristic of part of,http://purl.obolibrary.org/obo/UBERON_0003502,neck blood vessel,False,,
http://purl.obolibrary.org/obo/HP_3000038,Abnormal cricoid cartilage morphology,characteristic of,http://purl.obolibrary.org/obo/UBERON_0002375,cricoid cartilage,False,,
http://purl.obolibrary.org/obo/HP_3000039,Abnormality of dorsal nasal artery,characteristic of part of,http://purl.obolibrary.org/obo/UBERON_0001623,dorsal nasal artery,False,,
http://purl.obolibrary.org/obo/HP_3000040,Abnormality of ethmoid sinus,characteristic of part of,http://purl.obolibrary.org/obo/UBERON_0002453,ethmoid sinus,False,,
http://purl.obolibrary.org/obo/HP_3000041,Abnormality of external carotid artery,characteristic of part of,http://purl.obolibrary.org/obo/UBERON_0001070,external carotid artery,False,,
http://purl.obolibrary.org/obo/HP_3000042,Abnormal jugular vein morphology,characteristic of,http://purl.obolibrary.org/obo/UBERON_0004711,jugular vein,False,,
http://purl.obolibrary.org/obo/HP_3000043,Abnormal facial vein morphology,characteristic of,http://purl.obolibrary.org/obo/UBERON_0001653,facial vein,False,,
http://purl.obolibrary.org/obo/HP_3000044,Abnormality of frontal process of maxilla,characteristic of part of,http://purl.obolibrary.org/obo/UBERON_0013767,frontal process of maxilla,False,,
http://purl.obolibrary.org/obo/HP_3000045,Abnormality of genioglossus muscle,characteristic of part of,http://purl.obolibrary.org/obo/UBERON_0001571,genioglossus muscle,False,,
http://purl.obolibrary.org/obo/HP_3000046,Abnormal geniohyoid muscle morphology,characteristic of part of,http://purl.obolibrary.org/obo/UBERON_0001565,geniohyoid muscle,False,,
http://purl.obolibrary.org/obo/HP_3000047,Abnormal glossopharyngeal nerve morphology,characteristic of,http://purl.obolibrary.org/obo/UBERON_0001649,glossopharyngeal nerve,False,,
http://purl.obolibrary.org/obo/HP_3000048,Abnormal great auricular nerve morphology,characteristic of,http://purl.obolibrary.org/obo/UBERON_0008833,great auricular nerve,False,,
http://purl.obolibrary.org/obo/HP_3000049,Abnormal greater palatine artery morphology,characteristic of,http://purl.obolibrary.org/obo/UBERON_0006664,greater palatine artery,False,,
http://purl.obolibrary.org/obo/HP_3000050,Abnormal odontoid tissue morphology,characteristic of part of,http://purl.obolibrary.org/obo/UBERON_0010365,odontoid tissue,False,,
http://purl.obolibrary.org/obo/HP_3000051,Abnormal hyoglossus muscle morphology,characteristic of part of,http://purl.obolibrary.org/obo/UBERON_0001572,hyoglossus muscle,False,,
http://purl.obolibrary.org/obo/HP_3000052,Abnormal hyoid bone morphology,characteristic of,http://purl.obolibrary.org/obo/UBERON_0001685,hyoid bone,False,,
http://purl.obolibrary.org/obo/HP_3000053,Abnormal hypopharynx morphology,characteristic of part of,http://purl.obolibrary.org/obo/UBERON_0001051,hypopharynx,False,,
http://purl.obolibrary.org/obo/HP_3000054,Abnormal inferior alveolar artery morphology,characteristic of part of,http://purl.obolibrary.org/obo/UBERON_0014693,inferior alveolar artery,False,,
http://purl.obolibrary.org/obo/HP_3000055,Abnormality of inferior alveolar nerve,characteristic of part of,http://purl.obolibrary.org/obo/UBERON_0018405,inferior alveolar nerve,False,,
http://purl.obolibrary.org/obo/HP_3000056,Abnormality of artery of lower lip,characteristic of part of,http://purl.obolibrary.org/obo/UBERON_0003471,artery of lower lip,False,,
http://purl.obolibrary.org/obo/HP_3000057,Abnormality of inferior oblique extraocular muscle,characteristic of part of,http://purl.obolibrary.org/obo/UBERON_0006320,inferior oblique extraocular muscle,False,,
http://purl.obolibrary.org/obo/HP_3000058,Abnormality of inferior rectus extraocular muscle,characteristic of part of,http://purl.obolibrary.org/obo/UBERON_0006322,inferior rectus extraocular muscle,False,,
http://purl.obolibrary.org/obo/HP_3000059,Abnormal inferior thyroid vein morphology,characteristic of,http://purl.obolibrary.org/obo/UBERON_0007156,inferior thyroid vein,False,,
http://purl.obolibrary.org/obo/HP_3000060,Abnormal infraorbital artery morphology,characteristic of part of,http://purl.obolibrary.org/obo/UBERON_0004646,infraorbital artery,False,,
http://purl.obolibrary.org/obo/HP_3000061,Abnormality of infra-orbital nerve,characteristic of part of,http://purl.obolibrary.org/obo/UBERON_0018408,infra-orbital nerve,False,,
http://purl.obolibrary.org/obo/HP_3000062,Abnormal internal carotid artery morphology,characteristic of,http://purl.obolibrary.org/obo/UBERON_0001532,internal carotid artery,False,,
http://purl.obolibrary.org/obo/HP_3000063,Abnormality of internal jugular vein,characteristic of part of,http://purl.obolibrary.org/obo/UBERON_0001586,internal jugular vein,False,,
http://purl.obolibrary.org/obo/HP_3000064,Abnormality of intrinsic muscle of tongue,characteristic of part of,http://purl.obolibrary.org/obo/UBERON_0001576,intrinsic muscle of tongue,False,,
http://purl.obolibrary.org/obo/HP_3000065,Abnormal lacrimal artery morphology,characteristic of,http://purl.obolibrary.org/obo/UBERON_0001622,lacrimal artery,False,,
http://purl.obolibrary.org/obo/HP_3000066,Abnormal lacrimal sac morphology,characteristic of,http://purl.obolibrary.org/obo/UBERON_0001351,lacrimal sac,False,,
http://purl.obolibrary.org/obo/HP_3000067,Abnormal lateral cricoarytenoid muscle morphology,characteristic of,http://purl.obolibrary.org/obo/UBERON_0008573,lateral crico-arytenoid,False,,
http://purl.obolibrary.org/obo/HP_3000068,Abnormality of lateral pterygoid muscle,characteristic of part of,http://purl.obolibrary.org/obo/UBERON_0006719,lateral pterygoid muscle,False,,
http://purl.obolibrary.org/obo/HP_3000069,Abnormality of lateral rectus extra-ocular muscle,characteristic of part of,http://purl.obolibrary.org/obo/UBERON_0001603,lateral rectus extra-ocular muscle,False,,
http://purl.obolibrary.org/obo/HP_3000070,Abnormality of levator anguli oris,characteristic of part of,http://purl.obolibrary.org/obo/UBERON_0008595,levator anguli oris,False,,
http://purl.obolibrary.org/obo/HP_3000071,Abnormality of levator labii superioris,characteristic of part of,http://purl.obolibrary.org/obo/UBERON_0001580,levator labii superioris,False,,
http://purl.obolibrary.org/obo/HP_3000072,Abnormal levator palpebrae superioris morphology,characteristic of,http://purl.obolibrary.org/obo/UBERON_0001604,levator palpebrae superioris,False,,
http://purl.obolibrary.org/obo/HP_3000073,Abnormality of levator veli palatini muscle,characteristic of part of,http://purl.obolibrary.org/obo/UBERON_0008585,levator veli palatini,False,,
http://purl.obolibrary.org/obo/HP_3000074,Abnormal lingual artery morphology,characteristic of,http://purl.obolibrary.org/obo/UBERON_0001610,lingual artery,False,,
http://purl.obolibrary.org/obo/HP_3000075,Abnormal lingual nerve morphology,characteristic of,http://purl.obolibrary.org/obo/UBERON_0003721,lingual nerve,False,,
http://purl.obolibrary.org/obo/HP_3000076,Abnormality of lingual tonsil,characteristic of part of,http://purl.obolibrary.org/obo/UBERON_0007250,lingual tonsil,False,,
http://purl.obolibrary.org/obo/HP_3000077,Abnormal mandible condylar process morphology,characteristic of,http://purl.obolibrary.org/obo/UBERON_0004657,mandible condylar process,False,,
http://purl.obolibrary.org/obo/HP_3000078,Abnormal mandible coronoid process morphology,characteristic of,http://purl.obolibrary.org/obo/UBERON_0004660,mandible coronoid process,False,,
http://purl.obolibrary.org/obo/HP_3000079,Abnormal mandibular symphysis morphology,characteristic of,http://purl.obolibrary.org/obo/UBERON_0006606,mandibular symphysis,False,,
http://purl.obolibrary.org/obo/HP_4000066,Abnormal iliac artery morphology,characteristic of,http://purl.obolibrary.org/obo/UBERON_0005609,iliac artery,False,,
http://purl.obolibrary.org/obo/HP_4000095,Elevated circulating thymine concentration,part of,http://purl.obolibrary.org/obo/UBERON_0000178,blood,False,,
http://purl.obolibrary.org/obo/HP_4000104,Curved dental root,characteristic of,http://purl.obolibrary.org/obo/UBERON_0003677,tooth root,False,,
http://purl.obolibrary.org/obo/HP_4000213,Elevated circulating hyaluronic acid concentration,part of,http://purl.obolibrary.org/obo/UBERON_0000178,blood,False,,
http://purl.obolibrary.org/obo/HP_6000234,Elevated circulating dihydroxyphenylacetic acid concentration,part of,http://purl.obolibrary.org/obo/UBERON_0000178,blood,False,,
http://purl.obolibrary.org/obo/HP_6000267,Elevated circulating methionine sulfoxide concentration,part of,http://purl.obolibrary.org/obo/UBERON_0000178,blood,False,,
http://purl.obolibrary.org/obo/HP_6000268,Elevated circulating pipecolic acid concentration,part of,http://purl.obolibrary.org/obo/UBERON_0000178,blood,False,,
http://purl.obolibrary.org/obo/HP_6000271,Elevated circulating glycylproline concentration,part of,http://purl.obolibrary.org/obo/UBERON_0000178,blood,False,,
http://purl.obolibrary.org/obo/HP_6000278,Elevated circulating 2-aminoadipic acid concentration,part of,http://purl.obolibrary.org/obo/UBERON_0000178,blood,False,,
